using pyfftw
reading /home/ionouser/chirpsounder2/my_station.ini
/dev/shm/hf25
found  724  files
block 1786617000 writing 720 detections /home/ionouser/ionozond_data2//2026-08-13/cdetections-DOB-1786617000.h5
reading /home/ionouser/chirpsounder2/my_station.ini
/dev/shm/hf25
found  731  files
block 1786617000 writing 727 detections /home/ionouser/ionozond_data2//2026-08-13/cdetections-DOB-1786617000.h5
reading /home/ionouser/chirpsounder2/my_station.ini
/dev/shm/hf25
found  789  files
block 1786617000 writing 785 detections /home/ionouser/ionozond_data2//2026-08-13/cdetections-DOB-1786617000.h5
reading /home/ionouser/chirpsounder2/my_station.ini
/dev/shm/hf25
found  861  files
block 1786617000 writing 857 detections /home/ionouser/ionozond_data2//2026-08-13/cdetections-DOB-1786617000.h5
reading /home/ionouser/chirpsounder2/my_station.ini
/dev/shm/hf25
found  874  files
block 1786617000 writing 870 detections /home/ionouser/ionozond_data2//2026-08-13/cdetections-DOB-1786617000.h5
reading /home/ionouser/chirpsounder2/my_station.ini
/dev/shm/hf25
found  879  files
block 1786616100 writing 457 detections /home/ionouser/ionozond_data2//2026-08-13/cdetections-DOB-1786616100.h5
deleting files 457 from previous block, which is now finished
block 1786617000 writing 418 detections /home/ionouser/ionozond_data2//2026-08-13/cdetections-DOB-1786617000.h5
reading /home/ionouser/chirpsounder2/my_station.ini
/dev/shm/hf25
found  433  files
block 1786617900 writing 429 detections /home/ionouser/ionozond_data2//2026-08-13/cdetections-DOB-1786617900.h5
reading /home/ionouser/chirpsounder2/my_station.ini
/dev/shm/hf25
found  478  files
block 1786617900 writing 474 detections /home/ionouser/ionozond_data2//2026-08-13/cdetections-DOB-1786617900.h5
reading /home/ionouser/chirpsounder2/my_station.ini
/dev/shm/hf25
found  548  files
block 1786617900 writing 544 detections /home/ionouser/ionozond_data2//2026-08-13/cdetections-DOB-1786617900.h5
reading /home/ionouser/chirpsounder2/my_station.ini
/dev/shm/hf25
found  556  files
block 1786617900 writing 552 detections /home/ionouser/ionozond_data2//2026-08-13/cdetections-DOB-1786617900.h5
reading /home/ionouser/chirpsounder2/my_station.ini
/dev/shm/hf25
found  572  files
block 1786617900 writing 568 detections /home/ionouser/ionozond_data2//2026-08-13/cdetections-DOB-1786617900.h5
reading /home/ionouser/chirpsounder2/my_station.ini
/dev/shm/hf25
found  614  files
block 1786617900 writing 610 detections /home/ionouser/ionozond_data2//2026-08-13/cdetections-DOB-1786617900.h5
reading /home/ionouser/chirpsounder2/my_station.ini
/dev/shm/hf25
found  699  files
block 1786617900 writing 695 detections /home/ionouser/ionozond_data2//2026-08-13/cdetections-DOB-1786617900.h5
reading /home/ionouser/chirpsounder2/my_station.ini
/dev/shm/hf25
found  727  files
block 1786617900 writing 723 detections /home/ionouser/ionozond_data2//2026-08-13/cdetections-DOB-1786617900.h5
reading /home/ionouser/chirpsounder2/my_station.ini
/dev/shm/hf25
found  737  files
block 1786617900 writing 733 detections /home/ionouser/ionozond_data2//2026-08-13/cdetections-DOB-1786617900.h5
reading /home/ionouser/chirpsounder2/my_station.ini
/dev/shm/hf25
found  744  files
block 1786617900 writing 740 detections /home/ionouser/ionozond_data2//2026-08-13/cdetections-DOB-1786617900.h5
reading /home/ionouser/chirpsounder2/my_station.ini
/dev/shm/hf25
found  778  files
block 1786617900 writing 774 detections /home/ionouser/ionozond_data2//2026-08-13/cdetections-DOB-1786617900.h5
reading /home/ionouser/chirpsounder2/my_station.ini
/dev/shm/hf25
found  856  files
block 1786617900 writing 852 detections /home/ionouser/ionozond_data2//2026-08-13/cdetections-DOB-1786617900.h5
reading /home/ionouser/chirpsounder2/my_station.ini
/dev/shm/hf25
found  892  files
block 1786617900 writing 888 detections /home/ionouser/ionozond_data2//2026-08-13/cdetections-DOB-1786617900.h5
reading /home/ionouser/chirpsounder2/my_station.ini
/dev/shm/hf25
found  904  files
block 1786617900 writing 900 detections /home/ionouser/ionozond_data2//2026-08-13/cdetections-DOB-1786617900.h5
reading /home/ionouser/chirpsounder2/my_station.ini
/dev/shm/hf25
found  909  files
block 1786617000 writing 423 detections /home/ionouser/ionozond_data2//2026-08-13/cdetections-DOB-1786617000.h5
deleting files 423 from previous block, which is now finished
block 1786617900 writing 482 detections /home/ionouser/ionozond_data2//2026-08-13/cdetections-DOB-1786617900.h5
reading /home/ionouser/chirpsounder2/my_station.ini
/dev/shm/hf25
found  545  files
block 1786618800 writing 541 detections /home/ionouser/ionozond_data2//2026-08-13/cdetections-DOB-1786618800.h5
reading /home/ionouser/chirpsounder2/my_station.ini
/dev/shm/hf25
found  607  files
block 1786618800 writing 603 detections /home/ionouser/ionozond_data2//2026-08-13/cdetections-DOB-1786618800.h5
reading /home/ionouser/chirpsounder2/my_station.ini
/dev/shm/hf25
found  612  files
block 1786618800 writing 608 detections /home/ionouser/ionozond_data2//2026-08-13/cdetections-DOB-1786618800.h5
reading /home/ionouser/chirpsounder2/my_station.ini
/dev/shm/hf25
found  614  files
block 1786618800 writing 610 detections /home/ionouser/ionozond_data2//2026-08-13/cdetections-DOB-1786618800.h5
reading /home/ionouser/chirpsounder2/my_station.ini
/dev/shm/hf25
found  637  files
block 1786618800 writing 633 detections /home/ionouser/ionozond_data2//2026-08-13/cdetections-DOB-1786618800.h5
reading /home/ionouser/chirpsounder2/my_station.ini
/dev/shm/hf25
found  727  files
block 1786618800 writing 723 detections /home/ionouser/ionozond_data2//2026-08-13/cdetections-DOB-1786618800.h5
reading /home/ionouser/chirpsounder2/my_station.ini
/dev/shm/hf25
found  764  files
block 1786618800 writing 760 detections /home/ionouser/ionozond_data2//2026-08-13/cdetections-DOB-1786618800.h5
reading /home/ionouser/chirpsounder2/my_station.ini
/dev/shm/hf25
found  794  files
block 1786618800 writing 790 detections /home/ionouser/ionozond_data2//2026-08-13/cdetections-DOB-1786618800.h5
reading /home/ionouser/chirpsounder2/my_station.ini
/dev/shm/hf25
found  828  files
block 1786618800 writing 824 detections /home/ionouser/ionozond_data2//2026-08-13/cdetections-DOB-1786618800.h5
reading /home/ionouser/chirpsounder2/my_station.ini
/dev/shm/hf25
found  883  files
block 1786618800 writing 879 detections /home/ionouser/ionozond_data2//2026-08-13/cdetections-DOB-1786618800.h5
reading /home/ionouser/chirpsounder2/my_station.ini
/dev/shm/hf25
found  988  files
block 1786618800 writing 984 detections /home/ionouser/ionozond_data2//2026-08-13/cdetections-DOB-1786618800.h5
reading /home/ionouser/chirpsounder2/my_station.ini
/dev/shm/hf25
found  1036  files
block 1786618800 writing 1032 detections /home/ionouser/ionozond_data2//2026-08-13/cdetections-DOB-1786618800.h5
reading /home/ionouser/chirpsounder2/my_station.ini
/dev/shm/hf25
found  1096  files
block 1786618800 writing 1092 detections /home/ionouser/ionozond_data2//2026-08-13/cdetections-DOB-1786618800.h5
reading /home/ionouser/chirpsounder2/my_station.ini
/dev/shm/hf25
found  1137  files
block 1786617900 writing 482 detections /home/ionouser/ionozond_data2//2026-08-13/cdetections-DOB-1786617900.h5
deleting files 482 from previous block, which is now finished
block 1786619700 writing 651 detections /home/ionouser/ionozond_data2//2026-08-13/cdetections-DOB-1786619700.h5
reading /home/ionouser/chirpsounder2/my_station.ini
/dev/shm/hf25
found  741  files
block 1786619700 writing 737 detections /home/ionouser/ionozond_data2//2026-08-13/cdetections-DOB-1786619700.h5
reading /home/ionouser/chirpsounder2/my_station.ini
/dev/shm/hf25
found  831  files
block 1786619700 writing 827 detections /home/ionouser/ionozond_data2//2026-08-13/cdetections-DOB-1786619700.h5
reading /home/ionouser/chirpsounder2/my_station.ini
/dev/shm/hf25
found  869  files
block 1786619700 writing 865 detections /home/ionouser/ionozond_data2//2026-08-13/cdetections-DOB-1786619700.h5
reading /home/ionouser/chirpsounder2/my_station.ini
/dev/shm/hf25
found  899  files
block 1786619700 writing 895 detections /home/ionouser/ionozond_data2//2026-08-13/cdetections-DOB-1786619700.h5
reading /home/ionouser/chirpsounder2/my_station.ini
/dev/shm/hf25
found  937  files
block 1786619700 writing 933 detections /home/ionouser/ionozond_data2//2026-08-13/cdetections-DOB-1786619700.h5
reading /home/ionouser/chirpsounder2/my_station.ini
/dev/shm/hf25
found  1045  files
block 1786619700 writing 1041 detections /home/ionouser/ionozond_data2//2026-08-13/cdetections-DOB-1786619700.h5
reading /home/ionouser/chirpsounder2/my_station.ini
/dev/shm/hf25
found  1118  files
block 1786619700 writing 1114 detections /home/ionouser/ionozond_data2//2026-08-13/cdetections-DOB-1786619700.h5
reading /home/ionouser/chirpsounder2/my_station.ini
/dev/shm/hf25
found  1159  files
block 1786619700 writing 1155 detections /home/ionouser/ionozond_data2//2026-08-13/cdetections-DOB-1786619700.h5
reading /home/ionouser/chirpsounder2/my_station.ini
/dev/shm/hf25
found  1188  files
block 1786619700 writing 1184 detections /home/ionouser/ionozond_data2//2026-08-13/cdetections-DOB-1786619700.h5
reading /home/ionouser/chirpsounder2/my_station.ini
/dev/shm/hf25
found  1244  files
block 1786619700 writing 1240 detections /home/ionouser/ionozond_data2//2026-08-13/cdetections-DOB-1786619700.h5
reading /home/ionouser/chirpsounder2/my_station.ini
/dev/shm/hf25
found  1357  files
block 1786619700 writing 1353 detections /home/ionouser/ionozond_data2//2026-08-13/cdetections-DOB-1786619700.h5
reading /home/ionouser/chirpsounder2/my_station.ini
/dev/shm/hf25
found  1400  files
block 1786619700 writing 1396 detections /home/ionouser/ionozond_data2//2026-08-13/cdetections-DOB-1786619700.h5
reading /home/ionouser/chirpsounder2/my_station.ini
/dev/shm/hf25
found  1444  files
block 1786619700 writing 1440 detections /home/ionouser/ionozond_data2//2026-08-13/cdetections-DOB-1786619700.h5
reading /home/ionouser/chirpsounder2/my_station.ini
/dev/shm/hf25
found  1497  files
block 1786618800 writing 633 detections /home/ionouser/ionozond_data2//2026-08-13/cdetections-DOB-1786618800.h5
deleting files 633 from previous block, which is now finished
block 1786620600 writing 860 detections /home/ionouser/ionozond_data2//2026-08-13/cdetections-DOB-1786620600.h5
reading /home/ionouser/chirpsounder2/my_station.ini
/dev/shm/hf25
found  961  files
block 1786620600 writing 957 detections /home/ionouser/ionozond_data2//2026-08-13/cdetections-DOB-1786620600.h5
reading /home/ionouser/chirpsounder2/my_station.ini
/dev/shm/hf25
found  1034  files
block 1786620600 writing 1030 detections /home/ionouser/ionozond_data2//2026-08-13/cdetections-DOB-1786620600.h5
reading /home/ionouser/chirpsounder2/my_station.ini
/dev/shm/hf25
found  1093  files
block 1786620600 writing 1089 detections /home/ionouser/ionozond_data2//2026-08-13/cdetections-DOB-1786620600.h5
reading /home/ionouser/chirpsounder2/my_station.ini
/dev/shm/hf25
found  1146  files
block 1786620600 writing 1142 detections /home/ionouser/ionozond_data2//2026-08-13/cdetections-DOB-1786620600.h5
reading /home/ionouser/chirpsounder2/my_station.ini
/dev/shm/hf25
found  1200  files
block 1786620600 writing 1196 detections /home/ionouser/ionozond_data2//2026-08-13/cdetections-DOB-1786620600.h5
reading /home/ionouser/chirpsounder2/my_station.ini
/dev/shm/hf25
found  1304  files
block 1786620600 writing 1300 detections /home/ionouser/ionozond_data2//2026-08-13/cdetections-DOB-1786620600.h5
reading /home/ionouser/chirpsounder2/my_station.ini
/dev/shm/hf25
found  1345  files
block 1786620600 writing 1341 detections /home/ionouser/ionozond_data2//2026-08-13/cdetections-DOB-1786620600.h5
reading /home/ionouser/chirpsounder2/my_station.ini
/dev/shm/hf25
found  1385  files
block 1786620600 writing 1381 detections /home/ionouser/ionozond_data2//2026-08-13/cdetections-DOB-1786620600.h5
reading /home/ionouser/chirpsounder2/my_station.ini
/dev/shm/hf25
found  1419  files
block 1786620600 writing 1415 detections /home/ionouser/ionozond_data2//2026-08-13/cdetections-DOB-1786620600.h5
reading /home/ionouser/chirpsounder2/my_station.ini
/dev/shm/hf25
found  1496  files
block 1786620600 writing 1492 detections /home/ionouser/ionozond_data2//2026-08-13/cdetections-DOB-1786620600.h5
reading /home/ionouser/chirpsounder2/my_station.ini
/dev/shm/hf25
found  1606  files
block 1786620600 writing 1602 detections /home/ionouser/ionozond_data2//2026-08-13/cdetections-DOB-1786620600.h5
reading /home/ionouser/chirpsounder2/my_station.ini
/dev/shm/hf25
found  1661  files
block 1786620600 writing 1657 detections /home/ionouser/ionozond_data2//2026-08-13/cdetections-DOB-1786620600.h5
reading /home/ionouser/chirpsounder2/my_station.ini
/dev/shm/hf25
found  1705  files
block 1786620600 writing 1701 detections /home/ionouser/ionozond_data2//2026-08-13/cdetections-DOB-1786620600.h5
reading /home/ionouser/chirpsounder2/my_station.ini
/dev/shm/hf25
found  1756  files
block 1786619700 writing 833 detections /home/ionouser/ionozond_data2//2026-08-13/cdetections-DOB-1786619700.h5
deleting files 833 from previous block, which is now finished
block 1786621500 writing 919 detections /home/ionouser/ionozond_data2//2026-08-13/cdetections-DOB-1786621500.h5
reading /home/ionouser/chirpsounder2/my_station.ini
/dev/shm/hf25
found  1080  files
block 1786621500 writing 1076 detections /home/ionouser/ionozond_data2//2026-08-13/cdetections-DOB-1786621500.h5
reading /home/ionouser/chirpsounder2/my_station.ini
/dev/shm/hf25
found  1146  files
block 1786621500 writing 1142 detections /home/ionouser/ionozond_data2//2026-08-13/cdetections-DOB-1786621500.h5
reading /home/ionouser/chirpsounder2/my_station.ini
/dev/shm/hf25
found  1207  files
block 1786621500 writing 1203 detections /home/ionouser/ionozond_data2//2026-08-13/cdetections-DOB-1786621500.h5
reading /home/ionouser/chirpsounder2/my_station.ini
/dev/shm/hf25
found  1266  files
block 1786621500 writing 1262 detections /home/ionouser/ionozond_data2//2026-08-13/cdetections-DOB-1786621500.h5
reading /home/ionouser/chirpsounder2/my_station.ini
/dev/shm/hf25
found  1352  files
block 1786621500 writing 1348 detections /home/ionouser/ionozond_data2//2026-08-13/cdetections-DOB-1786621500.h5
reading /home/ionouser/chirpsounder2/my_station.ini
/dev/shm/hf25
found  1453  files
block 1786621500 writing 1449 detections /home/ionouser/ionozond_data2//2026-08-13/cdetections-DOB-1786621500.h5
reading /home/ionouser/chirpsounder2/my_station.ini
/dev/shm/hf25
found  1491  files
block 1786621500 writing 1487 detections /home/ionouser/ionozond_data2//2026-08-13/cdetections-DOB-1786621500.h5
reading /home/ionouser/chirpsounder2/my_station.ini
/dev/shm/hf25
found  1519  files
block 1786621500 writing 1515 detections /home/ionouser/ionozond_data2//2026-08-13/cdetections-DOB-1786621500.h5
reading /home/ionouser/chirpsounder2/my_station.ini
/dev/shm/hf25
found  1564  files
block 1786621500 writing 1560 detections /home/ionouser/ionozond_data2//2026-08-13/cdetections-DOB-1786621500.h5
reading /home/ionouser/chirpsounder2/my_station.ini
/dev/shm/hf25
found  1675  files
block 1786621500 writing 1671 detections /home/ionouser/ionozond_data2//2026-08-13/cdetections-DOB-1786621500.h5
reading /home/ionouser/chirpsounder2/my_station.ini
/dev/shm/hf25
found  1787  files
block 1786621500 writing 1783 detections /home/ionouser/ionozond_data2//2026-08-13/cdetections-DOB-1786621500.h5
reading /home/ionouser/chirpsounder2/my_station.ini
/dev/shm/hf25
found  1865  files
block 1786621500 writing 1861 detections /home/ionouser/ionozond_data2//2026-08-13/cdetections-DOB-1786621500.h5
reading /home/ionouser/chirpsounder2/my_station.ini
/dev/shm/hf25
found  1923  files
block 1786620600 writing 879 detections /home/ionouser/ionozond_data2//2026-08-13/cdetections-DOB-1786620600.h5
deleting files 879 from previous block, which is now finished
block 1786622400 writing 1040 detections /home/ionouser/ionozond_data2//2026-08-13/cdetections-DOB-1786622400.h5
reading /home/ionouser/chirpsounder2/my_station.ini
/dev/shm/hf25
found  1173  files
block 1786622400 writing 1169 detections /home/ionouser/ionozond_data2//2026-08-13/cdetections-DOB-1786622400.h5
reading /home/ionouser/chirpsounder2/my_station.ini
/dev/shm/hf25
found  1294  files
block 1786622400 writing 1290 detections /home/ionouser/ionozond_data2//2026-08-13/cdetections-DOB-1786622400.h5
reading /home/ionouser/chirpsounder2/my_station.ini
/dev/shm/hf25
found  1377  files
block 1786622400 writing 1373 detections /home/ionouser/ionozond_data2//2026-08-13/cdetections-DOB-1786622400.h5
reading /home/ionouser/chirpsounder2/my_station.ini
/dev/shm/hf25
found  1433  files
block 1786622400 writing 1429 detections /home/ionouser/ionozond_data2//2026-08-13/cdetections-DOB-1786622400.h5
reading /home/ionouser/chirpsounder2/my_station.ini
/dev/shm/hf25
found  1502  files
block 1786622400 writing 1498 detections /home/ionouser/ionozond_data2//2026-08-13/cdetections-DOB-1786622400.h5
reading /home/ionouser/chirpsounder2/my_station.ini
/dev/shm/hf25
found  1629  files
block 1786622400 writing 1625 detections /home/ionouser/ionozond_data2//2026-08-13/cdetections-DOB-1786622400.h5
reading /home/ionouser/chirpsounder2/my_station.ini
/dev/shm/hf25
found  1724  files
block 1786622400 writing 1720 detections /home/ionouser/ionozond_data2//2026-08-13/cdetections-DOB-1786622400.h5
reading /home/ionouser/chirpsounder2/my_station.ini
/dev/shm/hf25
found  1798  files
block 1786622400 writing 1794 detections /home/ionouser/ionozond_data2//2026-08-13/cdetections-DOB-1786622400.h5
reading /home/ionouser/chirpsounder2/my_station.ini
/dev/shm/hf25
found  1837  files
block 1786622400 writing 1833 detections /home/ionouser/ionozond_data2//2026-08-13/cdetections-DOB-1786622400.h5
reading /home/ionouser/chirpsounder2/my_station.ini
/dev/shm/hf25
found  1903  files
block 1786622400 writing 1899 detections /home/ionouser/ionozond_data2//2026-08-13/cdetections-DOB-1786622400.h5
reading /home/ionouser/chirpsounder2/my_station.ini
/dev/shm/hf25
found  2017  files
block 1786622400 writing 2013 detections /home/ionouser/ionozond_data2//2026-08-13/cdetections-DOB-1786622400.h5
reading /home/ionouser/chirpsounder2/my_station.ini
/dev/shm/hf25
found  2088  files
block 1786622400 writing 2084 detections /home/ionouser/ionozond_data2//2026-08-13/cdetections-DOB-1786622400.h5
reading /home/ionouser/chirpsounder2/my_station.ini
/dev/shm/hf25
found  2112  files
block 1786622400 writing 2108 detections /home/ionouser/ionozond_data2//2026-08-13/cdetections-DOB-1786622400.h5
reading /home/ionouser/chirpsounder2/my_station.ini
/dev/shm/hf25
found  2129  files
block 1786621500 writing 1028 detections /home/ionouser/ionozond_data2//2026-08-13/cdetections-DOB-1786621500.h5
deleting files 1028 from previous block, which is now finished
block 1786623300 writing 1097 detections /home/ionouser/ionozond_data2//2026-08-13/cdetections-DOB-1786623300.h5
reading /home/ionouser/chirpsounder2/my_station.ini
/dev/shm/hf25
found  1249  files
block 1786623300 writing 1245 detections /home/ionouser/ionozond_data2//2026-08-13/cdetections-DOB-1786623300.h5
reading /home/ionouser/chirpsounder2/my_station.ini
/dev/shm/hf25
found  1272  files
block 1786623300 writing 1268 detections /home/ionouser/ionozond_data2//2026-08-13/cdetections-DOB-1786623300.h5
reading /home/ionouser/chirpsounder2/my_station.ini
/dev/shm/hf25
found  1287  files
block 1786623300 writing 1283 detections /home/ionouser/ionozond_data2//2026-08-13/cdetections-DOB-1786623300.h5
reading /home/ionouser/chirpsounder2/my_station.ini
/dev/shm/hf25
found  1302  files
block 1786623300 writing 1298 detections /home/ionouser/ionozond_data2//2026-08-13/cdetections-DOB-1786623300.h5
reading /home/ionouser/chirpsounder2/my_station.ini
/dev/shm/hf25
found  1387  files
block 1786623300 writing 1383 detections /home/ionouser/ionozond_data2//2026-08-13/cdetections-DOB-1786623300.h5
reading /home/ionouser/chirpsounder2/my_station.ini
/dev/shm/hf25
found  1460  files
block 1786623300 writing 1456 detections /home/ionouser/ionozond_data2//2026-08-13/cdetections-DOB-1786623300.h5
reading /home/ionouser/chirpsounder2/my_station.ini
/dev/shm/hf25
found  1481  files
block 1786623300 writing 1477 detections /home/ionouser/ionozond_data2//2026-08-13/cdetections-DOB-1786623300.h5
reading /home/ionouser/chirpsounder2/my_station.ini
/dev/shm/hf25
found  1484  files
block 1786623300 writing 1480 detections /home/ionouser/ionozond_data2//2026-08-13/cdetections-DOB-1786623300.h5
reading /home/ionouser/chirpsounder2/my_station.ini
/dev/shm/hf25
found  1506  files
block 1786623300 writing 1502 detections /home/ionouser/ionozond_data2//2026-08-13/cdetections-DOB-1786623300.h5
reading /home/ionouser/chirpsounder2/my_station.ini
/dev/shm/hf25
found  1592  files
block 1786623300 writing 1588 detections /home/ionouser/ionozond_data2//2026-08-13/cdetections-DOB-1786623300.h5
reading /home/ionouser/chirpsounder2/my_station.ini
/dev/shm/hf25
found  1624  files
block 1786623300 writing 1620 detections /home/ionouser/ionozond_data2//2026-08-13/cdetections-DOB-1786623300.h5
reading /home/ionouser/chirpsounder2/my_station.ini
/dev/shm/hf25
found  1656  files
block 1786623300 writing 1652 detections /home/ionouser/ionozond_data2//2026-08-13/cdetections-DOB-1786623300.h5
reading /home/ionouser/chirpsounder2/my_station.ini
/dev/shm/hf25
found  1663  files
block 1786622400 writing 1084 detections /home/ionouser/ionozond_data2//2026-08-13/cdetections-DOB-1786622400.h5
deleting files 1084 from previous block, which is now finished
block 1786623300 writing 575 detections /home/ionouser/ionozond_data2//2026-08-13/cdetections-DOB-1786623300.h5
reading /home/ionouser/chirpsounder2/my_station.ini
/dev/shm/hf25
found  672  files
block 1786624200 writing 668 detections /home/ionouser/ionozond_data2//2026-08-13/cdetections-DOB-1786624200.h5
reading /home/ionouser/chirpsounder2/my_station.ini
/dev/shm/hf25
found  756  files
block 1786624200 writing 752 detections /home/ionouser/ionozond_data2//2026-08-13/cdetections-DOB-1786624200.h5
reading /home/ionouser/chirpsounder2/my_station.ini
/dev/shm/hf25
found  767  files
block 1786624200 writing 763 detections /home/ionouser/ionozond_data2//2026-08-13/cdetections-DOB-1786624200.h5
reading /home/ionouser/chirpsounder2/my_station.ini
/dev/shm/hf25
found  770  files
block 1786624200 writing 766 detections /home/ionouser/ionozond_data2//2026-08-13/cdetections-DOB-1786624200.h5
reading /home/ionouser/chirpsounder2/my_station.ini
/dev/shm/hf25
found  802  files
block 1786624200 writing 798 detections /home/ionouser/ionozond_data2//2026-08-13/cdetections-DOB-1786624200.h5
reading /home/ionouser/chirpsounder2/my_station.ini
/dev/shm/hf25
found  895  files
block 1786624200 writing 891 detections /home/ionouser/ionozond_data2//2026-08-13/cdetections-DOB-1786624200.h5
reading /home/ionouser/chirpsounder2/my_station.ini
/dev/shm/hf25
found  943  files
block 1786624200 writing 939 detections /home/ionouser/ionozond_data2//2026-08-13/cdetections-DOB-1786624200.h5
reading /home/ionouser/chirpsounder2/my_station.ini
/dev/shm/hf25
found  965  files
block 1786624200 writing 961 detections /home/ionouser/ionozond_data2//2026-08-13/cdetections-DOB-1786624200.h5
reading /home/ionouser/chirpsounder2/my_station.ini
/dev/shm/hf25
found  985  files
block 1786624200 writing 981 detections /home/ionouser/ionozond_data2//2026-08-13/cdetections-DOB-1786624200.h5
reading /home/ionouser/chirpsounder2/my_station.ini
/dev/shm/hf25
found  1018  files
block 1786624200 writing 1014 detections /home/ionouser/ionozond_data2//2026-08-13/cdetections-DOB-1786624200.h5
reading /home/ionouser/chirpsounder2/my_station.ini
/dev/shm/hf25
found  1110  files
block 1786624200 writing 1106 detections /home/ionouser/ionozond_data2//2026-08-13/cdetections-DOB-1786624200.h5
reading /home/ionouser/chirpsounder2/my_station.ini
/dev/shm/hf25
found  1140  files
block 1786624200 writing 1136 detections /home/ionouser/ionozond_data2//2026-08-13/cdetections-DOB-1786624200.h5
reading /home/ionouser/chirpsounder2/my_station.ini
/dev/shm/hf25
found  1161  files
block 1786624200 writing 1157 detections /home/ionouser/ionozond_data2//2026-08-13/cdetections-DOB-1786624200.h5
reading /home/ionouser/chirpsounder2/my_station.ini
/dev/shm/hf25
found  1166  files
block 1786623300 writing 575 detections /home/ionouser/ionozond_data2//2026-08-13/cdetections-DOB-1786623300.h5
deleting files 575 from previous block, which is now finished
block 1786624200 writing 587 detections /home/ionouser/ionozond_data2//2026-08-13/cdetections-DOB-1786624200.h5
reading /home/ionouser/chirpsounder2/my_station.ini
/dev/shm/hf25
found  668  files
block 1786625100 writing 664 detections /home/ionouser/ionozond_data2//2026-08-13/cdetections-DOB-1786625100.h5
reading /home/ionouser/chirpsounder2/my_station.ini
/dev/shm/hf25
found  741  files
block 1786625100 writing 737 detections /home/ionouser/ionozond_data2//2026-08-13/cdetections-DOB-1786625100.h5
reading /home/ionouser/chirpsounder2/my_station.ini
/dev/shm/hf25
found  752  files
block 1786625100 writing 748 detections /home/ionouser/ionozond_data2//2026-08-13/cdetections-DOB-1786625100.h5
reading /home/ionouser/chirpsounder2/my_station.ini
/dev/shm/hf25
found  761  files
block 1786625100 writing 757 detections /home/ionouser/ionozond_data2//2026-08-13/cdetections-DOB-1786625100.h5
reading /home/ionouser/chirpsounder2/my_station.ini
/dev/shm/hf25
found  782  files
block 1786625100 writing 778 detections /home/ionouser/ionozond_data2//2026-08-13/cdetections-DOB-1786625100.h5
reading /home/ionouser/chirpsounder2/my_station.ini
/dev/shm/hf25
found  877  files
block 1786625100 writing 873 detections /home/ionouser/ionozond_data2//2026-08-13/cdetections-DOB-1786625100.h5
reading /home/ionouser/chirpsounder2/my_station.ini
/dev/shm/hf25
found  921  files
block 1786625100 writing 917 detections /home/ionouser/ionozond_data2//2026-08-13/cdetections-DOB-1786625100.h5
reading /home/ionouser/chirpsounder2/my_station.ini
/dev/shm/hf25
found  935  files
block 1786625100 writing 931 detections /home/ionouser/ionozond_data2//2026-08-13/cdetections-DOB-1786625100.h5
reading /home/ionouser/chirpsounder2/my_station.ini
/dev/shm/hf25
found  940  files
block 1786625100 writing 936 detections /home/ionouser/ionozond_data2//2026-08-13/cdetections-DOB-1786625100.h5
reading /home/ionouser/chirpsounder2/my_station.ini
/dev/shm/hf25
found  977  files
block 1786625100 writing 973 detections /home/ionouser/ionozond_data2//2026-08-13/cdetections-DOB-1786625100.h5
reading /home/ionouser/chirpsounder2/my_station.ini
/dev/shm/hf25
found  1075  files
block 1786625100 writing 1071 detections /home/ionouser/ionozond_data2//2026-08-13/cdetections-DOB-1786625100.h5
reading /home/ionouser/chirpsounder2/my_station.ini
/dev/shm/hf25
found  1111  files
block 1786625100 writing 1107 detections /home/ionouser/ionozond_data2//2026-08-13/cdetections-DOB-1786625100.h5
reading /home/ionouser/chirpsounder2/my_station.ini
/dev/shm/hf25
found  1131  files
block 1786625100 writing 1127 detections /home/ionouser/ionozond_data2//2026-08-13/cdetections-DOB-1786625100.h5
reading /home/ionouser/chirpsounder2/my_station.ini
/dev/shm/hf25
found  1138  files
block 1786624200 writing 588 detections /home/ionouser/ionozond_data2//2026-08-13/cdetections-DOB-1786624200.h5
deleting files 588 from previous block, which is now finished
block 1786625100 writing 546 detections /home/ionouser/ionozond_data2//2026-08-13/cdetections-DOB-1786625100.h5
reading /home/ionouser/chirpsounder2/my_station.ini
/dev/shm/hf25
found  626  files
block 1786626000 writing 622 detections /home/ionouser/ionozond_data2//2026-08-13/cdetections-DOB-1786626000.h5
reading /home/ionouser/chirpsounder2/my_station.ini
/dev/shm/hf25
found  707  files
block 1786626000 writing 703 detections /home/ionouser/ionozond_data2//2026-08-13/cdetections-DOB-1786626000.h5
reading /home/ionouser/chirpsounder2/my_station.ini
/dev/shm/hf25
found  725  files
block 1786626000 writing 721 detections /home/ionouser/ionozond_data2//2026-08-13/cdetections-DOB-1786626000.h5
reading /home/ionouser/chirpsounder2/my_station.ini
/dev/shm/hf25
found  727  files
block 1786626000 writing 723 detections /home/ionouser/ionozond_data2//2026-08-13/cdetections-DOB-1786626000.h5
reading /home/ionouser/chirpsounder2/my_station.ini
/dev/shm/hf25
found  743  files
block 1786626000 writing 739 detections /home/ionouser/ionozond_data2//2026-08-13/cdetections-DOB-1786626000.h5
reading /home/ionouser/chirpsounder2/my_station.ini
/dev/shm/hf25
found  828  files
block 1786626000 writing 824 detections /home/ionouser/ionozond_data2//2026-08-13/cdetections-DOB-1786626000.h5
reading /home/ionouser/chirpsounder2/my_station.ini
/dev/shm/hf25
found  883  files
block 1786626000 writing 879 detections /home/ionouser/ionozond_data2//2026-08-13/cdetections-DOB-1786626000.h5
reading /home/ionouser/chirpsounder2/my_station.ini
/dev/shm/hf25
found  902  files
block 1786626000 writing 898 detections /home/ionouser/ionozond_data2//2026-08-13/cdetections-DOB-1786626000.h5
reading /home/ionouser/chirpsounder2/my_station.ini
/dev/shm/hf25
found  908  files
block 1786626000 writing 904 detections /home/ionouser/ionozond_data2//2026-08-13/cdetections-DOB-1786626000.h5
reading /home/ionouser/chirpsounder2/my_station.ini
/dev/shm/hf25
found  949  files
block 1786626000 writing 945 detections /home/ionouser/ionozond_data2//2026-08-13/cdetections-DOB-1786626000.h5
reading /home/ionouser/chirpsounder2/my_station.ini
/dev/shm/hf25
found  1042  files
block 1786626000 writing 1038 detections /home/ionouser/ionozond_data2//2026-08-13/cdetections-DOB-1786626000.h5
reading /home/ionouser/chirpsounder2/my_station.ini
/dev/shm/hf25
found  1080  files
block 1786626000 writing 1076 detections /home/ionouser/ionozond_data2//2026-08-13/cdetections-DOB-1786626000.h5
reading /home/ionouser/chirpsounder2/my_station.ini
/dev/shm/hf25
found  1116  files
block 1786626000 writing 1112 detections /home/ionouser/ionozond_data2//2026-08-13/cdetections-DOB-1786626000.h5
reading /home/ionouser/chirpsounder2/my_station.ini
/dev/shm/hf25
found  1127  files
block 1786625100 writing 548 detections /home/ionouser/ionozond_data2//2026-08-13/cdetections-DOB-1786625100.h5
deleting files 548 from previous block, which is now finished
block 1786626000 writing 575 detections /home/ionouser/ionozond_data2//2026-08-13/cdetections-DOB-1786626000.h5
reading /home/ionouser/chirpsounder2/my_station.ini
/dev/shm/hf25
found  637  files
block 1786626900 writing 633 detections /home/ionouser/ionozond_data2//2026-08-13/cdetections-DOB-1786626900.h5
reading /home/ionouser/chirpsounder2/my_station.ini
/dev/shm/hf25
found  727  files
block 1786626900 writing 723 detections /home/ionouser/ionozond_data2//2026-08-13/cdetections-DOB-1786626900.h5
reading /home/ionouser/chirpsounder2/my_station.ini
/dev/shm/hf25
found  737  files
block 1786626900 writing 733 detections /home/ionouser/ionozond_data2//2026-08-13/cdetections-DOB-1786626900.h5
reading /home/ionouser/chirpsounder2/my_station.ini
/dev/shm/hf25
found  743  files
block 1786626900 writing 739 detections /home/ionouser/ionozond_data2//2026-08-13/cdetections-DOB-1786626900.h5
reading /home/ionouser/chirpsounder2/my_station.ini
/dev/shm/hf25
found  758  files
block 1786626900 writing 754 detections /home/ionouser/ionozond_data2//2026-08-13/cdetections-DOB-1786626900.h5
reading /home/ionouser/chirpsounder2/my_station.ini
/dev/shm/hf25
found  854  files
block 1786626900 writing 850 detections /home/ionouser/ionozond_data2//2026-08-13/cdetections-DOB-1786626900.h5
reading /home/ionouser/chirpsounder2/my_station.ini
/dev/shm/hf25
found  916  files
block 1786626900 writing 912 detections /home/ionouser/ionozond_data2//2026-08-13/cdetections-DOB-1786626900.h5
reading /home/ionouser/chirpsounder2/my_station.ini
/dev/shm/hf25
found  929  files
block 1786626900 writing 925 detections /home/ionouser/ionozond_data2//2026-08-13/cdetections-DOB-1786626900.h5
reading /home/ionouser/chirpsounder2/my_station.ini
/dev/shm/hf25
found  935  files
block 1786626900 writing 931 detections /home/ionouser/ionozond_data2//2026-08-13/cdetections-DOB-1786626900.h5
reading /home/ionouser/chirpsounder2/my_station.ini
/dev/shm/hf25
found  973  files
block 1786626900 writing 969 detections /home/ionouser/ionozond_data2//2026-08-13/cdetections-DOB-1786626900.h5
reading /home/ionouser/chirpsounder2/my_station.ini
/dev/shm/hf25
found  1061  files
block 1786626900 writing 1057 detections /home/ionouser/ionozond_data2//2026-08-13/cdetections-DOB-1786626900.h5
reading /home/ionouser/chirpsounder2/my_station.ini
/dev/shm/hf25
found  1093  files
block 1786626900 writing 1089 detections /home/ionouser/ionozond_data2//2026-08-13/cdetections-DOB-1786626900.h5
reading /home/ionouser/chirpsounder2/my_station.ini
/dev/shm/hf25
found  1144  files
block 1786626900 writing 1140 detections /home/ionouser/ionozond_data2//2026-08-13/cdetections-DOB-1786626900.h5
reading /home/ionouser/chirpsounder2/my_station.ini
/dev/shm/hf25
found  1152  files
block 1786626000 writing 576 detections /home/ionouser/ionozond_data2//2026-08-13/cdetections-DOB-1786626000.h5
deleting files 576 from previous block, which is now finished
block 1786626900 writing 572 detections /home/ionouser/ionozond_data2//2026-08-13/cdetections-DOB-1786626900.h5
reading /home/ionouser/chirpsounder2/my_station.ini
/dev/shm/hf25
found  643  files
block 1786627800 writing 639 detections /home/ionouser/ionozond_data2//2026-08-13/cdetections-DOB-1786627800.h5
reading /home/ionouser/chirpsounder2/my_station.ini
/dev/shm/hf25
found  745  files
block 1786627800 writing 741 detections /home/ionouser/ionozond_data2//2026-08-13/cdetections-DOB-1786627800.h5
reading /home/ionouser/chirpsounder2/my_station.ini
/dev/shm/hf25
found  763  files
block 1786627800 writing 759 detections /home/ionouser/ionozond_data2//2026-08-13/cdetections-DOB-1786627800.h5
reading /home/ionouser/chirpsounder2/my_station.ini
/dev/shm/hf25
found  770  files
block 1786627800 writing 766 detections /home/ionouser/ionozond_data2//2026-08-13/cdetections-DOB-1786627800.h5
reading /home/ionouser/chirpsounder2/my_station.ini
/dev/shm/hf25
found  791  files
block 1786627800 writing 787 detections /home/ionouser/ionozond_data2//2026-08-13/cdetections-DOB-1786627800.h5
reading /home/ionouser/chirpsounder2/my_station.ini
/dev/shm/hf25
found  889  files
block 1786627800 writing 885 detections /home/ionouser/ionozond_data2//2026-08-13/cdetections-DOB-1786627800.h5
reading /home/ionouser/chirpsounder2/my_station.ini
/dev/shm/hf25
found  954  files
block 1786627800 writing 950 detections /home/ionouser/ionozond_data2//2026-08-13/cdetections-DOB-1786627800.h5
reading /home/ionouser/chirpsounder2/my_station.ini
/dev/shm/hf25
found  975  files
block 1786627800 writing 971 detections /home/ionouser/ionozond_data2//2026-08-13/cdetections-DOB-1786627800.h5
reading /home/ionouser/chirpsounder2/my_station.ini
/dev/shm/hf25
found  986  files
block 1786627800 writing 982 detections /home/ionouser/ionozond_data2//2026-08-13/cdetections-DOB-1786627800.h5
reading /home/ionouser/chirpsounder2/my_station.ini
/dev/shm/hf25
found  1029  files
block 1786627800 writing 1025 detections /home/ionouser/ionozond_data2//2026-08-13/cdetections-DOB-1786627800.h5
reading /home/ionouser/chirpsounder2/my_station.ini
/dev/shm/hf25
found  1121  files
block 1786627800 writing 1117 detections /home/ionouser/ionozond_data2//2026-08-13/cdetections-DOB-1786627800.h5
reading /home/ionouser/chirpsounder2/my_station.ini
/dev/shm/hf25
found  1159  files
block 1786627800 writing 1155 detections /home/ionouser/ionozond_data2//2026-08-13/cdetections-DOB-1786627800.h5
reading /home/ionouser/chirpsounder2/my_station.ini
/dev/shm/hf25
found  1209  files
block 1786627800 writing 1205 detections /home/ionouser/ionozond_data2//2026-08-13/cdetections-DOB-1786627800.h5
reading /home/ionouser/chirpsounder2/my_station.ini
/dev/shm/hf25
found  1240  files
block 1786626900 writing 574 detections /home/ionouser/ionozond_data2//2026-08-13/cdetections-DOB-1786626900.h5
deleting files 574 from previous block, which is now finished
block 1786627800 writing 662 detections /home/ionouser/ionozond_data2//2026-08-13/cdetections-DOB-1786627800.h5
reading /home/ionouser/chirpsounder2/my_station.ini
/dev/shm/hf25
found  735  files
block 1786628700 writing 731 detections /home/ionouser/ionozond_data2//2026-08-13/cdetections-DOB-1786628700.h5
reading /home/ionouser/chirpsounder2/my_station.ini
/dev/shm/hf25
found  817  files
block 1786628700 writing 813 detections /home/ionouser/ionozond_data2//2026-08-13/cdetections-DOB-1786628700.h5
reading /home/ionouser/chirpsounder2/my_station.ini
/dev/shm/hf25
found  855  files
block 1786628700 writing 851 detections /home/ionouser/ionozond_data2//2026-08-13/cdetections-DOB-1786628700.h5
reading /home/ionouser/chirpsounder2/my_station.ini
/dev/shm/hf25
found  878  files
block 1786628700 writing 874 detections /home/ionouser/ionozond_data2//2026-08-13/cdetections-DOB-1786628700.h5
reading /home/ionouser/chirpsounder2/my_station.ini
/dev/shm/hf25
found  897  files
block 1786628700 writing 893 detections /home/ionouser/ionozond_data2//2026-08-13/cdetections-DOB-1786628700.h5
reading /home/ionouser/chirpsounder2/my_station.ini
/dev/shm/hf25
found  997  files
block 1786628700 writing 993 detections /home/ionouser/ionozond_data2//2026-08-13/cdetections-DOB-1786628700.h5
reading /home/ionouser/chirpsounder2/my_station.ini
/dev/shm/hf25
found  1072  files
block 1786628700 writing 1068 detections /home/ionouser/ionozond_data2//2026-08-13/cdetections-DOB-1786628700.h5
reading /home/ionouser/chirpsounder2/my_station.ini
/dev/shm/hf25
found  1092  files
block 1786628700 writing 1088 detections /home/ionouser/ionozond_data2//2026-08-13/cdetections-DOB-1786628700.h5
reading /home/ionouser/chirpsounder2/my_station.ini
/dev/shm/hf25
found  1103  files
block 1786628700 writing 1099 detections /home/ionouser/ionozond_data2//2026-08-13/cdetections-DOB-1786628700.h5
reading /home/ionouser/chirpsounder2/my_station.ini
/dev/shm/hf25
found  1150  files
block 1786628700 writing 1146 detections /home/ionouser/ionozond_data2//2026-08-13/cdetections-DOB-1786628700.h5
reading /home/ionouser/chirpsounder2/my_station.ini
/dev/shm/hf25
found  1259  files
block 1786628700 writing 1255 detections /home/ionouser/ionozond_data2//2026-08-13/cdetections-DOB-1786628700.h5
reading /home/ionouser/chirpsounder2/my_station.ini
/dev/shm/hf25
found  1299  files
block 1786628700 writing 1295 detections /home/ionouser/ionozond_data2//2026-08-13/cdetections-DOB-1786628700.h5
reading /home/ionouser/chirpsounder2/my_station.ini
/dev/shm/hf25
found  1337  files
block 1786628700 writing 1333 detections /home/ionouser/ionozond_data2//2026-08-13/cdetections-DOB-1786628700.h5
reading /home/ionouser/chirpsounder2/my_station.ini
/dev/shm/hf25
found  1356  files
block 1786627800 writing 665 detections /home/ionouser/ionozond_data2//2026-08-13/cdetections-DOB-1786627800.h5
deleting files 665 from previous block, which is now finished
block 1786628700 writing 687 detections /home/ionouser/ionozond_data2//2026-08-13/cdetections-DOB-1786628700.h5
reading /home/ionouser/chirpsounder2/my_station.ini
/dev/shm/hf25
found  775  files
block 1786629600 writing 771 detections /home/ionouser/ionozond_data2//2026-08-13/cdetections-DOB-1786629600.h5
reading /home/ionouser/chirpsounder2/my_station.ini
/dev/shm/hf25
found  881  files
block 1786629600 writing 877 detections /home/ionouser/ionozond_data2//2026-08-13/cdetections-DOB-1786629600.h5
reading /home/ionouser/chirpsounder2/my_station.ini
/dev/shm/hf25
found  934  files
block 1786629600 writing 930 detections /home/ionouser/ionozond_data2//2026-08-13/cdetections-DOB-1786629600.h5
reading /home/ionouser/chirpsounder2/my_station.ini
/dev/shm/hf25
found  1003  files
block 1786629600 writing 999 detections /home/ionouser/ionozond_data2//2026-08-13/cdetections-DOB-1786629600.h5
reading /home/ionouser/chirpsounder2/my_station.ini
/dev/shm/hf25
found  1056  files
block 1786629600 writing 1052 detections /home/ionouser/ionozond_data2//2026-08-13/cdetections-DOB-1786629600.h5
reading /home/ionouser/chirpsounder2/my_station.ini
/dev/shm/hf25
found  1179  files
block 1786629600 writing 1175 detections /home/ionouser/ionozond_data2//2026-08-13/cdetections-DOB-1786629600.h5
reading /home/ionouser/chirpsounder2/my_station.ini
/dev/shm/hf25
found  1274  files
block 1786629600 writing 1270 detections /home/ionouser/ionozond_data2//2026-08-13/cdetections-DOB-1786629600.h5
reading /home/ionouser/chirpsounder2/my_station.ini
/dev/shm/hf25
found  1308  files
block 1786629600 writing 1304 detections /home/ionouser/ionozond_data2//2026-08-13/cdetections-DOB-1786629600.h5
reading /home/ionouser/chirpsounder2/my_station.ini
/dev/shm/hf25
found  1350  files
block 1786629600 writing 1346 detections /home/ionouser/ionozond_data2//2026-08-13/cdetections-DOB-1786629600.h5
reading /home/ionouser/chirpsounder2/my_station.ini
/dev/shm/hf25
found  1441  files
block 1786629600 writing 1437 detections /home/ionouser/ionozond_data2//2026-08-13/cdetections-DOB-1786629600.h5
reading /home/ionouser/chirpsounder2/my_station.ini
/dev/shm/hf25
found  1573  files
block 1786629600 writing 1569 detections /home/ionouser/ionozond_data2//2026-08-13/cdetections-DOB-1786629600.h5
reading /home/ionouser/chirpsounder2/my_station.ini
/dev/shm/hf25
found  1643  files
block 1786629600 writing 1639 detections /home/ionouser/ionozond_data2//2026-08-13/cdetections-DOB-1786629600.h5
reading /home/ionouser/chirpsounder2/my_station.ini
/dev/shm/hf25
found  1710  files
block 1786629600 writing 1706 detections /home/ionouser/ionozond_data2//2026-08-13/cdetections-DOB-1786629600.h5
reading /home/ionouser/chirpsounder2/my_station.ini
/dev/shm/hf25
found  1758  files
block 1786628700 writing 688 detections /home/ionouser/ionozond_data2//2026-08-13/cdetections-DOB-1786628700.h5
deleting files 688 from previous block, which is now finished
block 1786630500 writing 1066 detections /home/ionouser/ionozond_data2//2026-08-13/cdetections-DOB-1786630500.h5
reading /home/ionouser/chirpsounder2/my_station.ini
/dev/shm/hf25
found  1191  files
block 1786630500 writing 1187 detections /home/ionouser/ionozond_data2//2026-08-13/cdetections-DOB-1786630500.h5
reading /home/ionouser/chirpsounder2/my_station.ini
/dev/shm/hf25
found  1300  files
block 1786630500 writing 1296 detections /home/ionouser/ionozond_data2//2026-08-13/cdetections-DOB-1786630500.h5
reading /home/ionouser/chirpsounder2/my_station.ini
/dev/shm/hf25
found  1358  files
block 1786630500 writing 1354 detections /home/ionouser/ionozond_data2//2026-08-13/cdetections-DOB-1786630500.h5
reading /home/ionouser/chirpsounder2/my_station.ini
/dev/shm/hf25
found  1420  files
block 1786630500 writing 1416 detections /home/ionouser/ionozond_data2//2026-08-13/cdetections-DOB-1786630500.h5
reading /home/ionouser/chirpsounder2/my_station.ini
/dev/shm/hf25
found  1504  files
block 1786630500 writing 1500 detections /home/ionouser/ionozond_data2//2026-08-13/cdetections-DOB-1786630500.h5
reading /home/ionouser/chirpsounder2/my_station.ini
/dev/shm/hf25
found  1638  files
block 1786630500 writing 1634 detections /home/ionouser/ionozond_data2//2026-08-13/cdetections-DOB-1786630500.h5
reading /home/ionouser/chirpsounder2/my_station.ini
/dev/shm/hf25
found  1712  files
block 1786630500 writing 1708 detections /home/ionouser/ionozond_data2//2026-08-13/cdetections-DOB-1786630500.h5
reading /home/ionouser/chirpsounder2/my_station.ini
/dev/shm/hf25
found  1758  files
block 1786630500 writing 1754 detections /home/ionouser/ionozond_data2//2026-08-13/cdetections-DOB-1786630500.h5
reading /home/ionouser/chirpsounder2/my_station.ini
/dev/shm/hf25
found  1799  files
block 1786630500 writing 1795 detections /home/ionouser/ionozond_data2//2026-08-13/cdetections-DOB-1786630500.h5
reading /home/ionouser/chirpsounder2/my_station.ini
/dev/shm/hf25
found  1910  files
block 1786630500 writing 1906 detections /home/ionouser/ionozond_data2//2026-08-13/cdetections-DOB-1786630500.h5
reading /home/ionouser/chirpsounder2/my_station.ini
/dev/shm/hf25
found  2043  files
block 1786630500 writing 2039 detections /home/ionouser/ionozond_data2//2026-08-13/cdetections-DOB-1786630500.h5
reading /home/ionouser/chirpsounder2/my_station.ini
/dev/shm/hf25
found  2110  files
block 1786630500 writing 2106 detections /home/ionouser/ionozond_data2//2026-08-13/cdetections-DOB-1786630500.h5
reading /home/ionouser/chirpsounder2/my_station.ini
/dev/shm/hf25
found  2199  files
block 1786630500 writing 2195 detections /home/ionouser/ionozond_data2//2026-08-13/cdetections-DOB-1786630500.h5
reading /home/ionouser/chirpsounder2/my_station.ini
/dev/shm/hf25
found  2280  files
block 1786629600 writing 1053 detections /home/ionouser/ionozond_data2//2026-08-13/cdetections-DOB-1786629600.h5
deleting files 1053 from previous block, which is now finished
block 1786631400 writing 1223 detections /home/ionouser/ionozond_data2//2026-08-13/cdetections-DOB-1786631400.h5
reading /home/ionouser/chirpsounder2/my_station.ini
/dev/shm/hf25
found  1391  files
block 1786631400 writing 1387 detections /home/ionouser/ionozond_data2//2026-08-13/cdetections-DOB-1786631400.h5
reading /home/ionouser/chirpsounder2/my_station.ini
/dev/shm/hf25
found  1483  files
block 1786631400 writing 1479 detections /home/ionouser/ionozond_data2//2026-08-13/cdetections-DOB-1786631400.h5
reading /home/ionouser/chirpsounder2/my_station.ini
/dev/shm/hf25
found  1533  files
block 1786631400 writing 1529 detections /home/ionouser/ionozond_data2//2026-08-13/cdetections-DOB-1786631400.h5
reading /home/ionouser/chirpsounder2/my_station.ini
/dev/shm/hf25
found  1584  files
block 1786631400 writing 1580 detections /home/ionouser/ionozond_data2//2026-08-13/cdetections-DOB-1786631400.h5
reading /home/ionouser/chirpsounder2/my_station.ini
/dev/shm/hf25
found  1711  files
block 1786631400 writing 1707 detections /home/ionouser/ionozond_data2//2026-08-13/cdetections-DOB-1786631400.h5
reading /home/ionouser/chirpsounder2/my_station.ini
/dev/shm/hf25
found  1828  files
block 1786631400 writing 1824 detections /home/ionouser/ionozond_data2//2026-08-13/cdetections-DOB-1786631400.h5
reading /home/ionouser/chirpsounder2/my_station.ini
/dev/shm/hf25
found  1865  files
block 1786631400 writing 1861 detections /home/ionouser/ionozond_data2//2026-08-13/cdetections-DOB-1786631400.h5
reading /home/ionouser/chirpsounder2/my_station.ini
/dev/shm/hf25
found  1925  files
block 1786631400 writing 1921 detections /home/ionouser/ionozond_data2//2026-08-13/cdetections-DOB-1786631400.h5
reading /home/ionouser/chirpsounder2/my_station.ini
/dev/shm/hf25
found  2023  files
block 1786631400 writing 2019 detections /home/ionouser/ionozond_data2//2026-08-13/cdetections-DOB-1786631400.h5
reading /home/ionouser/chirpsounder2/my_station.ini
/dev/shm/hf25
found  2152  files
block 1786631400 writing 2148 detections /home/ionouser/ionozond_data2//2026-08-13/cdetections-DOB-1786631400.h5
reading /home/ionouser/chirpsounder2/my_station.ini
/dev/shm/hf25
found  2246  files
block 1786631400 writing 2242 detections /home/ionouser/ionozond_data2//2026-08-13/cdetections-DOB-1786631400.h5
reading /home/ionouser/chirpsounder2/my_station.ini
/dev/shm/hf25
found  2295  files
block 1786631400 writing 2291 detections /home/ionouser/ionozond_data2//2026-08-13/cdetections-DOB-1786631400.h5
reading /home/ionouser/chirpsounder2/my_station.ini
/dev/shm/hf25
found  2361  files
block 1786630500 writing 1150 detections /home/ionouser/ionozond_data2//2026-08-13/cdetections-DOB-1786630500.h5
deleting files 1150 from previous block, which is now finished
block 1786632300 writing 1207 detections /home/ionouser/ionozond_data2//2026-08-13/cdetections-DOB-1786632300.h5
reading /home/ionouser/chirpsounder2/my_station.ini
/dev/shm/hf25
found  1391  files
block 1786632300 writing 1387 detections /home/ionouser/ionozond_data2//2026-08-13/cdetections-DOB-1786632300.h5
reading /home/ionouser/chirpsounder2/my_station.ini
/dev/shm/hf25
found  1474  files
block 1786632300 writing 1470 detections /home/ionouser/ionozond_data2//2026-08-13/cdetections-DOB-1786632300.h5
reading /home/ionouser/chirpsounder2/my_station.ini
/dev/shm/hf25
found  1538  files
block 1786632300 writing 1534 detections /home/ionouser/ionozond_data2//2026-08-13/cdetections-DOB-1786632300.h5
reading /home/ionouser/chirpsounder2/my_station.ini
/dev/shm/hf25
found  1600  files
block 1786632300 writing 1596 detections /home/ionouser/ionozond_data2//2026-08-13/cdetections-DOB-1786632300.h5
reading /home/ionouser/chirpsounder2/my_station.ini
/dev/shm/hf25
found  1720  files
block 1786632300 writing 1716 detections /home/ionouser/ionozond_data2//2026-08-13/cdetections-DOB-1786632300.h5
reading /home/ionouser/chirpsounder2/my_station.ini
/dev/shm/hf25
found  1852  files
block 1786632300 writing 1848 detections /home/ionouser/ionozond_data2//2026-08-13/cdetections-DOB-1786632300.h5
reading /home/ionouser/chirpsounder2/my_station.ini
/dev/shm/hf25
found  1921  files
block 1786632300 writing 1917 detections /home/ionouser/ionozond_data2//2026-08-13/cdetections-DOB-1786632300.h5
reading /home/ionouser/chirpsounder2/my_station.ini
/dev/shm/hf25
found  1970  files
block 1786632300 writing 1966 detections /home/ionouser/ionozond_data2//2026-08-13/cdetections-DOB-1786632300.h5
reading /home/ionouser/chirpsounder2/my_station.ini
/dev/shm/hf25
found  2064  files
block 1786632300 writing 2060 detections /home/ionouser/ionozond_data2//2026-08-13/cdetections-DOB-1786632300.h5
reading /home/ionouser/chirpsounder2/my_station.ini
/dev/shm/hf25
found  2203  files
block 1786632300 writing 2199 detections /home/ionouser/ionozond_data2//2026-08-13/cdetections-DOB-1786632300.h5
reading /home/ionouser/chirpsounder2/my_station.ini
/dev/shm/hf25
found  2284  files
block 1786632300 writing 2280 detections /home/ionouser/ionozond_data2//2026-08-13/cdetections-DOB-1786632300.h5
reading /home/ionouser/chirpsounder2/my_station.ini
/dev/shm/hf25
found  2338  files
block 1786632300 writing 2334 detections /home/ionouser/ionozond_data2//2026-08-13/cdetections-DOB-1786632300.h5
reading /home/ionouser/chirpsounder2/my_station.ini
/dev/shm/hf25
found  2423  files
block 1786631400 writing 1169 detections /home/ionouser/ionozond_data2//2026-08-13/cdetections-DOB-1786631400.h5
deleting files 1169 from previous block, which is now finished
block 1786633200 writing 1250 detections /home/ionouser/ionozond_data2//2026-08-13/cdetections-DOB-1786633200.h5
reading /home/ionouser/chirpsounder2/my_station.ini
/dev/shm/hf25
found  1426  files
block 1786633200 writing 1422 detections /home/ionouser/ionozond_data2//2026-08-13/cdetections-DOB-1786633200.h5
reading /home/ionouser/chirpsounder2/my_station.ini
/dev/shm/hf25
found  1527  files
block 1786633200 writing 1523 detections /home/ionouser/ionozond_data2//2026-08-13/cdetections-DOB-1786633200.h5
reading /home/ionouser/chirpsounder2/my_station.ini
/dev/shm/hf25
found  1586  files
block 1786633200 writing 1582 detections /home/ionouser/ionozond_data2//2026-08-13/cdetections-DOB-1786633200.h5
reading /home/ionouser/chirpsounder2/my_station.ini
/dev/shm/hf25
found  1634  files
block 1786633200 writing 1630 detections /home/ionouser/ionozond_data2//2026-08-13/cdetections-DOB-1786633200.h5
reading /home/ionouser/chirpsounder2/my_station.ini
/dev/shm/hf25
found  1734  files
block 1786633200 writing 1730 detections /home/ionouser/ionozond_data2//2026-08-13/cdetections-DOB-1786633200.h5
reading /home/ionouser/chirpsounder2/my_station.ini
/dev/shm/hf25
found  1859  files
block 1786633200 writing 1855 detections /home/ionouser/ionozond_data2//2026-08-13/cdetections-DOB-1786633200.h5
reading /home/ionouser/chirpsounder2/my_station.ini
/dev/shm/hf25
found  1939  files
block 1786633200 writing 1935 detections /home/ionouser/ionozond_data2//2026-08-13/cdetections-DOB-1786633200.h5
reading /home/ionouser/chirpsounder2/my_station.ini
/dev/shm/hf25
found  1995  files
block 1786633200 writing 1991 detections /home/ionouser/ionozond_data2//2026-08-13/cdetections-DOB-1786633200.h5
reading /home/ionouser/chirpsounder2/my_station.ini
/dev/shm/hf25
found  2067  files
block 1786633200 writing 2063 detections /home/ionouser/ionozond_data2//2026-08-13/cdetections-DOB-1786633200.h5
reading /home/ionouser/chirpsounder2/my_station.ini
/dev/shm/hf25
found  2192  files
block 1786633200 writing 2188 detections /home/ionouser/ionozond_data2//2026-08-13/cdetections-DOB-1786633200.h5
reading /home/ionouser/chirpsounder2/my_station.ini
/dev/shm/hf25
found  2274  files
block 1786633200 writing 2270 detections /home/ionouser/ionozond_data2//2026-08-13/cdetections-DOB-1786633200.h5
reading /home/ionouser/chirpsounder2/my_station.ini
/dev/shm/hf25
found  2316  files
block 1786633200 writing 2312 detections /home/ionouser/ionozond_data2//2026-08-13/cdetections-DOB-1786633200.h5
reading /home/ionouser/chirpsounder2/my_station.ini
/dev/shm/hf25
found  2393  files
block 1786632300 writing 1197 detections /home/ionouser/ionozond_data2//2026-08-13/cdetections-DOB-1786632300.h5
deleting files 1197 from previous block, which is now finished
block 1786634100 writing 1192 detections /home/ionouser/ionozond_data2//2026-08-13/cdetections-DOB-1786634100.h5
reading /home/ionouser/chirpsounder2/my_station.ini
/dev/shm/hf25
found  1386  files
block 1786634100 writing 1382 detections /home/ionouser/ionozond_data2//2026-08-13/cdetections-DOB-1786634100.h5
reading /home/ionouser/chirpsounder2/my_station.ini
/dev/shm/hf25
found  1490  files
block 1786634100 writing 1486 detections /home/ionouser/ionozond_data2//2026-08-13/cdetections-DOB-1786634100.h5
reading /home/ionouser/chirpsounder2/my_station.ini
/dev/shm/hf25
found  1547  files
block 1786634100 writing 1543 detections /home/ionouser/ionozond_data2//2026-08-13/cdetections-DOB-1786634100.h5
reading /home/ionouser/chirpsounder2/my_station.ini
/dev/shm/hf25
found  1592  files
block 1786634100 writing 1588 detections /home/ionouser/ionozond_data2//2026-08-13/cdetections-DOB-1786634100.h5
reading /home/ionouser/chirpsounder2/my_station.ini
/dev/shm/hf25
found  1693  files
block 1786634100 writing 1689 detections /home/ionouser/ionozond_data2//2026-08-13/cdetections-DOB-1786634100.h5
reading /home/ionouser/chirpsounder2/my_station.ini
/dev/shm/hf25
found  1828  files
block 1786634100 writing 1824 detections /home/ionouser/ionozond_data2//2026-08-13/cdetections-DOB-1786634100.h5
reading /home/ionouser/chirpsounder2/my_station.ini
/dev/shm/hf25
found  1892  files
block 1786634100 writing 1888 detections /home/ionouser/ionozond_data2//2026-08-13/cdetections-DOB-1786634100.h5
reading /home/ionouser/chirpsounder2/my_station.ini
/dev/shm/hf25
found  1956  files
block 1786634100 writing 1952 detections /home/ionouser/ionozond_data2//2026-08-13/cdetections-DOB-1786634100.h5
reading /home/ionouser/chirpsounder2/my_station.ini
/dev/shm/hf25
found  2039  files
block 1786634100 writing 2035 detections /home/ionouser/ionozond_data2//2026-08-13/cdetections-DOB-1786634100.h5
reading /home/ionouser/chirpsounder2/my_station.ini
/dev/shm/hf25
found  2174  files
block 1786634100 writing 2170 detections /home/ionouser/ionozond_data2//2026-08-13/cdetections-DOB-1786634100.h5
reading /home/ionouser/chirpsounder2/my_station.ini
/dev/shm/hf25
found  2265  files
block 1786634100 writing 2261 detections /home/ionouser/ionozond_data2//2026-08-13/cdetections-DOB-1786634100.h5
reading /home/ionouser/chirpsounder2/my_station.ini
/dev/shm/hf25
found  2316  files
block 1786634100 writing 2312 detections /home/ionouser/ionozond_data2//2026-08-13/cdetections-DOB-1786634100.h5
reading /home/ionouser/chirpsounder2/my_station.ini
/dev/shm/hf25
found  2400  files
block 1786633200 writing 1166 detections /home/ionouser/ionozond_data2//2026-08-13/cdetections-DOB-1786633200.h5
deleting files 1166 from previous block, which is now finished
block 1786635000 writing 1230 detections /home/ionouser/ionozond_data2//2026-08-13/cdetections-DOB-1786635000.h5
reading /home/ionouser/chirpsounder2/my_station.ini
/dev/shm/hf25
found  1386  files
block 1786635000 writing 1382 detections /home/ionouser/ionozond_data2//2026-08-13/cdetections-DOB-1786635000.h5
reading /home/ionouser/chirpsounder2/my_station.ini
/dev/shm/hf25
found  1492  files
block 1786635000 writing 1488 detections /home/ionouser/ionozond_data2//2026-08-13/cdetections-DOB-1786635000.h5
reading /home/ionouser/chirpsounder2/my_station.ini
/dev/shm/hf25
found  1534  files
block 1786635000 writing 1530 detections /home/ionouser/ionozond_data2//2026-08-13/cdetections-DOB-1786635000.h5
reading /home/ionouser/chirpsounder2/my_station.ini
/dev/shm/hf25
found  1581  files
block 1786635000 writing 1577 detections /home/ionouser/ionozond_data2//2026-08-13/cdetections-DOB-1786635000.h5
reading /home/ionouser/chirpsounder2/my_station.ini
/dev/shm/hf25
found  1665  files
block 1786635000 writing 1661 detections /home/ionouser/ionozond_data2//2026-08-13/cdetections-DOB-1786635000.h5
reading /home/ionouser/chirpsounder2/my_station.ini
/dev/shm/hf25
found  1797  files
block 1786635000 writing 1793 detections /home/ionouser/ionozond_data2//2026-08-13/cdetections-DOB-1786635000.h5
reading /home/ionouser/chirpsounder2/my_station.ini
/dev/shm/hf25
found  1890  files
block 1786635000 writing 1886 detections /home/ionouser/ionozond_data2//2026-08-13/cdetections-DOB-1786635000.h5
reading /home/ionouser/chirpsounder2/my_station.ini
/dev/shm/hf25
found  1942  files
block 1786635000 writing 1938 detections /home/ionouser/ionozond_data2//2026-08-13/cdetections-DOB-1786635000.h5
reading /home/ionouser/chirpsounder2/my_station.ini
/dev/shm/hf25
found  1999  files
block 1786635000 writing 1995 detections /home/ionouser/ionozond_data2//2026-08-13/cdetections-DOB-1786635000.h5
reading /home/ionouser/chirpsounder2/my_station.ini
/dev/shm/hf25
found  2129  files
block 1786635000 writing 2125 detections /home/ionouser/ionozond_data2//2026-08-13/cdetections-DOB-1786635000.h5
reading /home/ionouser/chirpsounder2/my_station.ini
/dev/shm/hf25
found  2237  files
block 1786635000 writing 2233 detections /home/ionouser/ionozond_data2//2026-08-13/cdetections-DOB-1786635000.h5
reading /home/ionouser/chirpsounder2/my_station.ini
/dev/shm/hf25
found  2286  files
block 1786635000 writing 2282 detections /home/ionouser/ionozond_data2//2026-08-13/cdetections-DOB-1786635000.h5
reading /home/ionouser/chirpsounder2/my_station.ini
/dev/shm/hf25
found  2336  files
block 1786634100 writing 1212 detections /home/ionouser/ionozond_data2//2026-08-13/cdetections-DOB-1786634100.h5
deleting files 1212 from previous block, which is now finished
block 1786635000 writing 1120 detections /home/ionouser/ionozond_data2//2026-08-13/cdetections-DOB-1786635000.h5
reading /home/ionouser/chirpsounder2/my_station.ini
/dev/shm/hf25
found  1273  files
block 1786635900 writing 1269 detections /home/ionouser/ionozond_data2//2026-08-13/cdetections-DOB-1786635900.h5
reading /home/ionouser/chirpsounder2/my_station.ini
/dev/shm/hf25
found  1385  files
block 1786635900 writing 1381 detections /home/ionouser/ionozond_data2//2026-08-13/cdetections-DOB-1786635900.h5
reading /home/ionouser/chirpsounder2/my_station.ini
/dev/shm/hf25
found  1416  files
block 1786635900 writing 1412 detections /home/ionouser/ionozond_data2//2026-08-13/cdetections-DOB-1786635900.h5
reading /home/ionouser/chirpsounder2/my_station.ini
/dev/shm/hf25
found  1456  files
block 1786635900 writing 1452 detections /home/ionouser/ionozond_data2//2026-08-13/cdetections-DOB-1786635900.h5
reading /home/ionouser/chirpsounder2/my_station.ini
/dev/shm/hf25
found  1524  files
block 1786635900 writing 1520 detections /home/ionouser/ionozond_data2//2026-08-13/cdetections-DOB-1786635900.h5
reading /home/ionouser/chirpsounder2/my_station.ini
/dev/shm/hf25
found  1647  files
block 1786635900 writing 1643 detections /home/ionouser/ionozond_data2//2026-08-13/cdetections-DOB-1786635900.h5
reading /home/ionouser/chirpsounder2/my_station.ini
/dev/shm/hf25
found  1738  files
block 1786635900 writing 1734 detections /home/ionouser/ionozond_data2//2026-08-13/cdetections-DOB-1786635900.h5
reading /home/ionouser/chirpsounder2/my_station.ini
/dev/shm/hf25
found  1783  files
block 1786635900 writing 1779 detections /home/ionouser/ionozond_data2//2026-08-13/cdetections-DOB-1786635900.h5
reading /home/ionouser/chirpsounder2/my_station.ini
/dev/shm/hf25
found  1829  files
block 1786635900 writing 1825 detections /home/ionouser/ionozond_data2//2026-08-13/cdetections-DOB-1786635900.h5
reading /home/ionouser/chirpsounder2/my_station.ini
/dev/shm/hf25
found  1931  files
block 1786635900 writing 1927 detections /home/ionouser/ionozond_data2//2026-08-13/cdetections-DOB-1786635900.h5
reading /home/ionouser/chirpsounder2/my_station.ini
/dev/shm/hf25
found  2064  files
block 1786635900 writing 2060 detections /home/ionouser/ionozond_data2//2026-08-13/cdetections-DOB-1786635900.h5
reading /home/ionouser/chirpsounder2/my_station.ini
/dev/shm/hf25
found  2103  files
block 1786635900 writing 2099 detections /home/ionouser/ionozond_data2//2026-08-13/cdetections-DOB-1786635900.h5
reading /home/ionouser/chirpsounder2/my_station.ini
/dev/shm/hf25
found  2148  files
block 1786635900 writing 2144 detections /home/ionouser/ionozond_data2//2026-08-13/cdetections-DOB-1786635900.h5
reading /home/ionouser/chirpsounder2/my_station.ini
/dev/shm/hf25
found  2217  files
block 1786635000 writing 1121 detections /home/ionouser/ionozond_data2//2026-08-13/cdetections-DOB-1786635000.h5
deleting files 1121 from previous block, which is now finished
block 1786636800 writing 1092 detections /home/ionouser/ionozond_data2//2026-08-13/cdetections-DOB-1786636800.h5
reading /home/ionouser/chirpsounder2/my_station.ini
/dev/shm/hf25
found  1258  files
block 1786636800 writing 1254 detections /home/ionouser/ionozond_data2//2026-08-13/cdetections-DOB-1786636800.h5
reading /home/ionouser/chirpsounder2/my_station.ini
/dev/shm/hf25
found  1316  files
block 1786636800 writing 1312 detections /home/ionouser/ionozond_data2//2026-08-13/cdetections-DOB-1786636800.h5
reading /home/ionouser/chirpsounder2/my_station.ini
/dev/shm/hf25
found  1348  files
block 1786636800 writing 1344 detections /home/ionouser/ionozond_data2//2026-08-13/cdetections-DOB-1786636800.h5
reading /home/ionouser/chirpsounder2/my_station.ini
/dev/shm/hf25
found  1389  files
block 1786636800 writing 1385 detections /home/ionouser/ionozond_data2//2026-08-13/cdetections-DOB-1786636800.h5
reading /home/ionouser/chirpsounder2/my_station.ini
/dev/shm/hf25
found  1500  files
block 1786636800 writing 1496 detections /home/ionouser/ionozond_data2//2026-08-13/cdetections-DOB-1786636800.h5
reading /home/ionouser/chirpsounder2/my_station.ini
/dev/shm/hf25
found  1635  files
block 1786636800 writing 1631 detections /home/ionouser/ionozond_data2//2026-08-13/cdetections-DOB-1786636800.h5
reading /home/ionouser/chirpsounder2/my_station.ini
/dev/shm/hf25
found  1692  files
block 1786636800 writing 1688 detections /home/ionouser/ionozond_data2//2026-08-13/cdetections-DOB-1786636800.h5
reading /home/ionouser/chirpsounder2/my_station.ini
/dev/shm/hf25
found  1737  files
block 1786636800 writing 1733 detections /home/ionouser/ionozond_data2//2026-08-13/cdetections-DOB-1786636800.h5
reading /home/ionouser/chirpsounder2/my_station.ini
/dev/shm/hf25
found  1811  files
block 1786636800 writing 1807 detections /home/ionouser/ionozond_data2//2026-08-13/cdetections-DOB-1786636800.h5
reading /home/ionouser/chirpsounder2/my_station.ini
/dev/shm/hf25
found  1939  files
block 1786636800 writing 1935 detections /home/ionouser/ionozond_data2//2026-08-13/cdetections-DOB-1786636800.h5
reading /home/ionouser/chirpsounder2/my_station.ini
/dev/shm/hf25
found  2053  files
block 1786636800 writing 2049 detections /home/ionouser/ionozond_data2//2026-08-13/cdetections-DOB-1786636800.h5
reading /home/ionouser/chirpsounder2/my_station.ini
/dev/shm/hf25
found  2091  files
block 1786636800 writing 2087 detections /home/ionouser/ionozond_data2//2026-08-13/cdetections-DOB-1786636800.h5
reading /home/ionouser/chirpsounder2/my_station.ini
/dev/shm/hf25
found  2137  files
block 1786635900 writing 1034 detections /home/ionouser/ionozond_data2//2026-08-13/cdetections-DOB-1786635900.h5
deleting files 1034 from previous block, which is now finished
block 1786637700 writing 1099 detections /home/ionouser/ionozond_data2//2026-08-13/cdetections-DOB-1786637700.h5
reading /home/ionouser/chirpsounder2/my_station.ini
/dev/shm/hf25
found  1261  files
block 1786637700 writing 1257 detections /home/ionouser/ionozond_data2//2026-08-13/cdetections-DOB-1786637700.h5
reading /home/ionouser/chirpsounder2/my_station.ini
/dev/shm/hf25
found  1378  files
block 1786637700 writing 1374 detections /home/ionouser/ionozond_data2//2026-08-13/cdetections-DOB-1786637700.h5
reading /home/ionouser/chirpsounder2/my_station.ini
/dev/shm/hf25
found  1423  files
block 1786637700 writing 1419 detections /home/ionouser/ionozond_data2//2026-08-13/cdetections-DOB-1786637700.h5
reading /home/ionouser/chirpsounder2/my_station.ini
/dev/shm/hf25
found  1468  files
block 1786637700 writing 1464 detections /home/ionouser/ionozond_data2//2026-08-13/cdetections-DOB-1786637700.h5
reading /home/ionouser/chirpsounder2/my_station.ini
/dev/shm/hf25
found  1555  files
block 1786637700 writing 1551 detections /home/ionouser/ionozond_data2//2026-08-13/cdetections-DOB-1786637700.h5
reading /home/ionouser/chirpsounder2/my_station.ini
/dev/shm/hf25
found  1692  files
block 1786637700 writing 1688 detections /home/ionouser/ionozond_data2//2026-08-13/cdetections-DOB-1786637700.h5
reading /home/ionouser/chirpsounder2/my_station.ini
/dev/shm/hf25
found  1790  files
block 1786637700 writing 1786 detections /home/ionouser/ionozond_data2//2026-08-13/cdetections-DOB-1786637700.h5
reading /home/ionouser/chirpsounder2/my_station.ini
/dev/shm/hf25
found  1833  files
block 1786637700 writing 1829 detections /home/ionouser/ionozond_data2//2026-08-13/cdetections-DOB-1786637700.h5
reading /home/ionouser/chirpsounder2/my_station.ini
/dev/shm/hf25
found  1890  files
block 1786637700 writing 1886 detections /home/ionouser/ionozond_data2//2026-08-13/cdetections-DOB-1786637700.h5
reading /home/ionouser/chirpsounder2/my_station.ini
/dev/shm/hf25
found  2000  files
block 1786637700 writing 1996 detections /home/ionouser/ionozond_data2//2026-08-13/cdetections-DOB-1786637700.h5
reading /home/ionouser/chirpsounder2/my_station.ini
/dev/shm/hf25
found  2129  files
block 1786637700 writing 2125 detections /home/ionouser/ionozond_data2//2026-08-13/cdetections-DOB-1786637700.h5
reading /home/ionouser/chirpsounder2/my_station.ini
/dev/shm/hf25
found  2192  files
block 1786637700 writing 2188 detections /home/ionouser/ionozond_data2//2026-08-13/cdetections-DOB-1786637700.h5
reading /home/ionouser/chirpsounder2/my_station.ini
/dev/shm/hf25
found  2238  files
block 1786636800 writing 1087 detections /home/ionouser/ionozond_data2//2026-08-13/cdetections-DOB-1786636800.h5
deleting files 1087 from previous block, which is now finished
block 1786637700 writing 1147 detections /home/ionouser/ionozond_data2//2026-08-13/cdetections-DOB-1786637700.h5
reading /home/ionouser/chirpsounder2/my_station.ini
/dev/shm/hf25
found  1291  files
block 1786638600 writing 1287 detections /home/ionouser/ionozond_data2//2026-08-13/cdetections-DOB-1786638600.h5
reading /home/ionouser/chirpsounder2/my_station.ini
/dev/shm/hf25
found  1425  files
block 1786638600 writing 1421 detections /home/ionouser/ionozond_data2//2026-08-13/cdetections-DOB-1786638600.h5
reading /home/ionouser/chirpsounder2/my_station.ini
/dev/shm/hf25
found  1494  files
block 1786638600 writing 1490 detections /home/ionouser/ionozond_data2//2026-08-13/cdetections-DOB-1786638600.h5
reading /home/ionouser/chirpsounder2/my_station.ini
/dev/shm/hf25
found  1534  files
block 1786638600 writing 1530 detections /home/ionouser/ionozond_data2//2026-08-13/cdetections-DOB-1786638600.h5
reading /home/ionouser/chirpsounder2/my_station.ini
/dev/shm/hf25
found  1601  files
block 1786638600 writing 1597 detections /home/ionouser/ionozond_data2//2026-08-13/cdetections-DOB-1786638600.h5
reading /home/ionouser/chirpsounder2/my_station.ini
/dev/shm/hf25
found  1728  files
block 1786638600 writing 1724 detections /home/ionouser/ionozond_data2//2026-08-13/cdetections-DOB-1786638600.h5
reading /home/ionouser/chirpsounder2/my_station.ini
/dev/shm/hf25
found  1866  files
block 1786638600 writing 1862 detections /home/ionouser/ionozond_data2//2026-08-13/cdetections-DOB-1786638600.h5
reading /home/ionouser/chirpsounder2/my_station.ini
/dev/shm/hf25
found  1962  files
block 1786638600 writing 1958 detections /home/ionouser/ionozond_data2//2026-08-13/cdetections-DOB-1786638600.h5
reading /home/ionouser/chirpsounder2/my_station.ini
/dev/shm/hf25
found  2037  files
block 1786638600 writing 2033 detections /home/ionouser/ionozond_data2//2026-08-13/cdetections-DOB-1786638600.h5
reading /home/ionouser/chirpsounder2/my_station.ini
/dev/shm/hf25
found  2159  files
block 1786638600 writing 2155 detections /home/ionouser/ionozond_data2//2026-08-13/cdetections-DOB-1786638600.h5
reading /home/ionouser/chirpsounder2/my_station.ini
/dev/shm/hf25
found  2299  files
block 1786638600 writing 2295 detections /home/ionouser/ionozond_data2//2026-08-13/cdetections-DOB-1786638600.h5
reading /home/ionouser/chirpsounder2/my_station.ini
/dev/shm/hf25
found  2410  files
block 1786638600 writing 2406 detections /home/ionouser/ionozond_data2//2026-08-13/cdetections-DOB-1786638600.h5
reading /home/ionouser/chirpsounder2/my_station.ini
/dev/shm/hf25
found  2487  files
block 1786638600 writing 2483 detections /home/ionouser/ionozond_data2//2026-08-13/cdetections-DOB-1786638600.h5
reading /home/ionouser/chirpsounder2/my_station.ini
/dev/shm/hf25
found  2582  files
block 1786637700 writing 1151 detections /home/ionouser/ionozond_data2//2026-08-13/cdetections-DOB-1786637700.h5
deleting files 1151 from previous block, which is now finished
block 1786639500 writing 1427 detections /home/ionouser/ionozond_data2//2026-08-13/cdetections-DOB-1786639500.h5
reading /home/ionouser/chirpsounder2/my_station.ini
/dev/shm/hf25
found  1615  files
block 1786639500 writing 1611 detections /home/ionouser/ionozond_data2//2026-08-13/cdetections-DOB-1786639500.h5
reading /home/ionouser/chirpsounder2/my_station.ini
/dev/shm/hf25
found  1718  files
block 1786639500 writing 1714 detections /home/ionouser/ionozond_data2//2026-08-13/cdetections-DOB-1786639500.h5
reading /home/ionouser/chirpsounder2/my_station.ini
/dev/shm/hf25
found  1785  files
block 1786639500 writing 1781 detections /home/ionouser/ionozond_data2//2026-08-13/cdetections-DOB-1786639500.h5
reading /home/ionouser/chirpsounder2/my_station.ini
/dev/shm/hf25
found  1873  files
block 1786639500 writing 1869 detections /home/ionouser/ionozond_data2//2026-08-13/cdetections-DOB-1786639500.h5
reading /home/ionouser/chirpsounder2/my_station.ini
/dev/shm/hf25
found  2002  files
block 1786639500 writing 1998 detections /home/ionouser/ionozond_data2//2026-08-13/cdetections-DOB-1786639500.h5
reading /home/ionouser/chirpsounder2/my_station.ini
/dev/shm/hf25
found  2132  files
block 1786639500 writing 2128 detections /home/ionouser/ionozond_data2//2026-08-13/cdetections-DOB-1786639500.h5
reading /home/ionouser/chirpsounder2/my_station.ini
/dev/shm/hf25
found  2223  files
block 1786639500 writing 2219 detections /home/ionouser/ionozond_data2//2026-08-13/cdetections-DOB-1786639500.h5
reading /home/ionouser/chirpsounder2/my_station.ini
/dev/shm/hf25
found  2295  files
block 1786639500 writing 2291 detections /home/ionouser/ionozond_data2//2026-08-13/cdetections-DOB-1786639500.h5
reading /home/ionouser/chirpsounder2/my_station.ini
/dev/shm/hf25
found  2407  files
block 1786639500 writing 2403 detections /home/ionouser/ionozond_data2//2026-08-13/cdetections-DOB-1786639500.h5
reading /home/ionouser/chirpsounder2/my_station.ini
/dev/shm/hf25
found  2540  files
block 1786639500 writing 2536 detections /home/ionouser/ionozond_data2//2026-08-13/cdetections-DOB-1786639500.h5
reading /home/ionouser/chirpsounder2/my_station.ini
/dev/shm/hf25
found  2662  files
block 1786639500 writing 2658 detections /home/ionouser/ionozond_data2//2026-08-13/cdetections-DOB-1786639500.h5
reading /home/ionouser/chirpsounder2/my_station.ini
/dev/shm/hf25
found  2727  files
block 1786639500 writing 2723 detections /home/ionouser/ionozond_data2//2026-08-13/cdetections-DOB-1786639500.h5
reading /home/ionouser/chirpsounder2/my_station.ini
/dev/shm/hf25
found  2825  files
block 1786638600 writing 1360 detections /home/ionouser/ionozond_data2//2026-08-13/cdetections-DOB-1786638600.h5
deleting files 1360 from previous block, which is now finished
block 1786640400 writing 1461 detections /home/ionouser/ionozond_data2//2026-08-13/cdetections-DOB-1786640400.h5
reading /home/ionouser/chirpsounder2/my_station.ini
/dev/shm/hf25
found  1643  files
block 1786640400 writing 1639 detections /home/ionouser/ionozond_data2//2026-08-13/cdetections-DOB-1786640400.h5
reading /home/ionouser/chirpsounder2/my_station.ini
/dev/shm/hf25
found  1762  files
block 1786640400 writing 1758 detections /home/ionouser/ionozond_data2//2026-08-13/cdetections-DOB-1786640400.h5
reading /home/ionouser/chirpsounder2/my_station.ini
/dev/shm/hf25
found  1820  files
block 1786640400 writing 1816 detections /home/ionouser/ionozond_data2//2026-08-13/cdetections-DOB-1786640400.h5
reading /home/ionouser/chirpsounder2/my_station.ini
/dev/shm/hf25
found  1892  files
block 1786640400 writing 1888 detections /home/ionouser/ionozond_data2//2026-08-13/cdetections-DOB-1786640400.h5
reading /home/ionouser/chirpsounder2/my_station.ini
/dev/shm/hf25
found  2016  files
block 1786640400 writing 2012 detections /home/ionouser/ionozond_data2//2026-08-13/cdetections-DOB-1786640400.h5
reading /home/ionouser/chirpsounder2/my_station.ini
/dev/shm/hf25
found  2155  files
block 1786640400 writing 2151 detections /home/ionouser/ionozond_data2//2026-08-13/cdetections-DOB-1786640400.h5
reading /home/ionouser/chirpsounder2/my_station.ini
/dev/shm/hf25
found  2250  files
block 1786640400 writing 2246 detections /home/ionouser/ionozond_data2//2026-08-13/cdetections-DOB-1786640400.h5
reading /home/ionouser/chirpsounder2/my_station.ini
/dev/shm/hf25
found  2326  files
block 1786640400 writing 2322 detections /home/ionouser/ionozond_data2//2026-08-13/cdetections-DOB-1786640400.h5
reading /home/ionouser/chirpsounder2/my_station.ini
/dev/shm/hf25
found  2444  files
block 1786640400 writing 2440 detections /home/ionouser/ionozond_data2//2026-08-13/cdetections-DOB-1786640400.h5
reading /home/ionouser/chirpsounder2/my_station.ini
/dev/shm/hf25
found  2582  files
block 1786640400 writing 2578 detections /home/ionouser/ionozond_data2//2026-08-13/cdetections-DOB-1786640400.h5
reading /home/ionouser/chirpsounder2/my_station.ini
/dev/shm/hf25
found  2693  files
block 1786640400 writing 2689 detections /home/ionouser/ionozond_data2//2026-08-13/cdetections-DOB-1786640400.h5
reading /home/ionouser/chirpsounder2/my_station.ini
/dev/shm/hf25
found  2758  files
block 1786640400 writing 2754 detections /home/ionouser/ionozond_data2//2026-08-13/cdetections-DOB-1786640400.h5
reading /home/ionouser/chirpsounder2/my_station.ini
/dev/shm/hf25
found  2864  files
block 1786639500 writing 1393 detections /home/ionouser/ionozond_data2//2026-08-13/cdetections-DOB-1786639500.h5
deleting files 1393 from previous block, which is now finished
block 1786641300 writing 1467 detections /home/ionouser/ionozond_data2//2026-08-13/cdetections-DOB-1786641300.h5
reading /home/ionouser/chirpsounder2/my_station.ini
/dev/shm/hf25
found  1674  files
block 1786641300 writing 1670 detections /home/ionouser/ionozond_data2//2026-08-13/cdetections-DOB-1786641300.h5
reading /home/ionouser/chirpsounder2/my_station.ini
/dev/shm/hf25
found  1784  files
block 1786641300 writing 1780 detections /home/ionouser/ionozond_data2//2026-08-13/cdetections-DOB-1786641300.h5
reading /home/ionouser/chirpsounder2/my_station.ini
/dev/shm/hf25
found  1856  files
block 1786641300 writing 1852 detections /home/ionouser/ionozond_data2//2026-08-13/cdetections-DOB-1786641300.h5
reading /home/ionouser/chirpsounder2/my_station.ini
/dev/shm/hf25
found  1941  files
block 1786641300 writing 1937 detections /home/ionouser/ionozond_data2//2026-08-13/cdetections-DOB-1786641300.h5
reading /home/ionouser/chirpsounder2/my_station.ini
/dev/shm/hf25
found  2082  files
block 1786641300 writing 2078 detections /home/ionouser/ionozond_data2//2026-08-13/cdetections-DOB-1786641300.h5
reading /home/ionouser/chirpsounder2/my_station.ini
/dev/shm/hf25
found  2208  files
block 1786641300 writing 2204 detections /home/ionouser/ionozond_data2//2026-08-13/cdetections-DOB-1786641300.h5
reading /home/ionouser/chirpsounder2/my_station.ini
/dev/shm/hf25
found  2290  files
block 1786641300 writing 2286 detections /home/ionouser/ionozond_data2//2026-08-13/cdetections-DOB-1786641300.h5
reading /home/ionouser/chirpsounder2/my_station.ini
/dev/shm/hf25
found  2363  files
block 1786641300 writing 2359 detections /home/ionouser/ionozond_data2//2026-08-13/cdetections-DOB-1786641300.h5
reading /home/ionouser/chirpsounder2/my_station.ini
/dev/shm/hf25
found  2496  files
block 1786641300 writing 2492 detections /home/ionouser/ionozond_data2//2026-08-13/cdetections-DOB-1786641300.h5
reading /home/ionouser/chirpsounder2/my_station.ini
/dev/shm/hf25
found  2642  files
block 1786641300 writing 2638 detections /home/ionouser/ionozond_data2//2026-08-13/cdetections-DOB-1786641300.h5
reading /home/ionouser/chirpsounder2/my_station.ini
/dev/shm/hf25
found  2740  files
block 1786641300 writing 2736 detections /home/ionouser/ionozond_data2//2026-08-13/cdetections-DOB-1786641300.h5
reading /home/ionouser/chirpsounder2/my_station.ini
/dev/shm/hf25
found  2821  files
block 1786641300 writing 2817 detections /home/ionouser/ionozond_data2//2026-08-13/cdetections-DOB-1786641300.h5
reading /home/ionouser/chirpsounder2/my_station.ini
/dev/shm/hf25
found  2929  files
block 1786640400 writing 1396 detections /home/ionouser/ionozond_data2//2026-08-13/cdetections-DOB-1786640400.h5
deleting files 1396 from previous block, which is now finished
block 1786642200 writing 1529 detections /home/ionouser/ionozond_data2//2026-08-13/cdetections-DOB-1786642200.h5
reading /home/ionouser/chirpsounder2/my_station.ini
/dev/shm/hf25
found  1723  files
block 1786642200 writing 1719 detections /home/ionouser/ionozond_data2//2026-08-13/cdetections-DOB-1786642200.h5
reading /home/ionouser/chirpsounder2/my_station.ini
/dev/shm/hf25
found  1842  files
block 1786642200 writing 1838 detections /home/ionouser/ionozond_data2//2026-08-13/cdetections-DOB-1786642200.h5
reading /home/ionouser/chirpsounder2/my_station.ini
/dev/shm/hf25
found  1893  files
block 1786642200 writing 1889 detections /home/ionouser/ionozond_data2//2026-08-13/cdetections-DOB-1786642200.h5
reading /home/ionouser/chirpsounder2/my_station.ini
/dev/shm/hf25
found  1955  files
block 1786642200 writing 1951 detections /home/ionouser/ionozond_data2//2026-08-13/cdetections-DOB-1786642200.h5
reading /home/ionouser/chirpsounder2/my_station.ini
/dev/shm/hf25
found  2088  files
block 1786642200 writing 2084 detections /home/ionouser/ionozond_data2//2026-08-13/cdetections-DOB-1786642200.h5
reading /home/ionouser/chirpsounder2/my_station.ini
/dev/shm/hf25
found  2197  files
block 1786642200 writing 2193 detections /home/ionouser/ionozond_data2//2026-08-13/cdetections-DOB-1786642200.h5
reading /home/ionouser/chirpsounder2/my_station.ini
/dev/shm/hf25
found  2256  files
block 1786642200 writing 2252 detections /home/ionouser/ionozond_data2//2026-08-13/cdetections-DOB-1786642200.h5
reading /home/ionouser/chirpsounder2/my_station.ini
/dev/shm/hf25
found  2312  files
block 1786642200 writing 2308 detections /home/ionouser/ionozond_data2//2026-08-13/cdetections-DOB-1786642200.h5
reading /home/ionouser/chirpsounder2/my_station.ini
/dev/shm/hf25
found  2443  files
block 1786642200 writing 2439 detections /home/ionouser/ionozond_data2//2026-08-13/cdetections-DOB-1786642200.h5
reading /home/ionouser/chirpsounder2/my_station.ini
/dev/shm/hf25
found  2581  files
block 1786642200 writing 2577 detections /home/ionouser/ionozond_data2//2026-08-13/cdetections-DOB-1786642200.h5
reading /home/ionouser/chirpsounder2/my_station.ini
/dev/shm/hf25
found  2649  files
block 1786642200 writing 2645 detections /home/ionouser/ionozond_data2//2026-08-13/cdetections-DOB-1786642200.h5
reading /home/ionouser/chirpsounder2/my_station.ini
/dev/shm/hf25
found  2706  files
block 1786641300 writing 1433 detections /home/ionouser/ionozond_data2//2026-08-13/cdetections-DOB-1786641300.h5
deleting files 1433 from previous block, which is now finished
block 1786642200 writing 1269 detections /home/ionouser/ionozond_data2//2026-08-13/cdetections-DOB-1786642200.h5
reading /home/ionouser/chirpsounder2/my_station.ini
/dev/shm/hf25
found  1425  files
block 1786643100 writing 1421 detections /home/ionouser/ionozond_data2//2026-08-13/cdetections-DOB-1786643100.h5
reading /home/ionouser/chirpsounder2/my_station.ini
/dev/shm/hf25
found  1545  files
block 1786643100 writing 1541 detections /home/ionouser/ionozond_data2//2026-08-13/cdetections-DOB-1786643100.h5
reading /home/ionouser/chirpsounder2/my_station.ini
/dev/shm/hf25
found  1599  files
block 1786643100 writing 1595 detections /home/ionouser/ionozond_data2//2026-08-13/cdetections-DOB-1786643100.h5
reading /home/ionouser/chirpsounder2/my_station.ini
/dev/shm/hf25
found  1635  files
block 1786643100 writing 1631 detections /home/ionouser/ionozond_data2//2026-08-13/cdetections-DOB-1786643100.h5
reading /home/ionouser/chirpsounder2/my_station.ini
/dev/shm/hf25
found  1710  files
block 1786643100 writing 1706 detections /home/ionouser/ionozond_data2//2026-08-13/cdetections-DOB-1786643100.h5
reading /home/ionouser/chirpsounder2/my_station.ini
/dev/shm/hf25
found  1847  files
block 1786643100 writing 1843 detections /home/ionouser/ionozond_data2//2026-08-13/cdetections-DOB-1786643100.h5
reading /home/ionouser/chirpsounder2/my_station.ini
/dev/shm/hf25
found  1934  files
block 1786643100 writing 1930 detections /home/ionouser/ionozond_data2//2026-08-13/cdetections-DOB-1786643100.h5
reading /home/ionouser/chirpsounder2/my_station.ini
/dev/shm/hf25
found  1975  files
block 1786643100 writing 1971 detections /home/ionouser/ionozond_data2//2026-08-13/cdetections-DOB-1786643100.h5
reading /home/ionouser/chirpsounder2/my_station.ini
/dev/shm/hf25
found  2028  files
block 1786643100 writing 2024 detections /home/ionouser/ionozond_data2//2026-08-13/cdetections-DOB-1786643100.h5
reading /home/ionouser/chirpsounder2/my_station.ini
/dev/shm/hf25
found  2154  files
block 1786643100 writing 2150 detections /home/ionouser/ionozond_data2//2026-08-13/cdetections-DOB-1786643100.h5
reading /home/ionouser/chirpsounder2/my_station.ini
/dev/shm/hf25
found  2278  files
block 1786643100 writing 2274 detections /home/ionouser/ionozond_data2//2026-08-13/cdetections-DOB-1786643100.h5
reading /home/ionouser/chirpsounder2/my_station.ini
/dev/shm/hf25
found  2322  files
block 1786643100 writing 2318 detections /home/ionouser/ionozond_data2//2026-08-13/cdetections-DOB-1786643100.h5
reading /home/ionouser/chirpsounder2/my_station.ini
/dev/shm/hf25
found  2385  files
block 1786642200 writing 1271 detections /home/ionouser/ionozond_data2//2026-08-13/cdetections-DOB-1786642200.h5
deleting files 1271 from previous block, which is now finished
block 1786643100 writing 1110 detections /home/ionouser/ionozond_data2//2026-08-13/cdetections-DOB-1786643100.h5
reading /home/ionouser/chirpsounder2/my_station.ini
/dev/shm/hf25
found  1256  files
block 1786644000 writing 1252 detections /home/ionouser/ionozond_data2//2026-08-13/cdetections-DOB-1786644000.h5
reading /home/ionouser/chirpsounder2/my_station.ini
/dev/shm/hf25
found  1376  files
block 1786644000 writing 1372 detections /home/ionouser/ionozond_data2//2026-08-13/cdetections-DOB-1786644000.h5
reading /home/ionouser/chirpsounder2/my_station.ini
/dev/shm/hf25
found  1423  files
block 1786644000 writing 1419 detections /home/ionouser/ionozond_data2//2026-08-13/cdetections-DOB-1786644000.h5
reading /home/ionouser/chirpsounder2/my_station.ini
/dev/shm/hf25
found  1456  files
block 1786644000 writing 1452 detections /home/ionouser/ionozond_data2//2026-08-13/cdetections-DOB-1786644000.h5
reading /home/ionouser/chirpsounder2/my_station.ini
/dev/shm/hf25
found  1510  files
block 1786644000 writing 1506 detections /home/ionouser/ionozond_data2//2026-08-13/cdetections-DOB-1786644000.h5
reading /home/ionouser/chirpsounder2/my_station.ini
/dev/shm/hf25
found  1631  files
block 1786644000 writing 1627 detections /home/ionouser/ionozond_data2//2026-08-13/cdetections-DOB-1786644000.h5
reading /home/ionouser/chirpsounder2/my_station.ini
/dev/shm/hf25
found  1741  files
block 1786644000 writing 1737 detections /home/ionouser/ionozond_data2//2026-08-13/cdetections-DOB-1786644000.h5
reading /home/ionouser/chirpsounder2/my_station.ini
/dev/shm/hf25
found  1781  files
block 1786644000 writing 1777 detections /home/ionouser/ionozond_data2//2026-08-13/cdetections-DOB-1786644000.h5
reading /home/ionouser/chirpsounder2/my_station.ini
/dev/shm/hf25
found  1818  files
block 1786644000 writing 1814 detections /home/ionouser/ionozond_data2//2026-08-13/cdetections-DOB-1786644000.h5
reading /home/ionouser/chirpsounder2/my_station.ini
/dev/shm/hf25
found  1926  files
block 1786644000 writing 1922 detections /home/ionouser/ionozond_data2//2026-08-13/cdetections-DOB-1786644000.h5
reading /home/ionouser/chirpsounder2/my_station.ini
/dev/shm/hf25
found  2056  files
block 1786644000 writing 2052 detections /home/ionouser/ionozond_data2//2026-08-13/cdetections-DOB-1786644000.h5
reading /home/ionouser/chirpsounder2/my_station.ini
/dev/shm/hf25
found  2112  files
block 1786644000 writing 2108 detections /home/ionouser/ionozond_data2//2026-08-13/cdetections-DOB-1786644000.h5
reading /home/ionouser/chirpsounder2/my_station.ini
/dev/shm/hf25
found  2166  files
block 1786644000 writing 2162 detections /home/ionouser/ionozond_data2//2026-08-13/cdetections-DOB-1786644000.h5
reading /home/ionouser/chirpsounder2/my_station.ini
/dev/shm/hf25
found  2232  files
block 1786643100 writing 1114 detections /home/ionouser/ionozond_data2//2026-08-13/cdetections-DOB-1786643100.h5
deleting files 1114 from previous block, which is now finished
block 1786644900 writing 1114 detections /home/ionouser/ionozond_data2//2026-08-13/cdetections-DOB-1786644900.h5
reading /home/ionouser/chirpsounder2/my_station.ini
/dev/shm/hf25
found  1291  files
block 1786644900 writing 1287 detections /home/ionouser/ionozond_data2//2026-08-13/cdetections-DOB-1786644900.h5
reading /home/ionouser/chirpsounder2/my_station.ini
/dev/shm/hf25
found  1366  files
block 1786644900 writing 1362 detections /home/ionouser/ionozond_data2//2026-08-13/cdetections-DOB-1786644900.h5
reading /home/ionouser/chirpsounder2/my_station.ini
/dev/shm/hf25
found  1408  files
block 1786644900 writing 1404 detections /home/ionouser/ionozond_data2//2026-08-13/cdetections-DOB-1786644900.h5
reading /home/ionouser/chirpsounder2/my_station.ini
/dev/shm/hf25
found  1450  files
block 1786644900 writing 1446 detections /home/ionouser/ionozond_data2//2026-08-13/cdetections-DOB-1786644900.h5
reading /home/ionouser/chirpsounder2/my_station.ini
/dev/shm/hf25
found  1569  files
block 1786644900 writing 1565 detections /home/ionouser/ionozond_data2//2026-08-13/cdetections-DOB-1786644900.h5
reading /home/ionouser/chirpsounder2/my_station.ini
/dev/shm/hf25
found  1689  files
block 1786644900 writing 1685 detections /home/ionouser/ionozond_data2//2026-08-13/cdetections-DOB-1786644900.h5
reading /home/ionouser/chirpsounder2/my_station.ini
/dev/shm/hf25
found  1746  files
block 1786644900 writing 1742 detections /home/ionouser/ionozond_data2//2026-08-13/cdetections-DOB-1786644900.h5
reading /home/ionouser/chirpsounder2/my_station.ini
/dev/shm/hf25
found  1782  files
block 1786644900 writing 1778 detections /home/ionouser/ionozond_data2//2026-08-13/cdetections-DOB-1786644900.h5
reading /home/ionouser/chirpsounder2/my_station.ini
/dev/shm/hf25
found  1854  files
block 1786644900 writing 1850 detections /home/ionouser/ionozond_data2//2026-08-13/cdetections-DOB-1786644900.h5
reading /home/ionouser/chirpsounder2/my_station.ini
/dev/shm/hf25
found  1984  files
block 1786644900 writing 1980 detections /home/ionouser/ionozond_data2//2026-08-13/cdetections-DOB-1786644900.h5
reading /home/ionouser/chirpsounder2/my_station.ini
/dev/shm/hf25
found  2075  files
block 1786644900 writing 2071 detections /home/ionouser/ionozond_data2//2026-08-13/cdetections-DOB-1786644900.h5
reading /home/ionouser/chirpsounder2/my_station.ini
/dev/shm/hf25
found  2121  files
block 1786644900 writing 2117 detections /home/ionouser/ionozond_data2//2026-08-13/cdetections-DOB-1786644900.h5
reading /home/ionouser/chirpsounder2/my_station.ini
/dev/shm/hf25
found  2177  files
block 1786644000 writing 1069 detections /home/ionouser/ionozond_data2//2026-08-13/cdetections-DOB-1786644000.h5
deleting files 1069 from previous block, which is now finished
block 1786645800 writing 1104 detections /home/ionouser/ionozond_data2//2026-08-13/cdetections-DOB-1786645800.h5
reading /home/ionouser/chirpsounder2/my_station.ini
/dev/shm/hf25
found  1247  files
block 1786645800 writing 1243 detections /home/ionouser/ionozond_data2//2026-08-13/cdetections-DOB-1786645800.h5
reading /home/ionouser/chirpsounder2/my_station.ini
/dev/shm/hf25
found  1356  files
block 1786645800 writing 1352 detections /home/ionouser/ionozond_data2//2026-08-13/cdetections-DOB-1786645800.h5
reading /home/ionouser/chirpsounder2/my_station.ini
/dev/shm/hf25
found  1400  files
block 1786645800 writing 1396 detections /home/ionouser/ionozond_data2//2026-08-13/cdetections-DOB-1786645800.h5
reading /home/ionouser/chirpsounder2/my_station.ini
/dev/shm/hf25
found  1435  files
block 1786645800 writing 1431 detections /home/ionouser/ionozond_data2//2026-08-13/cdetections-DOB-1786645800.h5
reading /home/ionouser/chirpsounder2/my_station.ini
/dev/shm/hf25
found  1519  files
block 1786645800 writing 1515 detections /home/ionouser/ionozond_data2//2026-08-13/cdetections-DOB-1786645800.h5
reading /home/ionouser/chirpsounder2/my_station.ini
/dev/shm/hf25
found  1649  files
block 1786645800 writing 1645 detections /home/ionouser/ionozond_data2//2026-08-13/cdetections-DOB-1786645800.h5
reading /home/ionouser/chirpsounder2/my_station.ini
/dev/shm/hf25
found  1714  files
block 1786645800 writing 1710 detections /home/ionouser/ionozond_data2//2026-08-13/cdetections-DOB-1786645800.h5
reading /home/ionouser/chirpsounder2/my_station.ini
/dev/shm/hf25
found  1748  files
block 1786645800 writing 1744 detections /home/ionouser/ionozond_data2//2026-08-13/cdetections-DOB-1786645800.h5
reading /home/ionouser/chirpsounder2/my_station.ini
/dev/shm/hf25
found  1809  files
block 1786645800 writing 1805 detections /home/ionouser/ionozond_data2//2026-08-13/cdetections-DOB-1786645800.h5
reading /home/ionouser/chirpsounder2/my_station.ini
/dev/shm/hf25
found  1926  files
block 1786645800 writing 1922 detections /home/ionouser/ionozond_data2//2026-08-13/cdetections-DOB-1786645800.h5
reading /home/ionouser/chirpsounder2/my_station.ini
/dev/shm/hf25
found  2040  files
block 1786645800 writing 2036 detections /home/ionouser/ionozond_data2//2026-08-13/cdetections-DOB-1786645800.h5
reading /home/ionouser/chirpsounder2/my_station.ini
/dev/shm/hf25
found  2078  files
block 1786645800 writing 2074 detections /home/ionouser/ionozond_data2//2026-08-13/cdetections-DOB-1786645800.h5
reading /home/ionouser/chirpsounder2/my_station.ini
/dev/shm/hf25
found  2126  files
block 1786644900 writing 1086 detections /home/ionouser/ionozond_data2//2026-08-13/cdetections-DOB-1786644900.h5
deleting files 1086 from previous block, which is now finished
block 1786645800 writing 1036 detections /home/ionouser/ionozond_data2//2026-08-13/cdetections-DOB-1786645800.h5
reading /home/ionouser/chirpsounder2/my_station.ini
/dev/shm/hf25
found  1174  files
block 1786646700 writing 1170 detections /home/ionouser/ionozond_data2//2026-08-13/cdetections-DOB-1786646700.h5
reading /home/ionouser/chirpsounder2/my_station.ini
/dev/shm/hf25
found  1298  files
block 1786646700 writing 1294 detections /home/ionouser/ionozond_data2//2026-08-13/cdetections-DOB-1786646700.h5
reading /home/ionouser/chirpsounder2/my_station.ini
/dev/shm/hf25
found  1359  files
block 1786646700 writing 1355 detections /home/ionouser/ionozond_data2//2026-08-13/cdetections-DOB-1786646700.h5
reading /home/ionouser/chirpsounder2/my_station.ini
/dev/shm/hf25
found  1402  files
block 1786646700 writing 1398 detections /home/ionouser/ionozond_data2//2026-08-13/cdetections-DOB-1786646700.h5
reading /home/ionouser/chirpsounder2/my_station.ini
/dev/shm/hf25
found  1457  files
block 1786646700 writing 1453 detections /home/ionouser/ionozond_data2//2026-08-13/cdetections-DOB-1786646700.h5
reading /home/ionouser/chirpsounder2/my_station.ini
/dev/shm/hf25
found  1584  files
block 1786646700 writing 1580 detections /home/ionouser/ionozond_data2//2026-08-13/cdetections-DOB-1786646700.h5
reading /home/ionouser/chirpsounder2/my_station.ini
/dev/shm/hf25
found  1676  files
block 1786646700 writing 1672 detections /home/ionouser/ionozond_data2//2026-08-13/cdetections-DOB-1786646700.h5
reading /home/ionouser/chirpsounder2/my_station.ini
/dev/shm/hf25
found  1714  files
block 1786646700 writing 1710 detections /home/ionouser/ionozond_data2//2026-08-13/cdetections-DOB-1786646700.h5
reading /home/ionouser/chirpsounder2/my_station.ini
/dev/shm/hf25
found  1762  files
block 1786646700 writing 1758 detections /home/ionouser/ionozond_data2//2026-08-13/cdetections-DOB-1786646700.h5
reading /home/ionouser/chirpsounder2/my_station.ini
/dev/shm/hf25
found  1854  files
block 1786646700 writing 1850 detections /home/ionouser/ionozond_data2//2026-08-13/cdetections-DOB-1786646700.h5
reading /home/ionouser/chirpsounder2/my_station.ini
/dev/shm/hf25
found  1983  files
block 1786646700 writing 1979 detections /home/ionouser/ionozond_data2//2026-08-13/cdetections-DOB-1786646700.h5
reading /home/ionouser/chirpsounder2/my_station.ini
/dev/shm/hf25
found  2030  files
block 1786646700 writing 2026 detections /home/ionouser/ionozond_data2//2026-08-13/cdetections-DOB-1786646700.h5
reading /home/ionouser/chirpsounder2/my_station.ini
/dev/shm/hf25
found  2076  files
block 1786646700 writing 2072 detections /home/ionouser/ionozond_data2//2026-08-13/cdetections-DOB-1786646700.h5
reading /home/ionouser/chirpsounder2/my_station.ini
/dev/shm/hf25
found  2149  files
block 1786645800 writing 1038 detections /home/ionouser/ionozond_data2//2026-08-13/cdetections-DOB-1786645800.h5
deleting files 1038 from previous block, which is now finished
block 1786647600 writing 1107 detections /home/ionouser/ionozond_data2//2026-08-13/cdetections-DOB-1786647600.h5
reading /home/ionouser/chirpsounder2/my_station.ini
/dev/shm/hf25
found  1278  files
block 1786647600 writing 1274 detections /home/ionouser/ionozond_data2//2026-08-13/cdetections-DOB-1786647600.h5
reading /home/ionouser/chirpsounder2/my_station.ini
/dev/shm/hf25
found  1350  files
block 1786647600 writing 1346 detections /home/ionouser/ionozond_data2//2026-08-13/cdetections-DOB-1786647600.h5
reading /home/ionouser/chirpsounder2/my_station.ini
/dev/shm/hf25
found  1386  files
block 1786647600 writing 1382 detections /home/ionouser/ionozond_data2//2026-08-13/cdetections-DOB-1786647600.h5
reading /home/ionouser/chirpsounder2/my_station.ini
/dev/shm/hf25
found  1429  files
block 1786647600 writing 1425 detections /home/ionouser/ionozond_data2//2026-08-13/cdetections-DOB-1786647600.h5
reading /home/ionouser/chirpsounder2/my_station.ini
/dev/shm/hf25
found  1537  files
block 1786647600 writing 1533 detections /home/ionouser/ionozond_data2//2026-08-13/cdetections-DOB-1786647600.h5
reading /home/ionouser/chirpsounder2/my_station.ini
/dev/shm/hf25
found  1660  files
block 1786647600 writing 1656 detections /home/ionouser/ionozond_data2//2026-08-13/cdetections-DOB-1786647600.h5
reading /home/ionouser/chirpsounder2/my_station.ini
/dev/shm/hf25
found  1696  files
block 1786647600 writing 1692 detections /home/ionouser/ionozond_data2//2026-08-13/cdetections-DOB-1786647600.h5
reading /home/ionouser/chirpsounder2/my_station.ini
/dev/shm/hf25
found  1739  files
block 1786647600 writing 1735 detections /home/ionouser/ionozond_data2//2026-08-13/cdetections-DOB-1786647600.h5
reading /home/ionouser/chirpsounder2/my_station.ini
/dev/shm/hf25
found  1821  files
block 1786647600 writing 1817 detections /home/ionouser/ionozond_data2//2026-08-13/cdetections-DOB-1786647600.h5
reading /home/ionouser/chirpsounder2/my_station.ini
/dev/shm/hf25
found  1950  files
block 1786647600 writing 1946 detections /home/ionouser/ionozond_data2//2026-08-13/cdetections-DOB-1786647600.h5
reading /home/ionouser/chirpsounder2/my_station.ini
/dev/shm/hf25
found  2033  files
block 1786647600 writing 2029 detections /home/ionouser/ionozond_data2//2026-08-13/cdetections-DOB-1786647600.h5
reading /home/ionouser/chirpsounder2/my_station.ini
/dev/shm/hf25
found  2065  files
block 1786647600 writing 2061 detections /home/ionouser/ionozond_data2//2026-08-13/cdetections-DOB-1786647600.h5
reading /home/ionouser/chirpsounder2/my_station.ini
/dev/shm/hf25
found  2119  files
block 1786646700 writing 1056 detections /home/ionouser/ionozond_data2//2026-08-13/cdetections-DOB-1786646700.h5
deleting files 1056 from previous block, which is now finished
block 1786648500 writing 1059 detections /home/ionouser/ionozond_data2//2026-08-13/cdetections-DOB-1786648500.h5
reading /home/ionouser/chirpsounder2/my_station.ini
/dev/shm/hf25
found  1219  files
block 1786648500 writing 1215 detections /home/ionouser/ionozond_data2//2026-08-13/cdetections-DOB-1786648500.h5
reading /home/ionouser/chirpsounder2/my_station.ini
/dev/shm/hf25
found  1315  files
block 1786648500 writing 1311 detections /home/ionouser/ionozond_data2//2026-08-13/cdetections-DOB-1786648500.h5
reading /home/ionouser/chirpsounder2/my_station.ini
/dev/shm/hf25
found  1347  files
block 1786648500 writing 1343 detections /home/ionouser/ionozond_data2//2026-08-13/cdetections-DOB-1786648500.h5
reading /home/ionouser/chirpsounder2/my_station.ini
/dev/shm/hf25
found  1380  files
block 1786648500 writing 1376 detections /home/ionouser/ionozond_data2//2026-08-13/cdetections-DOB-1786648500.h5
reading /home/ionouser/chirpsounder2/my_station.ini
/dev/shm/hf25
found  1455  files
block 1786648500 writing 1451 detections /home/ionouser/ionozond_data2//2026-08-13/cdetections-DOB-1786648500.h5
reading /home/ionouser/chirpsounder2/my_station.ini
/dev/shm/hf25
found  1585  files
block 1786648500 writing 1581 detections /home/ionouser/ionozond_data2//2026-08-13/cdetections-DOB-1786648500.h5
reading /home/ionouser/chirpsounder2/my_station.ini
/dev/shm/hf25
found  1653  files
block 1786648500 writing 1649 detections /home/ionouser/ionozond_data2//2026-08-13/cdetections-DOB-1786648500.h5
reading /home/ionouser/chirpsounder2/my_station.ini
/dev/shm/hf25
found  1695  files
block 1786648500 writing 1691 detections /home/ionouser/ionozond_data2//2026-08-13/cdetections-DOB-1786648500.h5
reading /home/ionouser/chirpsounder2/my_station.ini
/dev/shm/hf25
found  1738  files
block 1786648500 writing 1734 detections /home/ionouser/ionozond_data2//2026-08-13/cdetections-DOB-1786648500.h5
reading /home/ionouser/chirpsounder2/my_station.ini
/dev/shm/hf25
found  1845  files
block 1786648500 writing 1841 detections /home/ionouser/ionozond_data2//2026-08-13/cdetections-DOB-1786648500.h5
reading /home/ionouser/chirpsounder2/my_station.ini
/dev/shm/hf25
found  1968  files
block 1786648500 writing 1964 detections /home/ionouser/ionozond_data2//2026-08-13/cdetections-DOB-1786648500.h5
reading /home/ionouser/chirpsounder2/my_station.ini
/dev/shm/hf25
found  2004  files
block 1786648500 writing 2000 detections /home/ionouser/ionozond_data2//2026-08-13/cdetections-DOB-1786648500.h5
reading /home/ionouser/chirpsounder2/my_station.ini
/dev/shm/hf25
found  2054  files
block 1786648500 writing 2050 detections /home/ionouser/ionozond_data2//2026-08-13/cdetections-DOB-1786648500.h5
reading /home/ionouser/chirpsounder2/my_station.ini
/dev/shm/hf25
found  2128  files
block 1786647600 writing 1047 detections /home/ionouser/ionozond_data2//2026-08-13/cdetections-DOB-1786647600.h5
deleting files 1047 from previous block, which is now finished
block 1786649400 writing 1077 detections /home/ionouser/ionozond_data2//2026-08-13/cdetections-DOB-1786649400.h5
reading /home/ionouser/chirpsounder2/my_station.ini
/dev/shm/hf25
found  1244  files
block 1786649400 writing 1240 detections /home/ionouser/ionozond_data2//2026-08-13/cdetections-DOB-1786649400.h5
reading /home/ionouser/chirpsounder2/my_station.ini
/dev/shm/hf25
found  1297  files
block 1786649400 writing 1293 detections /home/ionouser/ionozond_data2//2026-08-13/cdetections-DOB-1786649400.h5
reading /home/ionouser/chirpsounder2/my_station.ini
/dev/shm/hf25
found  1339  files
block 1786649400 writing 1335 detections /home/ionouser/ionozond_data2//2026-08-13/cdetections-DOB-1786649400.h5
reading /home/ionouser/chirpsounder2/my_station.ini
/dev/shm/hf25
found  1385  files
block 1786649400 writing 1381 detections /home/ionouser/ionozond_data2//2026-08-13/cdetections-DOB-1786649400.h5
reading /home/ionouser/chirpsounder2/my_station.ini
/dev/shm/hf25
found  1494  files
block 1786649400 writing 1490 detections /home/ionouser/ionozond_data2//2026-08-13/cdetections-DOB-1786649400.h5
reading /home/ionouser/chirpsounder2/my_station.ini
/dev/shm/hf25
found  1605  files
block 1786649400 writing 1601 detections /home/ionouser/ionozond_data2//2026-08-13/cdetections-DOB-1786649400.h5
reading /home/ionouser/chirpsounder2/my_station.ini
/dev/shm/hf25
found  1643  files
block 1786649400 writing 1639 detections /home/ionouser/ionozond_data2//2026-08-13/cdetections-DOB-1786649400.h5
reading /home/ionouser/chirpsounder2/my_station.ini
/dev/shm/hf25
found  1690  files
block 1786649400 writing 1686 detections /home/ionouser/ionozond_data2//2026-08-13/cdetections-DOB-1786649400.h5
reading /home/ionouser/chirpsounder2/my_station.ini
/dev/shm/hf25
found  1761  files
block 1786649400 writing 1757 detections /home/ionouser/ionozond_data2//2026-08-13/cdetections-DOB-1786649400.h5
reading /home/ionouser/chirpsounder2/my_station.ini
/dev/shm/hf25
found  1891  files
block 1786649400 writing 1887 detections /home/ionouser/ionozond_data2//2026-08-13/cdetections-DOB-1786649400.h5
reading /home/ionouser/chirpsounder2/my_station.ini
/dev/shm/hf25
found  1970  files
block 1786649400 writing 1966 detections /home/ionouser/ionozond_data2//2026-08-13/cdetections-DOB-1786649400.h5
reading /home/ionouser/chirpsounder2/my_station.ini
/dev/shm/hf25
found  2007  files
block 1786649400 writing 2003 detections /home/ionouser/ionozond_data2//2026-08-13/cdetections-DOB-1786649400.h5
reading /home/ionouser/chirpsounder2/my_station.ini
/dev/shm/hf25
found  2050  files
block 1786648500 writing 1015 detections /home/ionouser/ionozond_data2//2026-08-13/cdetections-DOB-1786648500.h5
deleting files 1015 from previous block, which is now finished
block 1786650300 writing 1031 detections /home/ionouser/ionozond_data2//2026-08-13/cdetections-DOB-1786650300.h5
reading /home/ionouser/chirpsounder2/my_station.ini
/dev/shm/hf25
found  1196  files
block 1786650300 writing 1192 detections /home/ionouser/ionozond_data2//2026-08-13/cdetections-DOB-1786650300.h5
reading /home/ionouser/chirpsounder2/my_station.ini
/dev/shm/hf25
found  1293  files
block 1786650300 writing 1289 detections /home/ionouser/ionozond_data2//2026-08-13/cdetections-DOB-1786650300.h5
reading /home/ionouser/chirpsounder2/my_station.ini
/dev/shm/hf25
found  1335  files
block 1786650300 writing 1331 detections /home/ionouser/ionozond_data2//2026-08-13/cdetections-DOB-1786650300.h5
reading /home/ionouser/chirpsounder2/my_station.ini
/dev/shm/hf25
found  1368  files
block 1786650300 writing 1364 detections /home/ionouser/ionozond_data2//2026-08-13/cdetections-DOB-1786650300.h5
reading /home/ionouser/chirpsounder2/my_station.ini
/dev/shm/hf25
found  1450  files
block 1786650300 writing 1446 detections /home/ionouser/ionozond_data2//2026-08-13/cdetections-DOB-1786650300.h5
reading /home/ionouser/chirpsounder2/my_station.ini
/dev/shm/hf25
found  1572  files
block 1786650300 writing 1568 detections /home/ionouser/ionozond_data2//2026-08-13/cdetections-DOB-1786650300.h5
reading /home/ionouser/chirpsounder2/my_station.ini
/dev/shm/hf25
found  1632  files
block 1786650300 writing 1628 detections /home/ionouser/ionozond_data2//2026-08-13/cdetections-DOB-1786650300.h5
reading /home/ionouser/chirpsounder2/my_station.ini
/dev/shm/hf25
found  1669  files
block 1786650300 writing 1665 detections /home/ionouser/ionozond_data2//2026-08-13/cdetections-DOB-1786650300.h5
reading /home/ionouser/chirpsounder2/my_station.ini
/dev/shm/hf25
found  1716  files
block 1786650300 writing 1712 detections /home/ionouser/ionozond_data2//2026-08-13/cdetections-DOB-1786650300.h5
reading /home/ionouser/chirpsounder2/my_station.ini
/dev/shm/hf25
found  1829  files
block 1786650300 writing 1825 detections /home/ionouser/ionozond_data2//2026-08-13/cdetections-DOB-1786650300.h5
reading /home/ionouser/chirpsounder2/my_station.ini
/dev/shm/hf25
found  1927  files
block 1786650300 writing 1923 detections /home/ionouser/ionozond_data2//2026-08-13/cdetections-DOB-1786650300.h5
reading /home/ionouser/chirpsounder2/my_station.ini
/dev/shm/hf25
found  1964  files
block 1786650300 writing 1960 detections /home/ionouser/ionozond_data2//2026-08-13/cdetections-DOB-1786650300.h5
reading /home/ionouser/chirpsounder2/my_station.ini
/dev/shm/hf25
found  1995  files
block 1786650300 writing 1991 detections /home/ionouser/ionozond_data2//2026-08-13/cdetections-DOB-1786650300.h5
reading /home/ionouser/chirpsounder2/my_station.ini
/dev/shm/hf25
found  2061  files
block 1786649400 writing 1018 detections /home/ionouser/ionozond_data2//2026-08-13/cdetections-DOB-1786649400.h5
deleting files 1018 from previous block, which is now finished
block 1786651200 writing 1039 detections /home/ionouser/ionozond_data2//2026-08-13/cdetections-DOB-1786651200.h5
reading /home/ionouser/chirpsounder2/my_station.ini
/dev/shm/hf25
found  1204  files
block 1786651200 writing 1200 detections /home/ionouser/ionozond_data2//2026-08-13/cdetections-DOB-1786651200.h5
reading /home/ionouser/chirpsounder2/my_station.ini
/dev/shm/hf25
found  1258  files
block 1786651200 writing 1254 detections /home/ionouser/ionozond_data2//2026-08-13/cdetections-DOB-1786651200.h5
reading /home/ionouser/chirpsounder2/my_station.ini
/dev/shm/hf25
found  1287  files
block 1786651200 writing 1283 detections /home/ionouser/ionozond_data2//2026-08-13/cdetections-DOB-1786651200.h5
reading /home/ionouser/chirpsounder2/my_station.ini
/dev/shm/hf25
found  1333  files
block 1786651200 writing 1329 detections /home/ionouser/ionozond_data2//2026-08-13/cdetections-DOB-1786651200.h5
reading /home/ionouser/chirpsounder2/my_station.ini
/dev/shm/hf25
found  1451  files
block 1786651200 writing 1447 detections /home/ionouser/ionozond_data2//2026-08-13/cdetections-DOB-1786651200.h5
reading /home/ionouser/chirpsounder2/my_station.ini
/dev/shm/hf25
found  1543  files
block 1786651200 writing 1539 detections /home/ionouser/ionozond_data2//2026-08-13/cdetections-DOB-1786651200.h5
reading /home/ionouser/chirpsounder2/my_station.ini
/dev/shm/hf25
found  1574  files
block 1786651200 writing 1570 detections /home/ionouser/ionozond_data2//2026-08-13/cdetections-DOB-1786651200.h5
reading /home/ionouser/chirpsounder2/my_station.ini
/dev/shm/hf25
found  1604  files
block 1786651200 writing 1600 detections /home/ionouser/ionozond_data2//2026-08-13/cdetections-DOB-1786651200.h5
reading /home/ionouser/chirpsounder2/my_station.ini
/dev/shm/hf25
found  1680  files
block 1786651200 writing 1676 detections /home/ionouser/ionozond_data2//2026-08-13/cdetections-DOB-1786651200.h5
reading /home/ionouser/chirpsounder2/my_station.ini
/dev/shm/hf25
found  1807  files
block 1786651200 writing 1803 detections /home/ionouser/ionozond_data2//2026-08-13/cdetections-DOB-1786651200.h5
reading /home/ionouser/chirpsounder2/my_station.ini
/dev/shm/hf25
found  1868  files
block 1786651200 writing 1864 detections /home/ionouser/ionozond_data2//2026-08-13/cdetections-DOB-1786651200.h5
reading /home/ionouser/chirpsounder2/my_station.ini
/dev/shm/hf25
found  1909  files
block 1786651200 writing 1905 detections /home/ionouser/ionozond_data2//2026-08-13/cdetections-DOB-1786651200.h5
reading /home/ionouser/chirpsounder2/my_station.ini
/dev/shm/hf25
found  1962  files
block 1786650300 writing 981 detections /home/ionouser/ionozond_data2//2026-08-13/cdetections-DOB-1786650300.h5
deleting files 981 from previous block, which is now finished
block 1786652100 writing 977 detections /home/ionouser/ionozond_data2//2026-08-13/cdetections-DOB-1786652100.h5
reading /home/ionouser/chirpsounder2/my_station.ini
/dev/shm/hf25
found  1133  files
block 1786652100 writing 1129 detections /home/ionouser/ionozond_data2//2026-08-13/cdetections-DOB-1786652100.h5
reading /home/ionouser/chirpsounder2/my_station.ini
/dev/shm/hf25
found  1232  files
block 1786652100 writing 1228 detections /home/ionouser/ionozond_data2//2026-08-13/cdetections-DOB-1786652100.h5
reading /home/ionouser/chirpsounder2/my_station.ini
/dev/shm/hf25
found  1282  files
block 1786652100 writing 1278 detections /home/ionouser/ionozond_data2//2026-08-13/cdetections-DOB-1786652100.h5
reading /home/ionouser/chirpsounder2/my_station.ini
/dev/shm/hf25
found  1331  files
block 1786652100 writing 1327 detections /home/ionouser/ionozond_data2//2026-08-13/cdetections-DOB-1786652100.h5
reading /home/ionouser/chirpsounder2/my_station.ini
/dev/shm/hf25
found  1417  files
block 1786652100 writing 1413 detections /home/ionouser/ionozond_data2//2026-08-13/cdetections-DOB-1786652100.h5
reading /home/ionouser/chirpsounder2/my_station.ini
/dev/shm/hf25
found  1538  files
block 1786652100 writing 1534 detections /home/ionouser/ionozond_data2//2026-08-13/cdetections-DOB-1786652100.h5
reading /home/ionouser/chirpsounder2/my_station.ini
/dev/shm/hf25
found  1593  files
block 1786652100 writing 1589 detections /home/ionouser/ionozond_data2//2026-08-13/cdetections-DOB-1786652100.h5
reading /home/ionouser/chirpsounder2/my_station.ini
/dev/shm/hf25
found  1623  files
block 1786652100 writing 1619 detections /home/ionouser/ionozond_data2//2026-08-13/cdetections-DOB-1786652100.h5
reading /home/ionouser/chirpsounder2/my_station.ini
/dev/shm/hf25
found  1658  files
block 1786652100 writing 1654 detections /home/ionouser/ionozond_data2//2026-08-13/cdetections-DOB-1786652100.h5
reading /home/ionouser/chirpsounder2/my_station.ini
/dev/shm/hf25
found  1760  files
block 1786652100 writing 1756 detections /home/ionouser/ionozond_data2//2026-08-13/cdetections-DOB-1786652100.h5
reading /home/ionouser/chirpsounder2/my_station.ini
/dev/shm/hf25
found  1871  files
block 1786652100 writing 1867 detections /home/ionouser/ionozond_data2//2026-08-13/cdetections-DOB-1786652100.h5
reading /home/ionouser/chirpsounder2/my_station.ini
/dev/shm/hf25
found  1928  files
block 1786652100 writing 1924 detections /home/ionouser/ionozond_data2//2026-08-13/cdetections-DOB-1786652100.h5
reading /home/ionouser/chirpsounder2/my_station.ini
/dev/shm/hf25
found  1978  files
block 1786652100 writing 1974 detections /home/ionouser/ionozond_data2//2026-08-13/cdetections-DOB-1786652100.h5
reading /home/ionouser/chirpsounder2/my_station.ini
/dev/shm/hf25
found  2066  files
block 1786651200 writing 956 detections /home/ionouser/ionozond_data2//2026-08-13/cdetections-DOB-1786651200.h5
deleting files 956 from previous block, which is now finished
block 1786653000 writing 1106 detections /home/ionouser/ionozond_data2//2026-08-13/cdetections-DOB-1786653000.h5
reading /home/ionouser/chirpsounder2/my_station.ini
/dev/shm/hf25
found  1260  files
block 1786653000 writing 1256 detections /home/ionouser/ionozond_data2//2026-08-13/cdetections-DOB-1786653000.h5
reading /home/ionouser/chirpsounder2/my_station.ini
/dev/shm/hf25
found  1302  files
block 1786653000 writing 1298 detections /home/ionouser/ionozond_data2//2026-08-13/cdetections-DOB-1786653000.h5
reading /home/ionouser/chirpsounder2/my_station.ini
/dev/shm/hf25
found  1348  files
block 1786653000 writing 1344 detections /home/ionouser/ionozond_data2//2026-08-13/cdetections-DOB-1786653000.h5
reading /home/ionouser/chirpsounder2/my_station.ini
/dev/shm/hf25
found  1407  files
block 1786653000 writing 1403 detections /home/ionouser/ionozond_data2//2026-08-13/cdetections-DOB-1786653000.h5
reading /home/ionouser/chirpsounder2/my_station.ini
/dev/shm/hf25
found  1522  files
block 1786653000 writing 1518 detections /home/ionouser/ionozond_data2//2026-08-13/cdetections-DOB-1786653000.h5
reading /home/ionouser/chirpsounder2/my_station.ini
/dev/shm/hf25
found  1619  files
block 1786653000 writing 1615 detections /home/ionouser/ionozond_data2//2026-08-13/cdetections-DOB-1786653000.h5
reading /home/ionouser/chirpsounder2/my_station.ini
/dev/shm/hf25
found  1665  files
block 1786653000 writing 1661 detections /home/ionouser/ionozond_data2//2026-08-13/cdetections-DOB-1786653000.h5
reading /home/ionouser/chirpsounder2/my_station.ini
/dev/shm/hf25
found  1706  files
block 1786653000 writing 1702 detections /home/ionouser/ionozond_data2//2026-08-13/cdetections-DOB-1786653000.h5
reading /home/ionouser/chirpsounder2/my_station.ini
/dev/shm/hf25
found  1781  files
block 1786653000 writing 1777 detections /home/ionouser/ionozond_data2//2026-08-13/cdetections-DOB-1786653000.h5
reading /home/ionouser/chirpsounder2/my_station.ini
/dev/shm/hf25
found  1917  files
block 1786653000 writing 1913 detections /home/ionouser/ionozond_data2//2026-08-13/cdetections-DOB-1786653000.h5
reading /home/ionouser/chirpsounder2/my_station.ini
/dev/shm/hf25
found  1961  files
block 1786653000 writing 1957 detections /home/ionouser/ionozond_data2//2026-08-13/cdetections-DOB-1786653000.h5
reading /home/ionouser/chirpsounder2/my_station.ini
/dev/shm/hf25
found  1999  files
block 1786653000 writing 1995 detections /home/ionouser/ionozond_data2//2026-08-13/cdetections-DOB-1786653000.h5
reading /home/ionouser/chirpsounder2/my_station.ini
/dev/shm/hf25
found  2043  files
block 1786652100 writing 1025 detections /home/ionouser/ionozond_data2//2026-08-13/cdetections-DOB-1786652100.h5
deleting files 1025 from previous block, which is now finished
block 1786653900 writing 1014 detections /home/ionouser/ionozond_data2//2026-08-13/cdetections-DOB-1786653900.h5
reading /home/ionouser/chirpsounder2/my_station.ini
/dev/shm/hf25
found  1171  files
block 1786653900 writing 1167 detections /home/ionouser/ionozond_data2//2026-08-13/cdetections-DOB-1786653900.h5
reading /home/ionouser/chirpsounder2/my_station.ini
/dev/shm/hf25
found  1240  files
block 1786653900 writing 1236 detections /home/ionouser/ionozond_data2//2026-08-13/cdetections-DOB-1786653900.h5
reading /home/ionouser/chirpsounder2/my_station.ini
/dev/shm/hf25
found  1291  files
block 1786653900 writing 1287 detections /home/ionouser/ionozond_data2//2026-08-13/cdetections-DOB-1786653900.h5
reading /home/ionouser/chirpsounder2/my_station.ini
/dev/shm/hf25
found  1326  files
block 1786653900 writing 1322 detections /home/ionouser/ionozond_data2//2026-08-13/cdetections-DOB-1786653900.h5
reading /home/ionouser/chirpsounder2/my_station.ini
/dev/shm/hf25
found  1418  files
block 1786653900 writing 1414 detections /home/ionouser/ionozond_data2//2026-08-13/cdetections-DOB-1786653900.h5
reading /home/ionouser/chirpsounder2/my_station.ini
/dev/shm/hf25
found  1540  files
block 1786653900 writing 1536 detections /home/ionouser/ionozond_data2//2026-08-13/cdetections-DOB-1786653900.h5
reading /home/ionouser/chirpsounder2/my_station.ini
/dev/shm/hf25
found  1578  files
block 1786653900 writing 1574 detections /home/ionouser/ionozond_data2//2026-08-13/cdetections-DOB-1786653900.h5
reading /home/ionouser/chirpsounder2/my_station.ini
/dev/shm/hf25
found  1607  files
block 1786653900 writing 1603 detections /home/ionouser/ionozond_data2//2026-08-13/cdetections-DOB-1786653900.h5
reading /home/ionouser/chirpsounder2/my_station.ini
/dev/shm/hf25
found  1663  files
block 1786653900 writing 1659 detections /home/ionouser/ionozond_data2//2026-08-13/cdetections-DOB-1786653900.h5
reading /home/ionouser/chirpsounder2/my_station.ini
/dev/shm/hf25
found  1776  files
block 1786653900 writing 1772 detections /home/ionouser/ionozond_data2//2026-08-13/cdetections-DOB-1786653900.h5
reading /home/ionouser/chirpsounder2/my_station.ini
/dev/shm/hf25
found  1850  files
block 1786653900 writing 1846 detections /home/ionouser/ionozond_data2//2026-08-13/cdetections-DOB-1786653900.h5
reading /home/ionouser/chirpsounder2/my_station.ini
/dev/shm/hf25
found  1880  files
block 1786653900 writing 1876 detections /home/ionouser/ionozond_data2//2026-08-13/cdetections-DOB-1786653900.h5
reading /home/ionouser/chirpsounder2/my_station.ini
/dev/shm/hf25
found  1912  files
block 1786653000 writing 988 detections /home/ionouser/ionozond_data2//2026-08-13/cdetections-DOB-1786653000.h5
deleting files 988 from previous block, which is now finished
block 1786653900 writing 920 detections /home/ionouser/ionozond_data2//2026-08-13/cdetections-DOB-1786653900.h5
reading /home/ionouser/chirpsounder2/my_station.ini
/dev/shm/hf25
found  1040  files
block 1786654800 writing 1036 detections /home/ionouser/ionozond_data2//2026-08-13/cdetections-DOB-1786654800.h5
reading /home/ionouser/chirpsounder2/my_station.ini
/dev/shm/hf25
found  1132  files
block 1786654800 writing 1128 detections /home/ionouser/ionozond_data2//2026-08-13/cdetections-DOB-1786654800.h5
reading /home/ionouser/chirpsounder2/my_station.ini
/dev/shm/hf25
found  1176  files
block 1786654800 writing 1172 detections /home/ionouser/ionozond_data2//2026-08-13/cdetections-DOB-1786654800.h5
reading /home/ionouser/chirpsounder2/my_station.ini
/dev/shm/hf25
found  1213  files
block 1786654800 writing 1209 detections /home/ionouser/ionozond_data2//2026-08-13/cdetections-DOB-1786654800.h5
reading /home/ionouser/chirpsounder2/my_station.ini
/dev/shm/hf25
found  1285  files
block 1786654800 writing 1281 detections /home/ionouser/ionozond_data2//2026-08-13/cdetections-DOB-1786654800.h5
reading /home/ionouser/chirpsounder2/my_station.ini
/dev/shm/hf25
found  1404  files
block 1786654800 writing 1400 detections /home/ionouser/ionozond_data2//2026-08-13/cdetections-DOB-1786654800.h5
reading /home/ionouser/chirpsounder2/my_station.ini
/dev/shm/hf25
found  1493  files
block 1786654800 writing 1489 detections /home/ionouser/ionozond_data2//2026-08-13/cdetections-DOB-1786654800.h5
reading /home/ionouser/chirpsounder2/my_station.ini
/dev/shm/hf25
found  1551  files
block 1786654800 writing 1547 detections /home/ionouser/ionozond_data2//2026-08-13/cdetections-DOB-1786654800.h5
reading /home/ionouser/chirpsounder2/my_station.ini
/dev/shm/hf25
found  1608  files
block 1786654800 writing 1604 detections /home/ionouser/ionozond_data2//2026-08-13/cdetections-DOB-1786654800.h5
reading /home/ionouser/chirpsounder2/my_station.ini
/dev/shm/hf25
found  1709  files
block 1786654800 writing 1705 detections /home/ionouser/ionozond_data2//2026-08-13/cdetections-DOB-1786654800.h5
reading /home/ionouser/chirpsounder2/my_station.ini
/dev/shm/hf25
found  1830  files
block 1786654800 writing 1826 detections /home/ionouser/ionozond_data2//2026-08-13/cdetections-DOB-1786654800.h5
reading /home/ionouser/chirpsounder2/my_station.ini
/dev/shm/hf25
found  1898  files
block 1786654800 writing 1894 detections /home/ionouser/ionozond_data2//2026-08-13/cdetections-DOB-1786654800.h5
reading /home/ionouser/chirpsounder2/my_station.ini
/dev/shm/hf25
found  1955  files
block 1786654800 writing 1951 detections /home/ionouser/ionozond_data2//2026-08-13/cdetections-DOB-1786654800.h5
reading /home/ionouser/chirpsounder2/my_station.ini
/dev/shm/hf25
found  2021  files
block 1786653900 writing 923 detections /home/ionouser/ionozond_data2//2026-08-13/cdetections-DOB-1786653900.h5
deleting files 923 from previous block, which is now finished
block 1786655700 writing 1094 detections /home/ionouser/ionozond_data2//2026-08-13/cdetections-DOB-1786655700.h5
reading /home/ionouser/chirpsounder2/my_station.ini
/dev/shm/hf25
found  1258  files
block 1786655700 writing 1254 detections /home/ionouser/ionozond_data2//2026-08-13/cdetections-DOB-1786655700.h5
reading /home/ionouser/chirpsounder2/my_station.ini
/dev/shm/hf25
found  1346  files
block 1786655700 writing 1342 detections /home/ionouser/ionozond_data2//2026-08-13/cdetections-DOB-1786655700.h5
reading /home/ionouser/chirpsounder2/my_station.ini
/dev/shm/hf25
found  1410  files
block 1786655700 writing 1406 detections /home/ionouser/ionozond_data2//2026-08-13/cdetections-DOB-1786655700.h5
reading /home/ionouser/chirpsounder2/my_station.ini
/dev/shm/hf25
found  1470  files
block 1786655700 writing 1466 detections /home/ionouser/ionozond_data2//2026-08-13/cdetections-DOB-1786655700.h5
reading /home/ionouser/chirpsounder2/my_station.ini
/dev/shm/hf25
found  1575  files
block 1786655700 writing 1571 detections /home/ionouser/ionozond_data2//2026-08-13/cdetections-DOB-1786655700.h5
reading /home/ionouser/chirpsounder2/my_station.ini
/dev/shm/hf25
found  1673  files
block 1786655700 writing 1669 detections /home/ionouser/ionozond_data2//2026-08-13/cdetections-DOB-1786655700.h5
reading /home/ionouser/chirpsounder2/my_station.ini
/dev/shm/hf25
found  1734  files
block 1786655700 writing 1730 detections /home/ionouser/ionozond_data2//2026-08-13/cdetections-DOB-1786655700.h5
reading /home/ionouser/chirpsounder2/my_station.ini
/dev/shm/hf25
found  1794  files
block 1786655700 writing 1790 detections /home/ionouser/ionozond_data2//2026-08-13/cdetections-DOB-1786655700.h5
reading /home/ionouser/chirpsounder2/my_station.ini
/dev/shm/hf25
found  1865  files
block 1786655700 writing 1861 detections /home/ionouser/ionozond_data2//2026-08-13/cdetections-DOB-1786655700.h5
reading /home/ionouser/chirpsounder2/my_station.ini
/dev/shm/hf25
found  1987  files
block 1786655700 writing 1983 detections /home/ionouser/ionozond_data2//2026-08-13/cdetections-DOB-1786655700.h5
reading /home/ionouser/chirpsounder2/my_station.ini
/dev/shm/hf25
found  2074  files
block 1786655700 writing 2070 detections /home/ionouser/ionozond_data2//2026-08-13/cdetections-DOB-1786655700.h5
reading /home/ionouser/chirpsounder2/my_station.ini
/dev/shm/hf25
found  2132  files
block 1786655700 writing 2128 detections /home/ionouser/ionozond_data2//2026-08-13/cdetections-DOB-1786655700.h5
reading /home/ionouser/chirpsounder2/my_station.ini
/dev/shm/hf25
found  2191  files
block 1786654800 writing 1067 detections /home/ionouser/ionozond_data2//2026-08-13/cdetections-DOB-1786654800.h5
deleting files 1067 from previous block, which is now finished
block 1786655700 writing 1120 detections /home/ionouser/ionozond_data2//2026-08-13/cdetections-DOB-1786655700.h5
reading /home/ionouser/chirpsounder2/my_station.ini
/dev/shm/hf25
found  1274  files
block 1786656600 writing 1270 detections /home/ionouser/ionozond_data2//2026-08-13/cdetections-DOB-1786656600.h5
reading /home/ionouser/chirpsounder2/my_station.ini
/dev/shm/hf25
found  1368  files
block 1786656600 writing 1364 detections /home/ionouser/ionozond_data2//2026-08-13/cdetections-DOB-1786656600.h5
reading /home/ionouser/chirpsounder2/my_station.ini
/dev/shm/hf25
found  1430  files
block 1786656600 writing 1426 detections /home/ionouser/ionozond_data2//2026-08-13/cdetections-DOB-1786656600.h5
reading /home/ionouser/chirpsounder2/my_station.ini
/dev/shm/hf25
found  1490  files
block 1786656600 writing 1486 detections /home/ionouser/ionozond_data2//2026-08-13/cdetections-DOB-1786656600.h5
reading /home/ionouser/chirpsounder2/my_station.ini
/dev/shm/hf25
found  1576  files
block 1786656600 writing 1572 detections /home/ionouser/ionozond_data2//2026-08-13/cdetections-DOB-1786656600.h5
reading /home/ionouser/chirpsounder2/my_station.ini
/dev/shm/hf25
found  1695  files
block 1786656600 writing 1691 detections /home/ionouser/ionozond_data2//2026-08-13/cdetections-DOB-1786656600.h5
reading /home/ionouser/chirpsounder2/my_station.ini
/dev/shm/hf25
found  1767  files
block 1786656600 writing 1763 detections /home/ionouser/ionozond_data2//2026-08-13/cdetections-DOB-1786656600.h5
reading /home/ionouser/chirpsounder2/my_station.ini
/dev/shm/hf25
found  1829  files
block 1786656600 writing 1825 detections /home/ionouser/ionozond_data2//2026-08-13/cdetections-DOB-1786656600.h5
reading /home/ionouser/chirpsounder2/my_station.ini
/dev/shm/hf25
found  1887  files
block 1786656600 writing 1883 detections /home/ionouser/ionozond_data2//2026-08-13/cdetections-DOB-1786656600.h5
reading /home/ionouser/chirpsounder2/my_station.ini
/dev/shm/hf25
found  1997  files
block 1786656600 writing 1993 detections /home/ionouser/ionozond_data2//2026-08-13/cdetections-DOB-1786656600.h5
reading /home/ionouser/chirpsounder2/my_station.ini
/dev/shm/hf25
found  2085  files
block 1786656600 writing 2081 detections /home/ionouser/ionozond_data2//2026-08-13/cdetections-DOB-1786656600.h5
reading /home/ionouser/chirpsounder2/my_station.ini
/dev/shm/hf25
found  2144  files
block 1786656600 writing 2140 detections /home/ionouser/ionozond_data2//2026-08-13/cdetections-DOB-1786656600.h5
reading /home/ionouser/chirpsounder2/my_station.ini
/dev/shm/hf25
found  2190  files
block 1786656600 writing 2186 detections /home/ionouser/ionozond_data2//2026-08-13/cdetections-DOB-1786656600.h5
reading /home/ionouser/chirpsounder2/my_station.ini
/dev/shm/hf25
found  2259  files
block 1786655700 writing 1120 detections /home/ionouser/ionozond_data2//2026-08-13/cdetections-DOB-1786655700.h5
deleting files 1120 from previous block, which is now finished
block 1786657500 writing 1135 detections /home/ionouser/ionozond_data2//2026-08-13/cdetections-DOB-1786657500.h5
reading /home/ionouser/chirpsounder2/my_station.ini
/dev/shm/hf25
found  1283  files
block 1786657500 writing 1279 detections /home/ionouser/ionozond_data2//2026-08-13/cdetections-DOB-1786657500.h5
reading /home/ionouser/chirpsounder2/my_station.ini
/dev/shm/hf25
found  1339  files
block 1786657500 writing 1335 detections /home/ionouser/ionozond_data2//2026-08-13/cdetections-DOB-1786657500.h5
reading /home/ionouser/chirpsounder2/my_station.ini
/dev/shm/hf25
found  1388  files
block 1786657500 writing 1384 detections /home/ionouser/ionozond_data2//2026-08-13/cdetections-DOB-1786657500.h5
reading /home/ionouser/chirpsounder2/my_station.ini
/dev/shm/hf25
found  1444  files
block 1786657500 writing 1440 detections /home/ionouser/ionozond_data2//2026-08-13/cdetections-DOB-1786657500.h5
reading /home/ionouser/chirpsounder2/my_station.ini
/dev/shm/hf25
found  1551  files
block 1786657500 writing 1547 detections /home/ionouser/ionozond_data2//2026-08-13/cdetections-DOB-1786657500.h5
reading /home/ionouser/chirpsounder2/my_station.ini
/dev/shm/hf25
found  1627  files
block 1786657500 writing 1623 detections /home/ionouser/ionozond_data2//2026-08-13/cdetections-DOB-1786657500.h5
reading /home/ionouser/chirpsounder2/my_station.ini
/dev/shm/hf25
found  1659  files
block 1786657500 writing 1655 detections /home/ionouser/ionozond_data2//2026-08-13/cdetections-DOB-1786657500.h5
reading /home/ionouser/chirpsounder2/my_station.ini
/dev/shm/hf25
found  1689  files
block 1786657500 writing 1685 detections /home/ionouser/ionozond_data2//2026-08-13/cdetections-DOB-1786657500.h5
reading /home/ionouser/chirpsounder2/my_station.ini
/dev/shm/hf25
found  1743  files
block 1786657500 writing 1739 detections /home/ionouser/ionozond_data2//2026-08-13/cdetections-DOB-1786657500.h5
reading /home/ionouser/chirpsounder2/my_station.ini
/dev/shm/hf25
found  1838  files
block 1786657500 writing 1834 detections /home/ionouser/ionozond_data2//2026-08-13/cdetections-DOB-1786657500.h5
reading /home/ionouser/chirpsounder2/my_station.ini
/dev/shm/hf25
found  1885  files
block 1786657500 writing 1881 detections /home/ionouser/ionozond_data2//2026-08-13/cdetections-DOB-1786657500.h5
reading /home/ionouser/chirpsounder2/my_station.ini
/dev/shm/hf25
found  1916  files
block 1786657500 writing 1912 detections /home/ionouser/ionozond_data2//2026-08-13/cdetections-DOB-1786657500.h5
reading /home/ionouser/chirpsounder2/my_station.ini
/dev/shm/hf25
found  1966  files
block 1786656600 writing 1090 detections /home/ionouser/ionozond_data2//2026-08-13/cdetections-DOB-1786656600.h5
deleting files 1090 from previous block, which is now finished
block 1786658400 writing 872 detections /home/ionouser/ionozond_data2//2026-08-13/cdetections-DOB-1786658400.h5
reading /home/ionouser/chirpsounder2/my_station.ini
/dev/shm/hf25
found  990  files
block 1786658400 writing 986 detections /home/ionouser/ionozond_data2//2026-08-13/cdetections-DOB-1786658400.h5
reading /home/ionouser/chirpsounder2/my_station.ini
/dev/shm/hf25
found  1040  files
block 1786658400 writing 1036 detections /home/ionouser/ionozond_data2//2026-08-13/cdetections-DOB-1786658400.h5
reading /home/ionouser/chirpsounder2/my_station.ini
/dev/shm/hf25
found  1071  files
block 1786658400 writing 1067 detections /home/ionouser/ionozond_data2//2026-08-13/cdetections-DOB-1786658400.h5
reading /home/ionouser/chirpsounder2/my_station.ini
/dev/shm/hf25
found  1102  files
block 1786658400 writing 1098 detections /home/ionouser/ionozond_data2//2026-08-13/cdetections-DOB-1786658400.h5
reading /home/ionouser/chirpsounder2/my_station.ini
/dev/shm/hf25
found  1166  files
block 1786658400 writing 1162 detections /home/ionouser/ionozond_data2//2026-08-13/cdetections-DOB-1786658400.h5
reading /home/ionouser/chirpsounder2/my_station.ini
/dev/shm/hf25
found  1264  files
block 1786658400 writing 1260 detections /home/ionouser/ionozond_data2//2026-08-13/cdetections-DOB-1786658400.h5
reading /home/ionouser/chirpsounder2/my_station.ini
/dev/shm/hf25
found  1320  files
block 1786658400 writing 1316 detections /home/ionouser/ionozond_data2//2026-08-13/cdetections-DOB-1786658400.h5
reading /home/ionouser/chirpsounder2/my_station.ini
/dev/shm/hf25
found  1345  files
block 1786658400 writing 1341 detections /home/ionouser/ionozond_data2//2026-08-13/cdetections-DOB-1786658400.h5
reading /home/ionouser/chirpsounder2/my_station.ini
/dev/shm/hf25
found  1383  files
block 1786658400 writing 1379 detections /home/ionouser/ionozond_data2//2026-08-13/cdetections-DOB-1786658400.h5
reading /home/ionouser/chirpsounder2/my_station.ini
/dev/shm/hf25
found  1477  files
block 1786658400 writing 1473 detections /home/ionouser/ionozond_data2//2026-08-13/cdetections-DOB-1786658400.h5
reading /home/ionouser/chirpsounder2/my_station.ini
/dev/shm/hf25
found  1572  files
block 1786658400 writing 1568 detections /home/ionouser/ionozond_data2//2026-08-13/cdetections-DOB-1786658400.h5
reading /home/ionouser/chirpsounder2/my_station.ini
/dev/shm/hf25
found  1605  files
block 1786658400 writing 1601 detections /home/ionouser/ionozond_data2//2026-08-13/cdetections-DOB-1786658400.h5
reading /home/ionouser/chirpsounder2/my_station.ini
/dev/shm/hf25
found  1632  files
block 1786658400 writing 1628 detections /home/ionouser/ionozond_data2//2026-08-13/cdetections-DOB-1786658400.h5
reading /home/ionouser/chirpsounder2/my_station.ini
/dev/shm/hf25
found  1677  files
block 1786657500 writing 863 detections /home/ionouser/ionozond_data2//2026-08-13/cdetections-DOB-1786657500.h5
deleting files 863 from previous block, which is now finished
block 1786659300 writing 810 detections /home/ionouser/ionozond_data2//2026-08-13/cdetections-DOB-1786659300.h5
reading /home/ionouser/chirpsounder2/my_station.ini
/dev/shm/hf25
found  937  files
block 1786659300 writing 933 detections /home/ionouser/ionozond_data2//2026-08-13/cdetections-DOB-1786659300.h5
reading /home/ionouser/chirpsounder2/my_station.ini
/dev/shm/hf25
found  972  files
block 1786659300 writing 968 detections /home/ionouser/ionozond_data2//2026-08-13/cdetections-DOB-1786659300.h5
reading /home/ionouser/chirpsounder2/my_station.ini
/dev/shm/hf25
found  975  files
block 1786659300 writing 971 detections /home/ionouser/ionozond_data2//2026-08-13/cdetections-DOB-1786659300.h5
reading /home/ionouser/chirpsounder2/my_station.ini
/dev/shm/hf25
found  989  files
block 1786659300 writing 985 detections /home/ionouser/ionozond_data2//2026-08-13/cdetections-DOB-1786659300.h5
reading /home/ionouser/chirpsounder2/my_station.ini
/dev/shm/hf25
found  1062  files
block 1786659300 writing 1058 detections /home/ionouser/ionozond_data2//2026-08-13/cdetections-DOB-1786659300.h5
reading /home/ionouser/chirpsounder2/my_station.ini
/dev/shm/hf25
found  1135  files
block 1786659300 writing 1131 detections /home/ionouser/ionozond_data2//2026-08-13/cdetections-DOB-1786659300.h5
reading /home/ionouser/chirpsounder2/my_station.ini
/dev/shm/hf25
found  1149  files
block 1786659300 writing 1145 detections /home/ionouser/ionozond_data2//2026-08-13/cdetections-DOB-1786659300.h5
reading /home/ionouser/chirpsounder2/my_station.ini
/dev/shm/hf25
found  1165  files
block 1786659300 writing 1161 detections /home/ionouser/ionozond_data2//2026-08-13/cdetections-DOB-1786659300.h5
reading /home/ionouser/chirpsounder2/my_station.ini
/dev/shm/hf25
found  1189  files
block 1786659300 writing 1185 detections /home/ionouser/ionozond_data2//2026-08-13/cdetections-DOB-1786659300.h5
reading /home/ionouser/chirpsounder2/my_station.ini
/dev/shm/hf25
found  1264  files
block 1786659300 writing 1260 detections /home/ionouser/ionozond_data2//2026-08-13/cdetections-DOB-1786659300.h5
reading /home/ionouser/chirpsounder2/my_station.ini
/dev/shm/hf25
found  1340  files
block 1786659300 writing 1336 detections /home/ionouser/ionozond_data2//2026-08-13/cdetections-DOB-1786659300.h5
reading /home/ionouser/chirpsounder2/my_station.ini
/dev/shm/hf25
found  1353  files
block 1786659300 writing 1349 detections /home/ionouser/ionozond_data2//2026-08-13/cdetections-DOB-1786659300.h5
reading /home/ionouser/chirpsounder2/my_station.ini
/dev/shm/hf25
found  1358  files
block 1786658400 writing 779 detections /home/ionouser/ionozond_data2//2026-08-13/cdetections-DOB-1786658400.h5
deleting files 779 from previous block, which is now finished
block 1786659300 writing 575 detections /home/ionouser/ionozond_data2//2026-08-13/cdetections-DOB-1786659300.h5
reading /home/ionouser/chirpsounder2/my_station.ini
/dev/shm/hf25
found  646  files
block 1786660200 writing 642 detections /home/ionouser/ionozond_data2//2026-08-13/cdetections-DOB-1786660200.h5
reading /home/ionouser/chirpsounder2/my_station.ini
/dev/shm/hf25
found  740  files
block 1786660200 writing 736 detections /home/ionouser/ionozond_data2//2026-08-13/cdetections-DOB-1786660200.h5
reading /home/ionouser/chirpsounder2/my_station.ini
/dev/shm/hf25
found  759  files
block 1786660200 writing 755 detections /home/ionouser/ionozond_data2//2026-08-13/cdetections-DOB-1786660200.h5
reading /home/ionouser/chirpsounder2/my_station.ini
/dev/shm/hf25
found  764  files
block 1786660200 writing 760 detections /home/ionouser/ionozond_data2//2026-08-13/cdetections-DOB-1786660200.h5
reading /home/ionouser/chirpsounder2/my_station.ini
/dev/shm/hf25
found  775  files
block 1786660200 writing 771 detections /home/ionouser/ionozond_data2//2026-08-13/cdetections-DOB-1786660200.h5
reading /home/ionouser/chirpsounder2/my_station.ini
/dev/shm/hf25
found  840  files
block 1786660200 writing 836 detections /home/ionouser/ionozond_data2//2026-08-13/cdetections-DOB-1786660200.h5
reading /home/ionouser/chirpsounder2/my_station.ini
/dev/shm/hf25
found  913  files
block 1786660200 writing 909 detections /home/ionouser/ionozond_data2//2026-08-13/cdetections-DOB-1786660200.h5
reading /home/ionouser/chirpsounder2/my_station.ini
/dev/shm/hf25
found  928  files
block 1786660200 writing 924 detections /home/ionouser/ionozond_data2//2026-08-13/cdetections-DOB-1786660200.h5
reading /home/ionouser/chirpsounder2/my_station.ini
/dev/shm/hf25
found  933  files
block 1786660200 writing 929 detections /home/ionouser/ionozond_data2//2026-08-13/cdetections-DOB-1786660200.h5
reading /home/ionouser/chirpsounder2/my_station.ini
/dev/shm/hf25
found  971  files
block 1786660200 writing 967 detections /home/ionouser/ionozond_data2//2026-08-13/cdetections-DOB-1786660200.h5
reading /home/ionouser/chirpsounder2/my_station.ini
/dev/shm/hf25
found  1053  files
block 1786660200 writing 1049 detections /home/ionouser/ionozond_data2//2026-08-13/cdetections-DOB-1786660200.h5
reading /home/ionouser/chirpsounder2/my_station.ini
/dev/shm/hf25
found  1102  files
block 1786660200 writing 1098 detections /home/ionouser/ionozond_data2//2026-08-13/cdetections-DOB-1786660200.h5
reading /home/ionouser/chirpsounder2/my_station.ini
/dev/shm/hf25
found  1106  files
block 1786660200 writing 1102 detections /home/ionouser/ionozond_data2//2026-08-13/cdetections-DOB-1786660200.h5
reading /home/ionouser/chirpsounder2/my_station.ini
/dev/shm/hf25
found  1113  files
block 1786659300 writing 579 detections /home/ionouser/ionozond_data2//2026-08-13/cdetections-DOB-1786659300.h5
deleting files 579 from previous block, which is now finished
block 1786660200 writing 530 detections /home/ionouser/ionozond_data2//2026-08-13/cdetections-DOB-1786660200.h5
reading /home/ionouser/chirpsounder2/my_station.ini
/dev/shm/hf25
found  594  files
block 1786661100 writing 590 detections /home/ionouser/ionozond_data2//2026-08-13/cdetections-DOB-1786661100.h5
reading /home/ionouser/chirpsounder2/my_station.ini
/dev/shm/hf25
found  686  files
block 1786661100 writing 682 detections /home/ionouser/ionozond_data2//2026-08-13/cdetections-DOB-1786661100.h5
reading /home/ionouser/chirpsounder2/my_station.ini
/dev/shm/hf25
found  718  files
block 1786661100 writing 714 detections /home/ionouser/ionozond_data2//2026-08-13/cdetections-DOB-1786661100.h5
reading /home/ionouser/chirpsounder2/my_station.ini
/dev/shm/hf25
found  721  files
block 1786661100 writing 717 detections /home/ionouser/ionozond_data2//2026-08-13/cdetections-DOB-1786661100.h5
reading /home/ionouser/chirpsounder2/my_station.ini
/dev/shm/hf25
found  729  files
block 1786661100 writing 725 detections /home/ionouser/ionozond_data2//2026-08-13/cdetections-DOB-1786661100.h5
reading /home/ionouser/chirpsounder2/my_station.ini
/dev/shm/hf25
found  805  files
block 1786661100 writing 801 detections /home/ionouser/ionozond_data2//2026-08-13/cdetections-DOB-1786661100.h5
reading /home/ionouser/chirpsounder2/my_station.ini
/dev/shm/hf25
found  865  files
block 1786661100 writing 861 detections /home/ionouser/ionozond_data2//2026-08-13/cdetections-DOB-1786661100.h5
reading /home/ionouser/chirpsounder2/my_station.ini
/dev/shm/hf25
found  869  files
block 1786661100 writing 865 detections /home/ionouser/ionozond_data2//2026-08-13/cdetections-DOB-1786661100.h5
reading /home/ionouser/chirpsounder2/my_station.ini
/dev/shm/hf25
found  872  files
block 1786661100 writing 868 detections /home/ionouser/ionozond_data2//2026-08-13/cdetections-DOB-1786661100.h5
reading /home/ionouser/chirpsounder2/my_station.ini
/dev/shm/hf25
found  897  files
block 1786661100 writing 893 detections /home/ionouser/ionozond_data2//2026-08-13/cdetections-DOB-1786661100.h5
reading /home/ionouser/chirpsounder2/my_station.ini
/dev/shm/hf25
found  973  files
block 1786661100 writing 969 detections /home/ionouser/ionozond_data2//2026-08-13/cdetections-DOB-1786661100.h5
reading /home/ionouser/chirpsounder2/my_station.ini
/dev/shm/hf25
found  1015  files
block 1786661100 writing 1011 detections /home/ionouser/ionozond_data2//2026-08-13/cdetections-DOB-1786661100.h5
reading /home/ionouser/chirpsounder2/my_station.ini
/dev/shm/hf25
found  1022  files
block 1786661100 writing 1018 detections /home/ionouser/ionozond_data2//2026-08-13/cdetections-DOB-1786661100.h5
reading /home/ionouser/chirpsounder2/my_station.ini
/dev/shm/hf25
found  1029  files
block 1786660200 writing 533 detections /home/ionouser/ionozond_data2//2026-08-13/cdetections-DOB-1786660200.h5
deleting files 533 from previous block, which is now finished
block 1786661100 writing 492 detections /home/ionouser/ionozond_data2//2026-08-13/cdetections-DOB-1786661100.h5
reading /home/ionouser/chirpsounder2/my_station.ini
/dev/shm/hf25
found  559  files
block 1786662000 writing 555 detections /home/ionouser/ionozond_data2//2026-08-13/cdetections-DOB-1786662000.h5
reading /home/ionouser/chirpsounder2/my_station.ini
/dev/shm/hf25
found  624  files
block 1786662000 writing 620 detections /home/ionouser/ionozond_data2//2026-08-13/cdetections-DOB-1786662000.h5
reading /home/ionouser/chirpsounder2/my_station.ini
/dev/shm/hf25
found  640  files
block 1786662000 writing 636 detections /home/ionouser/ionozond_data2//2026-08-13/cdetections-DOB-1786662000.h5
reading /home/ionouser/chirpsounder2/my_station.ini
/dev/shm/hf25
found  641  files
block 1786662000 writing 637 detections /home/ionouser/ionozond_data2//2026-08-13/cdetections-DOB-1786662000.h5
reading /home/ionouser/chirpsounder2/my_station.ini
/dev/shm/hf25
found  653  files
block 1786662000 writing 649 detections /home/ionouser/ionozond_data2//2026-08-13/cdetections-DOB-1786662000.h5
reading /home/ionouser/chirpsounder2/my_station.ini
/dev/shm/hf25
found  714  files
block 1786662000 writing 710 detections /home/ionouser/ionozond_data2//2026-08-13/cdetections-DOB-1786662000.h5
reading /home/ionouser/chirpsounder2/my_station.ini
/dev/shm/hf25
found  777  files
block 1786662000 writing 773 detections /home/ionouser/ionozond_data2//2026-08-13/cdetections-DOB-1786662000.h5
reading /home/ionouser/chirpsounder2/my_station.ini
/dev/shm/hf25
found  785  files
block 1786662000 writing 781 detections /home/ionouser/ionozond_data2//2026-08-13/cdetections-DOB-1786662000.h5
reading /home/ionouser/chirpsounder2/my_station.ini
/dev/shm/hf25
found  788  files
block 1786662000 writing 784 detections /home/ionouser/ionozond_data2//2026-08-13/cdetections-DOB-1786662000.h5
reading /home/ionouser/chirpsounder2/my_station.ini
/dev/shm/hf25
found  809  files
block 1786662000 writing 805 detections /home/ionouser/ionozond_data2//2026-08-13/cdetections-DOB-1786662000.h5
reading /home/ionouser/chirpsounder2/my_station.ini
/dev/shm/hf25
found  881  files
block 1786662000 writing 877 detections /home/ionouser/ionozond_data2//2026-08-13/cdetections-DOB-1786662000.h5
reading /home/ionouser/chirpsounder2/my_station.ini
/dev/shm/hf25
found  926  files
block 1786662000 writing 922 detections /home/ionouser/ionozond_data2//2026-08-13/cdetections-DOB-1786662000.h5
reading /home/ionouser/chirpsounder2/my_station.ini
/dev/shm/hf25
found  930  files
block 1786662000 writing 926 detections /home/ionouser/ionozond_data2//2026-08-13/cdetections-DOB-1786662000.h5
reading /home/ionouser/chirpsounder2/my_station.ini
/dev/shm/hf25
found  938  files
block 1786662000 writing 934 detections /home/ionouser/ionozond_data2//2026-08-13/cdetections-DOB-1786662000.h5
reading /home/ionouser/chirpsounder2/my_station.ini
/dev/shm/hf25
found  977  files
block 1786661100 writing 496 detections /home/ionouser/ionozond_data2//2026-08-13/cdetections-DOB-1786661100.h5
deleting files 496 from previous block, which is now finished
block 1786662900 writing 477 detections /home/ionouser/ionozond_data2//2026-08-13/cdetections-DOB-1786662900.h5
reading /home/ionouser/chirpsounder2/my_station.ini
/dev/shm/hf25
found  558  files
block 1786662900 writing 554 detections /home/ionouser/ionozond_data2//2026-08-13/cdetections-DOB-1786662900.h5
reading /home/ionouser/chirpsounder2/my_station.ini
/dev/shm/hf25
found  576  files
block 1786662900 writing 572 detections /home/ionouser/ionozond_data2//2026-08-13/cdetections-DOB-1786662900.h5
reading /home/ionouser/chirpsounder2/my_station.ini
/dev/shm/hf25
found  580  files
block 1786662900 writing 576 detections /home/ionouser/ionozond_data2//2026-08-13/cdetections-DOB-1786662900.h5
reading /home/ionouser/chirpsounder2/my_station.ini
/dev/shm/hf25
found  593  files
block 1786662900 writing 589 detections /home/ionouser/ionozond_data2//2026-08-13/cdetections-DOB-1786662900.h5
reading /home/ionouser/chirpsounder2/my_station.ini
/dev/shm/hf25
found  655  files
block 1786662900 writing 651 detections /home/ionouser/ionozond_data2//2026-08-13/cdetections-DOB-1786662900.h5
reading /home/ionouser/chirpsounder2/my_station.ini
/dev/shm/hf25
found  715  files
block 1786662900 writing 711 detections /home/ionouser/ionozond_data2//2026-08-13/cdetections-DOB-1786662900.h5
reading /home/ionouser/chirpsounder2/my_station.ini
/dev/shm/hf25
found  720  files
block 1786662900 writing 716 detections /home/ionouser/ionozond_data2//2026-08-13/cdetections-DOB-1786662900.h5
reading /home/ionouser/chirpsounder2/my_station.ini
/dev/shm/hf25
found  724  files
block 1786662900 writing 720 detections /home/ionouser/ionozond_data2//2026-08-13/cdetections-DOB-1786662900.h5
reading /home/ionouser/chirpsounder2/my_station.ini
/dev/shm/hf25
found  743  files
block 1786662900 writing 739 detections /home/ionouser/ionozond_data2//2026-08-13/cdetections-DOB-1786662900.h5
reading /home/ionouser/chirpsounder2/my_station.ini
/dev/shm/hf25
found  815  files
block 1786662900 writing 811 detections /home/ionouser/ionozond_data2//2026-08-13/cdetections-DOB-1786662900.h5
reading /home/ionouser/chirpsounder2/my_station.ini
/dev/shm/hf25
found  858  files
block 1786662900 writing 854 detections /home/ionouser/ionozond_data2//2026-08-13/cdetections-DOB-1786662900.h5
reading /home/ionouser/chirpsounder2/my_station.ini
/dev/shm/hf25
found  862  files
block 1786662900 writing 858 detections /home/ionouser/ionozond_data2//2026-08-13/cdetections-DOB-1786662900.h5
reading /home/ionouser/chirpsounder2/my_station.ini
/dev/shm/hf25
found  865  files
block 1786662900 writing 861 detections /home/ionouser/ionozond_data2//2026-08-13/cdetections-DOB-1786662900.h5
reading /home/ionouser/chirpsounder2/my_station.ini
/dev/shm/hf25
found  897  files
block 1786662000 writing 445 detections /home/ionouser/ionozond_data2//2026-08-13/cdetections-DOB-1786662000.h5
deleting files 445 from previous block, which is now finished
block 1786663800 writing 448 detections /home/ionouser/ionozond_data2//2026-08-13/cdetections-DOB-1786663800.h5
reading /home/ionouser/chirpsounder2/my_station.ini
/dev/shm/hf25
found  523  files
block 1786663800 writing 519 detections /home/ionouser/ionozond_data2//2026-08-13/cdetections-DOB-1786663800.h5
reading /home/ionouser/chirpsounder2/my_station.ini
/dev/shm/hf25
found  545  files
block 1786663800 writing 541 detections /home/ionouser/ionozond_data2//2026-08-13/cdetections-DOB-1786663800.h5
reading /home/ionouser/chirpsounder2/my_station.ini
/dev/shm/hf25
found  547  files
block 1786663800 writing 543 detections /home/ionouser/ionozond_data2//2026-08-13/cdetections-DOB-1786663800.h5
reading /home/ionouser/chirpsounder2/my_station.ini
/dev/shm/hf25
found  552  files
block 1786663800 writing 548 detections /home/ionouser/ionozond_data2//2026-08-13/cdetections-DOB-1786663800.h5
reading /home/ionouser/chirpsounder2/my_station.ini
/dev/shm/hf25
found  595  files
block 1786663800 writing 591 detections /home/ionouser/ionozond_data2//2026-08-13/cdetections-DOB-1786663800.h5
reading /home/ionouser/chirpsounder2/my_station.ini
/dev/shm/hf25
found  650  files
block 1786663800 writing 646 detections /home/ionouser/ionozond_data2//2026-08-13/cdetections-DOB-1786663800.h5
reading /home/ionouser/chirpsounder2/my_station.ini
/dev/shm/hf25
found  659  files
block 1786663800 writing 655 detections /home/ionouser/ionozond_data2//2026-08-13/cdetections-DOB-1786663800.h5
reading /home/ionouser/chirpsounder2/my_station.ini
/dev/shm/hf25
found  663  files
block 1786663800 writing 659 detections /home/ionouser/ionozond_data2//2026-08-13/cdetections-DOB-1786663800.h5
reading /home/ionouser/chirpsounder2/my_station.ini
/dev/shm/hf25
found  675  files
block 1786663800 writing 671 detections /home/ionouser/ionozond_data2//2026-08-13/cdetections-DOB-1786663800.h5
reading /home/ionouser/chirpsounder2/my_station.ini
/dev/shm/hf25
found  734  files
block 1786663800 writing 730 detections /home/ionouser/ionozond_data2//2026-08-13/cdetections-DOB-1786663800.h5
reading /home/ionouser/chirpsounder2/my_station.ini
/dev/shm/hf25
found  772  files
block 1786663800 writing 768 detections /home/ionouser/ionozond_data2//2026-08-13/cdetections-DOB-1786663800.h5
reading /home/ionouser/chirpsounder2/my_station.ini
/dev/shm/hf25
found  775  files
block 1786663800 writing 771 detections /home/ionouser/ionozond_data2//2026-08-13/cdetections-DOB-1786663800.h5
reading /home/ionouser/chirpsounder2/my_station.ini
/dev/shm/hf25
found  777  files
block 1786663800 writing 773 detections /home/ionouser/ionozond_data2//2026-08-13/cdetections-DOB-1786663800.h5
reading /home/ionouser/chirpsounder2/my_station.ini
/dev/shm/hf25
found  799  files
block 1786662900 writing 426 detections /home/ionouser/ionozond_data2//2026-08-13/cdetections-DOB-1786662900.h5
deleting files 426 from previous block, which is now finished
block 1786664700 writing 369 detections /home/ionouser/ionozond_data2//2026-08-13/cdetections-DOB-1786664700.h5
reading /home/ionouser/chirpsounder2/my_station.ini
/dev/shm/hf25
found  443  files
block 1786664700 writing 439 detections /home/ionouser/ionozond_data2//2026-08-13/cdetections-DOB-1786664700.h5
reading /home/ionouser/chirpsounder2/my_station.ini
/dev/shm/hf25
found  463  files
block 1786664700 writing 459 detections /home/ionouser/ionozond_data2//2026-08-13/cdetections-DOB-1786664700.h5
reading /home/ionouser/chirpsounder2/my_station.ini
/dev/shm/hf25
found  464  files
block 1786664700 writing 460 detections /home/ionouser/ionozond_data2//2026-08-13/cdetections-DOB-1786664700.h5
reading /home/ionouser/chirpsounder2/my_station.ini
/dev/shm/hf25
found  469  files
block 1786664700 writing 465 detections /home/ionouser/ionozond_data2//2026-08-13/cdetections-DOB-1786664700.h5
reading /home/ionouser/chirpsounder2/my_station.ini
/dev/shm/hf25
found  502  files
block 1786664700 writing 498 detections /home/ionouser/ionozond_data2//2026-08-13/cdetections-DOB-1786664700.h5
reading /home/ionouser/chirpsounder2/my_station.ini
/dev/shm/hf25
found  559  files
block 1786664700 writing 555 detections /home/ionouser/ionozond_data2//2026-08-13/cdetections-DOB-1786664700.h5
reading /home/ionouser/chirpsounder2/my_station.ini
/dev/shm/hf25
found  570  files
block 1786664700 writing 566 detections /home/ionouser/ionozond_data2//2026-08-13/cdetections-DOB-1786664700.h5
reading /home/ionouser/chirpsounder2/my_station.ini
/dev/shm/hf25
found  574  files
block 1786664700 writing 570 detections /home/ionouser/ionozond_data2//2026-08-13/cdetections-DOB-1786664700.h5
reading /home/ionouser/chirpsounder2/my_station.ini
/dev/shm/hf25
found  582  files
block 1786664700 writing 578 detections /home/ionouser/ionozond_data2//2026-08-13/cdetections-DOB-1786664700.h5
reading /home/ionouser/chirpsounder2/my_station.ini
/dev/shm/hf25
found  615  files
block 1786664700 writing 611 detections /home/ionouser/ionozond_data2//2026-08-13/cdetections-DOB-1786664700.h5
reading /home/ionouser/chirpsounder2/my_station.ini
/dev/shm/hf25
found  652  files
block 1786664700 writing 648 detections /home/ionouser/ionozond_data2//2026-08-13/cdetections-DOB-1786664700.h5
reading /home/ionouser/chirpsounder2/my_station.ini
/dev/shm/hf25
found  660  files
block 1786664700 writing 656 detections /home/ionouser/ionozond_data2//2026-08-13/cdetections-DOB-1786664700.h5
reading /home/ionouser/chirpsounder2/my_station.ini
/dev/shm/hf25
found  662  files
block 1786664700 writing 658 detections /home/ionouser/ionozond_data2//2026-08-13/cdetections-DOB-1786664700.h5
reading /home/ionouser/chirpsounder2/my_station.ini
/dev/shm/hf25
found  670  files
block 1786663800 writing 361 detections /home/ionouser/ionozond_data2//2026-08-13/cdetections-DOB-1786663800.h5
deleting files 361 from previous block, which is now finished
block 1786664700 writing 305 detections /home/ionouser/ionozond_data2//2026-08-13/cdetections-DOB-1786664700.h5
reading /home/ionouser/chirpsounder2/my_station.ini
/dev/shm/hf25
found  370  files
block 1786665600 writing 366 detections /home/ionouser/ionozond_data2//2026-08-14/cdetections-DOB-1786665600.h5
reading /home/ionouser/chirpsounder2/my_station.ini
/dev/shm/hf25
found  389  files
block 1786665600 writing 385 detections /home/ionouser/ionozond_data2//2026-08-14/cdetections-DOB-1786665600.h5
reading /home/ionouser/chirpsounder2/my_station.ini
/dev/shm/hf25
found  392  files
block 1786665600 writing 388 detections /home/ionouser/ionozond_data2//2026-08-14/cdetections-DOB-1786665600.h5
reading /home/ionouser/chirpsounder2/my_station.ini
/dev/shm/hf25
found  397  files
block 1786665600 writing 393 detections /home/ionouser/ionozond_data2//2026-08-14/cdetections-DOB-1786665600.h5
reading /home/ionouser/chirpsounder2/my_station.ini
/dev/shm/hf25
found  410  files
block 1786665600 writing 406 detections /home/ionouser/ionozond_data2//2026-08-14/cdetections-DOB-1786665600.h5
reading /home/ionouser/chirpsounder2/my_station.ini
/dev/shm/hf25
found  463  files
block 1786665600 writing 459 detections /home/ionouser/ionozond_data2//2026-08-14/cdetections-DOB-1786665600.h5
reading /home/ionouser/chirpsounder2/my_station.ini
/dev/shm/hf25
found  482  files
block 1786665600 writing 478 detections /home/ionouser/ionozond_data2//2026-08-14/cdetections-DOB-1786665600.h5
reading /home/ionouser/chirpsounder2/my_station.ini
/dev/shm/hf25
found  485  files
block 1786665600 writing 481 detections /home/ionouser/ionozond_data2//2026-08-14/cdetections-DOB-1786665600.h5
reading /home/ionouser/chirpsounder2/my_station.ini
/dev/shm/hf25
found  487  files
block 1786665600 writing 483 detections /home/ionouser/ionozond_data2//2026-08-14/cdetections-DOB-1786665600.h5
reading /home/ionouser/chirpsounder2/my_station.ini
/dev/shm/hf25
found  511  files
block 1786665600 writing 507 detections /home/ionouser/ionozond_data2//2026-08-14/cdetections-DOB-1786665600.h5
reading /home/ionouser/chirpsounder2/my_station.ini
/dev/shm/hf25
found  560  files
block 1786665600 writing 556 detections /home/ionouser/ionozond_data2//2026-08-14/cdetections-DOB-1786665600.h5
reading /home/ionouser/chirpsounder2/my_station.ini
/dev/shm/hf25
found  567  files
block 1786665600 writing 563 detections /home/ionouser/ionozond_data2//2026-08-14/cdetections-DOB-1786665600.h5
reading /home/ionouser/chirpsounder2/my_station.ini
/dev/shm/hf25
found  570  files
block 1786665600 writing 566 detections /home/ionouser/ionozond_data2//2026-08-14/cdetections-DOB-1786665600.h5
reading /home/ionouser/chirpsounder2/my_station.ini
/dev/shm/hf25
found  573  files
block 1786665600 writing 569 detections /home/ionouser/ionozond_data2//2026-08-14/cdetections-DOB-1786665600.h5
reading /home/ionouser/chirpsounder2/my_station.ini
/dev/shm/hf25
found  599  files
block 1786664700 writing 307 detections /home/ionouser/ionozond_data2//2026-08-13/cdetections-DOB-1786664700.h5
deleting files 307 from previous block, which is now finished
block 1786666500 writing 288 detections /home/ionouser/ionozond_data2//2026-08-14/cdetections-DOB-1786666500.h5
reading /home/ionouser/chirpsounder2/my_station.ini
/dev/shm/hf25
found  336  files
block 1786666500 writing 332 detections /home/ionouser/ionozond_data2//2026-08-14/cdetections-DOB-1786666500.h5
reading /home/ionouser/chirpsounder2/my_station.ini
/dev/shm/hf25
found  340  files
block 1786666500 writing 336 detections /home/ionouser/ionozond_data2//2026-08-14/cdetections-DOB-1786666500.h5
reading /home/ionouser/chirpsounder2/my_station.ini
/dev/shm/hf25
found  342  files
block 1786666500 writing 338 detections /home/ionouser/ionozond_data2//2026-08-14/cdetections-DOB-1786666500.h5
reading /home/ionouser/chirpsounder2/my_station.ini
/dev/shm/hf25
found  350  files
block 1786666500 writing 346 detections /home/ionouser/ionozond_data2//2026-08-14/cdetections-DOB-1786666500.h5
reading /home/ionouser/chirpsounder2/my_station.ini
/dev/shm/hf25
found  400  files
block 1786666500 writing 396 detections /home/ionouser/ionozond_data2//2026-08-14/cdetections-DOB-1786666500.h5
reading /home/ionouser/chirpsounder2/my_station.ini
/dev/shm/hf25
found  422  files
block 1786666500 writing 418 detections /home/ionouser/ionozond_data2//2026-08-14/cdetections-DOB-1786666500.h5
reading /home/ionouser/chirpsounder2/my_station.ini
/dev/shm/hf25
found  422  files
block 1786666500 writing 418 detections /home/ionouser/ionozond_data2//2026-08-14/cdetections-DOB-1786666500.h5
reading /home/ionouser/chirpsounder2/my_station.ini
/dev/shm/hf25
found  425  files
block 1786666500 writing 421 detections /home/ionouser/ionozond_data2//2026-08-14/cdetections-DOB-1786666500.h5
reading /home/ionouser/chirpsounder2/my_station.ini
/dev/shm/hf25
found  436  files
block 1786666500 writing 432 detections /home/ionouser/ionozond_data2//2026-08-14/cdetections-DOB-1786666500.h5
reading /home/ionouser/chirpsounder2/my_station.ini
/dev/shm/hf25
found  481  files
block 1786666500 writing 477 detections /home/ionouser/ionozond_data2//2026-08-14/cdetections-DOB-1786666500.h5
reading /home/ionouser/chirpsounder2/my_station.ini
/dev/shm/hf25
found  489  files
block 1786666500 writing 485 detections /home/ionouser/ionozond_data2//2026-08-14/cdetections-DOB-1786666500.h5
reading /home/ionouser/chirpsounder2/my_station.ini
/dev/shm/hf25
found  493  files
block 1786666500 writing 489 detections /home/ionouser/ionozond_data2//2026-08-14/cdetections-DOB-1786666500.h5
reading /home/ionouser/chirpsounder2/my_station.ini
/dev/shm/hf25
found  496  files
block 1786666500 writing 492 detections /home/ionouser/ionozond_data2//2026-08-14/cdetections-DOB-1786666500.h5
reading /home/ionouser/chirpsounder2/my_station.ini
/dev/shm/hf25
found  514  files
block 1786665600 writing 271 detections /home/ionouser/ionozond_data2//2026-08-14/cdetections-DOB-1786665600.h5
deleting files 271 from previous block, which is now finished
block 1786667400 writing 239 detections /home/ionouser/ionozond_data2//2026-08-14/cdetections-DOB-1786667400.h5
reading /home/ionouser/chirpsounder2/my_station.ini
/dev/shm/hf25
found  286  files
block 1786667400 writing 282 detections /home/ionouser/ionozond_data2//2026-08-14/cdetections-DOB-1786667400.h5
reading /home/ionouser/chirpsounder2/my_station.ini
/dev/shm/hf25
found  294  files
block 1786667400 writing 290 detections /home/ionouser/ionozond_data2//2026-08-14/cdetections-DOB-1786667400.h5
reading /home/ionouser/chirpsounder2/my_station.ini
/dev/shm/hf25
found  295  files
block 1786667400 writing 291 detections /home/ionouser/ionozond_data2//2026-08-14/cdetections-DOB-1786667400.h5
reading /home/ionouser/chirpsounder2/my_station.ini
/dev/shm/hf25
found  297  files
block 1786667400 writing 293 detections /home/ionouser/ionozond_data2//2026-08-14/cdetections-DOB-1786667400.h5
reading /home/ionouser/chirpsounder2/my_station.ini
/dev/shm/hf25
found  321  files
block 1786667400 writing 317 detections /home/ionouser/ionozond_data2//2026-08-14/cdetections-DOB-1786667400.h5
reading /home/ionouser/chirpsounder2/my_station.ini
/dev/shm/hf25
found  347  files
block 1786667400 writing 343 detections /home/ionouser/ionozond_data2//2026-08-14/cdetections-DOB-1786667400.h5
reading /home/ionouser/chirpsounder2/my_station.ini
/dev/shm/hf25
found  353  files
block 1786667400 writing 349 detections /home/ionouser/ionozond_data2//2026-08-14/cdetections-DOB-1786667400.h5
reading /home/ionouser/chirpsounder2/my_station.ini
/dev/shm/hf25
found  354  files
block 1786667400 writing 350 detections /home/ionouser/ionozond_data2//2026-08-14/cdetections-DOB-1786667400.h5
reading /home/ionouser/chirpsounder2/my_station.ini
/dev/shm/hf25
found  358  files
block 1786667400 writing 354 detections /home/ionouser/ionozond_data2//2026-08-14/cdetections-DOB-1786667400.h5
reading /home/ionouser/chirpsounder2/my_station.ini
/dev/shm/hf25
found  387  files
block 1786667400 writing 383 detections /home/ionouser/ionozond_data2//2026-08-14/cdetections-DOB-1786667400.h5
reading /home/ionouser/chirpsounder2/my_station.ini
/dev/shm/hf25
found  410  files
block 1786667400 writing 406 detections /home/ionouser/ionozond_data2//2026-08-14/cdetections-DOB-1786667400.h5
reading /home/ionouser/chirpsounder2/my_station.ini
/dev/shm/hf25
found  413  files
block 1786667400 writing 409 detections /home/ionouser/ionozond_data2//2026-08-14/cdetections-DOB-1786667400.h5
reading /home/ionouser/chirpsounder2/my_station.ini
/dev/shm/hf25
found  415  files
block 1786667400 writing 411 detections /home/ionouser/ionozond_data2//2026-08-14/cdetections-DOB-1786667400.h5
reading /home/ionouser/chirpsounder2/my_station.ini
/dev/shm/hf25
found  422  files
block 1786667400 writing 418 detections /home/ionouser/ionozond_data2//2026-08-14/cdetections-DOB-1786667400.h5
reading /home/ionouser/chirpsounder2/my_station.ini
/dev/shm/hf25
found  458  files
block 1786666500 writing 232 detections /home/ionouser/ionozond_data2//2026-08-14/cdetections-DOB-1786666500.h5
deleting files 232 from previous block, which is now finished
block 1786668300 writing 222 detections /home/ionouser/ionozond_data2//2026-08-14/cdetections-DOB-1786668300.h5
reading /home/ionouser/chirpsounder2/my_station.ini
/dev/shm/hf25
found  242  files
block 1786668300 writing 238 detections /home/ionouser/ionozond_data2//2026-08-14/cdetections-DOB-1786668300.h5
reading /home/ionouser/chirpsounder2/my_station.ini
/dev/shm/hf25
found  243  files
block 1786668300 writing 239 detections /home/ionouser/ionozond_data2//2026-08-14/cdetections-DOB-1786668300.h5
reading /home/ionouser/chirpsounder2/my_station.ini
/dev/shm/hf25
found  244  files
block 1786668300 writing 240 detections /home/ionouser/ionozond_data2//2026-08-14/cdetections-DOB-1786668300.h5
reading /home/ionouser/chirpsounder2/my_station.ini
/dev/shm/hf25
found  254  files
block 1786668300 writing 250 detections /home/ionouser/ionozond_data2//2026-08-14/cdetections-DOB-1786668300.h5
reading /home/ionouser/chirpsounder2/my_station.ini
/dev/shm/hf25
found  291  files
block 1786668300 writing 287 detections /home/ionouser/ionozond_data2//2026-08-14/cdetections-DOB-1786668300.h5
reading /home/ionouser/chirpsounder2/my_station.ini
/dev/shm/hf25
found  298  files
block 1786668300 writing 294 detections /home/ionouser/ionozond_data2//2026-08-14/cdetections-DOB-1786668300.h5
reading /home/ionouser/chirpsounder2/my_station.ini
/dev/shm/hf25
found  298  files
block 1786668300 writing 294 detections /home/ionouser/ionozond_data2//2026-08-14/cdetections-DOB-1786668300.h5
reading /home/ionouser/chirpsounder2/my_station.ini
/dev/shm/hf25
found  298  files
block 1786668300 writing 294 detections /home/ionouser/ionozond_data2//2026-08-14/cdetections-DOB-1786668300.h5
reading /home/ionouser/chirpsounder2/my_station.ini
/dev/shm/hf25
found  310  files
block 1786668300 writing 306 detections /home/ionouser/ionozond_data2//2026-08-14/cdetections-DOB-1786668300.h5
reading /home/ionouser/chirpsounder2/my_station.ini
/dev/shm/hf25
found  347  files
block 1786668300 writing 343 detections /home/ionouser/ionozond_data2//2026-08-14/cdetections-DOB-1786668300.h5
reading /home/ionouser/chirpsounder2/my_station.ini
/dev/shm/hf25
found  354  files
block 1786668300 writing 350 detections /home/ionouser/ionozond_data2//2026-08-14/cdetections-DOB-1786668300.h5
reading /home/ionouser/chirpsounder2/my_station.ini
/dev/shm/hf25
found  354  files
block 1786668300 writing 350 detections /home/ionouser/ionozond_data2//2026-08-14/cdetections-DOB-1786668300.h5
reading /home/ionouser/chirpsounder2/my_station.ini
/dev/shm/hf25
found  356  files
block 1786668300 writing 352 detections /home/ionouser/ionozond_data2//2026-08-14/cdetections-DOB-1786668300.h5
reading /home/ionouser/chirpsounder2/my_station.ini
/dev/shm/hf25
found  369  files
block 1786667400 writing 191 detections /home/ionouser/ionozond_data2//2026-08-14/cdetections-DOB-1786667400.h5
deleting files 191 from previous block, which is now finished
block 1786669200 writing 174 detections /home/ionouser/ionozond_data2//2026-08-14/cdetections-DOB-1786669200.h5
reading /home/ionouser/chirpsounder2/my_station.ini
/dev/shm/hf25
found  220  files
block 1786669200 writing 216 detections /home/ionouser/ionozond_data2//2026-08-14/cdetections-DOB-1786669200.h5
reading /home/ionouser/chirpsounder2/my_station.ini
/dev/shm/hf25
found  228  files
block 1786669200 writing 224 detections /home/ionouser/ionozond_data2//2026-08-14/cdetections-DOB-1786669200.h5
reading /home/ionouser/chirpsounder2/my_station.ini
/dev/shm/hf25
found  229  files
block 1786669200 writing 225 detections /home/ionouser/ionozond_data2//2026-08-14/cdetections-DOB-1786669200.h5
reading /home/ionouser/chirpsounder2/my_station.ini
/dev/shm/hf25
found  231  files
block 1786669200 writing 227 detections /home/ionouser/ionozond_data2//2026-08-14/cdetections-DOB-1786669200.h5
reading /home/ionouser/chirpsounder2/my_station.ini
/dev/shm/hf25
found  249  files
block 1786669200 writing 245 detections /home/ionouser/ionozond_data2//2026-08-14/cdetections-DOB-1786669200.h5
reading /home/ionouser/chirpsounder2/my_station.ini
/dev/shm/hf25
found  280  files
block 1786669200 writing 276 detections /home/ionouser/ionozond_data2//2026-08-14/cdetections-DOB-1786669200.h5
reading /home/ionouser/chirpsounder2/my_station.ini
/dev/shm/hf25
found  288  files
block 1786669200 writing 284 detections /home/ionouser/ionozond_data2//2026-08-14/cdetections-DOB-1786669200.h5
reading /home/ionouser/chirpsounder2/my_station.ini
/dev/shm/hf25
found  291  files
block 1786669200 writing 287 detections /home/ionouser/ionozond_data2//2026-08-14/cdetections-DOB-1786669200.h5
reading /home/ionouser/chirpsounder2/my_station.ini
/dev/shm/hf25
found  292  files
block 1786669200 writing 288 detections /home/ionouser/ionozond_data2//2026-08-14/cdetections-DOB-1786669200.h5
reading /home/ionouser/chirpsounder2/my_station.ini
/dev/shm/hf25
found  310  files
block 1786669200 writing 306 detections /home/ionouser/ionozond_data2//2026-08-14/cdetections-DOB-1786669200.h5
reading /home/ionouser/chirpsounder2/my_station.ini
/dev/shm/hf25
found  340  files
block 1786669200 writing 336 detections /home/ionouser/ionozond_data2//2026-08-14/cdetections-DOB-1786669200.h5
reading /home/ionouser/chirpsounder2/my_station.ini
/dev/shm/hf25
found  341  files
block 1786669200 writing 337 detections /home/ionouser/ionozond_data2//2026-08-14/cdetections-DOB-1786669200.h5
reading /home/ionouser/chirpsounder2/my_station.ini
/dev/shm/hf25
found  343  files
block 1786669200 writing 339 detections /home/ionouser/ionozond_data2//2026-08-14/cdetections-DOB-1786669200.h5
reading /home/ionouser/chirpsounder2/my_station.ini
/dev/shm/hf25
found  345  files
block 1786669200 writing 341 detections /home/ionouser/ionozond_data2//2026-08-14/cdetections-DOB-1786669200.h5
reading /home/ionouser/chirpsounder2/my_station.ini
/dev/shm/hf25
found  373  files
block 1786668300 writing 173 detections /home/ionouser/ionozond_data2//2026-08-14/cdetections-DOB-1786668300.h5
deleting files 173 from previous block, which is now finished
block 1786670100 writing 196 detections /home/ionouser/ionozond_data2//2026-08-14/cdetections-DOB-1786670100.h5
reading /home/ionouser/chirpsounder2/my_station.ini
/dev/shm/hf25
found  229  files
block 1786670100 writing 225 detections /home/ionouser/ionozond_data2//2026-08-14/cdetections-DOB-1786670100.h5
reading /home/ionouser/chirpsounder2/my_station.ini
/dev/shm/hf25
found  229  files
block 1786670100 writing 225 detections /home/ionouser/ionozond_data2//2026-08-14/cdetections-DOB-1786670100.h5
reading /home/ionouser/chirpsounder2/my_station.ini
/dev/shm/hf25
found  231  files
block 1786670100 writing 227 detections /home/ionouser/ionozond_data2//2026-08-14/cdetections-DOB-1786670100.h5
reading /home/ionouser/chirpsounder2/my_station.ini
/dev/shm/hf25
found  237  files
block 1786670100 writing 233 detections /home/ionouser/ionozond_data2//2026-08-14/cdetections-DOB-1786670100.h5
reading /home/ionouser/chirpsounder2/my_station.ini
/dev/shm/hf25
found  266  files
block 1786670100 writing 262 detections /home/ionouser/ionozond_data2//2026-08-14/cdetections-DOB-1786670100.h5
reading /home/ionouser/chirpsounder2/my_station.ini
/dev/shm/hf25
found  286  files
block 1786670100 writing 282 detections /home/ionouser/ionozond_data2//2026-08-14/cdetections-DOB-1786670100.h5
reading /home/ionouser/chirpsounder2/my_station.ini
/dev/shm/hf25
found  286  files
block 1786670100 writing 282 detections /home/ionouser/ionozond_data2//2026-08-14/cdetections-DOB-1786670100.h5
reading /home/ionouser/chirpsounder2/my_station.ini
/dev/shm/hf25
found  287  files
block 1786670100 writing 283 detections /home/ionouser/ionozond_data2//2026-08-14/cdetections-DOB-1786670100.h5
reading /home/ionouser/chirpsounder2/my_station.ini
/dev/shm/hf25
found  296  files
block 1786670100 writing 292 detections /home/ionouser/ionozond_data2//2026-08-14/cdetections-DOB-1786670100.h5
reading /home/ionouser/chirpsounder2/my_station.ini
/dev/shm/hf25
found  338  files
block 1786670100 writing 334 detections /home/ionouser/ionozond_data2//2026-08-14/cdetections-DOB-1786670100.h5
reading /home/ionouser/chirpsounder2/my_station.ini
/dev/shm/hf25
found  349  files
block 1786670100 writing 345 detections /home/ionouser/ionozond_data2//2026-08-14/cdetections-DOB-1786670100.h5
reading /home/ionouser/chirpsounder2/my_station.ini
/dev/shm/hf25
found  352  files
block 1786670100 writing 348 detections /home/ionouser/ionozond_data2//2026-08-14/cdetections-DOB-1786670100.h5
reading /home/ionouser/chirpsounder2/my_station.ini
/dev/shm/hf25
found  352  files
block 1786670100 writing 348 detections /home/ionouser/ionozond_data2//2026-08-14/cdetections-DOB-1786670100.h5
reading /home/ionouser/chirpsounder2/my_station.ini
/dev/shm/hf25
found  362  files
block 1786669200 writing 176 detections /home/ionouser/ionozond_data2//2026-08-14/cdetections-DOB-1786669200.h5
deleting files 176 from previous block, which is now finished
block 1786670100 writing 182 detections /home/ionouser/ionozond_data2//2026-08-14/cdetections-DOB-1786670100.h5
reading /home/ionouser/chirpsounder2/my_station.ini
/dev/shm/hf25
found  229  files
block 1786671000 writing 225 detections /home/ionouser/ionozond_data2//2026-08-14/cdetections-DOB-1786671000.h5
reading /home/ionouser/chirpsounder2/my_station.ini
/dev/shm/hf25
found  236  files
block 1786671000 writing 232 detections /home/ionouser/ionozond_data2//2026-08-14/cdetections-DOB-1786671000.h5
reading /home/ionouser/chirpsounder2/my_station.ini
/dev/shm/hf25
found  239  files
block 1786671000 writing 235 detections /home/ionouser/ionozond_data2//2026-08-14/cdetections-DOB-1786671000.h5
reading /home/ionouser/chirpsounder2/my_station.ini
/dev/shm/hf25
found  239  files
block 1786671000 writing 235 detections /home/ionouser/ionozond_data2//2026-08-14/cdetections-DOB-1786671000.h5
reading /home/ionouser/chirpsounder2/my_station.ini
/dev/shm/hf25
found  244  files
block 1786671000 writing 240 detections /home/ionouser/ionozond_data2//2026-08-14/cdetections-DOB-1786671000.h5
reading /home/ionouser/chirpsounder2/my_station.ini
/dev/shm/hf25
found  284  files
block 1786671000 writing 280 detections /home/ionouser/ionozond_data2//2026-08-14/cdetections-DOB-1786671000.h5
reading /home/ionouser/chirpsounder2/my_station.ini
/dev/shm/hf25
found  292  files
block 1786671000 writing 288 detections /home/ionouser/ionozond_data2//2026-08-14/cdetections-DOB-1786671000.h5
reading /home/ionouser/chirpsounder2/my_station.ini
/dev/shm/hf25
found  295  files
block 1786671000 writing 291 detections /home/ionouser/ionozond_data2//2026-08-14/cdetections-DOB-1786671000.h5
reading /home/ionouser/chirpsounder2/my_station.ini
/dev/shm/hf25
found  297  files
block 1786671000 writing 293 detections /home/ionouser/ionozond_data2//2026-08-14/cdetections-DOB-1786671000.h5
reading /home/ionouser/chirpsounder2/my_station.ini
/dev/shm/hf25
found  314  files
block 1786671000 writing 310 detections /home/ionouser/ionozond_data2//2026-08-14/cdetections-DOB-1786671000.h5
reading /home/ionouser/chirpsounder2/my_station.ini
/dev/shm/hf25
found  347  files
block 1786671000 writing 343 detections /home/ionouser/ionozond_data2//2026-08-14/cdetections-DOB-1786671000.h5
reading /home/ionouser/chirpsounder2/my_station.ini
/dev/shm/hf25
found  359  files
block 1786671000 writing 355 detections /home/ionouser/ionozond_data2//2026-08-14/cdetections-DOB-1786671000.h5
reading /home/ionouser/chirpsounder2/my_station.ini
/dev/shm/hf25
found  364  files
block 1786671000 writing 360 detections /home/ionouser/ionozond_data2//2026-08-14/cdetections-DOB-1786671000.h5
reading /home/ionouser/chirpsounder2/my_station.ini
/dev/shm/hf25
found  372  files
block 1786671000 writing 368 detections /home/ionouser/ionozond_data2//2026-08-14/cdetections-DOB-1786671000.h5
reading /home/ionouser/chirpsounder2/my_station.ini
/dev/shm/hf25
found  392  files
block 1786670100 writing 185 detections /home/ionouser/ionozond_data2//2026-08-14/cdetections-DOB-1786670100.h5
deleting files 185 from previous block, which is now finished
block 1786671900 writing 203 detections /home/ionouser/ionozond_data2//2026-08-14/cdetections-DOB-1786671900.h5
reading /home/ionouser/chirpsounder2/my_station.ini
/dev/shm/hf25
found  242  files
block 1786671900 writing 238 detections /home/ionouser/ionozond_data2//2026-08-14/cdetections-DOB-1786671900.h5
reading /home/ionouser/chirpsounder2/my_station.ini
/dev/shm/hf25
found  250  files
block 1786671900 writing 246 detections /home/ionouser/ionozond_data2//2026-08-14/cdetections-DOB-1786671900.h5
reading /home/ionouser/chirpsounder2/my_station.ini
/dev/shm/hf25
found  257  files
block 1786671900 writing 253 detections /home/ionouser/ionozond_data2//2026-08-14/cdetections-DOB-1786671900.h5
reading /home/ionouser/chirpsounder2/my_station.ini
/dev/shm/hf25
found  278  files
block 1786671900 writing 274 detections /home/ionouser/ionozond_data2//2026-08-14/cdetections-DOB-1786671900.h5
reading /home/ionouser/chirpsounder2/my_station.ini
/dev/shm/hf25
found  310  files
block 1786671900 writing 306 detections /home/ionouser/ionozond_data2//2026-08-14/cdetections-DOB-1786671900.h5
reading /home/ionouser/chirpsounder2/my_station.ini
/dev/shm/hf25
found  347  files
block 1786671900 writing 343 detections /home/ionouser/ionozond_data2//2026-08-14/cdetections-DOB-1786671900.h5
reading /home/ionouser/chirpsounder2/my_station.ini
/dev/shm/hf25
found  358  files
block 1786671900 writing 354 detections /home/ionouser/ionozond_data2//2026-08-14/cdetections-DOB-1786671900.h5
reading /home/ionouser/chirpsounder2/my_station.ini
/dev/shm/hf25
found  363  files
block 1786671900 writing 359 detections /home/ionouser/ionozond_data2//2026-08-14/cdetections-DOB-1786671900.h5
reading /home/ionouser/chirpsounder2/my_station.ini
/dev/shm/hf25
found  377  files
block 1786671900 writing 373 detections /home/ionouser/ionozond_data2//2026-08-14/cdetections-DOB-1786671900.h5
reading /home/ionouser/chirpsounder2/my_station.ini
/dev/shm/hf25
found  410  files
block 1786671900 writing 406 detections /home/ionouser/ionozond_data2//2026-08-14/cdetections-DOB-1786671900.h5
reading /home/ionouser/chirpsounder2/my_station.ini
/dev/shm/hf25
found  437  files
block 1786671900 writing 433 detections /home/ionouser/ionozond_data2//2026-08-14/cdetections-DOB-1786671900.h5
reading /home/ionouser/chirpsounder2/my_station.ini
/dev/shm/hf25
found  439  files
block 1786671900 writing 435 detections /home/ionouser/ionozond_data2//2026-08-14/cdetections-DOB-1786671900.h5
reading /home/ionouser/chirpsounder2/my_station.ini
/dev/shm/hf25
found  440  files
block 1786671900 writing 436 detections /home/ionouser/ionozond_data2//2026-08-14/cdetections-DOB-1786671900.h5
reading /home/ionouser/chirpsounder2/my_station.ini
/dev/shm/hf25
found  452  files
block 1786671000 writing 190 detections /home/ionouser/ionozond_data2//2026-08-14/cdetections-DOB-1786671000.h5
deleting files 190 from previous block, which is now finished
block 1786671900 writing 258 detections /home/ionouser/ionozond_data2//2026-08-14/cdetections-DOB-1786671900.h5
reading /home/ionouser/chirpsounder2/my_station.ini
/dev/shm/hf25
found  301  files
block 1786672800 writing 297 detections /home/ionouser/ionozond_data2//2026-08-14/cdetections-DOB-1786672800.h5
reading /home/ionouser/chirpsounder2/my_station.ini
/dev/shm/hf25
found  308  files
block 1786672800 writing 304 detections /home/ionouser/ionozond_data2//2026-08-14/cdetections-DOB-1786672800.h5
reading /home/ionouser/chirpsounder2/my_station.ini
/dev/shm/hf25
found  309  files
block 1786672800 writing 305 detections /home/ionouser/ionozond_data2//2026-08-14/cdetections-DOB-1786672800.h5
reading /home/ionouser/chirpsounder2/my_station.ini
/dev/shm/hf25
found  313  files
block 1786672800 writing 309 detections /home/ionouser/ionozond_data2//2026-08-14/cdetections-DOB-1786672800.h5
reading /home/ionouser/chirpsounder2/my_station.ini
/dev/shm/hf25
found  318  files
block 1786672800 writing 314 detections /home/ionouser/ionozond_data2//2026-08-14/cdetections-DOB-1786672800.h5
reading /home/ionouser/chirpsounder2/my_station.ini
/dev/shm/hf25
found  348  files
block 1786672800 writing 344 detections /home/ionouser/ionozond_data2//2026-08-14/cdetections-DOB-1786672800.h5
reading /home/ionouser/chirpsounder2/my_station.ini
/dev/shm/hf25
found  351  files
block 1786672800 writing 347 detections /home/ionouser/ionozond_data2//2026-08-14/cdetections-DOB-1786672800.h5
reading /home/ionouser/chirpsounder2/my_station.ini
/dev/shm/hf25
found  353  files
block 1786672800 writing 349 detections /home/ionouser/ionozond_data2//2026-08-14/cdetections-DOB-1786672800.h5
reading /home/ionouser/chirpsounder2/my_station.ini
/dev/shm/hf25
found  355  files
block 1786672800 writing 351 detections /home/ionouser/ionozond_data2//2026-08-14/cdetections-DOB-1786672800.h5
reading /home/ionouser/chirpsounder2/my_station.ini
/dev/shm/hf25
found  365  files
block 1786672800 writing 361 detections /home/ionouser/ionozond_data2//2026-08-14/cdetections-DOB-1786672800.h5
reading /home/ionouser/chirpsounder2/my_station.ini
/dev/shm/hf25
found  388  files
block 1786672800 writing 384 detections /home/ionouser/ionozond_data2//2026-08-14/cdetections-DOB-1786672800.h5
reading /home/ionouser/chirpsounder2/my_station.ini
/dev/shm/hf25
found  394  files
block 1786672800 writing 390 detections /home/ionouser/ionozond_data2//2026-08-14/cdetections-DOB-1786672800.h5
reading /home/ionouser/chirpsounder2/my_station.ini
/dev/shm/hf25
found  398  files
block 1786672800 writing 394 detections /home/ionouser/ionozond_data2//2026-08-14/cdetections-DOB-1786672800.h5
reading /home/ionouser/chirpsounder2/my_station.ini
/dev/shm/hf25
found  403  files
block 1786672800 writing 399 detections /home/ionouser/ionozond_data2//2026-08-14/cdetections-DOB-1786672800.h5
reading /home/ionouser/chirpsounder2/my_station.ini
/dev/shm/hf25
found  417  files
block 1786671900 writing 262 detections /home/ionouser/ionozond_data2//2026-08-14/cdetections-DOB-1786671900.h5
deleting files 262 from previous block, which is now finished
block 1786673700 writing 151 detections /home/ionouser/ionozond_data2//2026-08-14/cdetections-DOB-1786673700.h5
reading /home/ionouser/chirpsounder2/my_station.ini
/dev/shm/hf25
found  178  files
block 1786673700 writing 174 detections /home/ionouser/ionozond_data2//2026-08-14/cdetections-DOB-1786673700.h5
reading /home/ionouser/chirpsounder2/my_station.ini
/dev/shm/hf25
found  181  files
block 1786673700 writing 177 detections /home/ionouser/ionozond_data2//2026-08-14/cdetections-DOB-1786673700.h5
reading /home/ionouser/chirpsounder2/my_station.ini
/dev/shm/hf25
found  186  files
block 1786673700 writing 182 detections /home/ionouser/ionozond_data2//2026-08-14/cdetections-DOB-1786673700.h5
reading /home/ionouser/chirpsounder2/my_station.ini
/dev/shm/hf25
found  192  files
block 1786673700 writing 188 detections /home/ionouser/ionozond_data2//2026-08-14/cdetections-DOB-1786673700.h5
reading /home/ionouser/chirpsounder2/my_station.ini
/dev/shm/hf25
found  214  files
block 1786673700 writing 210 detections /home/ionouser/ionozond_data2//2026-08-14/cdetections-DOB-1786673700.h5
reading /home/ionouser/chirpsounder2/my_station.ini
/dev/shm/hf25
found  225  files
block 1786673700 writing 221 detections /home/ionouser/ionozond_data2//2026-08-14/cdetections-DOB-1786673700.h5
reading /home/ionouser/chirpsounder2/my_station.ini
/dev/shm/hf25
found  232  files
block 1786673700 writing 228 detections /home/ionouser/ionozond_data2//2026-08-14/cdetections-DOB-1786673700.h5
reading /home/ionouser/chirpsounder2/my_station.ini
/dev/shm/hf25
found  234  files
block 1786673700 writing 230 detections /home/ionouser/ionozond_data2//2026-08-14/cdetections-DOB-1786673700.h5
reading /home/ionouser/chirpsounder2/my_station.ini
/dev/shm/hf25
found  241  files
block 1786673700 writing 237 detections /home/ionouser/ionozond_data2//2026-08-14/cdetections-DOB-1786673700.h5
reading /home/ionouser/chirpsounder2/my_station.ini
/dev/shm/hf25
found  260  files
block 1786673700 writing 256 detections /home/ionouser/ionozond_data2//2026-08-14/cdetections-DOB-1786673700.h5
reading /home/ionouser/chirpsounder2/my_station.ini
/dev/shm/hf25
found  271  files
block 1786673700 writing 267 detections /home/ionouser/ionozond_data2//2026-08-14/cdetections-DOB-1786673700.h5
reading /home/ionouser/chirpsounder2/my_station.ini
/dev/shm/hf25
found  275  files
block 1786673700 writing 271 detections /home/ionouser/ionozond_data2//2026-08-14/cdetections-DOB-1786673700.h5
reading /home/ionouser/chirpsounder2/my_station.ini
/dev/shm/hf25
found  277  files
block 1786673700 writing 273 detections /home/ionouser/ionozond_data2//2026-08-14/cdetections-DOB-1786673700.h5
reading /home/ionouser/chirpsounder2/my_station.ini
/dev/shm/hf25
found  283  files
block 1786672800 writing 145 detections /home/ionouser/ionozond_data2//2026-08-14/cdetections-DOB-1786672800.h5
couldn't post file /home/ionouser/ionozond_data2//2026-08-14/cdetections-DOB-1786672800.h5 to server: HTTPSConnectionPool(host='juha.no', port=443): Max retries exceeded with url: /upload.php (Caused by ProxyError('Cannot connect to proxy.', NewConnectionError('<urllib3.connection.HTTPSConnection object at 0x7f0bc02b2b20>: Failed to establish a new connection: [Errno 111] Connection refused')))
deleting files 145 from previous block, which is now finished
block 1786673700 writing 134 detections /home/ionouser/ionozond_data2//2026-08-14/cdetections-DOB-1786673700.h5
couldn't post file /home/ionouser/ionozond_data2//2026-08-14/cdetections-DOB-1786673700.h5 to server: HTTPSConnectionPool(host='juha.no', port=443): Max retries exceeded with url: /upload.php (Caused by ProxyError('Cannot connect to proxy.', NewConnectionError('<urllib3.connection.HTTPSConnection object at 0x7f0bc02b2ee0>: Failed to establish a new connection: [Errno 111] Connection refused')))
reading /home/ionouser/chirpsounder2/my_station.ini
/dev/shm/hf25
found  161  files
block 1786674600 writing 157 detections /home/ionouser/ionozond_data2//2026-08-14/cdetections-DOB-1786674600.h5
reading /home/ionouser/chirpsounder2/my_station.ini
/dev/shm/hf25
found  173  files
block 1786674600 writing 169 detections /home/ionouser/ionozond_data2//2026-08-14/cdetections-DOB-1786674600.h5
reading /home/ionouser/chirpsounder2/my_station.ini
/dev/shm/hf25
found  174  files
block 1786674600 writing 170 detections /home/ionouser/ionozond_data2//2026-08-14/cdetections-DOB-1786674600.h5
reading /home/ionouser/chirpsounder2/my_station.ini
/dev/shm/hf25
found  177  files
block 1786674600 writing 173 detections /home/ionouser/ionozond_data2//2026-08-14/cdetections-DOB-1786674600.h5
reading /home/ionouser/chirpsounder2/my_station.ini
/dev/shm/hf25
found  181  files
block 1786674600 writing 177 detections /home/ionouser/ionozond_data2//2026-08-14/cdetections-DOB-1786674600.h5
reading /home/ionouser/chirpsounder2/my_station.ini
/dev/shm/hf25
found  204  files
block 1786674600 writing 200 detections /home/ionouser/ionozond_data2//2026-08-14/cdetections-DOB-1786674600.h5
reading /home/ionouser/chirpsounder2/my_station.ini
/dev/shm/hf25
found  210  files
block 1786674600 writing 206 detections /home/ionouser/ionozond_data2//2026-08-14/cdetections-DOB-1786674600.h5
reading /home/ionouser/chirpsounder2/my_station.ini
/dev/shm/hf25
found  211  files
block 1786674600 writing 207 detections /home/ionouser/ionozond_data2//2026-08-14/cdetections-DOB-1786674600.h5
reading /home/ionouser/chirpsounder2/my_station.ini
/dev/shm/hf25
found  212  files
block 1786674600 writing 208 detections /home/ionouser/ionozond_data2//2026-08-14/cdetections-DOB-1786674600.h5
reading /home/ionouser/chirpsounder2/my_station.ini
/dev/shm/hf25
found  214  files
block 1786674600 writing 210 detections /home/ionouser/ionozond_data2//2026-08-14/cdetections-DOB-1786674600.h5
reading /home/ionouser/chirpsounder2/my_station.ini
/dev/shm/hf25
found  242  files
block 1786674600 writing 238 detections /home/ionouser/ionozond_data2//2026-08-14/cdetections-DOB-1786674600.h5
reading /home/ionouser/chirpsounder2/my_station.ini
/dev/shm/hf25
found  253  files
block 1786674600 writing 249 detections /home/ionouser/ionozond_data2//2026-08-14/cdetections-DOB-1786674600.h5
reading /home/ionouser/chirpsounder2/my_station.ini
/dev/shm/hf25
found  256  files
block 1786674600 writing 252 detections /home/ionouser/ionozond_data2//2026-08-14/cdetections-DOB-1786674600.h5
reading /home/ionouser/chirpsounder2/my_station.ini
/dev/shm/hf25
found  257  files
block 1786674600 writing 253 detections /home/ionouser/ionozond_data2//2026-08-14/cdetections-DOB-1786674600.h5
reading /home/ionouser/chirpsounder2/my_station.ini
/dev/shm/hf25
found  259  files
block 1786673700 writing 138 detections /home/ionouser/ionozond_data2//2026-08-14/cdetections-DOB-1786673700.h5
deleting files 138 from previous block, which is now finished
block 1786674600 writing 117 detections /home/ionouser/ionozond_data2//2026-08-14/cdetections-DOB-1786674600.h5
reading /home/ionouser/chirpsounder2/my_station.ini
/dev/shm/hf25
found  152  files
block 1786675500 writing 148 detections /home/ionouser/ionozond_data2//2026-08-14/cdetections-DOB-1786675500.h5
reading /home/ionouser/chirpsounder2/my_station.ini
/dev/shm/hf25
found  157  files
block 1786675500 writing 153 detections /home/ionouser/ionozond_data2//2026-08-14/cdetections-DOB-1786675500.h5
reading /home/ionouser/chirpsounder2/my_station.ini
/dev/shm/hf25
found  162  files
block 1786675500 writing 158 detections /home/ionouser/ionozond_data2//2026-08-14/cdetections-DOB-1786675500.h5
reading /home/ionouser/chirpsounder2/my_station.ini
/dev/shm/hf25
found  166  files
block 1786675500 writing 162 detections /home/ionouser/ionozond_data2//2026-08-14/cdetections-DOB-1786675500.h5
reading /home/ionouser/chirpsounder2/my_station.ini
/dev/shm/hf25
found  171  files
block 1786675500 writing 167 detections /home/ionouser/ionozond_data2//2026-08-14/cdetections-DOB-1786675500.h5
reading /home/ionouser/chirpsounder2/my_station.ini
/dev/shm/hf25
found  198  files
block 1786675500 writing 194 detections /home/ionouser/ionozond_data2//2026-08-14/cdetections-DOB-1786675500.h5
reading /home/ionouser/chirpsounder2/my_station.ini
/dev/shm/hf25
found  203  files
block 1786675500 writing 199 detections /home/ionouser/ionozond_data2//2026-08-14/cdetections-DOB-1786675500.h5
reading /home/ionouser/chirpsounder2/my_station.ini
/dev/shm/hf25
found  204  files
block 1786675500 writing 200 detections /home/ionouser/ionozond_data2//2026-08-14/cdetections-DOB-1786675500.h5
reading /home/ionouser/chirpsounder2/my_station.ini
/dev/shm/hf25
found  209  files
block 1786675500 writing 205 detections /home/ionouser/ionozond_data2//2026-08-14/cdetections-DOB-1786675500.h5
reading /home/ionouser/chirpsounder2/my_station.ini
/dev/shm/hf25
found  218  files
block 1786675500 writing 214 detections /home/ionouser/ionozond_data2//2026-08-14/cdetections-DOB-1786675500.h5
reading /home/ionouser/chirpsounder2/my_station.ini
/dev/shm/hf25
found  248  files
block 1786675500 writing 244 detections /home/ionouser/ionozond_data2//2026-08-14/cdetections-DOB-1786675500.h5
reading /home/ionouser/chirpsounder2/my_station.ini
/dev/shm/hf25
found  259  files
block 1786675500 writing 255 detections /home/ionouser/ionozond_data2//2026-08-14/cdetections-DOB-1786675500.h5
reading /home/ionouser/chirpsounder2/my_station.ini
/dev/shm/hf25
found  265  files
block 1786675500 writing 261 detections /home/ionouser/ionozond_data2//2026-08-14/cdetections-DOB-1786675500.h5
reading /home/ionouser/chirpsounder2/my_station.ini
/dev/shm/hf25
found  268  files
block 1786675500 writing 264 detections /home/ionouser/ionozond_data2//2026-08-14/cdetections-DOB-1786675500.h5
reading /home/ionouser/chirpsounder2/my_station.ini
/dev/shm/hf25
found  288  files
block 1786674600 writing 119 detections /home/ionouser/ionozond_data2//2026-08-14/cdetections-DOB-1786674600.h5
deleting files 119 from previous block, which is now finished
block 1786676400 writing 165 detections /home/ionouser/ionozond_data2//2026-08-14/cdetections-DOB-1786676400.h5
reading /home/ionouser/chirpsounder2/my_station.ini
/dev/shm/hf25
found  199  files
block 1786676400 writing 195 detections /home/ionouser/ionozond_data2//2026-08-14/cdetections-DOB-1786676400.h5
reading /home/ionouser/chirpsounder2/my_station.ini
/dev/shm/hf25
found  205  files
block 1786676400 writing 201 detections /home/ionouser/ionozond_data2//2026-08-14/cdetections-DOB-1786676400.h5
reading /home/ionouser/chirpsounder2/my_station.ini
/dev/shm/hf25
found  209  files
block 1786676400 writing 205 detections /home/ionouser/ionozond_data2//2026-08-14/cdetections-DOB-1786676400.h5
reading /home/ionouser/chirpsounder2/my_station.ini
/dev/shm/hf25
found  212  files
block 1786676400 writing 208 detections /home/ionouser/ionozond_data2//2026-08-14/cdetections-DOB-1786676400.h5
reading /home/ionouser/chirpsounder2/my_station.ini
/dev/shm/hf25
found  239  files
block 1786676400 writing 235 detections /home/ionouser/ionozond_data2//2026-08-14/cdetections-DOB-1786676400.h5
reading /home/ionouser/chirpsounder2/my_station.ini
/dev/shm/hf25
found  273  files
block 1786676400 writing 269 detections /home/ionouser/ionozond_data2//2026-08-14/cdetections-DOB-1786676400.h5
reading /home/ionouser/chirpsounder2/my_station.ini
/dev/shm/hf25
found  283  files
block 1786676400 writing 279 detections /home/ionouser/ionozond_data2//2026-08-14/cdetections-DOB-1786676400.h5
reading /home/ionouser/chirpsounder2/my_station.ini
/dev/shm/hf25
found  286  files
block 1786676400 writing 282 detections /home/ionouser/ionozond_data2//2026-08-14/cdetections-DOB-1786676400.h5
reading /home/ionouser/chirpsounder2/my_station.ini
/dev/shm/hf25
found  292  files
block 1786676400 writing 288 detections /home/ionouser/ionozond_data2//2026-08-14/cdetections-DOB-1786676400.h5
reading /home/ionouser/chirpsounder2/my_station.ini
/dev/shm/hf25
found  317  files
block 1786676400 writing 313 detections /home/ionouser/ionozond_data2//2026-08-14/cdetections-DOB-1786676400.h5
reading /home/ionouser/chirpsounder2/my_station.ini
/dev/shm/hf25
found  354  files
block 1786676400 writing 350 detections /home/ionouser/ionozond_data2//2026-08-14/cdetections-DOB-1786676400.h5
reading /home/ionouser/chirpsounder2/my_station.ini
/dev/shm/hf25
found  367  files
block 1786676400 writing 363 detections /home/ionouser/ionozond_data2//2026-08-14/cdetections-DOB-1786676400.h5
reading /home/ionouser/chirpsounder2/my_station.ini
/dev/shm/hf25
found  373  files
block 1786676400 writing 369 detections /home/ionouser/ionozond_data2//2026-08-14/cdetections-DOB-1786676400.h5
reading /home/ionouser/chirpsounder2/my_station.ini
/dev/shm/hf25
found  377  files
block 1786675500 writing 149 detections /home/ionouser/ionozond_data2//2026-08-14/cdetections-DOB-1786675500.h5
deleting files 149 from previous block, which is now finished
block 1786676400 writing 224 detections /home/ionouser/ionozond_data2//2026-08-14/cdetections-DOB-1786676400.h5
reading /home/ionouser/chirpsounder2/my_station.ini
/dev/shm/hf25
found  265  files
block 1786677300 writing 261 detections /home/ionouser/ionozond_data2//2026-08-14/cdetections-DOB-1786677300.h5
reading /home/ionouser/chirpsounder2/my_station.ini
/dev/shm/hf25
found  304  files
block 1786677300 writing 300 detections /home/ionouser/ionozond_data2//2026-08-14/cdetections-DOB-1786677300.h5
reading /home/ionouser/chirpsounder2/my_station.ini
/dev/shm/hf25
found  317  files
block 1786677300 writing 313 detections /home/ionouser/ionozond_data2//2026-08-14/cdetections-DOB-1786677300.h5
reading /home/ionouser/chirpsounder2/my_station.ini
/dev/shm/hf25
found  326  files
block 1786677300 writing 322 detections /home/ionouser/ionozond_data2//2026-08-14/cdetections-DOB-1786677300.h5
reading /home/ionouser/chirpsounder2/my_station.ini
/dev/shm/hf25
found  331  files
block 1786677300 writing 327 detections /home/ionouser/ionozond_data2//2026-08-14/cdetections-DOB-1786677300.h5
reading /home/ionouser/chirpsounder2/my_station.ini
/dev/shm/hf25
found  394  files
block 1786677300 writing 390 detections /home/ionouser/ionozond_data2//2026-08-14/cdetections-DOB-1786677300.h5
reading /home/ionouser/chirpsounder2/my_station.ini
/dev/shm/hf25
found  431  files
block 1786677300 writing 427 detections /home/ionouser/ionozond_data2//2026-08-14/cdetections-DOB-1786677300.h5
reading /home/ionouser/chirpsounder2/my_station.ini
/dev/shm/hf25
found  445  files
block 1786677300 writing 441 detections /home/ionouser/ionozond_data2//2026-08-14/cdetections-DOB-1786677300.h5
reading /home/ionouser/chirpsounder2/my_station.ini
/dev/shm/hf25
found  459  files
block 1786677300 writing 455 detections /home/ionouser/ionozond_data2//2026-08-14/cdetections-DOB-1786677300.h5
reading /home/ionouser/chirpsounder2/my_station.ini
/dev/shm/hf25
found  478  files
block 1786677300 writing 474 detections /home/ionouser/ionozond_data2//2026-08-14/cdetections-DOB-1786677300.h5
reading /home/ionouser/chirpsounder2/my_station.ini
/dev/shm/hf25
found  539  files
block 1786677300 writing 535 detections /home/ionouser/ionozond_data2//2026-08-14/cdetections-DOB-1786677300.h5
reading /home/ionouser/chirpsounder2/my_station.ini
/dev/shm/hf25
found  582  files
block 1786677300 writing 578 detections /home/ionouser/ionozond_data2//2026-08-14/cdetections-DOB-1786677300.h5
reading /home/ionouser/chirpsounder2/my_station.ini
/dev/shm/hf25
found  597  files
block 1786677300 writing 593 detections /home/ionouser/ionozond_data2//2026-08-14/cdetections-DOB-1786677300.h5
reading /home/ionouser/chirpsounder2/my_station.ini
/dev/shm/hf25
found  617  files
block 1786677300 writing 613 detections /home/ionouser/ionozond_data2//2026-08-14/cdetections-DOB-1786677300.h5
reading /home/ionouser/chirpsounder2/my_station.ini
/dev/shm/hf25
found  633  files
block 1786676400 writing 228 detections /home/ionouser/ionozond_data2//2026-08-14/cdetections-DOB-1786676400.h5
deleting files 228 from previous block, which is now finished
block 1786678200 writing 401 detections /home/ionouser/ionozond_data2//2026-08-14/cdetections-DOB-1786678200.h5
reading /home/ionouser/chirpsounder2/my_station.ini
/dev/shm/hf25
found  481  files
block 1786678200 writing 477 detections /home/ionouser/ionozond_data2//2026-08-14/cdetections-DOB-1786678200.h5
reading /home/ionouser/chirpsounder2/my_station.ini
/dev/shm/hf25
found  511  files
block 1786678200 writing 507 detections /home/ionouser/ionozond_data2//2026-08-14/cdetections-DOB-1786678200.h5
reading /home/ionouser/chirpsounder2/my_station.ini
/dev/shm/hf25
found  525  files
block 1786678200 writing 521 detections /home/ionouser/ionozond_data2//2026-08-14/cdetections-DOB-1786678200.h5
reading /home/ionouser/chirpsounder2/my_station.ini
/dev/shm/hf25
found  534  files
block 1786678200 writing 530 detections /home/ionouser/ionozond_data2//2026-08-14/cdetections-DOB-1786678200.h5
reading /home/ionouser/chirpsounder2/my_station.ini
/dev/shm/hf25
found  555  files
block 1786678200 writing 551 detections /home/ionouser/ionozond_data2//2026-08-14/cdetections-DOB-1786678200.h5
reading /home/ionouser/chirpsounder2/my_station.ini
/dev/shm/hf25
found  638  files
block 1786678200 writing 634 detections /home/ionouser/ionozond_data2//2026-08-14/cdetections-DOB-1786678200.h5
reading /home/ionouser/chirpsounder2/my_station.ini
/dev/shm/hf25
found  678  files
block 1786678200 writing 674 detections /home/ionouser/ionozond_data2//2026-08-14/cdetections-DOB-1786678200.h5
reading /home/ionouser/chirpsounder2/my_station.ini
/dev/shm/hf25
found  691  files
block 1786678200 writing 687 detections /home/ionouser/ionozond_data2//2026-08-14/cdetections-DOB-1786678200.h5
reading /home/ionouser/chirpsounder2/my_station.ini
/dev/shm/hf25
found  699  files
block 1786678200 writing 695 detections /home/ionouser/ionozond_data2//2026-08-14/cdetections-DOB-1786678200.h5
reading /home/ionouser/chirpsounder2/my_station.ini
/dev/shm/hf25
found  728  files
block 1786678200 writing 724 detections /home/ionouser/ionozond_data2//2026-08-14/cdetections-DOB-1786678200.h5
reading /home/ionouser/chirpsounder2/my_station.ini
/dev/shm/hf25
found  805  files
block 1786678200 writing 801 detections /home/ionouser/ionozond_data2//2026-08-14/cdetections-DOB-1786678200.h5
reading /home/ionouser/chirpsounder2/my_station.ini
/dev/shm/hf25
found  827  files
block 1786678200 writing 823 detections /home/ionouser/ionozond_data2//2026-08-14/cdetections-DOB-1786678200.h5
reading /home/ionouser/chirpsounder2/my_station.ini
/dev/shm/hf25
found  835  files
block 1786678200 writing 831 detections /home/ionouser/ionozond_data2//2026-08-14/cdetections-DOB-1786678200.h5
reading /home/ionouser/chirpsounder2/my_station.ini
/dev/shm/hf25
found  853  files
block 1786677300 writing 392 detections /home/ionouser/ionozond_data2//2026-08-14/cdetections-DOB-1786677300.h5
deleting files 392 from previous block, which is now finished
block 1786679100 writing 457 detections /home/ionouser/ionozond_data2//2026-08-14/cdetections-DOB-1786679100.h5
reading /home/ionouser/chirpsounder2/my_station.ini
/dev/shm/hf25
found  516  files
block 1786679100 writing 512 detections /home/ionouser/ionozond_data2//2026-08-14/cdetections-DOB-1786679100.h5
reading /home/ionouser/chirpsounder2/my_station.ini
/dev/shm/hf25
found  579  files
block 1786679100 writing 575 detections /home/ionouser/ionozond_data2//2026-08-14/cdetections-DOB-1786679100.h5
reading /home/ionouser/chirpsounder2/my_station.ini
/dev/shm/hf25
found  593  files
block 1786679100 writing 589 detections /home/ionouser/ionozond_data2//2026-08-14/cdetections-DOB-1786679100.h5
reading /home/ionouser/chirpsounder2/my_station.ini
/dev/shm/hf25
found  605  files
block 1786679100 writing 601 detections /home/ionouser/ionozond_data2//2026-08-14/cdetections-DOB-1786679100.h5
reading /home/ionouser/chirpsounder2/my_station.ini
/dev/shm/hf25
found  624  files
block 1786679100 writing 620 detections /home/ionouser/ionozond_data2//2026-08-14/cdetections-DOB-1786679100.h5
reading /home/ionouser/chirpsounder2/my_station.ini
/dev/shm/hf25
found  686  files
block 1786679100 writing 682 detections /home/ionouser/ionozond_data2//2026-08-14/cdetections-DOB-1786679100.h5
reading /home/ionouser/chirpsounder2/my_station.ini
/dev/shm/hf25
found  748  files
block 1786679100 writing 744 detections /home/ionouser/ionozond_data2//2026-08-14/cdetections-DOB-1786679100.h5
reading /home/ionouser/chirpsounder2/my_station.ini
/dev/shm/hf25
found  771  files
block 1786679100 writing 767 detections /home/ionouser/ionozond_data2//2026-08-14/cdetections-DOB-1786679100.h5
reading /home/ionouser/chirpsounder2/my_station.ini
/dev/shm/hf25
found  782  files
block 1786679100 writing 778 detections /home/ionouser/ionozond_data2//2026-08-14/cdetections-DOB-1786679100.h5
reading /home/ionouser/chirpsounder2/my_station.ini
/dev/shm/hf25
found  801  files
block 1786679100 writing 797 detections /home/ionouser/ionozond_data2//2026-08-14/cdetections-DOB-1786679100.h5
reading /home/ionouser/chirpsounder2/my_station.ini
/dev/shm/hf25
found  892  files
block 1786679100 writing 888 detections /home/ionouser/ionozond_data2//2026-08-14/cdetections-DOB-1786679100.h5
reading /home/ionouser/chirpsounder2/my_station.ini
/dev/shm/hf25
found  943  files
block 1786679100 writing 939 detections /home/ionouser/ionozond_data2//2026-08-14/cdetections-DOB-1786679100.h5
reading /home/ionouser/chirpsounder2/my_station.ini
/dev/shm/hf25
found  950  files
block 1786679100 writing 946 detections /home/ionouser/ionozond_data2//2026-08-14/cdetections-DOB-1786679100.h5
reading /home/ionouser/chirpsounder2/my_station.ini
/dev/shm/hf25
found  957  files
block 1786678200 writing 454 detections /home/ionouser/ionozond_data2//2026-08-14/cdetections-DOB-1786678200.h5
deleting files 454 from previous block, which is now finished
block 1786679100 writing 499 detections /home/ionouser/ionozond_data2//2026-08-14/cdetections-DOB-1786679100.h5
reading /home/ionouser/chirpsounder2/my_station.ini
/dev/shm/hf25
found  548  files
block 1786680000 writing 544 detections /home/ionouser/ionozond_data2//2026-08-14/cdetections-DOB-1786680000.h5
reading /home/ionouser/chirpsounder2/my_station.ini
/dev/shm/hf25
found  631  files
block 1786680000 writing 627 detections /home/ionouser/ionozond_data2//2026-08-14/cdetections-DOB-1786680000.h5
reading /home/ionouser/chirpsounder2/my_station.ini
/dev/shm/hf25
found  653  files
block 1786680000 writing 649 detections /home/ionouser/ionozond_data2//2026-08-14/cdetections-DOB-1786680000.h5
reading /home/ionouser/chirpsounder2/my_station.ini
/dev/shm/hf25
found  666  files
block 1786680000 writing 662 detections /home/ionouser/ionozond_data2//2026-08-14/cdetections-DOB-1786680000.h5
reading /home/ionouser/chirpsounder2/my_station.ini
/dev/shm/hf25
found  689  files
block 1786680000 writing 685 detections /home/ionouser/ionozond_data2//2026-08-14/cdetections-DOB-1786680000.h5
reading /home/ionouser/chirpsounder2/my_station.ini
/dev/shm/hf25
found  745  files
block 1786680000 writing 741 detections /home/ionouser/ionozond_data2//2026-08-14/cdetections-DOB-1786680000.h5
reading /home/ionouser/chirpsounder2/my_station.ini
/dev/shm/hf25
found  820  files
block 1786680000 writing 816 detections /home/ionouser/ionozond_data2//2026-08-14/cdetections-DOB-1786680000.h5
reading /home/ionouser/chirpsounder2/my_station.ini
/dev/shm/hf25
found  831  files
block 1786680000 writing 827 detections /home/ionouser/ionozond_data2//2026-08-14/cdetections-DOB-1786680000.h5
reading /home/ionouser/chirpsounder2/my_station.ini
/dev/shm/hf25
found  838  files
block 1786680000 writing 834 detections /home/ionouser/ionozond_data2//2026-08-14/cdetections-DOB-1786680000.h5
reading /home/ionouser/chirpsounder2/my_station.ini
/dev/shm/hf25
found  857  files
block 1786680000 writing 853 detections /home/ionouser/ionozond_data2//2026-08-14/cdetections-DOB-1786680000.h5
reading /home/ionouser/chirpsounder2/my_station.ini
/dev/shm/hf25
found  928  files
block 1786680000 writing 924 detections /home/ionouser/ionozond_data2//2026-08-14/cdetections-DOB-1786680000.h5
reading /home/ionouser/chirpsounder2/my_station.ini
/dev/shm/hf25
found  996  files
block 1786680000 writing 992 detections /home/ionouser/ionozond_data2//2026-08-14/cdetections-DOB-1786680000.h5
reading /home/ionouser/chirpsounder2/my_station.ini
/dev/shm/hf25
found  1000  files
block 1786680000 writing 996 detections /home/ionouser/ionozond_data2//2026-08-14/cdetections-DOB-1786680000.h5
reading /home/ionouser/chirpsounder2/my_station.ini
/dev/shm/hf25
found  1015  files
block 1786680000 writing 1011 detections /home/ionouser/ionozond_data2//2026-08-14/cdetections-DOB-1786680000.h5
reading /home/ionouser/chirpsounder2/my_station.ini
/dev/shm/hf25
found  1046  files
block 1786679100 writing 503 detections /home/ionouser/ionozond_data2//2026-08-14/cdetections-DOB-1786679100.h5
deleting files 503 from previous block, which is now finished
block 1786680900 writing 539 detections /home/ionouser/ionozond_data2//2026-08-14/cdetections-DOB-1786680900.h5
reading /home/ionouser/chirpsounder2/my_station.ini
/dev/shm/hf25
found  639  files
block 1786680900 writing 635 detections /home/ionouser/ionozond_data2//2026-08-14/cdetections-DOB-1786680900.h5
reading /home/ionouser/chirpsounder2/my_station.ini
/dev/shm/hf25
found  658  files
block 1786680900 writing 654 detections /home/ionouser/ionozond_data2//2026-08-14/cdetections-DOB-1786680900.h5
reading /home/ionouser/chirpsounder2/my_station.ini
/dev/shm/hf25
found  660  files
block 1786680900 writing 656 detections /home/ionouser/ionozond_data2//2026-08-14/cdetections-DOB-1786680900.h5
reading /home/ionouser/chirpsounder2/my_station.ini
/dev/shm/hf25
found  670  files
block 1786680900 writing 666 detections /home/ionouser/ionozond_data2//2026-08-14/cdetections-DOB-1786680900.h5
reading /home/ionouser/chirpsounder2/my_station.ini
/dev/shm/hf25
found  740  files
block 1786680900 writing 736 detections /home/ionouser/ionozond_data2//2026-08-14/cdetections-DOB-1786680900.h5
reading /home/ionouser/chirpsounder2/my_station.ini
/dev/shm/hf25
found  813  files
block 1786680900 writing 809 detections /home/ionouser/ionozond_data2//2026-08-14/cdetections-DOB-1786680900.h5
reading /home/ionouser/chirpsounder2/my_station.ini
/dev/shm/hf25
found  817  files
block 1786680900 writing 813 detections /home/ionouser/ionozond_data2//2026-08-14/cdetections-DOB-1786680900.h5
reading /home/ionouser/chirpsounder2/my_station.ini
/dev/shm/hf25
found  827  files
block 1786680900 writing 823 detections /home/ionouser/ionozond_data2//2026-08-14/cdetections-DOB-1786680900.h5
reading /home/ionouser/chirpsounder2/my_station.ini
/dev/shm/hf25
found  839  files
block 1786680900 writing 835 detections /home/ionouser/ionozond_data2//2026-08-14/cdetections-DOB-1786680900.h5
reading /home/ionouser/chirpsounder2/my_station.ini
/dev/shm/hf25
found  909  files
block 1786680900 writing 905 detections /home/ionouser/ionozond_data2//2026-08-14/cdetections-DOB-1786680900.h5
reading /home/ionouser/chirpsounder2/my_station.ini
/dev/shm/hf25
found  980  files
block 1786680900 writing 976 detections /home/ionouser/ionozond_data2//2026-08-14/cdetections-DOB-1786680900.h5
reading /home/ionouser/chirpsounder2/my_station.ini
/dev/shm/hf25
found  994  files
block 1786680900 writing 990 detections /home/ionouser/ionozond_data2//2026-08-14/cdetections-DOB-1786680900.h5
reading /home/ionouser/chirpsounder2/my_station.ini
/dev/shm/hf25
found  1013  files
block 1786680900 writing 1009 detections /home/ionouser/ionozond_data2//2026-08-14/cdetections-DOB-1786680900.h5
reading /home/ionouser/chirpsounder2/my_station.ini
/dev/shm/hf25
found  1038  files
block 1786680000 writing 512 detections /home/ionouser/ionozond_data2//2026-08-14/cdetections-DOB-1786680000.h5
deleting files 512 from previous block, which is now finished
block 1786681800 writing 522 detections /home/ionouser/ionozond_data2//2026-08-14/cdetections-DOB-1786681800.h5
reading /home/ionouser/chirpsounder2/my_station.ini
/dev/shm/hf25
found  623  files
block 1786681800 writing 619 detections /home/ionouser/ionozond_data2//2026-08-14/cdetections-DOB-1786681800.h5
reading /home/ionouser/chirpsounder2/my_station.ini
/dev/shm/hf25
found  659  files
block 1786681800 writing 655 detections /home/ionouser/ionozond_data2//2026-08-14/cdetections-DOB-1786681800.h5
reading /home/ionouser/chirpsounder2/my_station.ini
/dev/shm/hf25
found  667  files
block 1786681800 writing 663 detections /home/ionouser/ionozond_data2//2026-08-14/cdetections-DOB-1786681800.h5
reading /home/ionouser/chirpsounder2/my_station.ini
/dev/shm/hf25
found  687  files
block 1786681800 writing 683 detections /home/ionouser/ionozond_data2//2026-08-14/cdetections-DOB-1786681800.h5
reading /home/ionouser/chirpsounder2/my_station.ini
/dev/shm/hf25
found  734  files
block 1786681800 writing 730 detections /home/ionouser/ionozond_data2//2026-08-14/cdetections-DOB-1786681800.h5
reading /home/ionouser/chirpsounder2/my_station.ini
/dev/shm/hf25
found  829  files
block 1786681800 writing 825 detections /home/ionouser/ionozond_data2//2026-08-14/cdetections-DOB-1786681800.h5
reading /home/ionouser/chirpsounder2/my_station.ini
/dev/shm/hf25
found  843  files
block 1786681800 writing 839 detections /home/ionouser/ionozond_data2//2026-08-14/cdetections-DOB-1786681800.h5
reading /home/ionouser/chirpsounder2/my_station.ini
/dev/shm/hf25
found  851  files
block 1786681800 writing 847 detections /home/ionouser/ionozond_data2//2026-08-14/cdetections-DOB-1786681800.h5
reading /home/ionouser/chirpsounder2/my_station.ini
/dev/shm/hf25
found  867  files
block 1786681800 writing 863 detections /home/ionouser/ionozond_data2//2026-08-14/cdetections-DOB-1786681800.h5
reading /home/ionouser/chirpsounder2/my_station.ini
/dev/shm/hf25
found  928  files
block 1786681800 writing 924 detections /home/ionouser/ionozond_data2//2026-08-14/cdetections-DOB-1786681800.h5
reading /home/ionouser/chirpsounder2/my_station.ini
/dev/shm/hf25
found  1000  files
block 1786681800 writing 996 detections /home/ionouser/ionozond_data2//2026-08-14/cdetections-DOB-1786681800.h5
reading /home/ionouser/chirpsounder2/my_station.ini
/dev/shm/hf25
found  1016  files
block 1786681800 writing 1012 detections /home/ionouser/ionozond_data2//2026-08-14/cdetections-DOB-1786681800.h5
reading /home/ionouser/chirpsounder2/my_station.ini
/dev/shm/hf25
found  1035  files
block 1786681800 writing 1031 detections /home/ionouser/ionozond_data2//2026-08-14/cdetections-DOB-1786681800.h5
reading /home/ionouser/chirpsounder2/my_station.ini
/dev/shm/hf25
found  1066  files
block 1786680900 writing 503 detections /home/ionouser/ionozond_data2//2026-08-14/cdetections-DOB-1786680900.h5
deleting files 503 from previous block, which is now finished
block 1786682700 writing 559 detections /home/ionouser/ionozond_data2//2026-08-14/cdetections-DOB-1786682700.h5
reading /home/ionouser/chirpsounder2/my_station.ini
/dev/shm/hf25
found  645  files
block 1786682700 writing 641 detections /home/ionouser/ionozond_data2//2026-08-14/cdetections-DOB-1786682700.h5
reading /home/ionouser/chirpsounder2/my_station.ini
/dev/shm/hf25
found  696  files
block 1786682700 writing 692 detections /home/ionouser/ionozond_data2//2026-08-14/cdetections-DOB-1786682700.h5
reading /home/ionouser/chirpsounder2/my_station.ini
/dev/shm/hf25
found  710  files
block 1786682700 writing 706 detections /home/ionouser/ionozond_data2//2026-08-14/cdetections-DOB-1786682700.h5
reading /home/ionouser/chirpsounder2/my_station.ini
/dev/shm/hf25
found  729  files
block 1786682700 writing 725 detections /home/ionouser/ionozond_data2//2026-08-14/cdetections-DOB-1786682700.h5
reading /home/ionouser/chirpsounder2/my_station.ini
/dev/shm/hf25
found  767  files
block 1786682700 writing 763 detections /home/ionouser/ionozond_data2//2026-08-14/cdetections-DOB-1786682700.h5
reading /home/ionouser/chirpsounder2/my_station.ini
/dev/shm/hf25
found  854  files
block 1786682700 writing 850 detections /home/ionouser/ionozond_data2//2026-08-14/cdetections-DOB-1786682700.h5
reading /home/ionouser/chirpsounder2/my_station.ini
/dev/shm/hf25
found  904  files
block 1786682700 writing 900 detections /home/ionouser/ionozond_data2//2026-08-14/cdetections-DOB-1786682700.h5
reading /home/ionouser/chirpsounder2/my_station.ini
/dev/shm/hf25
found  911  files
block 1786682700 writing 907 detections /home/ionouser/ionozond_data2//2026-08-14/cdetections-DOB-1786682700.h5
reading /home/ionouser/chirpsounder2/my_station.ini
/dev/shm/hf25
found  929  files
block 1786682700 writing 925 detections /home/ionouser/ionozond_data2//2026-08-14/cdetections-DOB-1786682700.h5
reading /home/ionouser/chirpsounder2/my_station.ini
/dev/shm/hf25
found  986  files
block 1786682700 writing 982 detections /home/ionouser/ionozond_data2//2026-08-14/cdetections-DOB-1786682700.h5
reading /home/ionouser/chirpsounder2/my_station.ini
/dev/shm/hf25
found  1078  files
block 1786682700 writing 1074 detections /home/ionouser/ionozond_data2//2026-08-14/cdetections-DOB-1786682700.h5
reading /home/ionouser/chirpsounder2/my_station.ini
/dev/shm/hf25
found  1134  files
block 1786682700 writing 1130 detections /home/ionouser/ionozond_data2//2026-08-14/cdetections-DOB-1786682700.h5
reading /home/ionouser/chirpsounder2/my_station.ini
/dev/shm/hf25
found  1171  files
block 1786682700 writing 1167 detections /home/ionouser/ionozond_data2//2026-08-14/cdetections-DOB-1786682700.h5
reading /home/ionouser/chirpsounder2/my_station.ini
/dev/shm/hf25
found  1225  files
block 1786681800 writing 544 detections /home/ionouser/ionozond_data2//2026-08-14/cdetections-DOB-1786681800.h5
deleting files 544 from previous block, which is now finished
block 1786683600 writing 677 detections /home/ionouser/ionozond_data2//2026-08-14/cdetections-DOB-1786683600.h5
reading /home/ionouser/chirpsounder2/my_station.ini
/dev/shm/hf25
found  797  files
block 1786683600 writing 793 detections /home/ionouser/ionozond_data2//2026-08-14/cdetections-DOB-1786683600.h5
reading /home/ionouser/chirpsounder2/my_station.ini
/dev/shm/hf25
found  900  files
block 1786683600 writing 896 detections /home/ionouser/ionozond_data2//2026-08-14/cdetections-DOB-1786683600.h5
reading /home/ionouser/chirpsounder2/my_station.ini
/dev/shm/hf25
found  939  files
block 1786683600 writing 935 detections /home/ionouser/ionozond_data2//2026-08-14/cdetections-DOB-1786683600.h5
reading /home/ionouser/chirpsounder2/my_station.ini
/dev/shm/hf25
found  985  files
block 1786683600 writing 981 detections /home/ionouser/ionozond_data2//2026-08-14/cdetections-DOB-1786683600.h5
reading /home/ionouser/chirpsounder2/my_station.ini
/dev/shm/hf25
found  1031  files
block 1786683600 writing 1027 detections /home/ionouser/ionozond_data2//2026-08-14/cdetections-DOB-1786683600.h5
reading /home/ionouser/chirpsounder2/my_station.ini
/dev/shm/hf25
found  1117  files
block 1786683600 writing 1113 detections /home/ionouser/ionozond_data2//2026-08-14/cdetections-DOB-1786683600.h5
reading /home/ionouser/chirpsounder2/my_station.ini
/dev/shm/hf25
found  1180  files
block 1786683600 writing 1176 detections /home/ionouser/ionozond_data2//2026-08-14/cdetections-DOB-1786683600.h5
reading /home/ionouser/chirpsounder2/my_station.ini
/dev/shm/hf25
found  1190  files
block 1786683600 writing 1186 detections /home/ionouser/ionozond_data2//2026-08-14/cdetections-DOB-1786683600.h5
reading /home/ionouser/chirpsounder2/my_station.ini
/dev/shm/hf25
found  1204  files
block 1786683600 writing 1200 detections /home/ionouser/ionozond_data2//2026-08-14/cdetections-DOB-1786683600.h5
reading /home/ionouser/chirpsounder2/my_station.ini
/dev/shm/hf25
found  1264  files
block 1786683600 writing 1260 detections /home/ionouser/ionozond_data2//2026-08-14/cdetections-DOB-1786683600.h5
reading /home/ionouser/chirpsounder2/my_station.ini
/dev/shm/hf25
found  1359  files
block 1786683600 writing 1355 detections /home/ionouser/ionozond_data2//2026-08-14/cdetections-DOB-1786683600.h5
reading /home/ionouser/chirpsounder2/my_station.ini
/dev/shm/hf25
found  1401  files
block 1786683600 writing 1397 detections /home/ionouser/ionozond_data2//2026-08-14/cdetections-DOB-1786683600.h5
reading /home/ionouser/chirpsounder2/my_station.ini
/dev/shm/hf25
found  1411  files
block 1786683600 writing 1407 detections /home/ionouser/ionozond_data2//2026-08-14/cdetections-DOB-1786683600.h5
reading /home/ionouser/chirpsounder2/my_station.ini
/dev/shm/hf25
found  1432  files
block 1786682700 writing 645 detections /home/ionouser/ionozond_data2//2026-08-14/cdetections-DOB-1786682700.h5
deleting files 645 from previous block, which is now finished
block 1786684500 writing 783 detections /home/ionouser/ionozond_data2//2026-08-14/cdetections-DOB-1786684500.h5
reading /home/ionouser/chirpsounder2/my_station.ini
/dev/shm/hf25
found  874  files
block 1786684500 writing 870 detections /home/ionouser/ionozond_data2//2026-08-14/cdetections-DOB-1786684500.h5
reading /home/ionouser/chirpsounder2/my_station.ini
/dev/shm/hf25
found  963  files
block 1786684500 writing 959 detections /home/ionouser/ionozond_data2//2026-08-14/cdetections-DOB-1786684500.h5
reading /home/ionouser/chirpsounder2/my_station.ini
/dev/shm/hf25
found  984  files
block 1786684500 writing 980 detections /home/ionouser/ionozond_data2//2026-08-14/cdetections-DOB-1786684500.h5
reading /home/ionouser/chirpsounder2/my_station.ini
/dev/shm/hf25
found  997  files
block 1786684500 writing 993 detections /home/ionouser/ionozond_data2//2026-08-14/cdetections-DOB-1786684500.h5
reading /home/ionouser/chirpsounder2/my_station.ini
/dev/shm/hf25
found  1041  files
block 1786684500 writing 1037 detections /home/ionouser/ionozond_data2//2026-08-14/cdetections-DOB-1786684500.h5
reading /home/ionouser/chirpsounder2/my_station.ini
/dev/shm/hf25
found  1127  files
block 1786684500 writing 1123 detections /home/ionouser/ionozond_data2//2026-08-14/cdetections-DOB-1786684500.h5
reading /home/ionouser/chirpsounder2/my_station.ini
/dev/shm/hf25
found  1174  files
block 1786684500 writing 1170 detections /home/ionouser/ionozond_data2//2026-08-14/cdetections-DOB-1786684500.h5
reading /home/ionouser/chirpsounder2/my_station.ini
/dev/shm/hf25
found  1182  files
block 1786684500 writing 1178 detections /home/ionouser/ionozond_data2//2026-08-14/cdetections-DOB-1786684500.h5
reading /home/ionouser/chirpsounder2/my_station.ini
/dev/shm/hf25
found  1198  files
block 1786684500 writing 1194 detections /home/ionouser/ionozond_data2//2026-08-14/cdetections-DOB-1786684500.h5
reading /home/ionouser/chirpsounder2/my_station.ini
/dev/shm/hf25
found  1270  files
block 1786684500 writing 1266 detections /home/ionouser/ionozond_data2//2026-08-14/cdetections-DOB-1786684500.h5
reading /home/ionouser/chirpsounder2/my_station.ini
/dev/shm/hf25
found  1361  files
block 1786684500 writing 1357 detections /home/ionouser/ionozond_data2//2026-08-14/cdetections-DOB-1786684500.h5
reading /home/ionouser/chirpsounder2/my_station.ini
/dev/shm/hf25
found  1375  files
block 1786684500 writing 1371 detections /home/ionouser/ionozond_data2//2026-08-14/cdetections-DOB-1786684500.h5
reading /home/ionouser/chirpsounder2/my_station.ini
/dev/shm/hf25
found  1388  files
block 1786684500 writing 1384 detections /home/ionouser/ionozond_data2//2026-08-14/cdetections-DOB-1786684500.h5
reading /home/ionouser/chirpsounder2/my_station.ini
/dev/shm/hf25
found  1412  files
block 1786683600 writing 774 detections /home/ionouser/ionozond_data2//2026-08-14/cdetections-DOB-1786683600.h5
deleting files 774 from previous block, which is now finished
block 1786685400 writing 634 detections /home/ionouser/ionozond_data2//2026-08-14/cdetections-DOB-1786685400.h5
reading /home/ionouser/chirpsounder2/my_station.ini
/dev/shm/hf25
found  751  files
block 1786685400 writing 747 detections /home/ionouser/ionozond_data2//2026-08-14/cdetections-DOB-1786685400.h5
reading /home/ionouser/chirpsounder2/my_station.ini
/dev/shm/hf25
found  847  files
block 1786685400 writing 843 detections /home/ionouser/ionozond_data2//2026-08-14/cdetections-DOB-1786685400.h5
reading /home/ionouser/chirpsounder2/my_station.ini
/dev/shm/hf25
found  895  files
block 1786685400 writing 891 detections /home/ionouser/ionozond_data2//2026-08-14/cdetections-DOB-1786685400.h5
reading /home/ionouser/chirpsounder2/my_station.ini
/dev/shm/hf25
found  932  files
block 1786685400 writing 928 detections /home/ionouser/ionozond_data2//2026-08-14/cdetections-DOB-1786685400.h5
reading /home/ionouser/chirpsounder2/my_station.ini
/dev/shm/hf25
found  1013  files
block 1786685400 writing 1009 detections /home/ionouser/ionozond_data2//2026-08-14/cdetections-DOB-1786685400.h5
reading /home/ionouser/chirpsounder2/my_station.ini
/dev/shm/hf25
found  1125  files
block 1786685400 writing 1121 detections /home/ionouser/ionozond_data2//2026-08-14/cdetections-DOB-1786685400.h5
reading /home/ionouser/chirpsounder2/my_station.ini
/dev/shm/hf25
found  1177  files
block 1786685400 writing 1173 detections /home/ionouser/ionozond_data2//2026-08-14/cdetections-DOB-1786685400.h5
reading /home/ionouser/chirpsounder2/my_station.ini
/dev/shm/hf25
found  1213  files
block 1786685400 writing 1209 detections /home/ionouser/ionozond_data2//2026-08-14/cdetections-DOB-1786685400.h5
reading /home/ionouser/chirpsounder2/my_station.ini
/dev/shm/hf25
found  1257  files
block 1786685400 writing 1253 detections /home/ionouser/ionozond_data2//2026-08-14/cdetections-DOB-1786685400.h5
reading /home/ionouser/chirpsounder2/my_station.ini
/dev/shm/hf25
found  1356  files
block 1786685400 writing 1352 detections /home/ionouser/ionozond_data2//2026-08-14/cdetections-DOB-1786685400.h5
reading /home/ionouser/chirpsounder2/my_station.ini
/dev/shm/hf25
found  1479  files
block 1786685400 writing 1475 detections /home/ionouser/ionozond_data2//2026-08-14/cdetections-DOB-1786685400.h5
reading /home/ionouser/chirpsounder2/my_station.ini
/dev/shm/hf25
found  1536  files
block 1786685400 writing 1532 detections /home/ionouser/ionozond_data2//2026-08-14/cdetections-DOB-1786685400.h5
reading /home/ionouser/chirpsounder2/my_station.ini
/dev/shm/hf25
found  1593  files
block 1786684500 writing 615 detections /home/ionouser/ionozond_data2//2026-08-14/cdetections-DOB-1786684500.h5
deleting files 615 from previous block, which is now finished
block 1786685400 writing 974 detections /home/ionouser/ionozond_data2//2026-08-14/cdetections-DOB-1786685400.h5
reading /home/ionouser/chirpsounder2/my_station.ini
/dev/shm/hf25
found  1056  files
block 1786686300 writing 1052 detections /home/ionouser/ionozond_data2//2026-08-14/cdetections-DOB-1786686300.h5
reading /home/ionouser/chirpsounder2/my_station.ini
/dev/shm/hf25
found  1191  files
block 1786686300 writing 1187 detections /home/ionouser/ionozond_data2//2026-08-14/cdetections-DOB-1786686300.h5
reading /home/ionouser/chirpsounder2/my_station.ini
/dev/shm/hf25
found  1282  files
block 1786686300 writing 1278 detections /home/ionouser/ionozond_data2//2026-08-14/cdetections-DOB-1786686300.h5
reading /home/ionouser/chirpsounder2/my_station.ini
/dev/shm/hf25
found  1335  files
block 1786686300 writing 1331 detections /home/ionouser/ionozond_data2//2026-08-14/cdetections-DOB-1786686300.h5
reading /home/ionouser/chirpsounder2/my_station.ini
/dev/shm/hf25
found  1398  files
block 1786686300 writing 1394 detections /home/ionouser/ionozond_data2//2026-08-14/cdetections-DOB-1786686300.h5
reading /home/ionouser/chirpsounder2/my_station.ini
/dev/shm/hf25
found  1518  files
block 1786686300 writing 1514 detections /home/ionouser/ionozond_data2//2026-08-14/cdetections-DOB-1786686300.h5
reading /home/ionouser/chirpsounder2/my_station.ini
/dev/shm/hf25
found  1647  files
block 1786686300 writing 1643 detections /home/ionouser/ionozond_data2//2026-08-14/cdetections-DOB-1786686300.h5
reading /home/ionouser/chirpsounder2/my_station.ini
/dev/shm/hf25
found  1729  files
block 1786686300 writing 1725 detections /home/ionouser/ionozond_data2//2026-08-14/cdetections-DOB-1786686300.h5
reading /home/ionouser/chirpsounder2/my_station.ini
/dev/shm/hf25
found  1762  files
block 1786686300 writing 1758 detections /home/ionouser/ionozond_data2//2026-08-14/cdetections-DOB-1786686300.h5
reading /home/ionouser/chirpsounder2/my_station.ini
/dev/shm/hf25
found  1804  files
block 1786686300 writing 1800 detections /home/ionouser/ionozond_data2//2026-08-14/cdetections-DOB-1786686300.h5
reading /home/ionouser/chirpsounder2/my_station.ini
/dev/shm/hf25
found  1885  files
block 1786686300 writing 1881 detections /home/ionouser/ionozond_data2//2026-08-14/cdetections-DOB-1786686300.h5
reading /home/ionouser/chirpsounder2/my_station.ini
/dev/shm/hf25
found  1969  files
block 1786686300 writing 1965 detections /home/ionouser/ionozond_data2//2026-08-14/cdetections-DOB-1786686300.h5
reading /home/ionouser/chirpsounder2/my_station.ini
/dev/shm/hf25
found  1973  files
block 1786686300 writing 1969 detections /home/ionouser/ionozond_data2//2026-08-14/cdetections-DOB-1786686300.h5
reading /home/ionouser/chirpsounder2/my_station.ini
/dev/shm/hf25
found  1984  files
block 1786685400 writing 978 detections /home/ionouser/ionozond_data2//2026-08-14/cdetections-DOB-1786685400.h5
deleting files 978 from previous block, which is now finished
block 1786687200 writing 1002 detections /home/ionouser/ionozond_data2//2026-08-14/cdetections-DOB-1786687200.h5
reading /home/ionouser/chirpsounder2/my_station.ini
/dev/shm/hf25
found  1104  files
block 1786687200 writing 1100 detections /home/ionouser/ionozond_data2//2026-08-14/cdetections-DOB-1786687200.h5
reading /home/ionouser/chirpsounder2/my_station.ini
/dev/shm/hf25
found  1202  files
block 1786687200 writing 1198 detections /home/ionouser/ionozond_data2//2026-08-14/cdetections-DOB-1786687200.h5
reading /home/ionouser/chirpsounder2/my_station.ini
/dev/shm/hf25
found  1224  files
block 1786687200 writing 1220 detections /home/ionouser/ionozond_data2//2026-08-14/cdetections-DOB-1786687200.h5
reading /home/ionouser/chirpsounder2/my_station.ini
/dev/shm/hf25
found  1228  files
block 1786687200 writing 1224 detections /home/ionouser/ionozond_data2//2026-08-14/cdetections-DOB-1786687200.h5
reading /home/ionouser/chirpsounder2/my_station.ini
/dev/shm/hf25
found  1262  files
block 1786687200 writing 1258 detections /home/ionouser/ionozond_data2//2026-08-14/cdetections-DOB-1786687200.h5
reading /home/ionouser/chirpsounder2/my_station.ini
/dev/shm/hf25
found  1350  files
block 1786687200 writing 1346 detections /home/ionouser/ionozond_data2//2026-08-14/cdetections-DOB-1786687200.h5
reading /home/ionouser/chirpsounder2/my_station.ini
/dev/shm/hf25
found  1429  files
block 1786687200 writing 1425 detections /home/ionouser/ionozond_data2//2026-08-14/cdetections-DOB-1786687200.h5
reading /home/ionouser/chirpsounder2/my_station.ini
/dev/shm/hf25
found  1442  files
block 1786687200 writing 1438 detections /home/ionouser/ionozond_data2//2026-08-14/cdetections-DOB-1786687200.h5
reading /home/ionouser/chirpsounder2/my_station.ini
/dev/shm/hf25
found  1452  files
block 1786687200 writing 1448 detections /home/ionouser/ionozond_data2//2026-08-14/cdetections-DOB-1786687200.h5
reading /home/ionouser/chirpsounder2/my_station.ini
/dev/shm/hf25
found  1516  files
block 1786687200 writing 1512 detections /home/ionouser/ionozond_data2//2026-08-14/cdetections-DOB-1786687200.h5
reading /home/ionouser/chirpsounder2/my_station.ini
/dev/shm/hf25
found  1613  files
block 1786687200 writing 1609 detections /home/ionouser/ionozond_data2//2026-08-14/cdetections-DOB-1786687200.h5
reading /home/ionouser/chirpsounder2/my_station.ini
/dev/shm/hf25
found  1649  files
block 1786687200 writing 1645 detections /home/ionouser/ionozond_data2//2026-08-14/cdetections-DOB-1786687200.h5
reading /home/ionouser/chirpsounder2/my_station.ini
/dev/shm/hf25
found  1656  files
block 1786687200 writing 1652 detections /home/ionouser/ionozond_data2//2026-08-14/cdetections-DOB-1786687200.h5
reading /home/ionouser/chirpsounder2/my_station.ini
/dev/shm/hf25
found  1672  files
block 1786686300 writing 1001 detections /home/ionouser/ionozond_data2//2026-08-14/cdetections-DOB-1786686300.h5
deleting files 1001 from previous block, which is now finished
block 1786688100 writing 667 detections /home/ionouser/ionozond_data2//2026-08-14/cdetections-DOB-1786688100.h5
reading /home/ionouser/chirpsounder2/my_station.ini
/dev/shm/hf25
found  786  files
block 1786688100 writing 782 detections /home/ionouser/ionozond_data2//2026-08-14/cdetections-DOB-1786688100.h5
reading /home/ionouser/chirpsounder2/my_station.ini
/dev/shm/hf25
found  855  files
block 1786688100 writing 851 detections /home/ionouser/ionozond_data2//2026-08-14/cdetections-DOB-1786688100.h5
reading /home/ionouser/chirpsounder2/my_station.ini
/dev/shm/hf25
found  862  files
block 1786688100 writing 858 detections /home/ionouser/ionozond_data2//2026-08-14/cdetections-DOB-1786688100.h5
reading /home/ionouser/chirpsounder2/my_station.ini
/dev/shm/hf25
found  863  files
block 1786688100 writing 859 detections /home/ionouser/ionozond_data2//2026-08-14/cdetections-DOB-1786688100.h5
reading /home/ionouser/chirpsounder2/my_station.ini
/dev/shm/hf25
found  922  files
block 1786688100 writing 918 detections /home/ionouser/ionozond_data2//2026-08-14/cdetections-DOB-1786688100.h5
reading /home/ionouser/chirpsounder2/my_station.ini
/dev/shm/hf25
found  1015  files
block 1786688100 writing 1011 detections /home/ionouser/ionozond_data2//2026-08-14/cdetections-DOB-1786688100.h5
reading /home/ionouser/chirpsounder2/my_station.ini
/dev/shm/hf25
found  1066  files
block 1786688100 writing 1062 detections /home/ionouser/ionozond_data2//2026-08-14/cdetections-DOB-1786688100.h5
reading /home/ionouser/chirpsounder2/my_station.ini
/dev/shm/hf25
found  1068  files
block 1786688100 writing 1064 detections /home/ionouser/ionozond_data2//2026-08-14/cdetections-DOB-1786688100.h5
reading /home/ionouser/chirpsounder2/my_station.ini
/dev/shm/hf25
found  1078  files
block 1786688100 writing 1074 detections /home/ionouser/ionozond_data2//2026-08-14/cdetections-DOB-1786688100.h5
reading /home/ionouser/chirpsounder2/my_station.ini
/dev/shm/hf25
found  1142  files
block 1786688100 writing 1138 detections /home/ionouser/ionozond_data2//2026-08-14/cdetections-DOB-1786688100.h5
reading /home/ionouser/chirpsounder2/my_station.ini
/dev/shm/hf25
found  1226  files
block 1786688100 writing 1222 detections /home/ionouser/ionozond_data2//2026-08-14/cdetections-DOB-1786688100.h5
reading /home/ionouser/chirpsounder2/my_station.ini
/dev/shm/hf25
found  1253  files
block 1786688100 writing 1249 detections /home/ionouser/ionozond_data2//2026-08-14/cdetections-DOB-1786688100.h5
reading /home/ionouser/chirpsounder2/my_station.ini
/dev/shm/hf25
found  1254  files
block 1786687200 writing 655 detections /home/ionouser/ionozond_data2//2026-08-14/cdetections-DOB-1786687200.h5
deleting files 655 from previous block, which is now finished
block 1786688100 writing 595 detections /home/ionouser/ionozond_data2//2026-08-14/cdetections-DOB-1786688100.h5
reading /home/ionouser/chirpsounder2/my_station.ini
/dev/shm/hf25
found  635  files
block 1786689000 writing 631 detections /home/ionouser/ionozond_data2//2026-08-14/cdetections-DOB-1786689000.h5
reading /home/ionouser/chirpsounder2/my_station.ini
/dev/shm/hf25
found  730  files
block 1786689000 writing 726 detections /home/ionouser/ionozond_data2//2026-08-14/cdetections-DOB-1786689000.h5
reading /home/ionouser/chirpsounder2/my_station.ini
/dev/shm/hf25
found  802  files
block 1786689000 writing 798 detections /home/ionouser/ionozond_data2//2026-08-14/cdetections-DOB-1786689000.h5
reading /home/ionouser/chirpsounder2/my_station.ini
/dev/shm/hf25
found  808  files
block 1786689000 writing 804 detections /home/ionouser/ionozond_data2//2026-08-14/cdetections-DOB-1786689000.h5
reading /home/ionouser/chirpsounder2/my_station.ini
/dev/shm/hf25
found  813  files
block 1786689000 writing 809 detections /home/ionouser/ionozond_data2//2026-08-14/cdetections-DOB-1786689000.h5
reading /home/ionouser/chirpsounder2/my_station.ini
/dev/shm/hf25
found  867  files
block 1786689000 writing 863 detections /home/ionouser/ionozond_data2//2026-08-14/cdetections-DOB-1786689000.h5
reading /home/ionouser/chirpsounder2/my_station.ini
/dev/shm/hf25
found  963  files
block 1786689000 writing 959 detections /home/ionouser/ionozond_data2//2026-08-14/cdetections-DOB-1786689000.h5
reading /home/ionouser/chirpsounder2/my_station.ini
/dev/shm/hf25
found  996  files
block 1786689000 writing 992 detections /home/ionouser/ionozond_data2//2026-08-14/cdetections-DOB-1786689000.h5
reading /home/ionouser/chirpsounder2/my_station.ini
/dev/shm/hf25
found  999  files
block 1786689000 writing 995 detections /home/ionouser/ionozond_data2//2026-08-14/cdetections-DOB-1786689000.h5
reading /home/ionouser/chirpsounder2/my_station.ini
/dev/shm/hf25
found  1010  files
block 1786689000 writing 1006 detections /home/ionouser/ionozond_data2//2026-08-14/cdetections-DOB-1786689000.h5
reading /home/ionouser/chirpsounder2/my_station.ini
/dev/shm/hf25
found  1078  files
block 1786689000 writing 1074 detections /home/ionouser/ionozond_data2//2026-08-14/cdetections-DOB-1786689000.h5
reading /home/ionouser/chirpsounder2/my_station.ini
/dev/shm/hf25
found  1169  files
block 1786689000 writing 1165 detections /home/ionouser/ionozond_data2//2026-08-14/cdetections-DOB-1786689000.h5
reading /home/ionouser/chirpsounder2/my_station.ini
/dev/shm/hf25
found  1182  files
block 1786689000 writing 1178 detections /home/ionouser/ionozond_data2//2026-08-14/cdetections-DOB-1786689000.h5
reading /home/ionouser/chirpsounder2/my_station.ini
/dev/shm/hf25
found  1184  files
block 1786688100 writing 599 detections /home/ionouser/ionozond_data2//2026-08-14/cdetections-DOB-1786688100.h5
deleting files 599 from previous block, which is now finished
block 1786689000 writing 581 detections /home/ionouser/ionozond_data2//2026-08-14/cdetections-DOB-1786689000.h5
reading /home/ionouser/chirpsounder2/my_station.ini
/dev/shm/hf25
found  621  files
block 1786689900 writing 617 detections /home/ionouser/ionozond_data2//2026-08-14/cdetections-DOB-1786689900.h5
reading /home/ionouser/chirpsounder2/my_station.ini
/dev/shm/hf25
found  713  files
block 1786689900 writing 709 detections /home/ionouser/ionozond_data2//2026-08-14/cdetections-DOB-1786689900.h5
reading /home/ionouser/chirpsounder2/my_station.ini
/dev/shm/hf25
found  772  files
block 1786689900 writing 768 detections /home/ionouser/ionozond_data2//2026-08-14/cdetections-DOB-1786689900.h5
reading /home/ionouser/chirpsounder2/my_station.ini
/dev/shm/hf25
found  774  files
block 1786689900 writing 770 detections /home/ionouser/ionozond_data2//2026-08-14/cdetections-DOB-1786689900.h5
reading /home/ionouser/chirpsounder2/my_station.ini
/dev/shm/hf25
found  777  files
block 1786689900 writing 773 detections /home/ionouser/ionozond_data2//2026-08-14/cdetections-DOB-1786689900.h5
reading /home/ionouser/chirpsounder2/my_station.ini
/dev/shm/hf25
found  827  files
block 1786689900 writing 823 detections /home/ionouser/ionozond_data2//2026-08-14/cdetections-DOB-1786689900.h5
reading /home/ionouser/chirpsounder2/my_station.ini
/dev/shm/hf25
found  908  files
block 1786689900 writing 904 detections /home/ionouser/ionozond_data2//2026-08-14/cdetections-DOB-1786689900.h5
reading /home/ionouser/chirpsounder2/my_station.ini
/dev/shm/hf25
found  948  files
block 1786689900 writing 944 detections /home/ionouser/ionozond_data2//2026-08-14/cdetections-DOB-1786689900.h5
reading /home/ionouser/chirpsounder2/my_station.ini
/dev/shm/hf25
found  954  files
block 1786689900 writing 950 detections /home/ionouser/ionozond_data2//2026-08-14/cdetections-DOB-1786689900.h5
reading /home/ionouser/chirpsounder2/my_station.ini
/dev/shm/hf25
found  965  files
block 1786689900 writing 961 detections /home/ionouser/ionozond_data2//2026-08-14/cdetections-DOB-1786689900.h5
reading /home/ionouser/chirpsounder2/my_station.ini
/dev/shm/hf25
found  1029  files
block 1786689900 writing 1025 detections /home/ionouser/ionozond_data2//2026-08-14/cdetections-DOB-1786689900.h5
reading /home/ionouser/chirpsounder2/my_station.ini
/dev/shm/hf25
found  1113  files
block 1786689900 writing 1109 detections /home/ionouser/ionozond_data2//2026-08-14/cdetections-DOB-1786689900.h5
reading /home/ionouser/chirpsounder2/my_station.ini
/dev/shm/hf25
found  1120  files
block 1786689900 writing 1116 detections /home/ionouser/ionozond_data2//2026-08-14/cdetections-DOB-1786689900.h5
reading /home/ionouser/chirpsounder2/my_station.ini
/dev/shm/hf25
found  1123  files
block 1786689000 writing 585 detections /home/ionouser/ionozond_data2//2026-08-14/cdetections-DOB-1786689000.h5
deleting files 585 from previous block, which is now finished
block 1786689900 writing 534 detections /home/ionouser/ionozond_data2//2026-08-14/cdetections-DOB-1786689900.h5
reading /home/ionouser/chirpsounder2/my_station.ini
/dev/shm/hf25
found  566  files
block 1786690800 writing 562 detections /home/ionouser/ionozond_data2//2026-08-14/cdetections-DOB-1786690800.h5
reading /home/ionouser/chirpsounder2/my_station.ini
/dev/shm/hf25
found  649  files
block 1786690800 writing 645 detections /home/ionouser/ionozond_data2//2026-08-14/cdetections-DOB-1786690800.h5
reading /home/ionouser/chirpsounder2/my_station.ini
/dev/shm/hf25
found  685  files
block 1786690800 writing 681 detections /home/ionouser/ionozond_data2//2026-08-14/cdetections-DOB-1786690800.h5
reading /home/ionouser/chirpsounder2/my_station.ini
/dev/shm/hf25
found  688  files
block 1786690800 writing 684 detections /home/ionouser/ionozond_data2//2026-08-14/cdetections-DOB-1786690800.h5
reading /home/ionouser/chirpsounder2/my_station.ini
/dev/shm/hf25
found  699  files
block 1786690800 writing 695 detections /home/ionouser/ionozond_data2//2026-08-14/cdetections-DOB-1786690800.h5
reading /home/ionouser/chirpsounder2/my_station.ini
/dev/shm/hf25
found  749  files
block 1786690800 writing 745 detections /home/ionouser/ionozond_data2//2026-08-14/cdetections-DOB-1786690800.h5
reading /home/ionouser/chirpsounder2/my_station.ini
/dev/shm/hf25
found  837  files
block 1786690800 writing 833 detections /home/ionouser/ionozond_data2//2026-08-14/cdetections-DOB-1786690800.h5
reading /home/ionouser/chirpsounder2/my_station.ini
/dev/shm/hf25
found  849  files
block 1786690800 writing 845 detections /home/ionouser/ionozond_data2//2026-08-14/cdetections-DOB-1786690800.h5
reading /home/ionouser/chirpsounder2/my_station.ini
/dev/shm/hf25
found  853  files
block 1786690800 writing 849 detections /home/ionouser/ionozond_data2//2026-08-14/cdetections-DOB-1786690800.h5
reading /home/ionouser/chirpsounder2/my_station.ini
/dev/shm/hf25
found  859  files
block 1786690800 writing 855 detections /home/ionouser/ionozond_data2//2026-08-14/cdetections-DOB-1786690800.h5
reading /home/ionouser/chirpsounder2/my_station.ini
/dev/shm/hf25
found  913  files
block 1786690800 writing 909 detections /home/ionouser/ionozond_data2//2026-08-14/cdetections-DOB-1786690800.h5
reading /home/ionouser/chirpsounder2/my_station.ini
/dev/shm/hf25
found  994  files
block 1786690800 writing 990 detections /home/ionouser/ionozond_data2//2026-08-14/cdetections-DOB-1786690800.h5
reading /home/ionouser/chirpsounder2/my_station.ini
/dev/shm/hf25
found  1013  files
block 1786690800 writing 1009 detections /home/ionouser/ionozond_data2//2026-08-14/cdetections-DOB-1786690800.h5
reading /home/ionouser/chirpsounder2/my_station.ini
/dev/shm/hf25
found  1017  files
block 1786689900 writing 538 detections /home/ionouser/ionozond_data2//2026-08-14/cdetections-DOB-1786689900.h5
deleting files 538 from previous block, which is now finished
block 1786690800 writing 475 detections /home/ionouser/ionozond_data2//2026-08-14/cdetections-DOB-1786690800.h5
reading /home/ionouser/chirpsounder2/my_station.ini
/dev/shm/hf25
found  497  files
block 1786691700 writing 493 detections /home/ionouser/ionozond_data2//2026-08-14/cdetections-DOB-1786691700.h5
reading /home/ionouser/chirpsounder2/my_station.ini
/dev/shm/hf25
found  570  files
block 1786691700 writing 566 detections /home/ionouser/ionozond_data2//2026-08-14/cdetections-DOB-1786691700.h5
reading /home/ionouser/chirpsounder2/my_station.ini
/dev/shm/hf25
found  625  files
block 1786691700 writing 621 detections /home/ionouser/ionozond_data2//2026-08-14/cdetections-DOB-1786691700.h5
reading /home/ionouser/chirpsounder2/my_station.ini
/dev/shm/hf25
found  630  files
block 1786691700 writing 626 detections /home/ionouser/ionozond_data2//2026-08-14/cdetections-DOB-1786691700.h5
reading /home/ionouser/chirpsounder2/my_station.ini
/dev/shm/hf25
found  633  files
block 1786691700 writing 629 detections /home/ionouser/ionozond_data2//2026-08-14/cdetections-DOB-1786691700.h5
reading /home/ionouser/chirpsounder2/my_station.ini
/dev/shm/hf25
found  666  files
block 1786691700 writing 662 detections /home/ionouser/ionozond_data2//2026-08-14/cdetections-DOB-1786691700.h5
reading /home/ionouser/chirpsounder2/my_station.ini
/dev/shm/hf25
found  742  files
block 1786691700 writing 738 detections /home/ionouser/ionozond_data2//2026-08-14/cdetections-DOB-1786691700.h5
reading /home/ionouser/chirpsounder2/my_station.ini
/dev/shm/hf25
found  778  files
block 1786691700 writing 774 detections /home/ionouser/ionozond_data2//2026-08-14/cdetections-DOB-1786691700.h5
reading /home/ionouser/chirpsounder2/my_station.ini
/dev/shm/hf25
found  789  files
block 1786691700 writing 785 detections /home/ionouser/ionozond_data2//2026-08-14/cdetections-DOB-1786691700.h5
reading /home/ionouser/chirpsounder2/my_station.ini
/dev/shm/hf25
found  796  files
block 1786691700 writing 792 detections /home/ionouser/ionozond_data2//2026-08-14/cdetections-DOB-1786691700.h5
reading /home/ionouser/chirpsounder2/my_station.ini
/dev/shm/hf25
found  851  files
block 1786691700 writing 847 detections /home/ionouser/ionozond_data2//2026-08-14/cdetections-DOB-1786691700.h5
reading /home/ionouser/chirpsounder2/my_station.ini
/dev/shm/hf25
found  937  files
block 1786691700 writing 933 detections /home/ionouser/ionozond_data2//2026-08-14/cdetections-DOB-1786691700.h5
reading /home/ionouser/chirpsounder2/my_station.ini
/dev/shm/hf25
found  961  files
block 1786691700 writing 957 detections /home/ionouser/ionozond_data2//2026-08-14/cdetections-DOB-1786691700.h5
reading /home/ionouser/chirpsounder2/my_station.ini
/dev/shm/hf25
found  982  files
block 1786691700 writing 978 detections /home/ionouser/ionozond_data2//2026-08-14/cdetections-DOB-1786691700.h5
reading /home/ionouser/chirpsounder2/my_station.ini
/dev/shm/hf25
found  993  files
block 1786690800 writing 479 detections /home/ionouser/ionozond_data2//2026-08-14/cdetections-DOB-1786690800.h5
deleting files 479 from previous block, which is now finished
block 1786692600 writing 510 detections /home/ionouser/ionozond_data2//2026-08-14/cdetections-DOB-1786692600.h5
reading /home/ionouser/chirpsounder2/my_station.ini
/dev/shm/hf25
found  589  files
block 1786692600 writing 585 detections /home/ionouser/ionozond_data2//2026-08-14/cdetections-DOB-1786692600.h5
reading /home/ionouser/chirpsounder2/my_station.ini
/dev/shm/hf25
found  661  files
block 1786692600 writing 657 detections /home/ionouser/ionozond_data2//2026-08-14/cdetections-DOB-1786692600.h5
reading /home/ionouser/chirpsounder2/my_station.ini
/dev/shm/hf25
found  669  files
block 1786692600 writing 665 detections /home/ionouser/ionozond_data2//2026-08-14/cdetections-DOB-1786692600.h5
reading /home/ionouser/chirpsounder2/my_station.ini
/dev/shm/hf25
found  672  files
block 1786692600 writing 668 detections /home/ionouser/ionozond_data2//2026-08-14/cdetections-DOB-1786692600.h5
reading /home/ionouser/chirpsounder2/my_station.ini
/dev/shm/hf25
found  693  files
block 1786692600 writing 689 detections /home/ionouser/ionozond_data2//2026-08-14/cdetections-DOB-1786692600.h5
reading /home/ionouser/chirpsounder2/my_station.ini
/dev/shm/hf25
found  782  files
block 1786692600 writing 778 detections /home/ionouser/ionozond_data2//2026-08-14/cdetections-DOB-1786692600.h5
reading /home/ionouser/chirpsounder2/my_station.ini
/dev/shm/hf25
found  839  files
block 1786692600 writing 835 detections /home/ionouser/ionozond_data2//2026-08-14/cdetections-DOB-1786692600.h5
reading /home/ionouser/chirpsounder2/my_station.ini
/dev/shm/hf25
found  846  files
block 1786692600 writing 842 detections /home/ionouser/ionozond_data2//2026-08-14/cdetections-DOB-1786692600.h5
reading /home/ionouser/chirpsounder2/my_station.ini
/dev/shm/hf25
found  850  files
block 1786692600 writing 846 detections /home/ionouser/ionozond_data2//2026-08-14/cdetections-DOB-1786692600.h5
reading /home/ionouser/chirpsounder2/my_station.ini
/dev/shm/hf25
found  900  files
block 1786692600 writing 896 detections /home/ionouser/ionozond_data2//2026-08-14/cdetections-DOB-1786692600.h5
reading /home/ionouser/chirpsounder2/my_station.ini
/dev/shm/hf25
found  991  files
block 1786692600 writing 987 detections /home/ionouser/ionozond_data2//2026-08-14/cdetections-DOB-1786692600.h5
reading /home/ionouser/chirpsounder2/my_station.ini
/dev/shm/hf25
found  1024  files
block 1786692600 writing 1020 detections /home/ionouser/ionozond_data2//2026-08-14/cdetections-DOB-1786692600.h5
reading /home/ionouser/chirpsounder2/my_station.ini
/dev/shm/hf25
found  1027  files
block 1786692600 writing 1023 detections /home/ionouser/ionozond_data2//2026-08-14/cdetections-DOB-1786692600.h5
reading /home/ionouser/chirpsounder2/my_station.ini
/dev/shm/hf25
found  1055  files
block 1786691700 writing 504 detections /home/ionouser/ionozond_data2//2026-08-14/cdetections-DOB-1786691700.h5
deleting files 504 from previous block, which is now finished
block 1786693500 writing 547 detections /home/ionouser/ionozond_data2//2026-08-14/cdetections-DOB-1786693500.h5
reading /home/ionouser/chirpsounder2/my_station.ini
/dev/shm/hf25
found  625  files
block 1786693500 writing 621 detections /home/ionouser/ionozond_data2//2026-08-14/cdetections-DOB-1786693500.h5
reading /home/ionouser/chirpsounder2/my_station.ini
/dev/shm/hf25
found  715  files
block 1786693500 writing 711 detections /home/ionouser/ionozond_data2//2026-08-14/cdetections-DOB-1786693500.h5
reading /home/ionouser/chirpsounder2/my_station.ini
/dev/shm/hf25
found  735  files
block 1786693500 writing 731 detections /home/ionouser/ionozond_data2//2026-08-14/cdetections-DOB-1786693500.h5
reading /home/ionouser/chirpsounder2/my_station.ini
/dev/shm/hf25
found  741  files
block 1786693500 writing 737 detections /home/ionouser/ionozond_data2//2026-08-14/cdetections-DOB-1786693500.h5
reading /home/ionouser/chirpsounder2/my_station.ini
/dev/shm/hf25
found  754  files
block 1786693500 writing 750 detections /home/ionouser/ionozond_data2//2026-08-14/cdetections-DOB-1786693500.h5
reading /home/ionouser/chirpsounder2/my_station.ini
/dev/shm/hf25
found  828  files
block 1786693500 writing 824 detections /home/ionouser/ionozond_data2//2026-08-14/cdetections-DOB-1786693500.h5
reading /home/ionouser/chirpsounder2/my_station.ini
/dev/shm/hf25
found  902  files
block 1786693500 writing 898 detections /home/ionouser/ionozond_data2//2026-08-14/cdetections-DOB-1786693500.h5
reading /home/ionouser/chirpsounder2/my_station.ini
/dev/shm/hf25
found  929  files
block 1786693500 writing 925 detections /home/ionouser/ionozond_data2//2026-08-14/cdetections-DOB-1786693500.h5
reading /home/ionouser/chirpsounder2/my_station.ini
/dev/shm/hf25
found  934  files
block 1786693500 writing 930 detections /home/ionouser/ionozond_data2//2026-08-14/cdetections-DOB-1786693500.h5
reading /home/ionouser/chirpsounder2/my_station.ini
/dev/shm/hf25
found  968  files
block 1786693500 writing 964 detections /home/ionouser/ionozond_data2//2026-08-14/cdetections-DOB-1786693500.h5
reading /home/ionouser/chirpsounder2/my_station.ini
/dev/shm/hf25
found  1058  files
block 1786693500 writing 1054 detections /home/ionouser/ionozond_data2//2026-08-14/cdetections-DOB-1786693500.h5
reading /home/ionouser/chirpsounder2/my_station.ini
/dev/shm/hf25
found  1093  files
block 1786693500 writing 1089 detections /home/ionouser/ionozond_data2//2026-08-14/cdetections-DOB-1786693500.h5
reading /home/ionouser/chirpsounder2/my_station.ini
/dev/shm/hf25
found  1103  files
block 1786693500 writing 1099 detections /home/ionouser/ionozond_data2//2026-08-14/cdetections-DOB-1786693500.h5
reading /home/ionouser/chirpsounder2/my_station.ini
/dev/shm/hf25
found  1108  files
block 1786692600 writing 529 detections /home/ionouser/ionozond_data2//2026-08-14/cdetections-DOB-1786692600.h5
deleting files 529 from previous block, which is now finished
block 1786694400 writing 575 detections /home/ionouser/ionozond_data2//2026-08-14/cdetections-DOB-1786694400.h5
reading /home/ionouser/chirpsounder2/my_station.ini
/dev/shm/hf25
found  663  files
block 1786694400 writing 659 detections /home/ionouser/ionozond_data2//2026-08-14/cdetections-DOB-1786694400.h5
reading /home/ionouser/chirpsounder2/my_station.ini
/dev/shm/hf25
found  747  files
block 1786694400 writing 743 detections /home/ionouser/ionozond_data2//2026-08-14/cdetections-DOB-1786694400.h5
reading /home/ionouser/chirpsounder2/my_station.ini
/dev/shm/hf25
found  759  files
block 1786694400 writing 755 detections /home/ionouser/ionozond_data2//2026-08-14/cdetections-DOB-1786694400.h5
reading /home/ionouser/chirpsounder2/my_station.ini
/dev/shm/hf25
found  760  files
block 1786694400 writing 756 detections /home/ionouser/ionozond_data2//2026-08-14/cdetections-DOB-1786694400.h5
reading /home/ionouser/chirpsounder2/my_station.ini
/dev/shm/hf25
found  773  files
block 1786694400 writing 769 detections /home/ionouser/ionozond_data2//2026-08-14/cdetections-DOB-1786694400.h5
reading /home/ionouser/chirpsounder2/my_station.ini
/dev/shm/hf25
found  844  files
block 1786694400 writing 840 detections /home/ionouser/ionozond_data2//2026-08-14/cdetections-DOB-1786694400.h5
reading /home/ionouser/chirpsounder2/my_station.ini
/dev/shm/hf25
found  901  files
block 1786694400 writing 897 detections /home/ionouser/ionozond_data2//2026-08-14/cdetections-DOB-1786694400.h5
reading /home/ionouser/chirpsounder2/my_station.ini
/dev/shm/hf25
found  907  files
block 1786694400 writing 903 detections /home/ionouser/ionozond_data2//2026-08-14/cdetections-DOB-1786694400.h5
reading /home/ionouser/chirpsounder2/my_station.ini
/dev/shm/hf25
found  911  files
block 1786694400 writing 907 detections /home/ionouser/ionozond_data2//2026-08-14/cdetections-DOB-1786694400.h5
reading /home/ionouser/chirpsounder2/my_station.ini
/dev/shm/hf25
found  951  files
block 1786694400 writing 947 detections /home/ionouser/ionozond_data2//2026-08-14/cdetections-DOB-1786694400.h5
reading /home/ionouser/chirpsounder2/my_station.ini
/dev/shm/hf25
found  1036  files
block 1786694400 writing 1032 detections /home/ionouser/ionozond_data2//2026-08-14/cdetections-DOB-1786694400.h5
reading /home/ionouser/chirpsounder2/my_station.ini
/dev/shm/hf25
found  1074  files
block 1786694400 writing 1070 detections /home/ionouser/ionozond_data2//2026-08-14/cdetections-DOB-1786694400.h5
reading /home/ionouser/chirpsounder2/my_station.ini
/dev/shm/hf25
found  1084  files
block 1786694400 writing 1080 detections /home/ionouser/ionozond_data2//2026-08-14/cdetections-DOB-1786694400.h5
reading /home/ionouser/chirpsounder2/my_station.ini
/dev/shm/hf25
found  1090  files
block 1786693500 writing 574 detections /home/ionouser/ionozond_data2//2026-08-14/cdetections-DOB-1786693500.h5
deleting files 574 from previous block, which is now finished
block 1786694400 writing 512 detections /home/ionouser/ionozond_data2//2026-08-14/cdetections-DOB-1786694400.h5
reading /home/ionouser/chirpsounder2/my_station.ini
/dev/shm/hf25
found  588  files
block 1786695300 writing 584 detections /home/ionouser/ionozond_data2//2026-08-14/cdetections-DOB-1786695300.h5
reading /home/ionouser/chirpsounder2/my_station.ini
/dev/shm/hf25
found  671  files
block 1786695300 writing 667 detections /home/ionouser/ionozond_data2//2026-08-14/cdetections-DOB-1786695300.h5
reading /home/ionouser/chirpsounder2/my_station.ini
/dev/shm/hf25
found  688  files
block 1786695300 writing 684 detections /home/ionouser/ionozond_data2//2026-08-14/cdetections-DOB-1786695300.h5
reading /home/ionouser/chirpsounder2/my_station.ini
/dev/shm/hf25
found  691  files
block 1786695300 writing 687 detections /home/ionouser/ionozond_data2//2026-08-14/cdetections-DOB-1786695300.h5
reading /home/ionouser/chirpsounder2/my_station.ini
/dev/shm/hf25
found  707  files
block 1786695300 writing 703 detections /home/ionouser/ionozond_data2//2026-08-14/cdetections-DOB-1786695300.h5
reading /home/ionouser/chirpsounder2/my_station.ini
/dev/shm/hf25
found  781  files
block 1786695300 writing 777 detections /home/ionouser/ionozond_data2//2026-08-14/cdetections-DOB-1786695300.h5
reading /home/ionouser/chirpsounder2/my_station.ini
/dev/shm/hf25
found  841  files
block 1786695300 writing 837 detections /home/ionouser/ionozond_data2//2026-08-14/cdetections-DOB-1786695300.h5
reading /home/ionouser/chirpsounder2/my_station.ini
/dev/shm/hf25
found  853  files
block 1786695300 writing 849 detections /home/ionouser/ionozond_data2//2026-08-14/cdetections-DOB-1786695300.h5
reading /home/ionouser/chirpsounder2/my_station.ini
/dev/shm/hf25
found  863  files
block 1786695300 writing 859 detections /home/ionouser/ionozond_data2//2026-08-14/cdetections-DOB-1786695300.h5
reading /home/ionouser/chirpsounder2/my_station.ini
/dev/shm/hf25
found  901  files
block 1786695300 writing 897 detections /home/ionouser/ionozond_data2//2026-08-14/cdetections-DOB-1786695300.h5
reading /home/ionouser/chirpsounder2/my_station.ini
/dev/shm/hf25
found  987  files
block 1786695300 writing 983 detections /home/ionouser/ionozond_data2//2026-08-14/cdetections-DOB-1786695300.h5
reading /home/ionouser/chirpsounder2/my_station.ini
/dev/shm/hf25
found  1021  files
block 1786695300 writing 1017 detections /home/ionouser/ionozond_data2//2026-08-14/cdetections-DOB-1786695300.h5
reading /home/ionouser/chirpsounder2/my_station.ini
/dev/shm/hf25
found  1028  files
block 1786695300 writing 1024 detections /home/ionouser/ionozond_data2//2026-08-14/cdetections-DOB-1786695300.h5
reading /home/ionouser/chirpsounder2/my_station.ini
/dev/shm/hf25
found  1052  files
block 1786694400 writing 513 detections /home/ionouser/ionozond_data2//2026-08-14/cdetections-DOB-1786694400.h5
deleting files 513 from previous block, which is now finished
block 1786696200 writing 535 detections /home/ionouser/ionozond_data2//2026-08-14/cdetections-DOB-1786696200.h5
reading /home/ionouser/chirpsounder2/my_station.ini
/dev/shm/hf25
found  605  files
block 1786696200 writing 601 detections /home/ionouser/ionozond_data2//2026-08-14/cdetections-DOB-1786696200.h5
reading /home/ionouser/chirpsounder2/my_station.ini
/dev/shm/hf25
found  695  files
block 1786696200 writing 691 detections /home/ionouser/ionozond_data2//2026-08-14/cdetections-DOB-1786696200.h5
reading /home/ionouser/chirpsounder2/my_station.ini
/dev/shm/hf25
found  709  files
block 1786696200 writing 705 detections /home/ionouser/ionozond_data2//2026-08-14/cdetections-DOB-1786696200.h5
reading /home/ionouser/chirpsounder2/my_station.ini
/dev/shm/hf25
found  715  files
block 1786696200 writing 711 detections /home/ionouser/ionozond_data2//2026-08-14/cdetections-DOB-1786696200.h5
reading /home/ionouser/chirpsounder2/my_station.ini
/dev/shm/hf25
found  725  files
block 1786696200 writing 721 detections /home/ionouser/ionozond_data2//2026-08-14/cdetections-DOB-1786696200.h5
reading /home/ionouser/chirpsounder2/my_station.ini
/dev/shm/hf25
found  796  files
block 1786696200 writing 792 detections /home/ionouser/ionozond_data2//2026-08-14/cdetections-DOB-1786696200.h5
reading /home/ionouser/chirpsounder2/my_station.ini
/dev/shm/hf25
found  878  files
block 1786696200 writing 874 detections /home/ionouser/ionozond_data2//2026-08-14/cdetections-DOB-1786696200.h5
reading /home/ionouser/chirpsounder2/my_station.ini
/dev/shm/hf25
found  893  files
block 1786696200 writing 889 detections /home/ionouser/ionozond_data2//2026-08-14/cdetections-DOB-1786696200.h5
reading /home/ionouser/chirpsounder2/my_station.ini
/dev/shm/hf25
found  899  files
block 1786696200 writing 895 detections /home/ionouser/ionozond_data2//2026-08-14/cdetections-DOB-1786696200.h5
reading /home/ionouser/chirpsounder2/my_station.ini
/dev/shm/hf25
found  922  files
block 1786696200 writing 918 detections /home/ionouser/ionozond_data2//2026-08-14/cdetections-DOB-1786696200.h5
reading /home/ionouser/chirpsounder2/my_station.ini
/dev/shm/hf25
found  1008  files
block 1786696200 writing 1004 detections /home/ionouser/ionozond_data2//2026-08-14/cdetections-DOB-1786696200.h5
reading /home/ionouser/chirpsounder2/my_station.ini
/dev/shm/hf25
found  1075  files
block 1786696200 writing 1071 detections /home/ionouser/ionozond_data2//2026-08-14/cdetections-DOB-1786696200.h5
reading /home/ionouser/chirpsounder2/my_station.ini
/dev/shm/hf25
found  1097  files
block 1786696200 writing 1093 detections /home/ionouser/ionozond_data2//2026-08-14/cdetections-DOB-1786696200.h5
reading /home/ionouser/chirpsounder2/my_station.ini
/dev/shm/hf25
found  1103  files
block 1786695300 writing 526 detections /home/ionouser/ionozond_data2//2026-08-14/cdetections-DOB-1786695300.h5
deleting files 526 from previous block, which is now finished
block 1786696200 writing 573 detections /home/ionouser/ionozond_data2//2026-08-14/cdetections-DOB-1786696200.h5
reading /home/ionouser/chirpsounder2/my_station.ini
/dev/shm/hf25
found  646  files
block 1786697100 writing 642 detections /home/ionouser/ionozond_data2//2026-08-14/cdetections-DOB-1786697100.h5
reading /home/ionouser/chirpsounder2/my_station.ini
/dev/shm/hf25
found  736  files
block 1786697100 writing 732 detections /home/ionouser/ionozond_data2//2026-08-14/cdetections-DOB-1786697100.h5
reading /home/ionouser/chirpsounder2/my_station.ini
/dev/shm/hf25
found  781  files
block 1786697100 writing 777 detections /home/ionouser/ionozond_data2//2026-08-14/cdetections-DOB-1786697100.h5
reading /home/ionouser/chirpsounder2/my_station.ini
/dev/shm/hf25
found  792  files
block 1786697100 writing 788 detections /home/ionouser/ionozond_data2//2026-08-14/cdetections-DOB-1786697100.h5
reading /home/ionouser/chirpsounder2/my_station.ini
/dev/shm/hf25
found  803  files
block 1786697100 writing 799 detections /home/ionouser/ionozond_data2//2026-08-14/cdetections-DOB-1786697100.h5
reading /home/ionouser/chirpsounder2/my_station.ini
/dev/shm/hf25
found  877  files
block 1786697100 writing 873 detections /home/ionouser/ionozond_data2//2026-08-14/cdetections-DOB-1786697100.h5
reading /home/ionouser/chirpsounder2/my_station.ini
/dev/shm/hf25
found  971  files
block 1786697100 writing 967 detections /home/ionouser/ionozond_data2//2026-08-14/cdetections-DOB-1786697100.h5
reading /home/ionouser/chirpsounder2/my_station.ini
/dev/shm/hf25
found  1018  files
block 1786697100 writing 1014 detections /home/ionouser/ionozond_data2//2026-08-14/cdetections-DOB-1786697100.h5
reading /home/ionouser/chirpsounder2/my_station.ini
/dev/shm/hf25
found  1025  files
block 1786697100 writing 1021 detections /home/ionouser/ionozond_data2//2026-08-14/cdetections-DOB-1786697100.h5
reading /home/ionouser/chirpsounder2/my_station.ini
/dev/shm/hf25
found  1047  files
block 1786697100 writing 1043 detections /home/ionouser/ionozond_data2//2026-08-14/cdetections-DOB-1786697100.h5
reading /home/ionouser/chirpsounder2/my_station.ini
/dev/shm/hf25
found  1133  files
block 1786697100 writing 1129 detections /home/ionouser/ionozond_data2//2026-08-14/cdetections-DOB-1786697100.h5
reading /home/ionouser/chirpsounder2/my_station.ini
/dev/shm/hf25
found  1211  files
block 1786697100 writing 1207 detections /home/ionouser/ionozond_data2//2026-08-14/cdetections-DOB-1786697100.h5
reading /home/ionouser/chirpsounder2/my_station.ini
/dev/shm/hf25
found  1226  files
block 1786697100 writing 1222 detections /home/ionouser/ionozond_data2//2026-08-14/cdetections-DOB-1786697100.h5
reading /home/ionouser/chirpsounder2/my_station.ini
/dev/shm/hf25
found  1234  files
block 1786696200 writing 573 detections /home/ionouser/ionozond_data2//2026-08-14/cdetections-DOB-1786696200.h5
deleting files 573 from previous block, which is now finished
block 1786697100 writing 657 detections /home/ionouser/ionozond_data2//2026-08-14/cdetections-DOB-1786697100.h5
reading /home/ionouser/chirpsounder2/my_station.ini
/dev/shm/hf25
found  724  files
block 1786698000 writing 720 detections /home/ionouser/ionozond_data2//2026-08-14/cdetections-DOB-1786698000.h5
reading /home/ionouser/chirpsounder2/my_station.ini
/dev/shm/hf25
found  830  files
block 1786698000 writing 826 detections /home/ionouser/ionozond_data2//2026-08-14/cdetections-DOB-1786698000.h5
reading /home/ionouser/chirpsounder2/my_station.ini
/dev/shm/hf25
found  882  files
block 1786698000 writing 878 detections /home/ionouser/ionozond_data2//2026-08-14/cdetections-DOB-1786698000.h5
reading /home/ionouser/chirpsounder2/my_station.ini
/dev/shm/hf25
found  890  files
block 1786698000 writing 886 detections /home/ionouser/ionozond_data2//2026-08-14/cdetections-DOB-1786698000.h5
reading /home/ionouser/chirpsounder2/my_station.ini
/dev/shm/hf25
found  902  files
block 1786698000 writing 898 detections /home/ionouser/ionozond_data2//2026-08-14/cdetections-DOB-1786698000.h5
reading /home/ionouser/chirpsounder2/my_station.ini
/dev/shm/hf25
found  965  files
block 1786698000 writing 961 detections /home/ionouser/ionozond_data2//2026-08-14/cdetections-DOB-1786698000.h5
reading /home/ionouser/chirpsounder2/my_station.ini
/dev/shm/hf25
found  1062  files
block 1786698000 writing 1058 detections /home/ionouser/ionozond_data2//2026-08-14/cdetections-DOB-1786698000.h5
reading /home/ionouser/chirpsounder2/my_station.ini
/dev/shm/hf25
found  1080  files
block 1786698000 writing 1076 detections /home/ionouser/ionozond_data2//2026-08-14/cdetections-DOB-1786698000.h5
reading /home/ionouser/chirpsounder2/my_station.ini
/dev/shm/hf25
found  1099  files
block 1786698000 writing 1095 detections /home/ionouser/ionozond_data2//2026-08-14/cdetections-DOB-1786698000.h5
reading /home/ionouser/chirpsounder2/my_station.ini
/dev/shm/hf25
found  1112  files
block 1786698000 writing 1108 detections /home/ionouser/ionozond_data2//2026-08-14/cdetections-DOB-1786698000.h5
reading /home/ionouser/chirpsounder2/my_station.ini
/dev/shm/hf25
found  1195  files
block 1786698000 writing 1191 detections /home/ionouser/ionozond_data2//2026-08-14/cdetections-DOB-1786698000.h5
reading /home/ionouser/chirpsounder2/my_station.ini
/dev/shm/hf25
found  1283  files
block 1786698000 writing 1279 detections /home/ionouser/ionozond_data2//2026-08-14/cdetections-DOB-1786698000.h5
reading /home/ionouser/chirpsounder2/my_station.ini
/dev/shm/hf25
found  1302  files
block 1786698000 writing 1298 detections /home/ionouser/ionozond_data2//2026-08-14/cdetections-DOB-1786698000.h5
reading /home/ionouser/chirpsounder2/my_station.ini
/dev/shm/hf25
found  1313  files
block 1786697100 writing 659 detections /home/ionouser/ionozond_data2//2026-08-14/cdetections-DOB-1786697100.h5
deleting files 659 from previous block, which is now finished
block 1786698900 writing 650 detections /home/ionouser/ionozond_data2//2026-08-14/cdetections-DOB-1786698900.h5
reading /home/ionouser/chirpsounder2/my_station.ini
/dev/shm/hf25
found  715  files
block 1786698900 writing 711 detections /home/ionouser/ionozond_data2//2026-08-14/cdetections-DOB-1786698900.h5
reading /home/ionouser/chirpsounder2/my_station.ini
/dev/shm/hf25
found  821  files
block 1786698900 writing 817 detections /home/ionouser/ionozond_data2//2026-08-14/cdetections-DOB-1786698900.h5
reading /home/ionouser/chirpsounder2/my_station.ini
/dev/shm/hf25
found  861  files
block 1786698900 writing 857 detections /home/ionouser/ionozond_data2//2026-08-14/cdetections-DOB-1786698900.h5
reading /home/ionouser/chirpsounder2/my_station.ini
/dev/shm/hf25
found  877  files
block 1786698900 writing 873 detections /home/ionouser/ionozond_data2//2026-08-14/cdetections-DOB-1786698900.h5
reading /home/ionouser/chirpsounder2/my_station.ini
/dev/shm/hf25
found  886  files
block 1786698900 writing 882 detections /home/ionouser/ionozond_data2//2026-08-14/cdetections-DOB-1786698900.h5
reading /home/ionouser/chirpsounder2/my_station.ini
/dev/shm/hf25
found  954  files
block 1786698900 writing 950 detections /home/ionouser/ionozond_data2//2026-08-14/cdetections-DOB-1786698900.h5
reading /home/ionouser/chirpsounder2/my_station.ini
/dev/shm/hf25
found  1049  files
block 1786698900 writing 1045 detections /home/ionouser/ionozond_data2//2026-08-14/cdetections-DOB-1786698900.h5
reading /home/ionouser/chirpsounder2/my_station.ini
/dev/shm/hf25
found  1067  files
block 1786698900 writing 1063 detections /home/ionouser/ionozond_data2//2026-08-14/cdetections-DOB-1786698900.h5
reading /home/ionouser/chirpsounder2/my_station.ini
/dev/shm/hf25
found  1076  files
block 1786698900 writing 1072 detections /home/ionouser/ionozond_data2//2026-08-14/cdetections-DOB-1786698900.h5
reading /home/ionouser/chirpsounder2/my_station.ini
/dev/shm/hf25
found  1116  files
block 1786698900 writing 1112 detections /home/ionouser/ionozond_data2//2026-08-14/cdetections-DOB-1786698900.h5
reading /home/ionouser/chirpsounder2/my_station.ini
/dev/shm/hf25
found  1197  files
block 1786698900 writing 1193 detections /home/ionouser/ionozond_data2//2026-08-14/cdetections-DOB-1786698900.h5
reading /home/ionouser/chirpsounder2/my_station.ini
/dev/shm/hf25
found  1274  files
block 1786698900 writing 1270 detections /home/ionouser/ionozond_data2//2026-08-14/cdetections-DOB-1786698900.h5
reading /home/ionouser/chirpsounder2/my_station.ini
/dev/shm/hf25
found  1291  files
block 1786698900 writing 1287 detections /home/ionouser/ionozond_data2//2026-08-14/cdetections-DOB-1786698900.h5
reading /home/ionouser/chirpsounder2/my_station.ini
/dev/shm/hf25
found  1295  files
block 1786698000 writing 649 detections /home/ionouser/ionozond_data2//2026-08-14/cdetections-DOB-1786698000.h5
deleting files 649 from previous block, which is now finished
block 1786698900 writing 642 detections /home/ionouser/ionozond_data2//2026-08-14/cdetections-DOB-1786698900.h5
reading /home/ionouser/chirpsounder2/my_station.ini
/dev/shm/hf25
found  703  files
block 1786699800 writing 699 detections /home/ionouser/ionozond_data2//2026-08-14/cdetections-DOB-1786699800.h5
reading /home/ionouser/chirpsounder2/my_station.ini
/dev/shm/hf25
found  805  files
block 1786699800 writing 801 detections /home/ionouser/ionozond_data2//2026-08-14/cdetections-DOB-1786699800.h5
reading /home/ionouser/chirpsounder2/my_station.ini
/dev/shm/hf25
found  855  files
block 1786699800 writing 851 detections /home/ionouser/ionozond_data2//2026-08-14/cdetections-DOB-1786699800.h5
reading /home/ionouser/chirpsounder2/my_station.ini
/dev/shm/hf25
found  867  files
block 1786699800 writing 863 detections /home/ionouser/ionozond_data2//2026-08-14/cdetections-DOB-1786699800.h5
reading /home/ionouser/chirpsounder2/my_station.ini
/dev/shm/hf25
found  880  files
block 1786699800 writing 876 detections /home/ionouser/ionozond_data2//2026-08-14/cdetections-DOB-1786699800.h5
reading /home/ionouser/chirpsounder2/my_station.ini
/dev/shm/hf25
found  957  files
block 1786699800 writing 953 detections /home/ionouser/ionozond_data2//2026-08-14/cdetections-DOB-1786699800.h5
reading /home/ionouser/chirpsounder2/my_station.ini
/dev/shm/hf25
found  1048  files
block 1786699800 writing 1044 detections /home/ionouser/ionozond_data2//2026-08-14/cdetections-DOB-1786699800.h5
reading /home/ionouser/chirpsounder2/my_station.ini
/dev/shm/hf25
found  1064  files
block 1786699800 writing 1060 detections /home/ionouser/ionozond_data2//2026-08-14/cdetections-DOB-1786699800.h5
reading /home/ionouser/chirpsounder2/my_station.ini
/dev/shm/hf25
found  1074  files
block 1786699800 writing 1070 detections /home/ionouser/ionozond_data2//2026-08-14/cdetections-DOB-1786699800.h5
reading /home/ionouser/chirpsounder2/my_station.ini
/dev/shm/hf25
found  1103  files
block 1786699800 writing 1099 detections /home/ionouser/ionozond_data2//2026-08-14/cdetections-DOB-1786699800.h5
reading /home/ionouser/chirpsounder2/my_station.ini
/dev/shm/hf25
found  1200  files
block 1786699800 writing 1196 detections /home/ionouser/ionozond_data2//2026-08-14/cdetections-DOB-1786699800.h5
reading /home/ionouser/chirpsounder2/my_station.ini
/dev/shm/hf25
found  1275  files
block 1786699800 writing 1271 detections /home/ionouser/ionozond_data2//2026-08-14/cdetections-DOB-1786699800.h5
reading /home/ionouser/chirpsounder2/my_station.ini
/dev/shm/hf25
found  1294  files
block 1786699800 writing 1290 detections /home/ionouser/ionozond_data2//2026-08-14/cdetections-DOB-1786699800.h5
reading /home/ionouser/chirpsounder2/my_station.ini
/dev/shm/hf25
found  1296  files
block 1786698900 writing 645 detections /home/ionouser/ionozond_data2//2026-08-14/cdetections-DOB-1786698900.h5
deleting files 645 from previous block, which is now finished
block 1786699800 writing 647 detections /home/ionouser/ionozond_data2//2026-08-14/cdetections-DOB-1786699800.h5
reading /home/ionouser/chirpsounder2/my_station.ini
/dev/shm/hf25
found  713  files
block 1786700700 writing 709 detections /home/ionouser/ionozond_data2//2026-08-14/cdetections-DOB-1786700700.h5
reading /home/ionouser/chirpsounder2/my_station.ini
/dev/shm/hf25
found  813  files
block 1786700700 writing 809 detections /home/ionouser/ionozond_data2//2026-08-14/cdetections-DOB-1786700700.h5
reading /home/ionouser/chirpsounder2/my_station.ini
/dev/shm/hf25
found  851  files
block 1786700700 writing 847 detections /home/ionouser/ionozond_data2//2026-08-14/cdetections-DOB-1786700700.h5
reading /home/ionouser/chirpsounder2/my_station.ini
/dev/shm/hf25
found  867  files
block 1786700700 writing 863 detections /home/ionouser/ionozond_data2//2026-08-14/cdetections-DOB-1786700700.h5
reading /home/ionouser/chirpsounder2/my_station.ini
/dev/shm/hf25
found  886  files
block 1786700700 writing 882 detections /home/ionouser/ionozond_data2//2026-08-14/cdetections-DOB-1786700700.h5
reading /home/ionouser/chirpsounder2/my_station.ini
/dev/shm/hf25
found  968  files
block 1786700700 writing 964 detections /home/ionouser/ionozond_data2//2026-08-14/cdetections-DOB-1786700700.h5
reading /home/ionouser/chirpsounder2/my_station.ini
/dev/shm/hf25
found  1063  files
block 1786700700 writing 1059 detections /home/ionouser/ionozond_data2//2026-08-14/cdetections-DOB-1786700700.h5
reading /home/ionouser/chirpsounder2/my_station.ini
/dev/shm/hf25
found  1084  files
block 1786700700 writing 1080 detections /home/ionouser/ionozond_data2//2026-08-14/cdetections-DOB-1786700700.h5
reading /home/ionouser/chirpsounder2/my_station.ini
/dev/shm/hf25
found  1092  files
block 1786700700 writing 1088 detections /home/ionouser/ionozond_data2//2026-08-14/cdetections-DOB-1786700700.h5
reading /home/ionouser/chirpsounder2/my_station.ini
/dev/shm/hf25
found  1118  files
block 1786700700 writing 1114 detections /home/ionouser/ionozond_data2//2026-08-14/cdetections-DOB-1786700700.h5
reading /home/ionouser/chirpsounder2/my_station.ini
/dev/shm/hf25
found  1202  files
block 1786700700 writing 1198 detections /home/ionouser/ionozond_data2//2026-08-14/cdetections-DOB-1786700700.h5
reading /home/ionouser/chirpsounder2/my_station.ini
/dev/shm/hf25
found  1279  files
block 1786700700 writing 1275 detections /home/ionouser/ionozond_data2//2026-08-14/cdetections-DOB-1786700700.h5
reading /home/ionouser/chirpsounder2/my_station.ini
/dev/shm/hf25
found  1295  files
block 1786700700 writing 1291 detections /home/ionouser/ionozond_data2//2026-08-14/cdetections-DOB-1786700700.h5
reading /home/ionouser/chirpsounder2/my_station.ini
/dev/shm/hf25
found  1300  files
block 1786699800 writing 650 detections /home/ionouser/ionozond_data2//2026-08-14/cdetections-DOB-1786699800.h5
deleting files 650 from previous block, which is now finished
block 1786700700 writing 646 detections /home/ionouser/ionozond_data2//2026-08-14/cdetections-DOB-1786700700.h5
reading /home/ionouser/chirpsounder2/my_station.ini
/dev/shm/hf25
found  713  files
block 1786701600 writing 709 detections /home/ionouser/ionozond_data2//2026-08-14/cdetections-DOB-1786701600.h5
reading /home/ionouser/chirpsounder2/my_station.ini
/dev/shm/hf25
found  809  files
block 1786701600 writing 805 detections /home/ionouser/ionozond_data2//2026-08-14/cdetections-DOB-1786701600.h5
reading /home/ionouser/chirpsounder2/my_station.ini
/dev/shm/hf25
found  843  files
block 1786701600 writing 839 detections /home/ionouser/ionozond_data2//2026-08-14/cdetections-DOB-1786701600.h5
reading /home/ionouser/chirpsounder2/my_station.ini
/dev/shm/hf25
found  849  files
block 1786701600 writing 845 detections /home/ionouser/ionozond_data2//2026-08-14/cdetections-DOB-1786701600.h5
reading /home/ionouser/chirpsounder2/my_station.ini
/dev/shm/hf25
found  870  files
block 1786701600 writing 866 detections /home/ionouser/ionozond_data2//2026-08-14/cdetections-DOB-1786701600.h5
reading /home/ionouser/chirpsounder2/my_station.ini
/dev/shm/hf25
found  948  files
block 1786701600 writing 944 detections /home/ionouser/ionozond_data2//2026-08-14/cdetections-DOB-1786701600.h5
reading /home/ionouser/chirpsounder2/my_station.ini
/dev/shm/hf25
found  1034  files
block 1786701600 writing 1030 detections /home/ionouser/ionozond_data2//2026-08-14/cdetections-DOB-1786701600.h5
reading /home/ionouser/chirpsounder2/my_station.ini
/dev/shm/hf25
found  1042  files
block 1786701600 writing 1038 detections /home/ionouser/ionozond_data2//2026-08-14/cdetections-DOB-1786701600.h5
reading /home/ionouser/chirpsounder2/my_station.ini
/dev/shm/hf25
found  1046  files
block 1786701600 writing 1042 detections /home/ionouser/ionozond_data2//2026-08-14/cdetections-DOB-1786701600.h5
reading /home/ionouser/chirpsounder2/my_station.ini
/dev/shm/hf25
found  1079  files
block 1786701600 writing 1075 detections /home/ionouser/ionozond_data2//2026-08-14/cdetections-DOB-1786701600.h5
reading /home/ionouser/chirpsounder2/my_station.ini
/dev/shm/hf25
found  1162  files
block 1786701600 writing 1158 detections /home/ionouser/ionozond_data2//2026-08-14/cdetections-DOB-1786701600.h5
reading /home/ionouser/chirpsounder2/my_station.ini
/dev/shm/hf25
found  1237  files
block 1786701600 writing 1233 detections /home/ionouser/ionozond_data2//2026-08-14/cdetections-DOB-1786701600.h5
reading /home/ionouser/chirpsounder2/my_station.ini
/dev/shm/hf25
found  1253  files
block 1786701600 writing 1249 detections /home/ionouser/ionozond_data2//2026-08-14/cdetections-DOB-1786701600.h5
reading /home/ionouser/chirpsounder2/my_station.ini
/dev/shm/hf25
found  1255  files
block 1786700700 writing 648 detections /home/ionouser/ionozond_data2//2026-08-14/cdetections-DOB-1786700700.h5
deleting files 648 from previous block, which is now finished
block 1786701600 writing 603 detections /home/ionouser/ionozond_data2//2026-08-14/cdetections-DOB-1786701600.h5
reading /home/ionouser/chirpsounder2/my_station.ini
/dev/shm/hf25
found  678  files
block 1786702500 writing 674 detections /home/ionouser/ionozond_data2//2026-08-14/cdetections-DOB-1786702500.h5
reading /home/ionouser/chirpsounder2/my_station.ini
/dev/shm/hf25
found  777  files
block 1786702500 writing 773 detections /home/ionouser/ionozond_data2//2026-08-14/cdetections-DOB-1786702500.h5
reading /home/ionouser/chirpsounder2/my_station.ini
/dev/shm/hf25
found  801  files
block 1786702500 writing 797 detections /home/ionouser/ionozond_data2//2026-08-14/cdetections-DOB-1786702500.h5
reading /home/ionouser/chirpsounder2/my_station.ini
/dev/shm/hf25
found  804  files
block 1786702500 writing 800 detections /home/ionouser/ionozond_data2//2026-08-14/cdetections-DOB-1786702500.h5
reading /home/ionouser/chirpsounder2/my_station.ini
/dev/shm/hf25
found  819  files
block 1786702500 writing 815 detections /home/ionouser/ionozond_data2//2026-08-14/cdetections-DOB-1786702500.h5
reading /home/ionouser/chirpsounder2/my_station.ini
/dev/shm/hf25
found  918  files
block 1786702500 writing 914 detections /home/ionouser/ionozond_data2//2026-08-14/cdetections-DOB-1786702500.h5
reading /home/ionouser/chirpsounder2/my_station.ini
/dev/shm/hf25
found  1006  files
block 1786702500 writing 1002 detections /home/ionouser/ionozond_data2//2026-08-14/cdetections-DOB-1786702500.h5
reading /home/ionouser/chirpsounder2/my_station.ini
/dev/shm/hf25
found  1014  files
block 1786702500 writing 1010 detections /home/ionouser/ionozond_data2//2026-08-14/cdetections-DOB-1786702500.h5
reading /home/ionouser/chirpsounder2/my_station.ini
/dev/shm/hf25
found  1018  files
block 1786702500 writing 1014 detections /home/ionouser/ionozond_data2//2026-08-14/cdetections-DOB-1786702500.h5
reading /home/ionouser/chirpsounder2/my_station.ini
/dev/shm/hf25
found  1051  files
block 1786702500 writing 1047 detections /home/ionouser/ionozond_data2//2026-08-14/cdetections-DOB-1786702500.h5
reading /home/ionouser/chirpsounder2/my_station.ini
/dev/shm/hf25
found  1136  files
block 1786702500 writing 1132 detections /home/ionouser/ionozond_data2//2026-08-14/cdetections-DOB-1786702500.h5
reading /home/ionouser/chirpsounder2/my_station.ini
/dev/shm/hf25
found  1208  files
block 1786702500 writing 1204 detections /home/ionouser/ionozond_data2//2026-08-14/cdetections-DOB-1786702500.h5
reading /home/ionouser/chirpsounder2/my_station.ini
/dev/shm/hf25
found  1235  files
block 1786702500 writing 1231 detections /home/ionouser/ionozond_data2//2026-08-14/cdetections-DOB-1786702500.h5
reading /home/ionouser/chirpsounder2/my_station.ini
/dev/shm/hf25
found  1248  files
block 1786701600 writing 606 detections /home/ionouser/ionozond_data2//2026-08-14/cdetections-DOB-1786701600.h5
deleting files 606 from previous block, which is now finished
block 1786702500 writing 638 detections /home/ionouser/ionozond_data2//2026-08-14/cdetections-DOB-1786702500.h5
reading /home/ionouser/chirpsounder2/my_station.ini
/dev/shm/hf25
found  708  files
block 1786703400 writing 704 detections /home/ionouser/ionozond_data2//2026-08-14/cdetections-DOB-1786703400.h5
reading /home/ionouser/chirpsounder2/my_station.ini
/dev/shm/hf25
found  809  files
block 1786703400 writing 805 detections /home/ionouser/ionozond_data2//2026-08-14/cdetections-DOB-1786703400.h5
reading /home/ionouser/chirpsounder2/my_station.ini
/dev/shm/hf25
found  834  files
block 1786703400 writing 830 detections /home/ionouser/ionozond_data2//2026-08-14/cdetections-DOB-1786703400.h5
reading /home/ionouser/chirpsounder2/my_station.ini
/dev/shm/hf25
found  837  files
block 1786703400 writing 833 detections /home/ionouser/ionozond_data2//2026-08-14/cdetections-DOB-1786703400.h5
reading /home/ionouser/chirpsounder2/my_station.ini
/dev/shm/hf25
found  848  files
block 1786703400 writing 844 detections /home/ionouser/ionozond_data2//2026-08-14/cdetections-DOB-1786703400.h5
reading /home/ionouser/chirpsounder2/my_station.ini
/dev/shm/hf25
found  929  files
block 1786703400 writing 925 detections /home/ionouser/ionozond_data2//2026-08-14/cdetections-DOB-1786703400.h5
reading /home/ionouser/chirpsounder2/my_station.ini
/dev/shm/hf25
found  1026  files
block 1786703400 writing 1022 detections /home/ionouser/ionozond_data2//2026-08-14/cdetections-DOB-1786703400.h5
reading /home/ionouser/chirpsounder2/my_station.ini
/dev/shm/hf25
found  1034  files
block 1786703400 writing 1030 detections /home/ionouser/ionozond_data2//2026-08-14/cdetections-DOB-1786703400.h5
reading /home/ionouser/chirpsounder2/my_station.ini
/dev/shm/hf25
found  1038  files
block 1786703400 writing 1034 detections /home/ionouser/ionozond_data2//2026-08-14/cdetections-DOB-1786703400.h5
reading /home/ionouser/chirpsounder2/my_station.ini
/dev/shm/hf25
found  1078  files
block 1786703400 writing 1074 detections /home/ionouser/ionozond_data2//2026-08-14/cdetections-DOB-1786703400.h5
reading /home/ionouser/chirpsounder2/my_station.ini
/dev/shm/hf25
found  1166  files
block 1786703400 writing 1162 detections /home/ionouser/ionozond_data2//2026-08-14/cdetections-DOB-1786703400.h5
reading /home/ionouser/chirpsounder2/my_station.ini
/dev/shm/hf25
found  1231  files
block 1786703400 writing 1227 detections /home/ionouser/ionozond_data2//2026-08-14/cdetections-DOB-1786703400.h5
reading /home/ionouser/chirpsounder2/my_station.ini
/dev/shm/hf25
found  1241  files
block 1786703400 writing 1237 detections /home/ionouser/ionozond_data2//2026-08-14/cdetections-DOB-1786703400.h5
reading /home/ionouser/chirpsounder2/my_station.ini
/dev/shm/hf25
found  1260  files
block 1786702500 writing 640 detections /home/ionouser/ionozond_data2//2026-08-14/cdetections-DOB-1786702500.h5
deleting files 640 from previous block, which is now finished
block 1786704300 writing 616 detections /home/ionouser/ionozond_data2//2026-08-14/cdetections-DOB-1786704300.h5
reading /home/ionouser/chirpsounder2/my_station.ini
/dev/shm/hf25
found  696  files
block 1786704300 writing 692 detections /home/ionouser/ionozond_data2//2026-08-14/cdetections-DOB-1786704300.h5
reading /home/ionouser/chirpsounder2/my_station.ini
/dev/shm/hf25
found  796  files
block 1786704300 writing 792 detections /home/ionouser/ionozond_data2//2026-08-14/cdetections-DOB-1786704300.h5
reading /home/ionouser/chirpsounder2/my_station.ini
/dev/shm/hf25
found  825  files
block 1786704300 writing 821 detections /home/ionouser/ionozond_data2//2026-08-14/cdetections-DOB-1786704300.h5
reading /home/ionouser/chirpsounder2/my_station.ini
/dev/shm/hf25
found  832  files
block 1786704300 writing 828 detections /home/ionouser/ionozond_data2//2026-08-14/cdetections-DOB-1786704300.h5
reading /home/ionouser/chirpsounder2/my_station.ini
/dev/shm/hf25
found  845  files
block 1786704300 writing 841 detections /home/ionouser/ionozond_data2//2026-08-14/cdetections-DOB-1786704300.h5
reading /home/ionouser/chirpsounder2/my_station.ini
/dev/shm/hf25
found  922  files
block 1786704300 writing 918 detections /home/ionouser/ionozond_data2//2026-08-14/cdetections-DOB-1786704300.h5
reading /home/ionouser/chirpsounder2/my_station.ini
/dev/shm/hf25
found  1009  files
block 1786704300 writing 1005 detections /home/ionouser/ionozond_data2//2026-08-14/cdetections-DOB-1786704300.h5
reading /home/ionouser/chirpsounder2/my_station.ini
/dev/shm/hf25
found  1033  files
block 1786704300 writing 1029 detections /home/ionouser/ionozond_data2//2026-08-14/cdetections-DOB-1786704300.h5
reading /home/ionouser/chirpsounder2/my_station.ini
/dev/shm/hf25
found  1039  files
block 1786704300 writing 1035 detections /home/ionouser/ionozond_data2//2026-08-14/cdetections-DOB-1786704300.h5
reading /home/ionouser/chirpsounder2/my_station.ini
/dev/shm/hf25
found  1070  files
block 1786704300 writing 1066 detections /home/ionouser/ionozond_data2//2026-08-14/cdetections-DOB-1786704300.h5
reading /home/ionouser/chirpsounder2/my_station.ini
/dev/shm/hf25
found  1157  files
block 1786704300 writing 1153 detections /home/ionouser/ionozond_data2//2026-08-14/cdetections-DOB-1786704300.h5
reading /home/ionouser/chirpsounder2/my_station.ini
/dev/shm/hf25
found  1225  files
block 1786704300 writing 1221 detections /home/ionouser/ionozond_data2//2026-08-14/cdetections-DOB-1786704300.h5
reading /home/ionouser/chirpsounder2/my_station.ini
/dev/shm/hf25
found  1234  files
block 1786704300 writing 1230 detections /home/ionouser/ionozond_data2//2026-08-14/cdetections-DOB-1786704300.h5
reading /home/ionouser/chirpsounder2/my_station.ini
/dev/shm/hf25
found  1236  files
block 1786703400 writing 604 detections /home/ionouser/ionozond_data2//2026-08-14/cdetections-DOB-1786703400.h5
deleting files 604 from previous block, which is now finished
block 1786704300 writing 628 detections /home/ionouser/ionozond_data2//2026-08-14/cdetections-DOB-1786704300.h5
reading /home/ionouser/chirpsounder2/my_station.ini
/dev/shm/hf25
found  724  files
block 1786705200 writing 720 detections /home/ionouser/ionozond_data2//2026-08-14/cdetections-DOB-1786705200.h5
reading /home/ionouser/chirpsounder2/my_station.ini
/dev/shm/hf25
found  827  files
block 1786705200 writing 823 detections /home/ionouser/ionozond_data2//2026-08-14/cdetections-DOB-1786705200.h5
reading /home/ionouser/chirpsounder2/my_station.ini
/dev/shm/hf25
found  858  files
block 1786705200 writing 854 detections /home/ionouser/ionozond_data2//2026-08-14/cdetections-DOB-1786705200.h5
reading /home/ionouser/chirpsounder2/my_station.ini
/dev/shm/hf25
found  866  files
block 1786705200 writing 862 detections /home/ionouser/ionozond_data2//2026-08-14/cdetections-DOB-1786705200.h5
reading /home/ionouser/chirpsounder2/my_station.ini
/dev/shm/hf25
found  881  files
block 1786705200 writing 877 detections /home/ionouser/ionozond_data2//2026-08-14/cdetections-DOB-1786705200.h5
reading /home/ionouser/chirpsounder2/my_station.ini
/dev/shm/hf25
found  962  files
block 1786705200 writing 958 detections /home/ionouser/ionozond_data2//2026-08-14/cdetections-DOB-1786705200.h5
reading /home/ionouser/chirpsounder2/my_station.ini
/dev/shm/hf25
found  1050  files
block 1786705200 writing 1046 detections /home/ionouser/ionozond_data2//2026-08-14/cdetections-DOB-1786705200.h5
reading /home/ionouser/chirpsounder2/my_station.ini
/dev/shm/hf25
found  1073  files
block 1786705200 writing 1069 detections /home/ionouser/ionozond_data2//2026-08-14/cdetections-DOB-1786705200.h5
reading /home/ionouser/chirpsounder2/my_station.ini
/dev/shm/hf25
found  1093  files
block 1786705200 writing 1089 detections /home/ionouser/ionozond_data2//2026-08-14/cdetections-DOB-1786705200.h5
reading /home/ionouser/chirpsounder2/my_station.ini
/dev/shm/hf25
found  1139  files
block 1786705200 writing 1135 detections /home/ionouser/ionozond_data2//2026-08-14/cdetections-DOB-1786705200.h5
reading /home/ionouser/chirpsounder2/my_station.ini
/dev/shm/hf25
found  1230  files
block 1786705200 writing 1226 detections /home/ionouser/ionozond_data2//2026-08-14/cdetections-DOB-1786705200.h5
reading /home/ionouser/chirpsounder2/my_station.ini
/dev/shm/hf25
found  1291  files
block 1786705200 writing 1287 detections /home/ionouser/ionozond_data2//2026-08-14/cdetections-DOB-1786705200.h5
reading /home/ionouser/chirpsounder2/my_station.ini
/dev/shm/hf25
found  1310  files
block 1786705200 writing 1306 detections /home/ionouser/ionozond_data2//2026-08-14/cdetections-DOB-1786705200.h5
reading /home/ionouser/chirpsounder2/my_station.ini
/dev/shm/hf25
found  1316  files
block 1786704300 writing 631 detections /home/ionouser/ionozond_data2//2026-08-14/cdetections-DOB-1786704300.h5
deleting files 631 from previous block, which is now finished
block 1786706100 writing 681 detections /home/ionouser/ionozond_data2//2026-08-14/cdetections-DOB-1786706100.h5
reading /home/ionouser/chirpsounder2/my_station.ini
/dev/shm/hf25
found  765  files
block 1786706100 writing 761 detections /home/ionouser/ionozond_data2//2026-08-14/cdetections-DOB-1786706100.h5
reading /home/ionouser/chirpsounder2/my_station.ini
/dev/shm/hf25
found  873  files
block 1786706100 writing 869 detections /home/ionouser/ionozond_data2//2026-08-14/cdetections-DOB-1786706100.h5
reading /home/ionouser/chirpsounder2/my_station.ini
/dev/shm/hf25
found  892  files
block 1786706100 writing 888 detections /home/ionouser/ionozond_data2//2026-08-14/cdetections-DOB-1786706100.h5
reading /home/ionouser/chirpsounder2/my_station.ini
/dev/shm/hf25
found  896  files
block 1786706100 writing 892 detections /home/ionouser/ionozond_data2//2026-08-14/cdetections-DOB-1786706100.h5
reading /home/ionouser/chirpsounder2/my_station.ini
/dev/shm/hf25
found  912  files
block 1786706100 writing 908 detections /home/ionouser/ionozond_data2//2026-08-14/cdetections-DOB-1786706100.h5
reading /home/ionouser/chirpsounder2/my_station.ini
/dev/shm/hf25
found  993  files
block 1786706100 writing 989 detections /home/ionouser/ionozond_data2//2026-08-14/cdetections-DOB-1786706100.h5
reading /home/ionouser/chirpsounder2/my_station.ini
/dev/shm/hf25
found  1071  files
block 1786706100 writing 1067 detections /home/ionouser/ionozond_data2//2026-08-14/cdetections-DOB-1786706100.h5
reading /home/ionouser/chirpsounder2/my_station.ini
/dev/shm/hf25
found  1086  files
block 1786706100 writing 1082 detections /home/ionouser/ionozond_data2//2026-08-14/cdetections-DOB-1786706100.h5
reading /home/ionouser/chirpsounder2/my_station.ini
/dev/shm/hf25
found  1101  files
block 1786706100 writing 1097 detections /home/ionouser/ionozond_data2//2026-08-14/cdetections-DOB-1786706100.h5
reading /home/ionouser/chirpsounder2/my_station.ini
/dev/shm/hf25
found  1136  files
block 1786706100 writing 1132 detections /home/ionouser/ionozond_data2//2026-08-14/cdetections-DOB-1786706100.h5
reading /home/ionouser/chirpsounder2/my_station.ini
/dev/shm/hf25
found  1223  files
block 1786706100 writing 1219 detections /home/ionouser/ionozond_data2//2026-08-14/cdetections-DOB-1786706100.h5
reading /home/ionouser/chirpsounder2/my_station.ini
/dev/shm/hf25
found  1277  files
block 1786706100 writing 1273 detections /home/ionouser/ionozond_data2//2026-08-14/cdetections-DOB-1786706100.h5
reading /home/ionouser/chirpsounder2/my_station.ini
/dev/shm/hf25
found  1290  files
block 1786706100 writing 1286 detections /home/ionouser/ionozond_data2//2026-08-14/cdetections-DOB-1786706100.h5
reading /home/ionouser/chirpsounder2/my_station.ini
/dev/shm/hf25
found  1305  files
block 1786705200 writing 680 detections /home/ionouser/ionozond_data2//2026-08-14/cdetections-DOB-1786705200.h5
deleting files 680 from previous block, which is now finished
block 1786707000 writing 621 detections /home/ionouser/ionozond_data2//2026-08-14/cdetections-DOB-1786707000.h5
reading /home/ionouser/chirpsounder2/my_station.ini
/dev/shm/hf25
found  702  files
block 1786707000 writing 698 detections /home/ionouser/ionozond_data2//2026-08-14/cdetections-DOB-1786707000.h5
reading /home/ionouser/chirpsounder2/my_station.ini
/dev/shm/hf25
found  807  files
block 1786707000 writing 803 detections /home/ionouser/ionozond_data2//2026-08-14/cdetections-DOB-1786707000.h5
reading /home/ionouser/chirpsounder2/my_station.ini
/dev/shm/hf25
found  838  files
block 1786707000 writing 834 detections /home/ionouser/ionozond_data2//2026-08-14/cdetections-DOB-1786707000.h5
reading /home/ionouser/chirpsounder2/my_station.ini
/dev/shm/hf25
found  845  files
block 1786707000 writing 841 detections /home/ionouser/ionozond_data2//2026-08-14/cdetections-DOB-1786707000.h5
reading /home/ionouser/chirpsounder2/my_station.ini
/dev/shm/hf25
found  864  files
block 1786707000 writing 860 detections /home/ionouser/ionozond_data2//2026-08-14/cdetections-DOB-1786707000.h5
reading /home/ionouser/chirpsounder2/my_station.ini
/dev/shm/hf25
found  941  files
block 1786707000 writing 937 detections /home/ionouser/ionozond_data2//2026-08-14/cdetections-DOB-1786707000.h5
reading /home/ionouser/chirpsounder2/my_station.ini
/dev/shm/hf25
found  1018  files
block 1786707000 writing 1014 detections /home/ionouser/ionozond_data2//2026-08-14/cdetections-DOB-1786707000.h5
reading /home/ionouser/chirpsounder2/my_station.ini
/dev/shm/hf25
found  1033  files
block 1786707000 writing 1029 detections /home/ionouser/ionozond_data2//2026-08-14/cdetections-DOB-1786707000.h5
reading /home/ionouser/chirpsounder2/my_station.ini
/dev/shm/hf25
found  1036  files
block 1786707000 writing 1032 detections /home/ionouser/ionozond_data2//2026-08-14/cdetections-DOB-1786707000.h5
reading /home/ionouser/chirpsounder2/my_station.ini
/dev/shm/hf25
found  1083  files
block 1786707000 writing 1079 detections /home/ionouser/ionozond_data2//2026-08-14/cdetections-DOB-1786707000.h5
reading /home/ionouser/chirpsounder2/my_station.ini
/dev/shm/hf25
found  1177  files
block 1786707000 writing 1173 detections /home/ionouser/ionozond_data2//2026-08-14/cdetections-DOB-1786707000.h5
reading /home/ionouser/chirpsounder2/my_station.ini
/dev/shm/hf25
found  1223  files
block 1786707000 writing 1219 detections /home/ionouser/ionozond_data2//2026-08-14/cdetections-DOB-1786707000.h5
reading /home/ionouser/chirpsounder2/my_station.ini
/dev/shm/hf25
found  1232  files
block 1786707000 writing 1228 detections /home/ionouser/ionozond_data2//2026-08-14/cdetections-DOB-1786707000.h5
reading /home/ionouser/chirpsounder2/my_station.ini
/dev/shm/hf25
found  1238  files
block 1786706100 writing 615 detections /home/ionouser/ionozond_data2//2026-08-14/cdetections-DOB-1786706100.h5
deleting files 615 from previous block, which is now finished
block 1786707900 writing 619 detections /home/ionouser/ionozond_data2//2026-08-14/cdetections-DOB-1786707900.h5
reading /home/ionouser/chirpsounder2/my_station.ini
/dev/shm/hf25
found  700  files
block 1786707900 writing 696 detections /home/ionouser/ionozond_data2//2026-08-14/cdetections-DOB-1786707900.h5
reading /home/ionouser/chirpsounder2/my_station.ini
/dev/shm/hf25
found  806  files
block 1786707900 writing 802 detections /home/ionouser/ionozond_data2//2026-08-14/cdetections-DOB-1786707900.h5
reading /home/ionouser/chirpsounder2/my_station.ini
/dev/shm/hf25
found  829  files
block 1786707900 writing 825 detections /home/ionouser/ionozond_data2//2026-08-14/cdetections-DOB-1786707900.h5
reading /home/ionouser/chirpsounder2/my_station.ini
/dev/shm/hf25
found  846  files
block 1786707900 writing 842 detections /home/ionouser/ionozond_data2//2026-08-14/cdetections-DOB-1786707900.h5
reading /home/ionouser/chirpsounder2/my_station.ini
/dev/shm/hf25
found  872  files
block 1786707900 writing 868 detections /home/ionouser/ionozond_data2//2026-08-14/cdetections-DOB-1786707900.h5
reading /home/ionouser/chirpsounder2/my_station.ini
/dev/shm/hf25
found  960  files
block 1786707900 writing 956 detections /home/ionouser/ionozond_data2//2026-08-14/cdetections-DOB-1786707900.h5
reading /home/ionouser/chirpsounder2/my_station.ini
/dev/shm/hf25
found  1032  files
block 1786707900 writing 1028 detections /home/ionouser/ionozond_data2//2026-08-14/cdetections-DOB-1786707900.h5
reading /home/ionouser/chirpsounder2/my_station.ini
/dev/shm/hf25
found  1053  files
block 1786707900 writing 1049 detections /home/ionouser/ionozond_data2//2026-08-14/cdetections-DOB-1786707900.h5
reading /home/ionouser/chirpsounder2/my_station.ini
/dev/shm/hf25
found  1055  files
block 1786707900 writing 1051 detections /home/ionouser/ionozond_data2//2026-08-14/cdetections-DOB-1786707900.h5
reading /home/ionouser/chirpsounder2/my_station.ini
/dev/shm/hf25
found  1103  files
block 1786707900 writing 1099 detections /home/ionouser/ionozond_data2//2026-08-14/cdetections-DOB-1786707900.h5
reading /home/ionouser/chirpsounder2/my_station.ini
/dev/shm/hf25
found  1208  files
block 1786707900 writing 1204 detections /home/ionouser/ionozond_data2//2026-08-14/cdetections-DOB-1786707900.h5
reading /home/ionouser/chirpsounder2/my_station.ini
/dev/shm/hf25
found  1260  files
block 1786707900 writing 1256 detections /home/ionouser/ionozond_data2//2026-08-14/cdetections-DOB-1786707900.h5
reading /home/ionouser/chirpsounder2/my_station.ini
/dev/shm/hf25
found  1267  files
block 1786707900 writing 1263 detections /home/ionouser/ionozond_data2//2026-08-14/cdetections-DOB-1786707900.h5
reading /home/ionouser/chirpsounder2/my_station.ini
/dev/shm/hf25
found  1279  files
block 1786707000 writing 618 detections /home/ionouser/ionozond_data2//2026-08-14/cdetections-DOB-1786707000.h5
deleting files 618 from previous block, which is now finished
block 1786708800 writing 657 detections /home/ionouser/ionozond_data2//2026-08-14/cdetections-DOB-1786708800.h5
reading /home/ionouser/chirpsounder2/my_station.ini
/dev/shm/hf25
found  753  files
block 1786708800 writing 749 detections /home/ionouser/ionozond_data2//2026-08-14/cdetections-DOB-1786708800.h5
reading /home/ionouser/chirpsounder2/my_station.ini
/dev/shm/hf25
found  835  files
block 1786708800 writing 831 detections /home/ionouser/ionozond_data2//2026-08-14/cdetections-DOB-1786708800.h5
reading /home/ionouser/chirpsounder2/my_station.ini
/dev/shm/hf25
found  858  files
block 1786708800 writing 854 detections /home/ionouser/ionozond_data2//2026-08-14/cdetections-DOB-1786708800.h5
reading /home/ionouser/chirpsounder2/my_station.ini
/dev/shm/hf25
found  864  files
block 1786708800 writing 860 detections /home/ionouser/ionozond_data2//2026-08-14/cdetections-DOB-1786708800.h5
reading /home/ionouser/chirpsounder2/my_station.ini
/dev/shm/hf25
found  890  files
block 1786708800 writing 886 detections /home/ionouser/ionozond_data2//2026-08-14/cdetections-DOB-1786708800.h5
reading /home/ionouser/chirpsounder2/my_station.ini
/dev/shm/hf25
found  980  files
block 1786708800 writing 976 detections /home/ionouser/ionozond_data2//2026-08-14/cdetections-DOB-1786708800.h5
reading /home/ionouser/chirpsounder2/my_station.ini
/dev/shm/hf25
found  1043  files
block 1786708800 writing 1039 detections /home/ionouser/ionozond_data2//2026-08-14/cdetections-DOB-1786708800.h5
reading /home/ionouser/chirpsounder2/my_station.ini
/dev/shm/hf25
found  1056  files
block 1786708800 writing 1052 detections /home/ionouser/ionozond_data2//2026-08-14/cdetections-DOB-1786708800.h5
reading /home/ionouser/chirpsounder2/my_station.ini
/dev/shm/hf25
found  1068  files
block 1786708800 writing 1064 detections /home/ionouser/ionozond_data2//2026-08-14/cdetections-DOB-1786708800.h5
reading /home/ionouser/chirpsounder2/my_station.ini
/dev/shm/hf25
found  1128  files
block 1786708800 writing 1124 detections /home/ionouser/ionozond_data2//2026-08-14/cdetections-DOB-1786708800.h5
reading /home/ionouser/chirpsounder2/my_station.ini
/dev/shm/hf25
found  1233  files
block 1786708800 writing 1229 detections /home/ionouser/ionozond_data2//2026-08-14/cdetections-DOB-1786708800.h5
reading /home/ionouser/chirpsounder2/my_station.ini
/dev/shm/hf25
found  1275  files
block 1786708800 writing 1271 detections /home/ionouser/ionozond_data2//2026-08-14/cdetections-DOB-1786708800.h5
reading /home/ionouser/chirpsounder2/my_station.ini
/dev/shm/hf25
found  1286  files
block 1786708800 writing 1282 detections /home/ionouser/ionozond_data2//2026-08-14/cdetections-DOB-1786708800.h5
reading /home/ionouser/chirpsounder2/my_station.ini
/dev/shm/hf25
found  1315  files
block 1786707900 writing 649 detections /home/ionouser/ionozond_data2//2026-08-14/cdetections-DOB-1786707900.h5
deleting files 649 from previous block, which is now finished
block 1786709700 writing 662 detections /home/ionouser/ionozond_data2//2026-08-14/cdetections-DOB-1786709700.h5
reading /home/ionouser/chirpsounder2/my_station.ini
/dev/shm/hf25
found  759  files
block 1786709700 writing 755 detections /home/ionouser/ionozond_data2//2026-08-14/cdetections-DOB-1786709700.h5
reading /home/ionouser/chirpsounder2/my_station.ini
/dev/shm/hf25
found  841  files
block 1786709700 writing 837 detections /home/ionouser/ionozond_data2//2026-08-14/cdetections-DOB-1786709700.h5
reading /home/ionouser/chirpsounder2/my_station.ini
/dev/shm/hf25
found  869  files
block 1786709700 writing 865 detections /home/ionouser/ionozond_data2//2026-08-14/cdetections-DOB-1786709700.h5
reading /home/ionouser/chirpsounder2/my_station.ini
/dev/shm/hf25
found  879  files
block 1786709700 writing 875 detections /home/ionouser/ionozond_data2//2026-08-14/cdetections-DOB-1786709700.h5
reading /home/ionouser/chirpsounder2/my_station.ini
/dev/shm/hf25
found  911  files
block 1786709700 writing 907 detections /home/ionouser/ionozond_data2//2026-08-14/cdetections-DOB-1786709700.h5
reading /home/ionouser/chirpsounder2/my_station.ini
/dev/shm/hf25
found  1008  files
block 1786709700 writing 1004 detections /home/ionouser/ionozond_data2//2026-08-14/cdetections-DOB-1786709700.h5
reading /home/ionouser/chirpsounder2/my_station.ini
/dev/shm/hf25
found  1062  files
block 1786709700 writing 1058 detections /home/ionouser/ionozond_data2//2026-08-14/cdetections-DOB-1786709700.h5
reading /home/ionouser/chirpsounder2/my_station.ini
/dev/shm/hf25
found  1082  files
block 1786709700 writing 1078 detections /home/ionouser/ionozond_data2//2026-08-14/cdetections-DOB-1786709700.h5
reading /home/ionouser/chirpsounder2/my_station.ini
/dev/shm/hf25
found  1087  files
block 1786709700 writing 1083 detections /home/ionouser/ionozond_data2//2026-08-14/cdetections-DOB-1786709700.h5
reading /home/ionouser/chirpsounder2/my_station.ini
/dev/shm/hf25
found  1136  files
block 1786709700 writing 1132 detections /home/ionouser/ionozond_data2//2026-08-14/cdetections-DOB-1786709700.h5
reading /home/ionouser/chirpsounder2/my_station.ini
/dev/shm/hf25
found  1234  files
block 1786709700 writing 1230 detections /home/ionouser/ionozond_data2//2026-08-14/cdetections-DOB-1786709700.h5
reading /home/ionouser/chirpsounder2/my_station.ini
/dev/shm/hf25
found  1260  files
block 1786709700 writing 1256 detections /home/ionouser/ionozond_data2//2026-08-14/cdetections-DOB-1786709700.h5
reading /home/ionouser/chirpsounder2/my_station.ini
/dev/shm/hf25
found  1268  files
block 1786709700 writing 1264 detections /home/ionouser/ionozond_data2//2026-08-14/cdetections-DOB-1786709700.h5
reading /home/ionouser/chirpsounder2/my_station.ini
/dev/shm/hf25
found  1279  files
block 1786708800 writing 645 detections /home/ionouser/ionozond_data2//2026-08-14/cdetections-DOB-1786708800.h5
deleting files 645 from previous block, which is now finished
block 1786710600 writing 630 detections /home/ionouser/ionozond_data2//2026-08-14/cdetections-DOB-1786710600.h5
reading /home/ionouser/chirpsounder2/my_station.ini
/dev/shm/hf25
found  724  files
block 1786710600 writing 720 detections /home/ionouser/ionozond_data2//2026-08-14/cdetections-DOB-1786710600.h5
reading /home/ionouser/chirpsounder2/my_station.ini
/dev/shm/hf25
found  810  files
block 1786710600 writing 806 detections /home/ionouser/ionozond_data2//2026-08-14/cdetections-DOB-1786710600.h5
reading /home/ionouser/chirpsounder2/my_station.ini
/dev/shm/hf25
found  835  files
block 1786710600 writing 831 detections /home/ionouser/ionozond_data2//2026-08-14/cdetections-DOB-1786710600.h5
reading /home/ionouser/chirpsounder2/my_station.ini
/dev/shm/hf25
found  839  files
block 1786710600 writing 835 detections /home/ionouser/ionozond_data2//2026-08-14/cdetections-DOB-1786710600.h5
reading /home/ionouser/chirpsounder2/my_station.ini
/dev/shm/hf25
found  873  files
block 1786710600 writing 869 detections /home/ionouser/ionozond_data2//2026-08-14/cdetections-DOB-1786710600.h5
reading /home/ionouser/chirpsounder2/my_station.ini
/dev/shm/hf25
found  962  files
block 1786710600 writing 958 detections /home/ionouser/ionozond_data2//2026-08-14/cdetections-DOB-1786710600.h5
reading /home/ionouser/chirpsounder2/my_station.ini
/dev/shm/hf25
found  1010  files
block 1786710600 writing 1006 detections /home/ionouser/ionozond_data2//2026-08-14/cdetections-DOB-1786710600.h5
reading /home/ionouser/chirpsounder2/my_station.ini
/dev/shm/hf25
found  1031  files
block 1786710600 writing 1027 detections /home/ionouser/ionozond_data2//2026-08-14/cdetections-DOB-1786710600.h5
reading /home/ionouser/chirpsounder2/my_station.ini
/dev/shm/hf25
found  1042  files
block 1786710600 writing 1038 detections /home/ionouser/ionozond_data2//2026-08-14/cdetections-DOB-1786710600.h5
reading /home/ionouser/chirpsounder2/my_station.ini
/dev/shm/hf25
found  1106  files
block 1786710600 writing 1102 detections /home/ionouser/ionozond_data2//2026-08-14/cdetections-DOB-1786710600.h5
reading /home/ionouser/chirpsounder2/my_station.ini
/dev/shm/hf25
found  1207  files
block 1786710600 writing 1203 detections /home/ionouser/ionozond_data2//2026-08-14/cdetections-DOB-1786710600.h5
reading /home/ionouser/chirpsounder2/my_station.ini
/dev/shm/hf25
found  1237  files
block 1786710600 writing 1233 detections /home/ionouser/ionozond_data2//2026-08-14/cdetections-DOB-1786710600.h5
reading /home/ionouser/chirpsounder2/my_station.ini
/dev/shm/hf25
found  1241  files
block 1786710600 writing 1237 detections /home/ionouser/ionozond_data2//2026-08-14/cdetections-DOB-1786710600.h5
reading /home/ionouser/chirpsounder2/my_station.ini
/dev/shm/hf25
found  1253  files
block 1786709700 writing 626 detections /home/ionouser/ionozond_data2//2026-08-14/cdetections-DOB-1786709700.h5
deleting files 626 from previous block, which is now finished
block 1786711500 writing 623 detections /home/ionouser/ionozond_data2//2026-08-14/cdetections-DOB-1786711500.h5
reading /home/ionouser/chirpsounder2/my_station.ini
/dev/shm/hf25
found  726  files
block 1786711500 writing 722 detections /home/ionouser/ionozond_data2//2026-08-14/cdetections-DOB-1786711500.h5
reading /home/ionouser/chirpsounder2/my_station.ini
/dev/shm/hf25
found  789  files
block 1786711500 writing 785 detections /home/ionouser/ionozond_data2//2026-08-14/cdetections-DOB-1786711500.h5
reading /home/ionouser/chirpsounder2/my_station.ini
/dev/shm/hf25
found  804  files
block 1786711500 writing 800 detections /home/ionouser/ionozond_data2//2026-08-14/cdetections-DOB-1786711500.h5
reading /home/ionouser/chirpsounder2/my_station.ini
/dev/shm/hf25
found  806  files
block 1786711500 writing 802 detections /home/ionouser/ionozond_data2//2026-08-14/cdetections-DOB-1786711500.h5
reading /home/ionouser/chirpsounder2/my_station.ini
/dev/shm/hf25
found  854  files
block 1786711500 writing 850 detections /home/ionouser/ionozond_data2//2026-08-14/cdetections-DOB-1786711500.h5
reading /home/ionouser/chirpsounder2/my_station.ini
/dev/shm/hf25
found  958  files
block 1786711500 writing 954 detections /home/ionouser/ionozond_data2//2026-08-14/cdetections-DOB-1786711500.h5
reading /home/ionouser/chirpsounder2/my_station.ini
/dev/shm/hf25
found  996  files
block 1786711500 writing 992 detections /home/ionouser/ionozond_data2//2026-08-14/cdetections-DOB-1786711500.h5
reading /home/ionouser/chirpsounder2/my_station.ini
/dev/shm/hf25
found  1018  files
block 1786711500 writing 1014 detections /home/ionouser/ionozond_data2//2026-08-14/cdetections-DOB-1786711500.h5
reading /home/ionouser/chirpsounder2/my_station.ini
/dev/shm/hf25
found  1025  files
block 1786711500 writing 1021 detections /home/ionouser/ionozond_data2//2026-08-14/cdetections-DOB-1786711500.h5
reading /home/ionouser/chirpsounder2/my_station.ini
/dev/shm/hf25
found  1086  files
block 1786711500 writing 1082 detections /home/ionouser/ionozond_data2//2026-08-14/cdetections-DOB-1786711500.h5
reading /home/ionouser/chirpsounder2/my_station.ini
/dev/shm/hf25
found  1168  files
block 1786711500 writing 1164 detections /home/ionouser/ionozond_data2//2026-08-14/cdetections-DOB-1786711500.h5
reading /home/ionouser/chirpsounder2/my_station.ini
/dev/shm/hf25
found  1184  files
block 1786711500 writing 1180 detections /home/ionouser/ionozond_data2//2026-08-14/cdetections-DOB-1786711500.h5
reading /home/ionouser/chirpsounder2/my_station.ini
/dev/shm/hf25
found  1186  files
block 1786711500 writing 1182 detections /home/ionouser/ionozond_data2//2026-08-14/cdetections-DOB-1786711500.h5
reading /home/ionouser/chirpsounder2/my_station.ini
/dev/shm/hf25
found  1195  files
block 1786710600 writing 615 detections /home/ionouser/ionozond_data2//2026-08-14/cdetections-DOB-1786710600.h5
deleting files 615 from previous block, which is now finished
block 1786712400 writing 576 detections /home/ionouser/ionozond_data2//2026-08-14/cdetections-DOB-1786712400.h5
reading /home/ionouser/chirpsounder2/my_station.ini
/dev/shm/hf25
found  686  files
block 1786712400 writing 682 detections /home/ionouser/ionozond_data2//2026-08-14/cdetections-DOB-1786712400.h5
reading /home/ionouser/chirpsounder2/my_station.ini
/dev/shm/hf25
found  745  files
block 1786712400 writing 741 detections /home/ionouser/ionozond_data2//2026-08-14/cdetections-DOB-1786712400.h5
reading /home/ionouser/chirpsounder2/my_station.ini
/dev/shm/hf25
found  762  files
block 1786712400 writing 758 detections /home/ionouser/ionozond_data2//2026-08-14/cdetections-DOB-1786712400.h5
reading /home/ionouser/chirpsounder2/my_station.ini
/dev/shm/hf25
found  765  files
block 1786712400 writing 761 detections /home/ionouser/ionozond_data2//2026-08-14/cdetections-DOB-1786712400.h5
reading /home/ionouser/chirpsounder2/my_station.ini
/dev/shm/hf25
found  803  files
block 1786712400 writing 799 detections /home/ionouser/ionozond_data2//2026-08-14/cdetections-DOB-1786712400.h5
reading /home/ionouser/chirpsounder2/my_station.ini
/dev/shm/hf25
found  888  files
block 1786712400 writing 884 detections /home/ionouser/ionozond_data2//2026-08-14/cdetections-DOB-1786712400.h5
reading /home/ionouser/chirpsounder2/my_station.ini
/dev/shm/hf25
found  904  files
block 1786712400 writing 900 detections /home/ionouser/ionozond_data2//2026-08-14/cdetections-DOB-1786712400.h5
reading /home/ionouser/chirpsounder2/my_station.ini
/dev/shm/hf25
found  924  files
block 1786712400 writing 920 detections /home/ionouser/ionozond_data2//2026-08-14/cdetections-DOB-1786712400.h5
reading /home/ionouser/chirpsounder2/my_station.ini
/dev/shm/hf25
found  936  files
block 1786712400 writing 932 detections /home/ionouser/ionozond_data2//2026-08-14/cdetections-DOB-1786712400.h5
reading /home/ionouser/chirpsounder2/my_station.ini
/dev/shm/hf25
found  998  files
block 1786712400 writing 994 detections /home/ionouser/ionozond_data2//2026-08-14/cdetections-DOB-1786712400.h5
reading /home/ionouser/chirpsounder2/my_station.ini
/dev/shm/hf25
found  1084  files
block 1786712400 writing 1080 detections /home/ionouser/ionozond_data2//2026-08-14/cdetections-DOB-1786712400.h5
reading /home/ionouser/chirpsounder2/my_station.ini
/dev/shm/hf25
found  1102  files
block 1786712400 writing 1098 detections /home/ionouser/ionozond_data2//2026-08-14/cdetections-DOB-1786712400.h5
reading /home/ionouser/chirpsounder2/my_station.ini
/dev/shm/hf25
found  1109  files
block 1786712400 writing 1105 detections /home/ionouser/ionozond_data2//2026-08-14/cdetections-DOB-1786712400.h5
reading /home/ionouser/chirpsounder2/my_station.ini
/dev/shm/hf25
found  1122  files
block 1786711500 writing 571 detections /home/ionouser/ionozond_data2//2026-08-14/cdetections-DOB-1786711500.h5
deleting files 571 from previous block, which is now finished
block 1786713300 writing 547 detections /home/ionouser/ionozond_data2//2026-08-14/cdetections-DOB-1786713300.h5
reading /home/ionouser/chirpsounder2/my_station.ini
/dev/shm/hf25
found  651  files
block 1786713300 writing 647 detections /home/ionouser/ionozond_data2//2026-08-14/cdetections-DOB-1786713300.h5
reading /home/ionouser/chirpsounder2/my_station.ini
/dev/shm/hf25
found  709  files
block 1786713300 writing 705 detections /home/ionouser/ionozond_data2//2026-08-14/cdetections-DOB-1786713300.h5
reading /home/ionouser/chirpsounder2/my_station.ini
/dev/shm/hf25
found  720  files
block 1786713300 writing 716 detections /home/ionouser/ionozond_data2//2026-08-14/cdetections-DOB-1786713300.h5
reading /home/ionouser/chirpsounder2/my_station.ini
/dev/shm/hf25
found  723  files
block 1786713300 writing 719 detections /home/ionouser/ionozond_data2//2026-08-14/cdetections-DOB-1786713300.h5
reading /home/ionouser/chirpsounder2/my_station.ini
/dev/shm/hf25
found  766  files
block 1786713300 writing 762 detections /home/ionouser/ionozond_data2//2026-08-14/cdetections-DOB-1786713300.h5
reading /home/ionouser/chirpsounder2/my_station.ini
/dev/shm/hf25
found  877  files
block 1786713300 writing 873 detections /home/ionouser/ionozond_data2//2026-08-14/cdetections-DOB-1786713300.h5
reading /home/ionouser/chirpsounder2/my_station.ini
/dev/shm/hf25
found  899  files
block 1786713300 writing 895 detections /home/ionouser/ionozond_data2//2026-08-14/cdetections-DOB-1786713300.h5
reading /home/ionouser/chirpsounder2/my_station.ini
/dev/shm/hf25
found  920  files
block 1786713300 writing 916 detections /home/ionouser/ionozond_data2//2026-08-14/cdetections-DOB-1786713300.h5
reading /home/ionouser/chirpsounder2/my_station.ini
/dev/shm/hf25
found  948  files
block 1786713300 writing 944 detections /home/ionouser/ionozond_data2//2026-08-14/cdetections-DOB-1786713300.h5
reading /home/ionouser/chirpsounder2/my_station.ini
/dev/shm/hf25
found  1002  files
block 1786713300 writing 998 detections /home/ionouser/ionozond_data2//2026-08-14/cdetections-DOB-1786713300.h5
reading /home/ionouser/chirpsounder2/my_station.ini
/dev/shm/hf25
found  1097  files
block 1786713300 writing 1093 detections /home/ionouser/ionozond_data2//2026-08-14/cdetections-DOB-1786713300.h5
reading /home/ionouser/chirpsounder2/my_station.ini
/dev/shm/hf25
found  1121  files
block 1786713300 writing 1117 detections /home/ionouser/ionozond_data2//2026-08-14/cdetections-DOB-1786713300.h5
reading /home/ionouser/chirpsounder2/my_station.ini
/dev/shm/hf25
found  1131  files
block 1786713300 writing 1127 detections /home/ionouser/ionozond_data2//2026-08-14/cdetections-DOB-1786713300.h5
reading /home/ionouser/chirpsounder2/my_station.ini
/dev/shm/hf25
found  1149  files
block 1786712400 writing 538 detections /home/ionouser/ionozond_data2//2026-08-14/cdetections-DOB-1786712400.h5
deleting files 538 from previous block, which is now finished
block 1786714200 writing 607 detections /home/ionouser/ionozond_data2//2026-08-14/cdetections-DOB-1786714200.h5
reading /home/ionouser/chirpsounder2/my_station.ini
/dev/shm/hf25
found  715  files
block 1786714200 writing 711 detections /home/ionouser/ionozond_data2//2026-08-14/cdetections-DOB-1786714200.h5
reading /home/ionouser/chirpsounder2/my_station.ini
/dev/shm/hf25
found  785  files
block 1786714200 writing 781 detections /home/ionouser/ionozond_data2//2026-08-14/cdetections-DOB-1786714200.h5
reading /home/ionouser/chirpsounder2/my_station.ini
/dev/shm/hf25
found  799  files
block 1786714200 writing 795 detections /home/ionouser/ionozond_data2//2026-08-14/cdetections-DOB-1786714200.h5
reading /home/ionouser/chirpsounder2/my_station.ini
/dev/shm/hf25
found  808  files
block 1786714200 writing 804 detections /home/ionouser/ionozond_data2//2026-08-14/cdetections-DOB-1786714200.h5
reading /home/ionouser/chirpsounder2/my_station.ini
/dev/shm/hf25
found  854  files
block 1786714200 writing 850 detections /home/ionouser/ionozond_data2//2026-08-14/cdetections-DOB-1786714200.h5
reading /home/ionouser/chirpsounder2/my_station.ini
/dev/shm/hf25
found  947  files
block 1786714200 writing 943 detections /home/ionouser/ionozond_data2//2026-08-14/cdetections-DOB-1786714200.h5
reading /home/ionouser/chirpsounder2/my_station.ini
/dev/shm/hf25
found  966  files
block 1786714200 writing 962 detections /home/ionouser/ionozond_data2//2026-08-14/cdetections-DOB-1786714200.h5
reading /home/ionouser/chirpsounder2/my_station.ini
/dev/shm/hf25
found  1008  files
block 1786714200 writing 1004 detections /home/ionouser/ionozond_data2//2026-08-14/cdetections-DOB-1786714200.h5
reading /home/ionouser/chirpsounder2/my_station.ini
/dev/shm/hf25
found  1034  files
block 1786714200 writing 1030 detections /home/ionouser/ionozond_data2//2026-08-14/cdetections-DOB-1786714200.h5
reading /home/ionouser/chirpsounder2/my_station.ini
/dev/shm/hf25
found  1096  files
block 1786714200 writing 1092 detections /home/ionouser/ionozond_data2//2026-08-14/cdetections-DOB-1786714200.h5
reading /home/ionouser/chirpsounder2/my_station.ini
/dev/shm/hf25
found  1194  files
block 1786714200 writing 1190 detections /home/ionouser/ionozond_data2//2026-08-14/cdetections-DOB-1786714200.h5
reading /home/ionouser/chirpsounder2/my_station.ini
/dev/shm/hf25
found  1207  files
block 1786714200 writing 1203 detections /home/ionouser/ionozond_data2//2026-08-14/cdetections-DOB-1786714200.h5
reading /home/ionouser/chirpsounder2/my_station.ini
/dev/shm/hf25
found  1215  files
block 1786714200 writing 1211 detections /home/ionouser/ionozond_data2//2026-08-14/cdetections-DOB-1786714200.h5
reading /home/ionouser/chirpsounder2/my_station.ini
/dev/shm/hf25
found  1227  files
block 1786713300 writing 594 detections /home/ionouser/ionozond_data2//2026-08-14/cdetections-DOB-1786713300.h5
deleting files 594 from previous block, which is now finished
block 1786715100 writing 629 detections /home/ionouser/ionozond_data2//2026-08-14/cdetections-DOB-1786715100.h5
reading /home/ionouser/chirpsounder2/my_station.ini
/dev/shm/hf25
found  753  files
block 1786715100 writing 749 detections /home/ionouser/ionozond_data2//2026-08-14/cdetections-DOB-1786715100.h5
reading /home/ionouser/chirpsounder2/my_station.ini
/dev/shm/hf25
found  826  files
block 1786715100 writing 822 detections /home/ionouser/ionozond_data2//2026-08-14/cdetections-DOB-1786715100.h5
reading /home/ionouser/chirpsounder2/my_station.ini
/dev/shm/hf25
found  846  files
block 1786715100 writing 842 detections /home/ionouser/ionozond_data2//2026-08-14/cdetections-DOB-1786715100.h5
reading /home/ionouser/chirpsounder2/my_station.ini
/dev/shm/hf25
found  855  files
block 1786715100 writing 851 detections /home/ionouser/ionozond_data2//2026-08-14/cdetections-DOB-1786715100.h5
reading /home/ionouser/chirpsounder2/my_station.ini
/dev/shm/hf25
found  915  files
block 1786715100 writing 911 detections /home/ionouser/ionozond_data2//2026-08-14/cdetections-DOB-1786715100.h5
reading /home/ionouser/chirpsounder2/my_station.ini
/dev/shm/hf25
found  1009  files
block 1786715100 writing 1005 detections /home/ionouser/ionozond_data2//2026-08-14/cdetections-DOB-1786715100.h5
reading /home/ionouser/chirpsounder2/my_station.ini
/dev/shm/hf25
found  1036  files
block 1786715100 writing 1032 detections /home/ionouser/ionozond_data2//2026-08-14/cdetections-DOB-1786715100.h5
reading /home/ionouser/chirpsounder2/my_station.ini
/dev/shm/hf25
found  1085  files
block 1786715100 writing 1081 detections /home/ionouser/ionozond_data2//2026-08-14/cdetections-DOB-1786715100.h5
reading /home/ionouser/chirpsounder2/my_station.ini
/dev/shm/hf25
found  1117  files
block 1786715100 writing 1113 detections /home/ionouser/ionozond_data2//2026-08-14/cdetections-DOB-1786715100.h5
reading /home/ionouser/chirpsounder2/my_station.ini
/dev/shm/hf25
found  1180  files
block 1786715100 writing 1176 detections /home/ionouser/ionozond_data2//2026-08-14/cdetections-DOB-1786715100.h5
reading /home/ionouser/chirpsounder2/my_station.ini
/dev/shm/hf25
found  1285  files
block 1786715100 writing 1281 detections /home/ionouser/ionozond_data2//2026-08-14/cdetections-DOB-1786715100.h5
reading /home/ionouser/chirpsounder2/my_station.ini
/dev/shm/hf25
found  1313  files
block 1786715100 writing 1309 detections /home/ionouser/ionozond_data2//2026-08-14/cdetections-DOB-1786715100.h5
reading /home/ionouser/chirpsounder2/my_station.ini
/dev/shm/hf25
found  1321  files
block 1786715100 writing 1317 detections /home/ionouser/ionozond_data2//2026-08-14/cdetections-DOB-1786715100.h5
reading /home/ionouser/chirpsounder2/my_station.ini
/dev/shm/hf25
found  1379  files
block 1786714200 writing 621 detections /home/ionouser/ionozond_data2//2026-08-14/cdetections-DOB-1786714200.h5
deleting files 621 from previous block, which is now finished
block 1786716000 writing 754 detections /home/ionouser/ionozond_data2//2026-08-14/cdetections-DOB-1786716000.h5
reading /home/ionouser/chirpsounder2/my_station.ini
/dev/shm/hf25
found  877  files
block 1786716000 writing 873 detections /home/ionouser/ionozond_data2//2026-08-14/cdetections-DOB-1786716000.h5
reading /home/ionouser/chirpsounder2/my_station.ini
/dev/shm/hf25
found  960  files
block 1786716000 writing 956 detections /home/ionouser/ionozond_data2//2026-08-14/cdetections-DOB-1786716000.h5
reading /home/ionouser/chirpsounder2/my_station.ini
/dev/shm/hf25
found  975  files
block 1786716000 writing 971 detections /home/ionouser/ionozond_data2//2026-08-14/cdetections-DOB-1786716000.h5
reading /home/ionouser/chirpsounder2/my_station.ini
/dev/shm/hf25
found  1005  files
block 1786716000 writing 1001 detections /home/ionouser/ionozond_data2//2026-08-14/cdetections-DOB-1786716000.h5
reading /home/ionouser/chirpsounder2/my_station.ini
/dev/shm/hf25
found  1057  files
block 1786716000 writing 1053 detections /home/ionouser/ionozond_data2//2026-08-14/cdetections-DOB-1786716000.h5
reading /home/ionouser/chirpsounder2/my_station.ini
/dev/shm/hf25
found  1153  files
block 1786716000 writing 1149 detections /home/ionouser/ionozond_data2//2026-08-14/cdetections-DOB-1786716000.h5
reading /home/ionouser/chirpsounder2/my_station.ini
/dev/shm/hf25
found  1191  files
block 1786716000 writing 1187 detections /home/ionouser/ionozond_data2//2026-08-14/cdetections-DOB-1786716000.h5
reading /home/ionouser/chirpsounder2/my_station.ini
/dev/shm/hf25
found  1233  files
block 1786716000 writing 1229 detections /home/ionouser/ionozond_data2//2026-08-14/cdetections-DOB-1786716000.h5
reading /home/ionouser/chirpsounder2/my_station.ini
/dev/shm/hf25
found  1271  files
block 1786716000 writing 1267 detections /home/ionouser/ionozond_data2//2026-08-14/cdetections-DOB-1786716000.h5
reading /home/ionouser/chirpsounder2/my_station.ini
/dev/shm/hf25
found  1344  files
block 1786716000 writing 1340 detections /home/ionouser/ionozond_data2//2026-08-14/cdetections-DOB-1786716000.h5
reading /home/ionouser/chirpsounder2/my_station.ini
/dev/shm/hf25
found  1441  files
block 1786716000 writing 1437 detections /home/ionouser/ionozond_data2//2026-08-14/cdetections-DOB-1786716000.h5
reading /home/ionouser/chirpsounder2/my_station.ini
/dev/shm/hf25
found  1477  files
block 1786716000 writing 1473 detections /home/ionouser/ionozond_data2//2026-08-14/cdetections-DOB-1786716000.h5
reading /home/ionouser/chirpsounder2/my_station.ini
/dev/shm/hf25
found  1482  files
block 1786716000 writing 1478 detections /home/ionouser/ionozond_data2//2026-08-14/cdetections-DOB-1786716000.h5
reading /home/ionouser/chirpsounder2/my_station.ini
/dev/shm/hf25
found  1524  files
block 1786715100 writing 706 detections /home/ionouser/ionozond_data2//2026-08-14/cdetections-DOB-1786715100.h5
deleting files 706 from previous block, which is now finished
block 1786716900 writing 814 detections /home/ionouser/ionozond_data2//2026-08-14/cdetections-DOB-1786716900.h5
reading /home/ionouser/chirpsounder2/my_station.ini
/dev/shm/hf25
found  956  files
block 1786716900 writing 952 detections /home/ionouser/ionozond_data2//2026-08-14/cdetections-DOB-1786716900.h5
reading /home/ionouser/chirpsounder2/my_station.ini
/dev/shm/hf25
found  1013  files
block 1786716900 writing 1009 detections /home/ionouser/ionozond_data2//2026-08-14/cdetections-DOB-1786716900.h5
reading /home/ionouser/chirpsounder2/my_station.ini
/dev/shm/hf25
found  1026  files
block 1786716900 writing 1022 detections /home/ionouser/ionozond_data2//2026-08-14/cdetections-DOB-1786716900.h5
reading /home/ionouser/chirpsounder2/my_station.ini
/dev/shm/hf25
found  1041  files
block 1786716900 writing 1037 detections /home/ionouser/ionozond_data2//2026-08-14/cdetections-DOB-1786716900.h5
reading /home/ionouser/chirpsounder2/my_station.ini
/dev/shm/hf25
found  1101  files
block 1786716900 writing 1097 detections /home/ionouser/ionozond_data2//2026-08-14/cdetections-DOB-1786716900.h5
reading /home/ionouser/chirpsounder2/my_station.ini
/dev/shm/hf25
found  1197  files
block 1786716900 writing 1193 detections /home/ionouser/ionozond_data2//2026-08-14/cdetections-DOB-1786716900.h5
reading /home/ionouser/chirpsounder2/my_station.ini
/dev/shm/hf25
found  1226  files
block 1786716900 writing 1222 detections /home/ionouser/ionozond_data2//2026-08-14/cdetections-DOB-1786716900.h5
reading /home/ionouser/chirpsounder2/my_station.ini
/dev/shm/hf25
found  1268  files
block 1786716900 writing 1264 detections /home/ionouser/ionozond_data2//2026-08-14/cdetections-DOB-1786716900.h5
reading /home/ionouser/chirpsounder2/my_station.ini
/dev/shm/hf25
found  1314  files
block 1786716900 writing 1310 detections /home/ionouser/ionozond_data2//2026-08-14/cdetections-DOB-1786716900.h5
reading /home/ionouser/chirpsounder2/my_station.ini
/dev/shm/hf25
found  1395  files
block 1786716900 writing 1391 detections /home/ionouser/ionozond_data2//2026-08-14/cdetections-DOB-1786716900.h5
reading /home/ionouser/chirpsounder2/my_station.ini
/dev/shm/hf25
found  1454  files
block 1786716900 writing 1450 detections /home/ionouser/ionozond_data2//2026-08-14/cdetections-DOB-1786716900.h5
reading /home/ionouser/chirpsounder2/my_station.ini
/dev/shm/hf25
found  1463  files
block 1786716900 writing 1459 detections /home/ionouser/ionozond_data2//2026-08-14/cdetections-DOB-1786716900.h5
reading /home/ionouser/chirpsounder2/my_station.ini
/dev/shm/hf25
found  1464  files
block 1786716000 writing 778 detections /home/ionouser/ionozond_data2//2026-08-14/cdetections-DOB-1786716000.h5
deleting files 778 from previous block, which is now finished
block 1786716900 writing 682 detections /home/ionouser/ionozond_data2//2026-08-14/cdetections-DOB-1786716900.h5
reading /home/ionouser/chirpsounder2/my_station.ini
/dev/shm/hf25
found  750  files
block 1786717800 writing 746 detections /home/ionouser/ionozond_data2//2026-08-14/cdetections-DOB-1786717800.h5
reading /home/ionouser/chirpsounder2/my_station.ini
/dev/shm/hf25
found  868  files
block 1786717800 writing 864 detections /home/ionouser/ionozond_data2//2026-08-14/cdetections-DOB-1786717800.h5
reading /home/ionouser/chirpsounder2/my_station.ini
/dev/shm/hf25
found  903  files
block 1786717800 writing 899 detections /home/ionouser/ionozond_data2//2026-08-14/cdetections-DOB-1786717800.h5
reading /home/ionouser/chirpsounder2/my_station.ini
/dev/shm/hf25
found  910  files
block 1786717800 writing 906 detections /home/ionouser/ionozond_data2//2026-08-14/cdetections-DOB-1786717800.h5
reading /home/ionouser/chirpsounder2/my_station.ini
/dev/shm/hf25
found  931  files
block 1786717800 writing 927 detections /home/ionouser/ionozond_data2//2026-08-14/cdetections-DOB-1786717800.h5
reading /home/ionouser/chirpsounder2/my_station.ini
/dev/shm/hf25
found  1016  files
block 1786717800 writing 1012 detections /home/ionouser/ionozond_data2//2026-08-14/cdetections-DOB-1786717800.h5
reading /home/ionouser/chirpsounder2/my_station.ini
/dev/shm/hf25
found  1110  files
block 1786717800 writing 1106 detections /home/ionouser/ionozond_data2//2026-08-14/cdetections-DOB-1786717800.h5
reading /home/ionouser/chirpsounder2/my_station.ini
/dev/shm/hf25
found  1123  files
block 1786717800 writing 1119 detections /home/ionouser/ionozond_data2//2026-08-14/cdetections-DOB-1786717800.h5
reading /home/ionouser/chirpsounder2/my_station.ini
/dev/shm/hf25
found  1152  files
block 1786717800 writing 1148 detections /home/ionouser/ionozond_data2//2026-08-14/cdetections-DOB-1786717800.h5
reading /home/ionouser/chirpsounder2/my_station.ini
/dev/shm/hf25
found  1204  files
block 1786717800 writing 1200 detections /home/ionouser/ionozond_data2//2026-08-14/cdetections-DOB-1786717800.h5
reading /home/ionouser/chirpsounder2/my_station.ini
/dev/shm/hf25
found  1291  files
block 1786717800 writing 1287 detections /home/ionouser/ionozond_data2//2026-08-14/cdetections-DOB-1786717800.h5
reading /home/ionouser/chirpsounder2/my_station.ini
/dev/shm/hf25
found  1350  files
block 1786717800 writing 1346 detections /home/ionouser/ionozond_data2//2026-08-14/cdetections-DOB-1786717800.h5
reading /home/ionouser/chirpsounder2/my_station.ini
/dev/shm/hf25
found  1356  files
block 1786717800 writing 1352 detections /home/ionouser/ionozond_data2//2026-08-14/cdetections-DOB-1786717800.h5
reading /home/ionouser/chirpsounder2/my_station.ini
/dev/shm/hf25
found  1360  files
block 1786716900 writing 686 detections /home/ionouser/ionozond_data2//2026-08-14/cdetections-DOB-1786716900.h5
deleting files 686 from previous block, which is now finished
block 1786717800 writing 670 detections /home/ionouser/ionozond_data2//2026-08-14/cdetections-DOB-1786717800.h5
reading /home/ionouser/chirpsounder2/my_station.ini
/dev/shm/hf25
found  743  files
block 1786718700 writing 739 detections /home/ionouser/ionozond_data2//2026-08-14/cdetections-DOB-1786718700.h5
reading /home/ionouser/chirpsounder2/my_station.ini
/dev/shm/hf25
found  853  files
block 1786718700 writing 849 detections /home/ionouser/ionozond_data2//2026-08-14/cdetections-DOB-1786718700.h5
reading /home/ionouser/chirpsounder2/my_station.ini
/dev/shm/hf25
found  881  files
block 1786718700 writing 877 detections /home/ionouser/ionozond_data2//2026-08-14/cdetections-DOB-1786718700.h5
reading /home/ionouser/chirpsounder2/my_station.ini
/dev/shm/hf25
found  885  files
block 1786718700 writing 881 detections /home/ionouser/ionozond_data2//2026-08-14/cdetections-DOB-1786718700.h5
reading /home/ionouser/chirpsounder2/my_station.ini
/dev/shm/hf25
found  914  files
block 1786718700 writing 910 detections /home/ionouser/ionozond_data2//2026-08-14/cdetections-DOB-1786718700.h5
reading /home/ionouser/chirpsounder2/my_station.ini
/dev/shm/hf25
found  1009  files
block 1786718700 writing 1005 detections /home/ionouser/ionozond_data2//2026-08-14/cdetections-DOB-1786718700.h5
reading /home/ionouser/chirpsounder2/my_station.ini
/dev/shm/hf25
found  1100  files
block 1786718700 writing 1096 detections /home/ionouser/ionozond_data2//2026-08-14/cdetections-DOB-1786718700.h5
reading /home/ionouser/chirpsounder2/my_station.ini
/dev/shm/hf25
found  1142  files
block 1786718700 writing 1138 detections /home/ionouser/ionozond_data2//2026-08-14/cdetections-DOB-1786718700.h5
reading /home/ionouser/chirpsounder2/my_station.ini
/dev/shm/hf25
found  1203  files
block 1786718700 writing 1199 detections /home/ionouser/ionozond_data2//2026-08-14/cdetections-DOB-1786718700.h5
reading /home/ionouser/chirpsounder2/my_station.ini
/dev/shm/hf25
found  1277  files
block 1786718700 writing 1273 detections /home/ionouser/ionozond_data2//2026-08-14/cdetections-DOB-1786718700.h5
reading /home/ionouser/chirpsounder2/my_station.ini
/dev/shm/hf25
found  1386  files
block 1786718700 writing 1382 detections /home/ionouser/ionozond_data2//2026-08-14/cdetections-DOB-1786718700.h5
reading /home/ionouser/chirpsounder2/my_station.ini
/dev/shm/hf25
found  1447  files
block 1786718700 writing 1443 detections /home/ionouser/ionozond_data2//2026-08-14/cdetections-DOB-1786718700.h5
reading /home/ionouser/chirpsounder2/my_station.ini
/dev/shm/hf25
found  1481  files
block 1786718700 writing 1477 detections /home/ionouser/ionozond_data2//2026-08-14/cdetections-DOB-1786718700.h5
reading /home/ionouser/chirpsounder2/my_station.ini
/dev/shm/hf25
found  1514  files
block 1786717800 writing 674 detections /home/ionouser/ionozond_data2//2026-08-14/cdetections-DOB-1786717800.h5
deleting files 674 from previous block, which is now finished
block 1786719600 writing 836 detections /home/ionouser/ionozond_data2//2026-08-14/cdetections-DOB-1786719600.h5
reading /home/ionouser/chirpsounder2/my_station.ini
/dev/shm/hf25
found  941  files
block 1786719600 writing 937 detections /home/ionouser/ionozond_data2//2026-08-14/cdetections-DOB-1786719600.h5
reading /home/ionouser/chirpsounder2/my_station.ini
/dev/shm/hf25
found  1047  files
block 1786719600 writing 1043 detections /home/ionouser/ionozond_data2//2026-08-14/cdetections-DOB-1786719600.h5
reading /home/ionouser/chirpsounder2/my_station.ini
/dev/shm/hf25
found  1085  files
block 1786719600 writing 1081 detections /home/ionouser/ionozond_data2//2026-08-14/cdetections-DOB-1786719600.h5
reading /home/ionouser/chirpsounder2/my_station.ini
/dev/shm/hf25
found  1112  files
block 1786719600 writing 1108 detections /home/ionouser/ionozond_data2//2026-08-14/cdetections-DOB-1786719600.h5
reading /home/ionouser/chirpsounder2/my_station.ini
/dev/shm/hf25
found  1157  files
block 1786719600 writing 1153 detections /home/ionouser/ionozond_data2//2026-08-14/cdetections-DOB-1786719600.h5
reading /home/ionouser/chirpsounder2/my_station.ini
/dev/shm/hf25
found  1267  files
block 1786719600 writing 1263 detections /home/ionouser/ionozond_data2//2026-08-14/cdetections-DOB-1786719600.h5
reading /home/ionouser/chirpsounder2/my_station.ini
/dev/shm/hf25
found  1343  files
block 1786719600 writing 1339 detections /home/ionouser/ionozond_data2//2026-08-14/cdetections-DOB-1786719600.h5
reading /home/ionouser/chirpsounder2/my_station.ini
/dev/shm/hf25
found  1386  files
block 1786719600 writing 1382 detections /home/ionouser/ionozond_data2//2026-08-14/cdetections-DOB-1786719600.h5
reading /home/ionouser/chirpsounder2/my_station.ini
/dev/shm/hf25
found  1434  files
block 1786719600 writing 1430 detections /home/ionouser/ionozond_data2//2026-08-14/cdetections-DOB-1786719600.h5
reading /home/ionouser/chirpsounder2/my_station.ini
/dev/shm/hf25
found  1496  files
block 1786719600 writing 1492 detections /home/ionouser/ionozond_data2//2026-08-14/cdetections-DOB-1786719600.h5
reading /home/ionouser/chirpsounder2/my_station.ini
/dev/shm/hf25
found  1608  files
block 1786719600 writing 1604 detections /home/ionouser/ionozond_data2//2026-08-14/cdetections-DOB-1786719600.h5
reading /home/ionouser/chirpsounder2/my_station.ini
/dev/shm/hf25
found  1650  files
block 1786719600 writing 1646 detections /home/ionouser/ionozond_data2//2026-08-14/cdetections-DOB-1786719600.h5
reading /home/ionouser/chirpsounder2/my_station.ini
/dev/shm/hf25
found  1692  files
block 1786719600 writing 1688 detections /home/ionouser/ionozond_data2//2026-08-14/cdetections-DOB-1786719600.h5
reading /home/ionouser/chirpsounder2/my_station.ini
/dev/shm/hf25
found  1730  files
block 1786718700 writing 833 detections /home/ionouser/ionozond_data2//2026-08-14/cdetections-DOB-1786718700.h5
deleting files 833 from previous block, which is now finished
block 1786720500 writing 893 detections /home/ionouser/ionozond_data2//2026-08-14/cdetections-DOB-1786720500.h5
reading /home/ionouser/chirpsounder2/my_station.ini
/dev/shm/hf25
found  1026  files
block 1786720500 writing 1022 detections /home/ionouser/ionozond_data2//2026-08-14/cdetections-DOB-1786720500.h5
reading /home/ionouser/chirpsounder2/my_station.ini
/dev/shm/hf25
found  1105  files
block 1786720500 writing 1101 detections /home/ionouser/ionozond_data2//2026-08-14/cdetections-DOB-1786720500.h5
reading /home/ionouser/chirpsounder2/my_station.ini
/dev/shm/hf25
found  1136  files
block 1786720500 writing 1132 detections /home/ionouser/ionozond_data2//2026-08-14/cdetections-DOB-1786720500.h5
reading /home/ionouser/chirpsounder2/my_station.ini
/dev/shm/hf25
found  1166  files
block 1786720500 writing 1162 detections /home/ionouser/ionozond_data2//2026-08-14/cdetections-DOB-1786720500.h5
reading /home/ionouser/chirpsounder2/my_station.ini
/dev/shm/hf25
found  1233  files
block 1786720500 writing 1229 detections /home/ionouser/ionozond_data2//2026-08-14/cdetections-DOB-1786720500.h5
reading /home/ionouser/chirpsounder2/my_station.ini
/dev/shm/hf25
found  1351  files
block 1786720500 writing 1347 detections /home/ionouser/ionozond_data2//2026-08-14/cdetections-DOB-1786720500.h5
reading /home/ionouser/chirpsounder2/my_station.ini
/dev/shm/hf25
found  1400  files
block 1786720500 writing 1396 detections /home/ionouser/ionozond_data2//2026-08-14/cdetections-DOB-1786720500.h5
reading /home/ionouser/chirpsounder2/my_station.ini
/dev/shm/hf25
found  1445  files
block 1786720500 writing 1441 detections /home/ionouser/ionozond_data2//2026-08-14/cdetections-DOB-1786720500.h5
reading /home/ionouser/chirpsounder2/my_station.ini
/dev/shm/hf25
found  1490  files
block 1786720500 writing 1486 detections /home/ionouser/ionozond_data2//2026-08-14/cdetections-DOB-1786720500.h5
reading /home/ionouser/chirpsounder2/my_station.ini
/dev/shm/hf25
found  1583  files
block 1786720500 writing 1579 detections /home/ionouser/ionozond_data2//2026-08-14/cdetections-DOB-1786720500.h5
reading /home/ionouser/chirpsounder2/my_station.ini
/dev/shm/hf25
found  1676  files
block 1786720500 writing 1672 detections /home/ionouser/ionozond_data2//2026-08-14/cdetections-DOB-1786720500.h5
reading /home/ionouser/chirpsounder2/my_station.ini
/dev/shm/hf25
found  1710  files
block 1786720500 writing 1706 detections /home/ionouser/ionozond_data2//2026-08-14/cdetections-DOB-1786720500.h5
reading /home/ionouser/chirpsounder2/my_station.ini
/dev/shm/hf25
found  1744  files
block 1786720500 writing 1740 detections /home/ionouser/ionozond_data2//2026-08-14/cdetections-DOB-1786720500.h5
reading /home/ionouser/chirpsounder2/my_station.ini
/dev/shm/hf25
found  1796  files
block 1786719600 writing 877 detections /home/ionouser/ionozond_data2//2026-08-14/cdetections-DOB-1786719600.h5
deleting files 877 from previous block, which is now finished
block 1786721400 writing 915 detections /home/ionouser/ionozond_data2//2026-08-14/cdetections-DOB-1786721400.h5
reading /home/ionouser/chirpsounder2/my_station.ini
/dev/shm/hf25
found  1072  files
block 1786721400 writing 1068 detections /home/ionouser/ionozond_data2//2026-08-14/cdetections-DOB-1786721400.h5
reading /home/ionouser/chirpsounder2/my_station.ini
/dev/shm/hf25
found  1127  files
block 1786721400 writing 1123 detections /home/ionouser/ionozond_data2//2026-08-14/cdetections-DOB-1786721400.h5
reading /home/ionouser/chirpsounder2/my_station.ini
/dev/shm/hf25
found  1159  files
block 1786721400 writing 1155 detections /home/ionouser/ionozond_data2//2026-08-14/cdetections-DOB-1786721400.h5
reading /home/ionouser/chirpsounder2/my_station.ini
/dev/shm/hf25
found  1190  files
block 1786721400 writing 1186 detections /home/ionouser/ionozond_data2//2026-08-14/cdetections-DOB-1786721400.h5
reading /home/ionouser/chirpsounder2/my_station.ini
/dev/shm/hf25
found  1283  files
block 1786721400 writing 1279 detections /home/ionouser/ionozond_data2//2026-08-14/cdetections-DOB-1786721400.h5
reading /home/ionouser/chirpsounder2/my_station.ini
/dev/shm/hf25
found  1378  files
block 1786721400 writing 1374 detections /home/ionouser/ionozond_data2//2026-08-14/cdetections-DOB-1786721400.h5
reading /home/ionouser/chirpsounder2/my_station.ini
/dev/shm/hf25
found  1412  files
block 1786721400 writing 1408 detections /home/ionouser/ionozond_data2//2026-08-14/cdetections-DOB-1786721400.h5
reading /home/ionouser/chirpsounder2/my_station.ini
/dev/shm/hf25
found  1461  files
block 1786721400 writing 1457 detections /home/ionouser/ionozond_data2//2026-08-14/cdetections-DOB-1786721400.h5
reading /home/ionouser/chirpsounder2/my_station.ini
/dev/shm/hf25
found  1507  files
block 1786721400 writing 1503 detections /home/ionouser/ionozond_data2//2026-08-14/cdetections-DOB-1786721400.h5
reading /home/ionouser/chirpsounder2/my_station.ini
/dev/shm/hf25
found  1620  files
block 1786721400 writing 1616 detections /home/ionouser/ionozond_data2//2026-08-14/cdetections-DOB-1786721400.h5
reading /home/ionouser/chirpsounder2/my_station.ini
/dev/shm/hf25
found  1693  files
block 1786721400 writing 1689 detections /home/ionouser/ionozond_data2//2026-08-14/cdetections-DOB-1786721400.h5
reading /home/ionouser/chirpsounder2/my_station.ini
/dev/shm/hf25
found  1732  files
block 1786721400 writing 1728 detections /home/ionouser/ionozond_data2//2026-08-14/cdetections-DOB-1786721400.h5
reading /home/ionouser/chirpsounder2/my_station.ini
/dev/shm/hf25
found  1762  files
block 1786720500 writing 876 detections /home/ionouser/ionozond_data2//2026-08-14/cdetections-DOB-1786720500.h5
deleting files 876 from previous block, which is now finished
block 1786721400 writing 882 detections /home/ionouser/ionozond_data2//2026-08-14/cdetections-DOB-1786721400.h5
reading /home/ionouser/chirpsounder2/my_station.ini
/dev/shm/hf25
found  994  files
block 1786722300 writing 990 detections /home/ionouser/ionozond_data2//2026-08-14/cdetections-DOB-1786722300.h5
reading /home/ionouser/chirpsounder2/my_station.ini
/dev/shm/hf25
found  1103  files
block 1786722300 writing 1099 detections /home/ionouser/ionozond_data2//2026-08-14/cdetections-DOB-1786722300.h5
reading /home/ionouser/chirpsounder2/my_station.ini
/dev/shm/hf25
found  1142  files
block 1786722300 writing 1138 detections /home/ionouser/ionozond_data2//2026-08-14/cdetections-DOB-1786722300.h5
reading /home/ionouser/chirpsounder2/my_station.ini
/dev/shm/hf25
found  1174  files
block 1786722300 writing 1170 detections /home/ionouser/ionozond_data2//2026-08-14/cdetections-DOB-1786722300.h5
reading /home/ionouser/chirpsounder2/my_station.ini
/dev/shm/hf25
found  1223  files
block 1786722300 writing 1219 detections /home/ionouser/ionozond_data2//2026-08-14/cdetections-DOB-1786722300.h5
reading /home/ionouser/chirpsounder2/my_station.ini
/dev/shm/hf25
found  1337  files
block 1786722300 writing 1333 detections /home/ionouser/ionozond_data2//2026-08-14/cdetections-DOB-1786722300.h5
reading /home/ionouser/chirpsounder2/my_station.ini
/dev/shm/hf25
found  1409  files
block 1786722300 writing 1405 detections /home/ionouser/ionozond_data2//2026-08-14/cdetections-DOB-1786722300.h5
reading /home/ionouser/chirpsounder2/my_station.ini
/dev/shm/hf25
found  1455  files
block 1786722300 writing 1451 detections /home/ionouser/ionozond_data2//2026-08-14/cdetections-DOB-1786722300.h5
reading /home/ionouser/chirpsounder2/my_station.ini
/dev/shm/hf25
found  1504  files
block 1786722300 writing 1500 detections /home/ionouser/ionozond_data2//2026-08-14/cdetections-DOB-1786722300.h5
reading /home/ionouser/chirpsounder2/my_station.ini
/dev/shm/hf25
found  1573  files
block 1786722300 writing 1569 detections /home/ionouser/ionozond_data2//2026-08-14/cdetections-DOB-1786722300.h5
reading /home/ionouser/chirpsounder2/my_station.ini
/dev/shm/hf25
found  1692  files
block 1786722300 writing 1688 detections /home/ionouser/ionozond_data2//2026-08-14/cdetections-DOB-1786722300.h5
reading /home/ionouser/chirpsounder2/my_station.ini
/dev/shm/hf25
found  1734  files
block 1786722300 writing 1730 detections /home/ionouser/ionozond_data2//2026-08-14/cdetections-DOB-1786722300.h5
reading /home/ionouser/chirpsounder2/my_station.ini
/dev/shm/hf25
found  1772  files
block 1786722300 writing 1768 detections /home/ionouser/ionozond_data2//2026-08-14/cdetections-DOB-1786722300.h5
reading /home/ionouser/chirpsounder2/my_station.ini
/dev/shm/hf25
found  1812  files
block 1786721400 writing 885 detections /home/ionouser/ionozond_data2//2026-08-14/cdetections-DOB-1786721400.h5
deleting files 885 from previous block, which is now finished
block 1786723200 writing 923 detections /home/ionouser/ionozond_data2//2026-08-14/cdetections-DOB-1786723200.h5
reading /home/ionouser/chirpsounder2/my_station.ini
/dev/shm/hf25
found  1061  files
block 1786723200 writing 1057 detections /home/ionouser/ionozond_data2//2026-08-14/cdetections-DOB-1786723200.h5
reading /home/ionouser/chirpsounder2/my_station.ini
/dev/shm/hf25
found  1135  files
block 1786723200 writing 1131 detections /home/ionouser/ionozond_data2//2026-08-14/cdetections-DOB-1786723200.h5
reading /home/ionouser/chirpsounder2/my_station.ini
/dev/shm/hf25
found  1167  files
block 1786723200 writing 1163 detections /home/ionouser/ionozond_data2//2026-08-14/cdetections-DOB-1786723200.h5
reading /home/ionouser/chirpsounder2/my_station.ini
/dev/shm/hf25
found  1197  files
block 1786723200 writing 1193 detections /home/ionouser/ionozond_data2//2026-08-14/cdetections-DOB-1786723200.h5
reading /home/ionouser/chirpsounder2/my_station.ini
/dev/shm/hf25
found  1271  files
block 1786723200 writing 1267 detections /home/ionouser/ionozond_data2//2026-08-14/cdetections-DOB-1786723200.h5
reading /home/ionouser/chirpsounder2/my_station.ini
/dev/shm/hf25
found  1388  files
block 1786723200 writing 1384 detections /home/ionouser/ionozond_data2//2026-08-14/cdetections-DOB-1786723200.h5
reading /home/ionouser/chirpsounder2/my_station.ini
/dev/shm/hf25
found  1431  files
block 1786723200 writing 1427 detections /home/ionouser/ionozond_data2//2026-08-14/cdetections-DOB-1786723200.h5
reading /home/ionouser/chirpsounder2/my_station.ini
/dev/shm/hf25
found  1489  files
block 1786723200 writing 1485 detections /home/ionouser/ionozond_data2//2026-08-14/cdetections-DOB-1786723200.h5
reading /home/ionouser/chirpsounder2/my_station.ini
/dev/shm/hf25
found  1534  files
block 1786723200 writing 1530 detections /home/ionouser/ionozond_data2//2026-08-14/cdetections-DOB-1786723200.h5
reading /home/ionouser/chirpsounder2/my_station.ini
/dev/shm/hf25
found  1638  files
block 1786723200 writing 1634 detections /home/ionouser/ionozond_data2//2026-08-14/cdetections-DOB-1786723200.h5
reading /home/ionouser/chirpsounder2/my_station.ini
/dev/shm/hf25
found  1742  files
block 1786723200 writing 1738 detections /home/ionouser/ionozond_data2//2026-08-14/cdetections-DOB-1786723200.h5
reading /home/ionouser/chirpsounder2/my_station.ini
/dev/shm/hf25
found  1781  files
block 1786723200 writing 1777 detections /home/ionouser/ionozond_data2//2026-08-14/cdetections-DOB-1786723200.h5
reading /home/ionouser/chirpsounder2/my_station.ini
/dev/shm/hf25
found  1819  files
block 1786723200 writing 1815 detections /home/ionouser/ionozond_data2//2026-08-14/cdetections-DOB-1786723200.h5
reading /home/ionouser/chirpsounder2/my_station.ini
/dev/shm/hf25
found  1873  files
block 1786722300 writing 906 detections /home/ionouser/ionozond_data2//2026-08-14/cdetections-DOB-1786722300.h5
deleting files 906 from previous block, which is now finished
block 1786724100 writing 963 detections /home/ionouser/ionozond_data2//2026-08-14/cdetections-DOB-1786724100.h5
reading /home/ionouser/chirpsounder2/my_station.ini
/dev/shm/hf25
found  1129  files
block 1786724100 writing 1125 detections /home/ionouser/ionozond_data2//2026-08-14/cdetections-DOB-1786724100.h5
reading /home/ionouser/chirpsounder2/my_station.ini
/dev/shm/hf25
found  1171  files
block 1786724100 writing 1167 detections /home/ionouser/ionozond_data2//2026-08-14/cdetections-DOB-1786724100.h5
reading /home/ionouser/chirpsounder2/my_station.ini
/dev/shm/hf25
found  1209  files
block 1786724100 writing 1205 detections /home/ionouser/ionozond_data2//2026-08-14/cdetections-DOB-1786724100.h5
reading /home/ionouser/chirpsounder2/my_station.ini
/dev/shm/hf25
found  1247  files
block 1786724100 writing 1243 detections /home/ionouser/ionozond_data2//2026-08-14/cdetections-DOB-1786724100.h5
reading /home/ionouser/chirpsounder2/my_station.ini
/dev/shm/hf25
found  1354  files
block 1786724100 writing 1350 detections /home/ionouser/ionozond_data2//2026-08-14/cdetections-DOB-1786724100.h5
reading /home/ionouser/chirpsounder2/my_station.ini
/dev/shm/hf25
found  1465  files
block 1786724100 writing 1461 detections /home/ionouser/ionozond_data2//2026-08-14/cdetections-DOB-1786724100.h5
reading /home/ionouser/chirpsounder2/my_station.ini
/dev/shm/hf25
found  1504  files
block 1786724100 writing 1500 detections /home/ionouser/ionozond_data2//2026-08-14/cdetections-DOB-1786724100.h5
reading /home/ionouser/chirpsounder2/my_station.ini
/dev/shm/hf25
found  1560  files
block 1786724100 writing 1556 detections /home/ionouser/ionozond_data2//2026-08-14/cdetections-DOB-1786724100.h5
reading /home/ionouser/chirpsounder2/my_station.ini
/dev/shm/hf25
found  1623  files
block 1786724100 writing 1619 detections /home/ionouser/ionozond_data2//2026-08-14/cdetections-DOB-1786724100.h5
reading /home/ionouser/chirpsounder2/my_station.ini
/dev/shm/hf25
found  1744  files
block 1786724100 writing 1740 detections /home/ionouser/ionozond_data2//2026-08-14/cdetections-DOB-1786724100.h5
reading /home/ionouser/chirpsounder2/my_station.ini
/dev/shm/hf25
found  1825  files
block 1786724100 writing 1821 detections /home/ionouser/ionozond_data2//2026-08-14/cdetections-DOB-1786724100.h5
reading /home/ionouser/chirpsounder2/my_station.ini
/dev/shm/hf25
found  1871  files
block 1786724100 writing 1867 detections /home/ionouser/ionozond_data2//2026-08-14/cdetections-DOB-1786724100.h5
reading /home/ionouser/chirpsounder2/my_station.ini
/dev/shm/hf25
found  1907  files
block 1786723200 writing 919 detections /home/ionouser/ionozond_data2//2026-08-14/cdetections-DOB-1786723200.h5
deleting files 919 from previous block, which is now finished
block 1786725000 writing 984 detections /home/ionouser/ionozond_data2//2026-08-14/cdetections-DOB-1786725000.h5
reading /home/ionouser/chirpsounder2/my_station.ini
/dev/shm/hf25
found  1112  files
block 1786725000 writing 1108 detections /home/ionouser/ionozond_data2//2026-08-14/cdetections-DOB-1786725000.h5
reading /home/ionouser/chirpsounder2/my_station.ini
/dev/shm/hf25
found  1223  files
block 1786725000 writing 1219 detections /home/ionouser/ionozond_data2//2026-08-14/cdetections-DOB-1786725000.h5
reading /home/ionouser/chirpsounder2/my_station.ini
/dev/shm/hf25
found  1257  files
block 1786725000 writing 1253 detections /home/ionouser/ionozond_data2//2026-08-14/cdetections-DOB-1786725000.h5
reading /home/ionouser/chirpsounder2/my_station.ini
/dev/shm/hf25
found  1288  files
block 1786725000 writing 1284 detections /home/ionouser/ionozond_data2//2026-08-14/cdetections-DOB-1786725000.h5
reading /home/ionouser/chirpsounder2/my_station.ini
/dev/shm/hf25
found  1339  files
block 1786725000 writing 1335 detections /home/ionouser/ionozond_data2//2026-08-14/cdetections-DOB-1786725000.h5
reading /home/ionouser/chirpsounder2/my_station.ini
/dev/shm/hf25
found  1447  files
block 1786725000 writing 1443 detections /home/ionouser/ionozond_data2//2026-08-14/cdetections-DOB-1786725000.h5
reading /home/ionouser/chirpsounder2/my_station.ini
/dev/shm/hf25
found  1519  files
block 1786725000 writing 1515 detections /home/ionouser/ionozond_data2//2026-08-14/cdetections-DOB-1786725000.h5
reading /home/ionouser/chirpsounder2/my_station.ini
/dev/shm/hf25
found  1567  files
block 1786725000 writing 1563 detections /home/ionouser/ionozond_data2//2026-08-14/cdetections-DOB-1786725000.h5
reading /home/ionouser/chirpsounder2/my_station.ini
/dev/shm/hf25
found  1625  files
block 1786725000 writing 1621 detections /home/ionouser/ionozond_data2//2026-08-14/cdetections-DOB-1786725000.h5
reading /home/ionouser/chirpsounder2/my_station.ini
/dev/shm/hf25
found  1717  files
block 1786725000 writing 1713 detections /home/ionouser/ionozond_data2//2026-08-14/cdetections-DOB-1786725000.h5
reading /home/ionouser/chirpsounder2/my_station.ini
/dev/shm/hf25
found  1840  files
block 1786725000 writing 1836 detections /home/ionouser/ionozond_data2//2026-08-14/cdetections-DOB-1786725000.h5
reading /home/ionouser/chirpsounder2/my_station.ini
/dev/shm/hf25
found  1884  files
block 1786725000 writing 1880 detections /home/ionouser/ionozond_data2//2026-08-14/cdetections-DOB-1786725000.h5
reading /home/ionouser/chirpsounder2/my_station.ini
/dev/shm/hf25
found  1920  files
block 1786725000 writing 1916 detections /home/ionouser/ionozond_data2//2026-08-14/cdetections-DOB-1786725000.h5
reading /home/ionouser/chirpsounder2/my_station.ini
/dev/shm/hf25
found  1975  files
block 1786724100 writing 980 detections /home/ionouser/ionozond_data2//2026-08-14/cdetections-DOB-1786724100.h5
deleting files 980 from previous block, which is now finished
block 1786725900 writing 991 detections /home/ionouser/ionozond_data2//2026-08-14/cdetections-DOB-1786725900.h5
reading /home/ionouser/chirpsounder2/my_station.ini
/dev/shm/hf25
found  1156  files
block 1786725900 writing 1152 detections /home/ionouser/ionozond_data2//2026-08-14/cdetections-DOB-1786725900.h5
reading /home/ionouser/chirpsounder2/my_station.ini
/dev/shm/hf25
found  1221  files
block 1786725900 writing 1217 detections /home/ionouser/ionozond_data2//2026-08-14/cdetections-DOB-1786725900.h5
reading /home/ionouser/chirpsounder2/my_station.ini
/dev/shm/hf25
found  1259  files
block 1786725900 writing 1255 detections /home/ionouser/ionozond_data2//2026-08-14/cdetections-DOB-1786725900.h5
reading /home/ionouser/chirpsounder2/my_station.ini
/dev/shm/hf25
found  1295  files
block 1786725900 writing 1291 detections /home/ionouser/ionozond_data2//2026-08-14/cdetections-DOB-1786725900.h5
reading /home/ionouser/chirpsounder2/my_station.ini
/dev/shm/hf25
found  1395  files
block 1786725900 writing 1391 detections /home/ionouser/ionozond_data2//2026-08-14/cdetections-DOB-1786725900.h5
reading /home/ionouser/chirpsounder2/my_station.ini
/dev/shm/hf25
found  1517  files
block 1786725900 writing 1513 detections /home/ionouser/ionozond_data2//2026-08-14/cdetections-DOB-1786725900.h5
reading /home/ionouser/chirpsounder2/my_station.ini
/dev/shm/hf25
found  1555  files
block 1786725900 writing 1551 detections /home/ionouser/ionozond_data2//2026-08-14/cdetections-DOB-1786725900.h5
reading /home/ionouser/chirpsounder2/my_station.ini
/dev/shm/hf25
found  1605  files
block 1786725900 writing 1601 detections /home/ionouser/ionozond_data2//2026-08-14/cdetections-DOB-1786725900.h5
reading /home/ionouser/chirpsounder2/my_station.ini
/dev/shm/hf25
found  1660  files
block 1786725900 writing 1656 detections /home/ionouser/ionozond_data2//2026-08-14/cdetections-DOB-1786725900.h5
reading /home/ionouser/chirpsounder2/my_station.ini
/dev/shm/hf25
found  1771  files
block 1786725900 writing 1767 detections /home/ionouser/ionozond_data2//2026-08-14/cdetections-DOB-1786725900.h5
reading /home/ionouser/chirpsounder2/my_station.ini
/dev/shm/hf25
found  1856  files
block 1786725900 writing 1852 detections /home/ionouser/ionozond_data2//2026-08-14/cdetections-DOB-1786725900.h5
reading /home/ionouser/chirpsounder2/my_station.ini
/dev/shm/hf25
found  1898  files
block 1786725900 writing 1894 detections /home/ionouser/ionozond_data2//2026-08-14/cdetections-DOB-1786725900.h5
reading /home/ionouser/chirpsounder2/my_station.ini
/dev/shm/hf25
found  1929  files
block 1786725000 writing 957 detections /home/ionouser/ionozond_data2//2026-08-14/cdetections-DOB-1786725000.h5
deleting files 957 from previous block, which is now finished
block 1786725900 writing 968 detections /home/ionouser/ionozond_data2//2026-08-14/cdetections-DOB-1786725900.h5
reading /home/ionouser/chirpsounder2/my_station.ini
/dev/shm/hf25
found  1098  files
block 1786726800 writing 1094 detections /home/ionouser/ionozond_data2//2026-08-14/cdetections-DOB-1786726800.h5
reading /home/ionouser/chirpsounder2/my_station.ini
/dev/shm/hf25
found  1212  files
block 1786726800 writing 1208 detections /home/ionouser/ionozond_data2//2026-08-14/cdetections-DOB-1786726800.h5
reading /home/ionouser/chirpsounder2/my_station.ini
/dev/shm/hf25
found  1253  files
block 1786726800 writing 1249 detections /home/ionouser/ionozond_data2//2026-08-14/cdetections-DOB-1786726800.h5
reading /home/ionouser/chirpsounder2/my_station.ini
/dev/shm/hf25
found  1286  files
block 1786726800 writing 1282 detections /home/ionouser/ionozond_data2//2026-08-14/cdetections-DOB-1786726800.h5
reading /home/ionouser/chirpsounder2/my_station.ini
/dev/shm/hf25
found  1345  files
block 1786726800 writing 1341 detections /home/ionouser/ionozond_data2//2026-08-14/cdetections-DOB-1786726800.h5
reading /home/ionouser/chirpsounder2/my_station.ini
/dev/shm/hf25
found  1460  files
block 1786726800 writing 1456 detections /home/ionouser/ionozond_data2//2026-08-14/cdetections-DOB-1786726800.h5
reading /home/ionouser/chirpsounder2/my_station.ini
/dev/shm/hf25
found  1548  files
block 1786726800 writing 1544 detections /home/ionouser/ionozond_data2//2026-08-14/cdetections-DOB-1786726800.h5
reading /home/ionouser/chirpsounder2/my_station.ini
/dev/shm/hf25
found  1583  files
block 1786726800 writing 1579 detections /home/ionouser/ionozond_data2//2026-08-14/cdetections-DOB-1786726800.h5
reading /home/ionouser/chirpsounder2/my_station.ini
/dev/shm/hf25
found  1616  files
block 1786726800 writing 1612 detections /home/ionouser/ionozond_data2//2026-08-14/cdetections-DOB-1786726800.h5
reading /home/ionouser/chirpsounder2/my_station.ini
/dev/shm/hf25
found  1700  files
block 1786726800 writing 1696 detections /home/ionouser/ionozond_data2//2026-08-14/cdetections-DOB-1786726800.h5
reading /home/ionouser/chirpsounder2/my_station.ini
/dev/shm/hf25
found  1825  files
block 1786726800 writing 1821 detections /home/ionouser/ionozond_data2//2026-08-14/cdetections-DOB-1786726800.h5
reading /home/ionouser/chirpsounder2/my_station.ini
/dev/shm/hf25
found  1876  files
block 1786726800 writing 1872 detections /home/ionouser/ionozond_data2//2026-08-14/cdetections-DOB-1786726800.h5
reading /home/ionouser/chirpsounder2/my_station.ini
/dev/shm/hf25
found  1907  files
block 1786726800 writing 1903 detections /home/ionouser/ionozond_data2//2026-08-14/cdetections-DOB-1786726800.h5
reading /home/ionouser/chirpsounder2/my_station.ini
/dev/shm/hf25
found  1947  files
block 1786725900 writing 969 detections /home/ionouser/ionozond_data2//2026-08-14/cdetections-DOB-1786725900.h5
deleting files 969 from previous block, which is now finished
block 1786727700 writing 974 detections /home/ionouser/ionozond_data2//2026-08-14/cdetections-DOB-1786727700.h5
reading /home/ionouser/chirpsounder2/my_station.ini
/dev/shm/hf25
found  1130  files
block 1786727700 writing 1126 detections /home/ionouser/ionozond_data2//2026-08-14/cdetections-DOB-1786727700.h5
reading /home/ionouser/chirpsounder2/my_station.ini
/dev/shm/hf25
found  1218  files
block 1786727700 writing 1214 detections /home/ionouser/ionozond_data2//2026-08-14/cdetections-DOB-1786727700.h5
reading /home/ionouser/chirpsounder2/my_station.ini
/dev/shm/hf25
found  1252  files
block 1786727700 writing 1248 detections /home/ionouser/ionozond_data2//2026-08-14/cdetections-DOB-1786727700.h5
reading /home/ionouser/chirpsounder2/my_station.ini
/dev/shm/hf25
found  1287  files
block 1786727700 writing 1283 detections /home/ionouser/ionozond_data2//2026-08-14/cdetections-DOB-1786727700.h5
reading /home/ionouser/chirpsounder2/my_station.ini
/dev/shm/hf25
found  1373  files
block 1786727700 writing 1369 detections /home/ionouser/ionozond_data2//2026-08-14/cdetections-DOB-1786727700.h5
reading /home/ionouser/chirpsounder2/my_station.ini
/dev/shm/hf25
found  1499  files
block 1786727700 writing 1495 detections /home/ionouser/ionozond_data2//2026-08-14/cdetections-DOB-1786727700.h5
reading /home/ionouser/chirpsounder2/my_station.ini
/dev/shm/hf25
found  1546  files
block 1786727700 writing 1542 detections /home/ionouser/ionozond_data2//2026-08-14/cdetections-DOB-1786727700.h5
reading /home/ionouser/chirpsounder2/my_station.ini
/dev/shm/hf25
found  1592  files
block 1786727700 writing 1588 detections /home/ionouser/ionozond_data2//2026-08-14/cdetections-DOB-1786727700.h5
reading /home/ionouser/chirpsounder2/my_station.ini
/dev/shm/hf25
found  1633  files
block 1786727700 writing 1629 detections /home/ionouser/ionozond_data2//2026-08-14/cdetections-DOB-1786727700.h5
reading /home/ionouser/chirpsounder2/my_station.ini
/dev/shm/hf25
found  1748  files
block 1786727700 writing 1744 detections /home/ionouser/ionozond_data2//2026-08-14/cdetections-DOB-1786727700.h5
reading /home/ionouser/chirpsounder2/my_station.ini
/dev/shm/hf25
found  1859  files
block 1786727700 writing 1855 detections /home/ionouser/ionozond_data2//2026-08-14/cdetections-DOB-1786727700.h5
reading /home/ionouser/chirpsounder2/my_station.ini
/dev/shm/hf25
found  1895  files
block 1786727700 writing 1891 detections /home/ionouser/ionozond_data2//2026-08-14/cdetections-DOB-1786727700.h5
reading /home/ionouser/chirpsounder2/my_station.ini
/dev/shm/hf25
found  1929  files
block 1786726800 writing 956 detections /home/ionouser/ionozond_data2//2026-08-14/cdetections-DOB-1786726800.h5
deleting files 956 from previous block, which is now finished
block 1786727700 writing 969 detections /home/ionouser/ionozond_data2//2026-08-14/cdetections-DOB-1786727700.h5
reading /home/ionouser/chirpsounder2/my_station.ini
/dev/shm/hf25
found  1085  files
block 1786728600 writing 1081 detections /home/ionouser/ionozond_data2//2026-08-14/cdetections-DOB-1786728600.h5
reading /home/ionouser/chirpsounder2/my_station.ini
/dev/shm/hf25
found  1202  files
block 1786728600 writing 1198 detections /home/ionouser/ionozond_data2//2026-08-14/cdetections-DOB-1786728600.h5
reading /home/ionouser/chirpsounder2/my_station.ini
/dev/shm/hf25
found  1255  files
block 1786728600 writing 1251 detections /home/ionouser/ionozond_data2//2026-08-14/cdetections-DOB-1786728600.h5
reading /home/ionouser/chirpsounder2/my_station.ini
/dev/shm/hf25
found  1287  files
block 1786728600 writing 1283 detections /home/ionouser/ionozond_data2//2026-08-14/cdetections-DOB-1786728600.h5
reading /home/ionouser/chirpsounder2/my_station.ini
/dev/shm/hf25
found  1328  files
block 1786728600 writing 1324 detections /home/ionouser/ionozond_data2//2026-08-14/cdetections-DOB-1786728600.h5
reading /home/ionouser/chirpsounder2/my_station.ini
/dev/shm/hf25
found  1441  files
block 1786728600 writing 1437 detections /home/ionouser/ionozond_data2//2026-08-14/cdetections-DOB-1786728600.h5
reading /home/ionouser/chirpsounder2/my_station.ini
/dev/shm/hf25
found  1557  files
block 1786728600 writing 1553 detections /home/ionouser/ionozond_data2//2026-08-14/cdetections-DOB-1786728600.h5
reading /home/ionouser/chirpsounder2/my_station.ini
/dev/shm/hf25
found  1604  files
block 1786728600 writing 1600 detections /home/ionouser/ionozond_data2//2026-08-14/cdetections-DOB-1786728600.h5
reading /home/ionouser/chirpsounder2/my_station.ini
/dev/shm/hf25
found  1642  files
block 1786728600 writing 1638 detections /home/ionouser/ionozond_data2//2026-08-14/cdetections-DOB-1786728600.h5
reading /home/ionouser/chirpsounder2/my_station.ini
/dev/shm/hf25
found  1714  files
block 1786728600 writing 1710 detections /home/ionouser/ionozond_data2//2026-08-14/cdetections-DOB-1786728600.h5
reading /home/ionouser/chirpsounder2/my_station.ini
/dev/shm/hf25
found  1843  files
block 1786728600 writing 1839 detections /home/ionouser/ionozond_data2//2026-08-14/cdetections-DOB-1786728600.h5
reading /home/ionouser/chirpsounder2/my_station.ini
/dev/shm/hf25
found  1921  files
block 1786728600 writing 1917 detections /home/ionouser/ionozond_data2//2026-08-14/cdetections-DOB-1786728600.h5
reading /home/ionouser/chirpsounder2/my_station.ini
/dev/shm/hf25
found  1967  files
block 1786728600 writing 1963 detections /home/ionouser/ionozond_data2//2026-08-14/cdetections-DOB-1786728600.h5
reading /home/ionouser/chirpsounder2/my_station.ini
/dev/shm/hf25
found  2005  files
block 1786727700 writing 975 detections /home/ionouser/ionozond_data2//2026-08-14/cdetections-DOB-1786727700.h5
deleting files 975 from previous block, which is now finished
block 1786729500 writing 1026 detections /home/ionouser/ionozond_data2//2026-08-14/cdetections-DOB-1786729500.h5
reading /home/ionouser/chirpsounder2/my_station.ini
/dev/shm/hf25
found  1174  files
block 1786729500 writing 1170 detections /home/ionouser/ionozond_data2//2026-08-14/cdetections-DOB-1786729500.h5
reading /home/ionouser/chirpsounder2/my_station.ini
/dev/shm/hf25
found  1285  files
block 1786729500 writing 1281 detections /home/ionouser/ionozond_data2//2026-08-14/cdetections-DOB-1786729500.h5
reading /home/ionouser/chirpsounder2/my_station.ini
/dev/shm/hf25
found  1327  files
block 1786729500 writing 1323 detections /home/ionouser/ionozond_data2//2026-08-14/cdetections-DOB-1786729500.h5
reading /home/ionouser/chirpsounder2/my_station.ini
/dev/shm/hf25
found  1361  files
block 1786729500 writing 1357 detections /home/ionouser/ionozond_data2//2026-08-14/cdetections-DOB-1786729500.h5
reading /home/ionouser/chirpsounder2/my_station.ini
/dev/shm/hf25
found  1445  files
block 1786729500 writing 1441 detections /home/ionouser/ionozond_data2//2026-08-14/cdetections-DOB-1786729500.h5
reading /home/ionouser/chirpsounder2/my_station.ini
/dev/shm/hf25
found  1572  files
block 1786729500 writing 1568 detections /home/ionouser/ionozond_data2//2026-08-14/cdetections-DOB-1786729500.h5
reading /home/ionouser/chirpsounder2/my_station.ini
/dev/shm/hf25
found  1651  files
block 1786729500 writing 1647 detections /home/ionouser/ionozond_data2//2026-08-14/cdetections-DOB-1786729500.h5
reading /home/ionouser/chirpsounder2/my_station.ini
/dev/shm/hf25
found  1702  files
block 1786729500 writing 1698 detections /home/ionouser/ionozond_data2//2026-08-14/cdetections-DOB-1786729500.h5
reading /home/ionouser/chirpsounder2/my_station.ini
/dev/shm/hf25
found  1742  files
block 1786729500 writing 1738 detections /home/ionouser/ionozond_data2//2026-08-14/cdetections-DOB-1786729500.h5
reading /home/ionouser/chirpsounder2/my_station.ini
/dev/shm/hf25
found  1850  files
block 1786729500 writing 1846 detections /home/ionouser/ionozond_data2//2026-08-14/cdetections-DOB-1786729500.h5
reading /home/ionouser/chirpsounder2/my_station.ini
/dev/shm/hf25
found  1980  files
block 1786729500 writing 1976 detections /home/ionouser/ionozond_data2//2026-08-14/cdetections-DOB-1786729500.h5
reading /home/ionouser/chirpsounder2/my_station.ini
/dev/shm/hf25
found  2028  files
block 1786729500 writing 2024 detections /home/ionouser/ionozond_data2//2026-08-14/cdetections-DOB-1786729500.h5
reading /home/ionouser/chirpsounder2/my_station.ini
/dev/shm/hf25
found  2060  files
block 1786729500 writing 2056 detections /home/ionouser/ionozond_data2//2026-08-14/cdetections-DOB-1786729500.h5
reading /home/ionouser/chirpsounder2/my_station.ini
/dev/shm/hf25
found  2127  files
block 1786728600 writing 1011 detections /home/ionouser/ionozond_data2//2026-08-14/cdetections-DOB-1786728600.h5
deleting files 1011 from previous block, which is now finished
block 1786730400 writing 1112 detections /home/ionouser/ionozond_data2//2026-08-14/cdetections-DOB-1786730400.h5
reading /home/ionouser/chirpsounder2/my_station.ini
/dev/shm/hf25
found  1284  files
block 1786730400 writing 1280 detections /home/ionouser/ionozond_data2//2026-08-14/cdetections-DOB-1786730400.h5
reading /home/ionouser/chirpsounder2/my_station.ini
/dev/shm/hf25
found  1354  files
block 1786730400 writing 1350 detections /home/ionouser/ionozond_data2//2026-08-14/cdetections-DOB-1786730400.h5
reading /home/ionouser/chirpsounder2/my_station.ini
/dev/shm/hf25
found  1390  files
block 1786730400 writing 1386 detections /home/ionouser/ionozond_data2//2026-08-14/cdetections-DOB-1786730400.h5
reading /home/ionouser/chirpsounder2/my_station.ini
/dev/shm/hf25
found  1431  files
block 1786730400 writing 1427 detections /home/ionouser/ionozond_data2//2026-08-14/cdetections-DOB-1786730400.h5
reading /home/ionouser/chirpsounder2/my_station.ini
/dev/shm/hf25
found  1542  files
block 1786730400 writing 1538 detections /home/ionouser/ionozond_data2//2026-08-14/cdetections-DOB-1786730400.h5
reading /home/ionouser/chirpsounder2/my_station.ini
/dev/shm/hf25
found  1668  files
block 1786730400 writing 1664 detections /home/ionouser/ionozond_data2//2026-08-14/cdetections-DOB-1786730400.h5
reading /home/ionouser/chirpsounder2/my_station.ini
/dev/shm/hf25
found  1723  files
block 1786730400 writing 1719 detections /home/ionouser/ionozond_data2//2026-08-14/cdetections-DOB-1786730400.h5
reading /home/ionouser/chirpsounder2/my_station.ini
/dev/shm/hf25
found  1770  files
block 1786730400 writing 1766 detections /home/ionouser/ionozond_data2//2026-08-14/cdetections-DOB-1786730400.h5
reading /home/ionouser/chirpsounder2/my_station.ini
/dev/shm/hf25
found  1846  files
block 1786730400 writing 1842 detections /home/ionouser/ionozond_data2//2026-08-14/cdetections-DOB-1786730400.h5
reading /home/ionouser/chirpsounder2/my_station.ini
/dev/shm/hf25
found  1979  files
block 1786730400 writing 1975 detections /home/ionouser/ionozond_data2//2026-08-14/cdetections-DOB-1786730400.h5
reading /home/ionouser/chirpsounder2/my_station.ini
/dev/shm/hf25
found  2083  files
block 1786730400 writing 2079 detections /home/ionouser/ionozond_data2//2026-08-14/cdetections-DOB-1786730400.h5
reading /home/ionouser/chirpsounder2/my_station.ini
/dev/shm/hf25
found  2131  files
block 1786730400 writing 2127 detections /home/ionouser/ionozond_data2//2026-08-14/cdetections-DOB-1786730400.h5
reading /home/ionouser/chirpsounder2/my_station.ini
/dev/shm/hf25
found  2168  files
block 1786729500 writing 1051 detections /home/ionouser/ionozond_data2//2026-08-14/cdetections-DOB-1786729500.h5
deleting files 1051 from previous block, which is now finished
block 1786731300 writing 1113 detections /home/ionouser/ionozond_data2//2026-08-14/cdetections-DOB-1786731300.h5
reading /home/ionouser/chirpsounder2/my_station.ini
/dev/shm/hf25
found  1258  files
block 1786731300 writing 1254 detections /home/ionouser/ionozond_data2//2026-08-14/cdetections-DOB-1786731300.h5
reading /home/ionouser/chirpsounder2/my_station.ini
/dev/shm/hf25
found  1376  files
block 1786731300 writing 1372 detections /home/ionouser/ionozond_data2//2026-08-14/cdetections-DOB-1786731300.h5
reading /home/ionouser/chirpsounder2/my_station.ini
/dev/shm/hf25
found  1424  files
block 1786731300 writing 1420 detections /home/ionouser/ionozond_data2//2026-08-14/cdetections-DOB-1786731300.h5
reading /home/ionouser/chirpsounder2/my_station.ini
/dev/shm/hf25
found  1456  files
block 1786731300 writing 1452 detections /home/ionouser/ionozond_data2//2026-08-14/cdetections-DOB-1786731300.h5
reading /home/ionouser/chirpsounder2/my_station.ini
/dev/shm/hf25
found  1540  files
block 1786731300 writing 1536 detections /home/ionouser/ionozond_data2//2026-08-14/cdetections-DOB-1786731300.h5
reading /home/ionouser/chirpsounder2/my_station.ini
/dev/shm/hf25
found  1669  files
block 1786731300 writing 1665 detections /home/ionouser/ionozond_data2//2026-08-14/cdetections-DOB-1786731300.h5
reading /home/ionouser/chirpsounder2/my_station.ini
/dev/shm/hf25
found  1741  files
block 1786731300 writing 1737 detections /home/ionouser/ionozond_data2//2026-08-14/cdetections-DOB-1786731300.h5
reading /home/ionouser/chirpsounder2/my_station.ini
/dev/shm/hf25
found  1796  files
block 1786731300 writing 1792 detections /home/ionouser/ionozond_data2//2026-08-14/cdetections-DOB-1786731300.h5
reading /home/ionouser/chirpsounder2/my_station.ini
/dev/shm/hf25
found  1844  files
block 1786731300 writing 1840 detections /home/ionouser/ionozond_data2//2026-08-14/cdetections-DOB-1786731300.h5
reading /home/ionouser/chirpsounder2/my_station.ini
/dev/shm/hf25
found  1952  files
block 1786731300 writing 1948 detections /home/ionouser/ionozond_data2//2026-08-14/cdetections-DOB-1786731300.h5
reading /home/ionouser/chirpsounder2/my_station.ini
/dev/shm/hf25
found  2079  files
block 1786731300 writing 2075 detections /home/ionouser/ionozond_data2//2026-08-14/cdetections-DOB-1786731300.h5
reading /home/ionouser/chirpsounder2/my_station.ini
/dev/shm/hf25
found  2121  files
block 1786731300 writing 2117 detections /home/ionouser/ionozond_data2//2026-08-14/cdetections-DOB-1786731300.h5
reading /home/ionouser/chirpsounder2/my_station.ini
/dev/shm/hf25
found  2159  files
block 1786730400 writing 1099 detections /home/ionouser/ionozond_data2//2026-08-14/cdetections-DOB-1786730400.h5
deleting files 1099 from previous block, which is now finished
block 1786731300 writing 1056 detections /home/ionouser/ionozond_data2//2026-08-14/cdetections-DOB-1786731300.h5
reading /home/ionouser/chirpsounder2/my_station.ini
/dev/shm/hf25
found  1178  files
block 1786732200 writing 1174 detections /home/ionouser/ionozond_data2//2026-08-14/cdetections-DOB-1786732200.h5
reading /home/ionouser/chirpsounder2/my_station.ini
/dev/shm/hf25
found  1306  files
block 1786732200 writing 1302 detections /home/ionouser/ionozond_data2//2026-08-14/cdetections-DOB-1786732200.h5
reading /home/ionouser/chirpsounder2/my_station.ini
/dev/shm/hf25
found  1370  files
block 1786732200 writing 1366 detections /home/ionouser/ionozond_data2//2026-08-14/cdetections-DOB-1786732200.h5
reading /home/ionouser/chirpsounder2/my_station.ini
/dev/shm/hf25
found  1404  files
block 1786732200 writing 1400 detections /home/ionouser/ionozond_data2//2026-08-14/cdetections-DOB-1786732200.h5
reading /home/ionouser/chirpsounder2/my_station.ini
/dev/shm/hf25
found  1459  files
block 1786732200 writing 1455 detections /home/ionouser/ionozond_data2//2026-08-14/cdetections-DOB-1786732200.h5
reading /home/ionouser/chirpsounder2/my_station.ini
/dev/shm/hf25
found  1574  files
block 1786732200 writing 1570 detections /home/ionouser/ionozond_data2//2026-08-14/cdetections-DOB-1786732200.h5
reading /home/ionouser/chirpsounder2/my_station.ini
/dev/shm/hf25
found  1696  files
block 1786732200 writing 1692 detections /home/ionouser/ionozond_data2//2026-08-14/cdetections-DOB-1786732200.h5
reading /home/ionouser/chirpsounder2/my_station.ini
/dev/shm/hf25
found  1760  files
block 1786732200 writing 1756 detections /home/ionouser/ionozond_data2//2026-08-14/cdetections-DOB-1786732200.h5
reading /home/ionouser/chirpsounder2/my_station.ini
/dev/shm/hf25
found  1792  files
block 1786732200 writing 1788 detections /home/ionouser/ionozond_data2//2026-08-14/cdetections-DOB-1786732200.h5
reading /home/ionouser/chirpsounder2/my_station.ini
/dev/shm/hf25
found  1879  files
block 1786732200 writing 1875 detections /home/ionouser/ionozond_data2//2026-08-14/cdetections-DOB-1786732200.h5
reading /home/ionouser/chirpsounder2/my_station.ini
/dev/shm/hf25
found  2011  files
block 1786732200 writing 2007 detections /home/ionouser/ionozond_data2//2026-08-14/cdetections-DOB-1786732200.h5
reading /home/ionouser/chirpsounder2/my_station.ini
/dev/shm/hf25
found  2099  files
block 1786732200 writing 2095 detections /home/ionouser/ionozond_data2//2026-08-14/cdetections-DOB-1786732200.h5
reading /home/ionouser/chirpsounder2/my_station.ini
/dev/shm/hf25
found  2142  files
block 1786732200 writing 2138 detections /home/ionouser/ionozond_data2//2026-08-14/cdetections-DOB-1786732200.h5
reading /home/ionouser/chirpsounder2/my_station.ini
/dev/shm/hf25
found  2169  files
block 1786731300 writing 1060 detections /home/ionouser/ionozond_data2//2026-08-14/cdetections-DOB-1786731300.h5
deleting files 1060 from previous block, which is now finished
block 1786733100 writing 1105 detections /home/ionouser/ionozond_data2//2026-08-14/cdetections-DOB-1786733100.h5
reading /home/ionouser/chirpsounder2/my_station.ini
/dev/shm/hf25
found  1244  files
block 1786733100 writing 1240 detections /home/ionouser/ionozond_data2//2026-08-14/cdetections-DOB-1786733100.h5
reading /home/ionouser/chirpsounder2/my_station.ini
/dev/shm/hf25
found  1351  files
block 1786733100 writing 1347 detections /home/ionouser/ionozond_data2//2026-08-14/cdetections-DOB-1786733100.h5
reading /home/ionouser/chirpsounder2/my_station.ini
/dev/shm/hf25
found  1367  files
block 1786733100 writing 1363 detections /home/ionouser/ionozond_data2//2026-08-14/cdetections-DOB-1786733100.h5
reading /home/ionouser/chirpsounder2/my_station.ini
/dev/shm/hf25
found  1383  files
block 1786733100 writing 1379 detections /home/ionouser/ionozond_data2//2026-08-14/cdetections-DOB-1786733100.h5
reading /home/ionouser/chirpsounder2/my_station.ini
/dev/shm/hf25
found  1456  files
block 1786733100 writing 1452 detections /home/ionouser/ionozond_data2//2026-08-14/cdetections-DOB-1786733100.h5
reading /home/ionouser/chirpsounder2/my_station.ini
/dev/shm/hf25
found  1573  files
block 1786733100 writing 1569 detections /home/ionouser/ionozond_data2//2026-08-14/cdetections-DOB-1786733100.h5
reading /home/ionouser/chirpsounder2/my_station.ini
/dev/shm/hf25
found  1628  files
block 1786733100 writing 1624 detections /home/ionouser/ionozond_data2//2026-08-14/cdetections-DOB-1786733100.h5
reading /home/ionouser/chirpsounder2/my_station.ini
/dev/shm/hf25
found  1642  files
block 1786733100 writing 1638 detections /home/ionouser/ionozond_data2//2026-08-14/cdetections-DOB-1786733100.h5
reading /home/ionouser/chirpsounder2/my_station.ini
/dev/shm/hf25
found  1658  files
block 1786733100 writing 1654 detections /home/ionouser/ionozond_data2//2026-08-14/cdetections-DOB-1786733100.h5
reading /home/ionouser/chirpsounder2/my_station.ini
/dev/shm/hf25
found  1747  files
block 1786733100 writing 1743 detections /home/ionouser/ionozond_data2//2026-08-14/cdetections-DOB-1786733100.h5
reading /home/ionouser/chirpsounder2/my_station.ini
/dev/shm/hf25
found  1861  files
block 1786733100 writing 1857 detections /home/ionouser/ionozond_data2//2026-08-14/cdetections-DOB-1786733100.h5
reading /home/ionouser/chirpsounder2/my_station.ini
/dev/shm/hf25
found  1870  files
block 1786733100 writing 1866 detections /home/ionouser/ionozond_data2//2026-08-14/cdetections-DOB-1786733100.h5
reading /home/ionouser/chirpsounder2/my_station.ini
/dev/shm/hf25
found  1871  files
block 1786732200 writing 1095 detections /home/ionouser/ionozond_data2//2026-08-14/cdetections-DOB-1786732200.h5
deleting files 1095 from previous block, which is now finished
block 1786733100 writing 772 detections /home/ionouser/ionozond_data2//2026-08-14/cdetections-DOB-1786733100.h5
reading /home/ionouser/chirpsounder2/my_station.ini
/dev/shm/hf25
found  874  files
block 1786734000 writing 870 detections /home/ionouser/ionozond_data2//2026-08-14/cdetections-DOB-1786734000.h5
reading /home/ionouser/chirpsounder2/my_station.ini
/dev/shm/hf25
found  997  files
block 1786734000 writing 993 detections /home/ionouser/ionozond_data2//2026-08-14/cdetections-DOB-1786734000.h5
reading /home/ionouser/chirpsounder2/my_station.ini
/dev/shm/hf25
found  1040  files
block 1786734000 writing 1036 detections /home/ionouser/ionozond_data2//2026-08-14/cdetections-DOB-1786734000.h5
reading /home/ionouser/chirpsounder2/my_station.ini
/dev/shm/hf25
found  1045  files
block 1786734000 writing 1041 detections /home/ionouser/ionozond_data2//2026-08-14/cdetections-DOB-1786734000.h5
reading /home/ionouser/chirpsounder2/my_station.ini
/dev/shm/hf25
found  1070  files
block 1786734000 writing 1066 detections /home/ionouser/ionozond_data2//2026-08-14/cdetections-DOB-1786734000.h5
reading /home/ionouser/chirpsounder2/my_station.ini
/dev/shm/hf25
found  1165  files
block 1786734000 writing 1161 detections /home/ionouser/ionozond_data2//2026-08-14/cdetections-DOB-1786734000.h5
reading /home/ionouser/chirpsounder2/my_station.ini
/dev/shm/hf25
found  1274  files
block 1786734000 writing 1270 detections /home/ionouser/ionozond_data2//2026-08-14/cdetections-DOB-1786734000.h5
reading /home/ionouser/chirpsounder2/my_station.ini
/dev/shm/hf25
found  1317  files
block 1786734000 writing 1313 detections /home/ionouser/ionozond_data2//2026-08-14/cdetections-DOB-1786734000.h5
reading /home/ionouser/chirpsounder2/my_station.ini
/dev/shm/hf25
found  1328  files
block 1786734000 writing 1324 detections /home/ionouser/ionozond_data2//2026-08-14/cdetections-DOB-1786734000.h5
reading /home/ionouser/chirpsounder2/my_station.ini
/dev/shm/hf25
found  1376  files
block 1786734000 writing 1372 detections /home/ionouser/ionozond_data2//2026-08-14/cdetections-DOB-1786734000.h5
reading /home/ionouser/chirpsounder2/my_station.ini
/dev/shm/hf25
found  1495  files
block 1786734000 writing 1491 detections /home/ionouser/ionozond_data2//2026-08-14/cdetections-DOB-1786734000.h5
reading /home/ionouser/chirpsounder2/my_station.ini
/dev/shm/hf25
found  1571  files
block 1786734000 writing 1567 detections /home/ionouser/ionozond_data2//2026-08-14/cdetections-DOB-1786734000.h5
reading /home/ionouser/chirpsounder2/my_station.ini
/dev/shm/hf25
found  1581  files
block 1786734000 writing 1577 detections /home/ionouser/ionozond_data2//2026-08-14/cdetections-DOB-1786734000.h5
reading /home/ionouser/chirpsounder2/my_station.ini
/dev/shm/hf25
found  1594  files
block 1786733100 writing 776 detections /home/ionouser/ionozond_data2//2026-08-14/cdetections-DOB-1786733100.h5
deleting files 776 from previous block, which is now finished
block 1786734900 writing 814 detections /home/ionouser/ionozond_data2//2026-08-14/cdetections-DOB-1786734900.h5
reading /home/ionouser/chirpsounder2/my_station.ini
/dev/shm/hf25
found  917  files
block 1786734900 writing 913 detections /home/ionouser/ionozond_data2//2026-08-14/cdetections-DOB-1786734900.h5
reading /home/ionouser/chirpsounder2/my_station.ini
/dev/shm/hf25
found  1036  files
block 1786734900 writing 1032 detections /home/ionouser/ionozond_data2//2026-08-14/cdetections-DOB-1786734900.h5
reading /home/ionouser/chirpsounder2/my_station.ini
/dev/shm/hf25
found  1056  files
block 1786734900 writing 1052 detections /home/ionouser/ionozond_data2//2026-08-14/cdetections-DOB-1786734900.h5
reading /home/ionouser/chirpsounder2/my_station.ini
/dev/shm/hf25
found  1066  files
block 1786734900 writing 1062 detections /home/ionouser/ionozond_data2//2026-08-14/cdetections-DOB-1786734900.h5
reading /home/ionouser/chirpsounder2/my_station.ini
/dev/shm/hf25
found  1101  files
block 1786734900 writing 1097 detections /home/ionouser/ionozond_data2//2026-08-14/cdetections-DOB-1786734900.h5
reading /home/ionouser/chirpsounder2/my_station.ini
/dev/shm/hf25
found  1214  files
block 1786734900 writing 1210 detections /home/ionouser/ionozond_data2//2026-08-14/cdetections-DOB-1786734900.h5
reading /home/ionouser/chirpsounder2/my_station.ini
/dev/shm/hf25
found  1310  files
block 1786734900 writing 1306 detections /home/ionouser/ionozond_data2//2026-08-14/cdetections-DOB-1786734900.h5
reading /home/ionouser/chirpsounder2/my_station.ini
/dev/shm/hf25
found  1321  files
block 1786734900 writing 1317 detections /home/ionouser/ionozond_data2//2026-08-14/cdetections-DOB-1786734900.h5
reading /home/ionouser/chirpsounder2/my_station.ini
/dev/shm/hf25
found  1329  files
block 1786734900 writing 1325 detections /home/ionouser/ionozond_data2//2026-08-14/cdetections-DOB-1786734900.h5
reading /home/ionouser/chirpsounder2/my_station.ini
/dev/shm/hf25
found  1396  files
block 1786734900 writing 1392 detections /home/ionouser/ionozond_data2//2026-08-14/cdetections-DOB-1786734900.h5
reading /home/ionouser/chirpsounder2/my_station.ini
/dev/shm/hf25
found  1508  files
block 1786734900 writing 1504 detections /home/ionouser/ionozond_data2//2026-08-14/cdetections-DOB-1786734900.h5
reading /home/ionouser/chirpsounder2/my_station.ini
/dev/shm/hf25
found  1562  files
block 1786734900 writing 1558 detections /home/ionouser/ionozond_data2//2026-08-14/cdetections-DOB-1786734900.h5
reading /home/ionouser/chirpsounder2/my_station.ini
/dev/shm/hf25
found  1582  files
block 1786734900 writing 1578 detections /home/ionouser/ionozond_data2//2026-08-14/cdetections-DOB-1786734900.h5
reading /home/ionouser/chirpsounder2/my_station.ini
/dev/shm/hf25
found  1612  files
block 1786734000 writing 807 detections /home/ionouser/ionozond_data2//2026-08-14/cdetections-DOB-1786734000.h5
deleting files 807 from previous block, which is now finished
block 1786735800 writing 801 detections /home/ionouser/ionozond_data2//2026-08-14/cdetections-DOB-1786735800.h5
reading /home/ionouser/chirpsounder2/my_station.ini
/dev/shm/hf25
found  933  files
block 1786735800 writing 929 detections /home/ionouser/ionozond_data2//2026-08-14/cdetections-DOB-1786735800.h5
reading /home/ionouser/chirpsounder2/my_station.ini
/dev/shm/hf25
found  1027  files
block 1786735800 writing 1023 detections /home/ionouser/ionozond_data2//2026-08-14/cdetections-DOB-1786735800.h5
reading /home/ionouser/chirpsounder2/my_station.ini
/dev/shm/hf25
found  1050  files
block 1786735800 writing 1046 detections /home/ionouser/ionozond_data2//2026-08-14/cdetections-DOB-1786735800.h5
reading /home/ionouser/chirpsounder2/my_station.ini
/dev/shm/hf25
found  1062  files
block 1786735800 writing 1058 detections /home/ionouser/ionozond_data2//2026-08-14/cdetections-DOB-1786735800.h5
reading /home/ionouser/chirpsounder2/my_station.ini
/dev/shm/hf25
found  1131  files
block 1786735800 writing 1127 detections /home/ionouser/ionozond_data2//2026-08-14/cdetections-DOB-1786735800.h5
reading /home/ionouser/chirpsounder2/my_station.ini
/dev/shm/hf25
found  1242  files
block 1786735800 writing 1238 detections /home/ionouser/ionozond_data2//2026-08-14/cdetections-DOB-1786735800.h5
reading /home/ionouser/chirpsounder2/my_station.ini
/dev/shm/hf25
found  1317  files
block 1786735800 writing 1313 detections /home/ionouser/ionozond_data2//2026-08-14/cdetections-DOB-1786735800.h5
reading /home/ionouser/chirpsounder2/my_station.ini
/dev/shm/hf25
found  1331  files
block 1786735800 writing 1327 detections /home/ionouser/ionozond_data2//2026-08-14/cdetections-DOB-1786735800.h5
reading /home/ionouser/chirpsounder2/my_station.ini
/dev/shm/hf25
found  1343  files
block 1786735800 writing 1339 detections /home/ionouser/ionozond_data2//2026-08-14/cdetections-DOB-1786735800.h5
reading /home/ionouser/chirpsounder2/my_station.ini
/dev/shm/hf25
found  1430  files
block 1786735800 writing 1426 detections /home/ionouser/ionozond_data2//2026-08-14/cdetections-DOB-1786735800.h5
reading /home/ionouser/chirpsounder2/my_station.ini
/dev/shm/hf25
found  1545  files
block 1786735800 writing 1541 detections /home/ionouser/ionozond_data2//2026-08-14/cdetections-DOB-1786735800.h5
reading /home/ionouser/chirpsounder2/my_station.ini
/dev/shm/hf25
found  1584  files
block 1786735800 writing 1580 detections /home/ionouser/ionozond_data2//2026-08-14/cdetections-DOB-1786735800.h5
reading /home/ionouser/chirpsounder2/my_station.ini
/dev/shm/hf25
found  1601  files
block 1786735800 writing 1597 detections /home/ionouser/ionozond_data2//2026-08-14/cdetections-DOB-1786735800.h5
reading /home/ionouser/chirpsounder2/my_station.ini
/dev/shm/hf25
found  1630  files
block 1786734900 writing 779 detections /home/ionouser/ionozond_data2//2026-08-14/cdetections-DOB-1786734900.h5
deleting files 779 from previous block, which is now finished
block 1786736700 writing 847 detections /home/ionouser/ionozond_data2//2026-08-14/cdetections-DOB-1786736700.h5
reading /home/ionouser/chirpsounder2/my_station.ini
/dev/shm/hf25
found  999  files
block 1786736700 writing 995 detections /home/ionouser/ionozond_data2//2026-08-14/cdetections-DOB-1786736700.h5
reading /home/ionouser/chirpsounder2/my_station.ini
/dev/shm/hf25
found  1059  files
block 1786736700 writing 1055 detections /home/ionouser/ionozond_data2//2026-08-14/cdetections-DOB-1786736700.h5
reading /home/ionouser/chirpsounder2/my_station.ini
/dev/shm/hf25
found  1078  files
block 1786736700 writing 1074 detections /home/ionouser/ionozond_data2//2026-08-14/cdetections-DOB-1786736700.h5
reading /home/ionouser/chirpsounder2/my_station.ini
/dev/shm/hf25
found  1092  files
block 1786736700 writing 1088 detections /home/ionouser/ionozond_data2//2026-08-14/cdetections-DOB-1786736700.h5
reading /home/ionouser/chirpsounder2/my_station.ini
/dev/shm/hf25
found  1183  files
block 1786736700 writing 1179 detections /home/ionouser/ionozond_data2//2026-08-14/cdetections-DOB-1786736700.h5
reading /home/ionouser/chirpsounder2/my_station.ini
/dev/shm/hf25
found  1306  files
block 1786736700 writing 1302 detections /home/ionouser/ionozond_data2//2026-08-14/cdetections-DOB-1786736700.h5
reading /home/ionouser/chirpsounder2/my_station.ini
/dev/shm/hf25
found  1336  files
block 1786736700 writing 1332 detections /home/ionouser/ionozond_data2//2026-08-14/cdetections-DOB-1786736700.h5
reading /home/ionouser/chirpsounder2/my_station.ini
/dev/shm/hf25
found  1356  files
block 1786736700 writing 1352 detections /home/ionouser/ionozond_data2//2026-08-14/cdetections-DOB-1786736700.h5
reading /home/ionouser/chirpsounder2/my_station.ini
/dev/shm/hf25
found  1392  files
block 1786736700 writing 1388 detections /home/ionouser/ionozond_data2//2026-08-14/cdetections-DOB-1786736700.h5
reading /home/ionouser/chirpsounder2/my_station.ini
/dev/shm/hf25
found  1509  files
block 1786736700 writing 1505 detections /home/ionouser/ionozond_data2//2026-08-14/cdetections-DOB-1786736700.h5
reading /home/ionouser/chirpsounder2/my_station.ini
/dev/shm/hf25
found  1599  files
block 1786736700 writing 1595 detections /home/ionouser/ionozond_data2//2026-08-14/cdetections-DOB-1786736700.h5
reading /home/ionouser/chirpsounder2/my_station.ini
/dev/shm/hf25
found  1615  files
block 1786736700 writing 1611 detections /home/ionouser/ionozond_data2//2026-08-14/cdetections-DOB-1786736700.h5
reading /home/ionouser/chirpsounder2/my_station.ini
/dev/shm/hf25
found  1640  files
block 1786735800 writing 826 detections /home/ionouser/ionozond_data2//2026-08-14/cdetections-DOB-1786735800.h5
deleting files 826 from previous block, which is now finished
block 1786736700 writing 810 detections /home/ionouser/ionozond_data2//2026-08-14/cdetections-DOB-1786736700.h5
reading /home/ionouser/chirpsounder2/my_station.ini
/dev/shm/hf25
found  911  files
block 1786737600 writing 907 detections /home/ionouser/ionozond_data2//2026-08-14/cdetections-DOB-1786737600.h5
reading /home/ionouser/chirpsounder2/my_station.ini
/dev/shm/hf25
found  1030  files
block 1786737600 writing 1026 detections /home/ionouser/ionozond_data2//2026-08-14/cdetections-DOB-1786737600.h5
reading /home/ionouser/chirpsounder2/my_station.ini
/dev/shm/hf25
found  1052  files
block 1786737600 writing 1048 detections /home/ionouser/ionozond_data2//2026-08-14/cdetections-DOB-1786737600.h5
reading /home/ionouser/chirpsounder2/my_station.ini
/dev/shm/hf25
found  1072  files
block 1786737600 writing 1068 detections /home/ionouser/ionozond_data2//2026-08-14/cdetections-DOB-1786737600.h5
reading /home/ionouser/chirpsounder2/my_station.ini
/dev/shm/hf25
found  1109  files
block 1786737600 writing 1105 detections /home/ionouser/ionozond_data2//2026-08-14/cdetections-DOB-1786737600.h5
reading /home/ionouser/chirpsounder2/my_station.ini
/dev/shm/hf25
found  1207  files
block 1786737600 writing 1203 detections /home/ionouser/ionozond_data2//2026-08-14/cdetections-DOB-1786737600.h5
reading /home/ionouser/chirpsounder2/my_station.ini
/dev/shm/hf25
found  1298  files
block 1786737600 writing 1294 detections /home/ionouser/ionozond_data2//2026-08-14/cdetections-DOB-1786737600.h5
reading /home/ionouser/chirpsounder2/my_station.ini
/dev/shm/hf25
found  1317  files
block 1786737600 writing 1313 detections /home/ionouser/ionozond_data2//2026-08-14/cdetections-DOB-1786737600.h5
reading /home/ionouser/chirpsounder2/my_station.ini
/dev/shm/hf25
found  1342  files
block 1786737600 writing 1338 detections /home/ionouser/ionozond_data2//2026-08-14/cdetections-DOB-1786737600.h5
reading /home/ionouser/chirpsounder2/my_station.ini
/dev/shm/hf25
found  1402  files
block 1786737600 writing 1398 detections /home/ionouser/ionozond_data2//2026-08-14/cdetections-DOB-1786737600.h5
reading /home/ionouser/chirpsounder2/my_station.ini
/dev/shm/hf25
found  1515  files
block 1786737600 writing 1511 detections /home/ionouser/ionozond_data2//2026-08-14/cdetections-DOB-1786737600.h5
reading /home/ionouser/chirpsounder2/my_station.ini
/dev/shm/hf25
found  1557  files
block 1786737600 writing 1553 detections /home/ionouser/ionozond_data2//2026-08-14/cdetections-DOB-1786737600.h5
reading /home/ionouser/chirpsounder2/my_station.ini
/dev/shm/hf25
found  1571  files
block 1786737600 writing 1567 detections /home/ionouser/ionozond_data2//2026-08-14/cdetections-DOB-1786737600.h5
reading /home/ionouser/chirpsounder2/my_station.ini
/dev/shm/hf25
found  1586  files
block 1786736700 writing 813 detections /home/ionouser/ionozond_data2//2026-08-14/cdetections-DOB-1786736700.h5
deleting files 813 from previous block, which is now finished
block 1786738500 writing 769 detections /home/ionouser/ionozond_data2//2026-08-14/cdetections-DOB-1786738500.h5
reading /home/ionouser/chirpsounder2/my_station.ini
/dev/shm/hf25
found  895  files
block 1786738500 writing 891 detections /home/ionouser/ionozond_data2//2026-08-14/cdetections-DOB-1786738500.h5
reading /home/ionouser/chirpsounder2/my_station.ini
/dev/shm/hf25
found  977  files
block 1786738500 writing 973 detections /home/ionouser/ionozond_data2//2026-08-14/cdetections-DOB-1786738500.h5
reading /home/ionouser/chirpsounder2/my_station.ini
/dev/shm/hf25
found  991  files
block 1786738500 writing 987 detections /home/ionouser/ionozond_data2//2026-08-14/cdetections-DOB-1786738500.h5
reading /home/ionouser/chirpsounder2/my_station.ini
/dev/shm/hf25
found  1001  files
block 1786738500 writing 997 detections /home/ionouser/ionozond_data2//2026-08-14/cdetections-DOB-1786738500.h5
reading /home/ionouser/chirpsounder2/my_station.ini
/dev/shm/hf25
found  1046  files
block 1786738500 writing 1042 detections /home/ionouser/ionozond_data2//2026-08-14/cdetections-DOB-1786738500.h5
reading /home/ionouser/chirpsounder2/my_station.ini
/dev/shm/hf25
found  1156  files
block 1786738500 writing 1152 detections /home/ionouser/ionozond_data2//2026-08-14/cdetections-DOB-1786738500.h5
reading /home/ionouser/chirpsounder2/my_station.ini
/dev/shm/hf25
found  1202  files
block 1786738500 writing 1198 detections /home/ionouser/ionozond_data2//2026-08-14/cdetections-DOB-1786738500.h5
reading /home/ionouser/chirpsounder2/my_station.ini
/dev/shm/hf25
found  1214  files
block 1786738500 writing 1210 detections /home/ionouser/ionozond_data2//2026-08-14/cdetections-DOB-1786738500.h5
reading /home/ionouser/chirpsounder2/my_station.ini
/dev/shm/hf25
found  1226  files
block 1786738500 writing 1222 detections /home/ionouser/ionozond_data2//2026-08-14/cdetections-DOB-1786738500.h5
reading /home/ionouser/chirpsounder2/my_station.ini
/dev/shm/hf25
found  1288  files
block 1786738500 writing 1284 detections /home/ionouser/ionozond_data2//2026-08-14/cdetections-DOB-1786738500.h5
reading /home/ionouser/chirpsounder2/my_station.ini
/dev/shm/hf25
found  1385  files
block 1786738500 writing 1381 detections /home/ionouser/ionozond_data2//2026-08-14/cdetections-DOB-1786738500.h5
reading /home/ionouser/chirpsounder2/my_station.ini
/dev/shm/hf25
found  1407  files
block 1786738500 writing 1403 detections /home/ionouser/ionozond_data2//2026-08-14/cdetections-DOB-1786738500.h5
reading /home/ionouser/chirpsounder2/my_station.ini
/dev/shm/hf25
found  1419  files
block 1786738500 writing 1415 detections /home/ionouser/ionozond_data2//2026-08-14/cdetections-DOB-1786738500.h5
reading /home/ionouser/chirpsounder2/my_station.ini
/dev/shm/hf25
found  1451  files
block 1786737600 writing 767 detections /home/ionouser/ionozond_data2//2026-08-14/cdetections-DOB-1786737600.h5
deleting files 767 from previous block, which is now finished
block 1786739400 writing 680 detections /home/ionouser/ionozond_data2//2026-08-14/cdetections-DOB-1786739400.h5
reading /home/ionouser/chirpsounder2/my_station.ini
/dev/shm/hf25
found  800  files
block 1786739400 writing 796 detections /home/ionouser/ionozond_data2//2026-08-14/cdetections-DOB-1786739400.h5
reading /home/ionouser/chirpsounder2/my_station.ini
/dev/shm/hf25
found  864  files
block 1786739400 writing 860 detections /home/ionouser/ionozond_data2//2026-08-14/cdetections-DOB-1786739400.h5
reading /home/ionouser/chirpsounder2/my_station.ini
/dev/shm/hf25
found  875  files
block 1786739400 writing 871 detections /home/ionouser/ionozond_data2//2026-08-14/cdetections-DOB-1786739400.h5
reading /home/ionouser/chirpsounder2/my_station.ini
/dev/shm/hf25
found  890  files
block 1786739400 writing 886 detections /home/ionouser/ionozond_data2//2026-08-14/cdetections-DOB-1786739400.h5
reading /home/ionouser/chirpsounder2/my_station.ini
/dev/shm/hf25
found  942  files
block 1786739400 writing 938 detections /home/ionouser/ionozond_data2//2026-08-14/cdetections-DOB-1786739400.h5
reading /home/ionouser/chirpsounder2/my_station.ini
/dev/shm/hf25
found  1059  files
block 1786739400 writing 1055 detections /home/ionouser/ionozond_data2//2026-08-14/cdetections-DOB-1786739400.h5
reading /home/ionouser/chirpsounder2/my_station.ini
/dev/shm/hf25
found  1079  files
block 1786739400 writing 1075 detections /home/ionouser/ionozond_data2//2026-08-14/cdetections-DOB-1786739400.h5
reading /home/ionouser/chirpsounder2/my_station.ini
/dev/shm/hf25
found  1093  files
block 1786739400 writing 1089 detections /home/ionouser/ionozond_data2//2026-08-14/cdetections-DOB-1786739400.h5
reading /home/ionouser/chirpsounder2/my_station.ini
/dev/shm/hf25
found  1105  files
block 1786739400 writing 1101 detections /home/ionouser/ionozond_data2//2026-08-14/cdetections-DOB-1786739400.h5
reading /home/ionouser/chirpsounder2/my_station.ini
/dev/shm/hf25
found  1189  files
block 1786739400 writing 1185 detections /home/ionouser/ionozond_data2//2026-08-14/cdetections-DOB-1786739400.h5
reading /home/ionouser/chirpsounder2/my_station.ini
/dev/shm/hf25
found  1258  files
block 1786739400 writing 1254 detections /home/ionouser/ionozond_data2//2026-08-14/cdetections-DOB-1786739400.h5
reading /home/ionouser/chirpsounder2/my_station.ini
/dev/shm/hf25
found  1268  files
block 1786739400 writing 1264 detections /home/ionouser/ionozond_data2//2026-08-14/cdetections-DOB-1786739400.h5
reading /home/ionouser/chirpsounder2/my_station.ini
/dev/shm/hf25
found  1284  files
block 1786739400 writing 1280 detections /home/ionouser/ionozond_data2//2026-08-14/cdetections-DOB-1786739400.h5
reading /home/ionouser/chirpsounder2/my_station.ini
/dev/shm/hf25
found  1313  files
block 1786738500 writing 659 detections /home/ionouser/ionozond_data2//2026-08-14/cdetections-DOB-1786738500.h5
deleting files 659 from previous block, which is now finished
block 1786740300 writing 650 detections /home/ionouser/ionozond_data2//2026-08-14/cdetections-DOB-1786740300.h5
reading /home/ionouser/chirpsounder2/my_station.ini
/dev/shm/hf25
found  763  files
block 1786740300 writing 759 detections /home/ionouser/ionozond_data2//2026-08-14/cdetections-DOB-1786740300.h5
reading /home/ionouser/chirpsounder2/my_station.ini
/dev/shm/hf25
found  792  files
block 1786740300 writing 788 detections /home/ionouser/ionozond_data2//2026-08-14/cdetections-DOB-1786740300.h5
reading /home/ionouser/chirpsounder2/my_station.ini
/dev/shm/hf25
found  800  files
block 1786740300 writing 796 detections /home/ionouser/ionozond_data2//2026-08-14/cdetections-DOB-1786740300.h5
reading /home/ionouser/chirpsounder2/my_station.ini
/dev/shm/hf25
found  810  files
block 1786740300 writing 806 detections /home/ionouser/ionozond_data2//2026-08-14/cdetections-DOB-1786740300.h5
reading /home/ionouser/chirpsounder2/my_station.ini
/dev/shm/hf25
found  880  files
block 1786740300 writing 876 detections /home/ionouser/ionozond_data2//2026-08-14/cdetections-DOB-1786740300.h5
reading /home/ionouser/chirpsounder2/my_station.ini
/dev/shm/hf25
found  957  files
block 1786740300 writing 953 detections /home/ionouser/ionozond_data2//2026-08-14/cdetections-DOB-1786740300.h5
reading /home/ionouser/chirpsounder2/my_station.ini
/dev/shm/hf25
found  968  files
block 1786740300 writing 964 detections /home/ionouser/ionozond_data2//2026-08-14/cdetections-DOB-1786740300.h5
reading /home/ionouser/chirpsounder2/my_station.ini
/dev/shm/hf25
found  973  files
block 1786740300 writing 969 detections /home/ionouser/ionozond_data2//2026-08-14/cdetections-DOB-1786740300.h5
reading /home/ionouser/chirpsounder2/my_station.ini
/dev/shm/hf25
found  981  files
block 1786740300 writing 977 detections /home/ionouser/ionozond_data2//2026-08-14/cdetections-DOB-1786740300.h5
reading /home/ionouser/chirpsounder2/my_station.ini
/dev/shm/hf25
found  1059  files
block 1786740300 writing 1055 detections /home/ionouser/ionozond_data2//2026-08-14/cdetections-DOB-1786740300.h5
reading /home/ionouser/chirpsounder2/my_station.ini
/dev/shm/hf25
found  1101  files
block 1786740300 writing 1097 detections /home/ionouser/ionozond_data2//2026-08-14/cdetections-DOB-1786740300.h5
reading /home/ionouser/chirpsounder2/my_station.ini
/dev/shm/hf25
found  1106  files
block 1786740300 writing 1102 detections /home/ionouser/ionozond_data2//2026-08-14/cdetections-DOB-1786740300.h5
reading /home/ionouser/chirpsounder2/my_station.ini
/dev/shm/hf25
found  1121  files
block 1786740300 writing 1117 detections /home/ionouser/ionozond_data2//2026-08-14/cdetections-DOB-1786740300.h5
reading /home/ionouser/chirpsounder2/my_station.ini
/dev/shm/hf25
found  1168  files
block 1786739400 writing 629 detections /home/ionouser/ionozond_data2//2026-08-14/cdetections-DOB-1786739400.h5
deleting files 629 from previous block, which is now finished
block 1786741200 writing 535 detections /home/ionouser/ionozond_data2//2026-08-14/cdetections-DOB-1786741200.h5
reading /home/ionouser/chirpsounder2/my_station.ini
/dev/shm/hf25
found  626  files
block 1786741200 writing 622 detections /home/ionouser/ionozond_data2//2026-08-14/cdetections-DOB-1786741200.h5
reading /home/ionouser/chirpsounder2/my_station.ini
/dev/shm/hf25
found  646  files
block 1786741200 writing 642 detections /home/ionouser/ionozond_data2//2026-08-14/cdetections-DOB-1786741200.h5
reading /home/ionouser/chirpsounder2/my_station.ini
/dev/shm/hf25
found  656  files
block 1786741200 writing 652 detections /home/ionouser/ionozond_data2//2026-08-14/cdetections-DOB-1786741200.h5
reading /home/ionouser/chirpsounder2/my_station.ini
/dev/shm/hf25
found  657  files
block 1786741200 writing 653 detections /home/ionouser/ionozond_data2//2026-08-14/cdetections-DOB-1786741200.h5
reading /home/ionouser/chirpsounder2/my_station.ini
/dev/shm/hf25
found  706  files
block 1786741200 writing 702 detections /home/ionouser/ionozond_data2//2026-08-14/cdetections-DOB-1786741200.h5
reading /home/ionouser/chirpsounder2/my_station.ini
/dev/shm/hf25
found  759  files
block 1786741200 writing 755 detections /home/ionouser/ionozond_data2//2026-08-14/cdetections-DOB-1786741200.h5
reading /home/ionouser/chirpsounder2/my_station.ini
/dev/shm/hf25
found  775  files
block 1786741200 writing 771 detections /home/ionouser/ionozond_data2//2026-08-14/cdetections-DOB-1786741200.h5
reading /home/ionouser/chirpsounder2/my_station.ini
/dev/shm/hf25
found  776  files
block 1786741200 writing 772 detections /home/ionouser/ionozond_data2//2026-08-14/cdetections-DOB-1786741200.h5
reading /home/ionouser/chirpsounder2/my_station.ini
/dev/shm/hf25
found  783  files
block 1786741200 writing 779 detections /home/ionouser/ionozond_data2//2026-08-14/cdetections-DOB-1786741200.h5
reading /home/ionouser/chirpsounder2/my_station.ini
/dev/shm/hf25
found  859  files
block 1786741200 writing 855 detections /home/ionouser/ionozond_data2//2026-08-14/cdetections-DOB-1786741200.h5
reading /home/ionouser/chirpsounder2/my_station.ini
/dev/shm/hf25
found  904  files
block 1786741200 writing 900 detections /home/ionouser/ionozond_data2//2026-08-14/cdetections-DOB-1786741200.h5
reading /home/ionouser/chirpsounder2/my_station.ini
/dev/shm/hf25
found  916  files
block 1786741200 writing 912 detections /home/ionouser/ionozond_data2//2026-08-14/cdetections-DOB-1786741200.h5
reading /home/ionouser/chirpsounder2/my_station.ini
/dev/shm/hf25
found  918  files
block 1786741200 writing 914 detections /home/ionouser/ionozond_data2//2026-08-14/cdetections-DOB-1786741200.h5
reading /home/ionouser/chirpsounder2/my_station.ini
/dev/shm/hf25
found  938  files
block 1786740300 writing 496 detections /home/ionouser/ionozond_data2//2026-08-14/cdetections-DOB-1786740300.h5
deleting files 496 from previous block, which is now finished
block 1786742100 writing 438 detections /home/ionouser/ionozond_data2//2026-08-14/cdetections-DOB-1786742100.h5
reading /home/ionouser/chirpsounder2/my_station.ini
/dev/shm/hf25
found  520  files
block 1786742100 writing 516 detections /home/ionouser/ionozond_data2//2026-08-14/cdetections-DOB-1786742100.h5
reading /home/ionouser/chirpsounder2/my_station.ini
/dev/shm/hf25
found  536  files
block 1786742100 writing 532 detections /home/ionouser/ionozond_data2//2026-08-14/cdetections-DOB-1786742100.h5
reading /home/ionouser/chirpsounder2/my_station.ini
/dev/shm/hf25
found  536  files
block 1786742100 writing 532 detections /home/ionouser/ionozond_data2//2026-08-14/cdetections-DOB-1786742100.h5
reading /home/ionouser/chirpsounder2/my_station.ini
/dev/shm/hf25
found  539  files
block 1786742100 writing 535 detections /home/ionouser/ionozond_data2//2026-08-14/cdetections-DOB-1786742100.h5
reading /home/ionouser/chirpsounder2/my_station.ini
/dev/shm/hf25
found  579  files
block 1786742100 writing 575 detections /home/ionouser/ionozond_data2//2026-08-14/cdetections-DOB-1786742100.h5
reading /home/ionouser/chirpsounder2/my_station.ini
/dev/shm/hf25
found  625  files
block 1786742100 writing 621 detections /home/ionouser/ionozond_data2//2026-08-14/cdetections-DOB-1786742100.h5
reading /home/ionouser/chirpsounder2/my_station.ini
/dev/shm/hf25
found  637  files
block 1786742100 writing 633 detections /home/ionouser/ionozond_data2//2026-08-14/cdetections-DOB-1786742100.h5
reading /home/ionouser/chirpsounder2/my_station.ini
/dev/shm/hf25
found  656  files
block 1786742100 writing 652 detections /home/ionouser/ionozond_data2//2026-08-14/cdetections-DOB-1786742100.h5
reading /home/ionouser/chirpsounder2/my_station.ini
/dev/shm/hf25
found  660  files
block 1786742100 writing 656 detections /home/ionouser/ionozond_data2//2026-08-14/cdetections-DOB-1786742100.h5
reading /home/ionouser/chirpsounder2/my_station.ini
/dev/shm/hf25
found  722  files
block 1786742100 writing 718 detections /home/ionouser/ionozond_data2//2026-08-14/cdetections-DOB-1786742100.h5
reading /home/ionouser/chirpsounder2/my_station.ini
/dev/shm/hf25
found  749  files
block 1786742100 writing 745 detections /home/ionouser/ionozond_data2//2026-08-14/cdetections-DOB-1786742100.h5
reading /home/ionouser/chirpsounder2/my_station.ini
/dev/shm/hf25
found  754  files
block 1786742100 writing 750 detections /home/ionouser/ionozond_data2//2026-08-14/cdetections-DOB-1786742100.h5
reading /home/ionouser/chirpsounder2/my_station.ini
/dev/shm/hf25
found  758  files
block 1786742100 writing 754 detections /home/ionouser/ionozond_data2//2026-08-14/cdetections-DOB-1786742100.h5
reading /home/ionouser/chirpsounder2/my_station.ini
/dev/shm/hf25
found  769  files
block 1786741200 writing 422 detections /home/ionouser/ionozond_data2//2026-08-14/cdetections-DOB-1786741200.h5
deleting files 422 from previous block, which is now finished
block 1786743000 writing 343 detections /home/ionouser/ionozond_data2//2026-08-14/cdetections-DOB-1786743000.h5
reading /home/ionouser/chirpsounder2/my_station.ini
/dev/shm/hf25
found  427  files
block 1786743000 writing 423 detections /home/ionouser/ionozond_data2//2026-08-14/cdetections-DOB-1786743000.h5
reading /home/ionouser/chirpsounder2/my_station.ini
/dev/shm/hf25
found  460  files
block 1786743000 writing 456 detections /home/ionouser/ionozond_data2//2026-08-14/cdetections-DOB-1786743000.h5
reading /home/ionouser/chirpsounder2/my_station.ini
/dev/shm/hf25
found  463  files
block 1786743000 writing 459 detections /home/ionouser/ionozond_data2//2026-08-14/cdetections-DOB-1786743000.h5
reading /home/ionouser/chirpsounder2/my_station.ini
/dev/shm/hf25
found  466  files
block 1786743000 writing 462 detections /home/ionouser/ionozond_data2//2026-08-14/cdetections-DOB-1786743000.h5
reading /home/ionouser/chirpsounder2/my_station.ini
/dev/shm/hf25
found  493  files
block 1786743000 writing 489 detections /home/ionouser/ionozond_data2//2026-08-14/cdetections-DOB-1786743000.h5
reading /home/ionouser/chirpsounder2/my_station.ini
/dev/shm/hf25
found  537  files
block 1786743000 writing 533 detections /home/ionouser/ionozond_data2//2026-08-14/cdetections-DOB-1786743000.h5
reading /home/ionouser/chirpsounder2/my_station.ini
/dev/shm/hf25
found  550  files
block 1786743000 writing 546 detections /home/ionouser/ionozond_data2//2026-08-14/cdetections-DOB-1786743000.h5
reading /home/ionouser/chirpsounder2/my_station.ini
/dev/shm/hf25
found  553  files
block 1786743000 writing 549 detections /home/ionouser/ionozond_data2//2026-08-14/cdetections-DOB-1786743000.h5
reading /home/ionouser/chirpsounder2/my_station.ini
/dev/shm/hf25
found  568  files
block 1786743000 writing 564 detections /home/ionouser/ionozond_data2//2026-08-14/cdetections-DOB-1786743000.h5
reading /home/ionouser/chirpsounder2/my_station.ini
/dev/shm/hf25
found  626  files
block 1786743000 writing 622 detections /home/ionouser/ionozond_data2//2026-08-14/cdetections-DOB-1786743000.h5
reading /home/ionouser/chirpsounder2/my_station.ini
/dev/shm/hf25
found  663  files
block 1786743000 writing 659 detections /home/ionouser/ionozond_data2//2026-08-14/cdetections-DOB-1786743000.h5
reading /home/ionouser/chirpsounder2/my_station.ini
/dev/shm/hf25
found  673  files
block 1786743000 writing 669 detections /home/ionouser/ionozond_data2//2026-08-14/cdetections-DOB-1786743000.h5
reading /home/ionouser/chirpsounder2/my_station.ini
/dev/shm/hf25
found  679  files
block 1786743000 writing 675 detections /home/ionouser/ionozond_data2//2026-08-14/cdetections-DOB-1786743000.h5
reading /home/ionouser/chirpsounder2/my_station.ini
/dev/shm/hf25
found  681  files
block 1786742100 writing 337 detections /home/ionouser/ionozond_data2//2026-08-14/cdetections-DOB-1786742100.h5
deleting files 337 from previous block, which is now finished
block 1786743000 writing 340 detections /home/ionouser/ionozond_data2//2026-08-14/cdetections-DOB-1786743000.h5
reading /home/ionouser/chirpsounder2/my_station.ini
/dev/shm/hf25
found  401  files
block 1786743900 writing 397 detections /home/ionouser/ionozond_data2//2026-08-14/cdetections-DOB-1786743900.h5
reading /home/ionouser/chirpsounder2/my_station.ini
/dev/shm/hf25
found  424  files
block 1786743900 writing 420 detections /home/ionouser/ionozond_data2//2026-08-14/cdetections-DOB-1786743900.h5
reading /home/ionouser/chirpsounder2/my_station.ini
/dev/shm/hf25
found  462  files
block 1786743900 writing 458 detections /home/ionouser/ionozond_data2//2026-08-14/cdetections-DOB-1786743900.h5
reading /home/ionouser/chirpsounder2/my_station.ini
/dev/shm/hf25
found  474  files
block 1786743900 writing 470 detections /home/ionouser/ionozond_data2//2026-08-14/cdetections-DOB-1786743900.h5
reading /home/ionouser/chirpsounder2/my_station.ini
/dev/shm/hf25
found  486  files
block 1786743900 writing 482 detections /home/ionouser/ionozond_data2//2026-08-14/cdetections-DOB-1786743900.h5
reading /home/ionouser/chirpsounder2/my_station.ini
/dev/shm/hf25
found  543  files
block 1786743900 writing 539 detections /home/ionouser/ionozond_data2//2026-08-14/cdetections-DOB-1786743900.h5
reading /home/ionouser/chirpsounder2/my_station.ini
/dev/shm/hf25
found  555  files
block 1786743900 writing 551 detections /home/ionouser/ionozond_data2//2026-08-14/cdetections-DOB-1786743900.h5
reading /home/ionouser/chirpsounder2/my_station.ini
/dev/shm/hf25
found  556  files
block 1786743900 writing 552 detections /home/ionouser/ionozond_data2//2026-08-14/cdetections-DOB-1786743900.h5
reading /home/ionouser/chirpsounder2/my_station.ini
/dev/shm/hf25
found  562  files
block 1786743900 writing 558 detections /home/ionouser/ionozond_data2//2026-08-14/cdetections-DOB-1786743900.h5
reading /home/ionouser/chirpsounder2/my_station.ini
/dev/shm/hf25
found  592  files
block 1786743900 writing 588 detections /home/ionouser/ionozond_data2//2026-08-14/cdetections-DOB-1786743900.h5
reading /home/ionouser/chirpsounder2/my_station.ini
/dev/shm/hf25
found  658  files
block 1786743900 writing 654 detections /home/ionouser/ionozond_data2//2026-08-14/cdetections-DOB-1786743900.h5
reading /home/ionouser/chirpsounder2/my_station.ini
/dev/shm/hf25
found  668  files
block 1786743900 writing 664 detections /home/ionouser/ionozond_data2//2026-08-14/cdetections-DOB-1786743900.h5
reading /home/ionouser/chirpsounder2/my_station.ini
/dev/shm/hf25
found  673  files
block 1786743900 writing 669 detections /home/ionouser/ionozond_data2//2026-08-14/cdetections-DOB-1786743900.h5
reading /home/ionouser/chirpsounder2/my_station.ini
/dev/shm/hf25
found  678  files
block 1786743900 writing 674 detections /home/ionouser/ionozond_data2//2026-08-14/cdetections-DOB-1786743900.h5
reading /home/ionouser/chirpsounder2/my_station.ini
/dev/shm/hf25
found  715  files
block 1786743000 writing 343 detections /home/ionouser/ionozond_data2//2026-08-14/cdetections-DOB-1786743000.h5
deleting files 343 from previous block, which is now finished
block 1786744800 writing 368 detections /home/ionouser/ionozond_data2//2026-08-14/cdetections-DOB-1786744800.h5
reading /home/ionouser/chirpsounder2/my_station.ini
/dev/shm/hf25
found  414  files
block 1786744800 writing 410 detections /home/ionouser/ionozond_data2//2026-08-14/cdetections-DOB-1786744800.h5
reading /home/ionouser/chirpsounder2/my_station.ini
/dev/shm/hf25
found  424  files
block 1786744800 writing 420 detections /home/ionouser/ionozond_data2//2026-08-14/cdetections-DOB-1786744800.h5
reading /home/ionouser/chirpsounder2/my_station.ini
/dev/shm/hf25
found  456  files
block 1786744800 writing 452 detections /home/ionouser/ionozond_data2//2026-08-14/cdetections-DOB-1786744800.h5
reading /home/ionouser/chirpsounder2/my_station.ini
/dev/shm/hf25
found  478  files
block 1786744800 writing 474 detections /home/ionouser/ionozond_data2//2026-08-14/cdetections-DOB-1786744800.h5
reading /home/ionouser/chirpsounder2/my_station.ini
/dev/shm/hf25
found  522  files
block 1786744800 writing 518 detections /home/ionouser/ionozond_data2//2026-08-14/cdetections-DOB-1786744800.h5
reading /home/ionouser/chirpsounder2/my_station.ini
/dev/shm/hf25
found  532  files
block 1786744800 writing 528 detections /home/ionouser/ionozond_data2//2026-08-14/cdetections-DOB-1786744800.h5
reading /home/ionouser/chirpsounder2/my_station.ini
/dev/shm/hf25
found  532  files
block 1786744800 writing 528 detections /home/ionouser/ionozond_data2//2026-08-14/cdetections-DOB-1786744800.h5
reading /home/ionouser/chirpsounder2/my_station.ini
/dev/shm/hf25
found  538  files
block 1786744800 writing 534 detections /home/ionouser/ionozond_data2//2026-08-14/cdetections-DOB-1786744800.h5
reading /home/ionouser/chirpsounder2/my_station.ini
/dev/shm/hf25
found  546  files
block 1786744800 writing 542 detections /home/ionouser/ionozond_data2//2026-08-14/cdetections-DOB-1786744800.h5
reading /home/ionouser/chirpsounder2/my_station.ini
/dev/shm/hf25
found  594  files
block 1786744800 writing 590 detections /home/ionouser/ionozond_data2//2026-08-14/cdetections-DOB-1786744800.h5
reading /home/ionouser/chirpsounder2/my_station.ini
/dev/shm/hf25
found  635  files
block 1786744800 writing 631 detections /home/ionouser/ionozond_data2//2026-08-14/cdetections-DOB-1786744800.h5
reading /home/ionouser/chirpsounder2/my_station.ini
/dev/shm/hf25
found  655  files
block 1786744800 writing 651 detections /home/ionouser/ionozond_data2//2026-08-14/cdetections-DOB-1786744800.h5
reading /home/ionouser/chirpsounder2/my_station.ini
/dev/shm/hf25
found  662  files
block 1786744800 writing 658 detections /home/ionouser/ionozond_data2//2026-08-14/cdetections-DOB-1786744800.h5
reading /home/ionouser/chirpsounder2/my_station.ini
/dev/shm/hf25
found  675  files
block 1786743900 writing 335 detections /home/ionouser/ionozond_data2//2026-08-14/cdetections-DOB-1786743900.h5
deleting files 335 from previous block, which is now finished
block 1786745700 writing 336 detections /home/ionouser/ionozond_data2//2026-08-14/cdetections-DOB-1786745700.h5
reading /home/ionouser/chirpsounder2/my_station.ini
/dev/shm/hf25
found  384  files
block 1786745700 writing 380 detections /home/ionouser/ionozond_data2//2026-08-14/cdetections-DOB-1786745700.h5
reading /home/ionouser/chirpsounder2/my_station.ini
/dev/shm/hf25
found  393  files
block 1786745700 writing 389 detections /home/ionouser/ionozond_data2//2026-08-14/cdetections-DOB-1786745700.h5
reading /home/ionouser/chirpsounder2/my_station.ini
/dev/shm/hf25
found  395  files
block 1786745700 writing 391 detections /home/ionouser/ionozond_data2//2026-08-14/cdetections-DOB-1786745700.h5
reading /home/ionouser/chirpsounder2/my_station.ini
/dev/shm/hf25
found  402  files
block 1786745700 writing 398 detections /home/ionouser/ionozond_data2//2026-08-14/cdetections-DOB-1786745700.h5
reading /home/ionouser/chirpsounder2/my_station.ini
/dev/shm/hf25
found  453  files
block 1786745700 writing 449 detections /home/ionouser/ionozond_data2//2026-08-14/cdetections-DOB-1786745700.h5
reading /home/ionouser/chirpsounder2/my_station.ini
/dev/shm/hf25
found  495  files
block 1786745700 writing 491 detections /home/ionouser/ionozond_data2//2026-08-14/cdetections-DOB-1786745700.h5
reading /home/ionouser/chirpsounder2/my_station.ini
/dev/shm/hf25
found  500  files
block 1786745700 writing 496 detections /home/ionouser/ionozond_data2//2026-08-14/cdetections-DOB-1786745700.h5
reading /home/ionouser/chirpsounder2/my_station.ini
/dev/shm/hf25
found  504  files
block 1786745700 writing 500 detections /home/ionouser/ionozond_data2//2026-08-14/cdetections-DOB-1786745700.h5
reading /home/ionouser/chirpsounder2/my_station.ini
/dev/shm/hf25
found  506  files
block 1786745700 writing 502 detections /home/ionouser/ionozond_data2//2026-08-14/cdetections-DOB-1786745700.h5
reading /home/ionouser/chirpsounder2/my_station.ini
/dev/shm/hf25
found  542  files
block 1786745700 writing 538 detections /home/ionouser/ionozond_data2//2026-08-14/cdetections-DOB-1786745700.h5
reading /home/ionouser/chirpsounder2/my_station.ini
/dev/shm/hf25
found  571  files
block 1786745700 writing 567 detections /home/ionouser/ionozond_data2//2026-08-14/cdetections-DOB-1786745700.h5
reading /home/ionouser/chirpsounder2/my_station.ini
/dev/shm/hf25
found  575  files
block 1786745700 writing 571 detections /home/ionouser/ionozond_data2//2026-08-14/cdetections-DOB-1786745700.h5
reading /home/ionouser/chirpsounder2/my_station.ini
/dev/shm/hf25
found  601  files
block 1786745700 writing 597 detections /home/ionouser/ionozond_data2//2026-08-14/cdetections-DOB-1786745700.h5
reading /home/ionouser/chirpsounder2/my_station.ini
/dev/shm/hf25
found  604  files
block 1786744800 writing 327 detections /home/ionouser/ionozond_data2//2026-08-14/cdetections-DOB-1786744800.h5
deleting files 327 from previous block, which is now finished
block 1786745700 writing 273 detections /home/ionouser/ionozond_data2//2026-08-14/cdetections-DOB-1786745700.h5
reading /home/ionouser/chirpsounder2/my_station.ini
/dev/shm/hf25
found  336  files
block 1786746600 writing 332 detections /home/ionouser/ionozond_data2//2026-08-14/cdetections-DOB-1786746600.h5
reading /home/ionouser/chirpsounder2/my_station.ini
/dev/shm/hf25
found  351  files
block 1786746600 writing 347 detections /home/ionouser/ionozond_data2//2026-08-14/cdetections-DOB-1786746600.h5
reading /home/ionouser/chirpsounder2/my_station.ini
/dev/shm/hf25
found  354  files
block 1786746600 writing 350 detections /home/ionouser/ionozond_data2//2026-08-14/cdetections-DOB-1786746600.h5
reading /home/ionouser/chirpsounder2/my_station.ini
/dev/shm/hf25
found  359  files
block 1786746600 writing 355 detections /home/ionouser/ionozond_data2//2026-08-14/cdetections-DOB-1786746600.h5
reading /home/ionouser/chirpsounder2/my_station.ini
/dev/shm/hf25
found  368  files
block 1786746600 writing 364 detections /home/ionouser/ionozond_data2//2026-08-14/cdetections-DOB-1786746600.h5
reading /home/ionouser/chirpsounder2/my_station.ini
/dev/shm/hf25
found  439  files
block 1786746600 writing 435 detections /home/ionouser/ionozond_data2//2026-08-14/cdetections-DOB-1786746600.h5
reading /home/ionouser/chirpsounder2/my_station.ini
/dev/shm/hf25
found  468  files
block 1786746600 writing 464 detections /home/ionouser/ionozond_data2//2026-08-14/cdetections-DOB-1786746600.h5
reading /home/ionouser/chirpsounder2/my_station.ini
/dev/shm/hf25
found  477  files
block 1786746600 writing 473 detections /home/ionouser/ionozond_data2//2026-08-14/cdetections-DOB-1786746600.h5
reading /home/ionouser/chirpsounder2/my_station.ini
/dev/shm/hf25
found  481  files
block 1786746600 writing 477 detections /home/ionouser/ionozond_data2//2026-08-14/cdetections-DOB-1786746600.h5
reading /home/ionouser/chirpsounder2/my_station.ini
/dev/shm/hf25
found  497  files
block 1786746600 writing 493 detections /home/ionouser/ionozond_data2//2026-08-14/cdetections-DOB-1786746600.h5
reading /home/ionouser/chirpsounder2/my_station.ini
/dev/shm/hf25
found  555  files
block 1786746600 writing 551 detections /home/ionouser/ionozond_data2//2026-08-14/cdetections-DOB-1786746600.h5
reading /home/ionouser/chirpsounder2/my_station.ini
/dev/shm/hf25
found  563  files
block 1786746600 writing 559 detections /home/ionouser/ionozond_data2//2026-08-14/cdetections-DOB-1786746600.h5
reading /home/ionouser/chirpsounder2/my_station.ini
/dev/shm/hf25
found  565  files
block 1786746600 writing 561 detections /home/ionouser/ionozond_data2//2026-08-14/cdetections-DOB-1786746600.h5
reading /home/ionouser/chirpsounder2/my_station.ini
/dev/shm/hf25
found  580  files
block 1786746600 writing 576 detections /home/ionouser/ionozond_data2//2026-08-14/cdetections-DOB-1786746600.h5
reading /home/ionouser/chirpsounder2/my_station.ini
/dev/shm/hf25
found  605  files
block 1786745700 writing 277 detections /home/ionouser/ionozond_data2//2026-08-14/cdetections-DOB-1786745700.h5
deleting files 277 from previous block, which is now finished
block 1786747500 writing 324 detections /home/ionouser/ionozond_data2//2026-08-14/cdetections-DOB-1786747500.h5
reading /home/ionouser/chirpsounder2/my_station.ini
/dev/shm/hf25
found  377  files
block 1786747500 writing 373 detections /home/ionouser/ionozond_data2//2026-08-14/cdetections-DOB-1786747500.h5
reading /home/ionouser/chirpsounder2/my_station.ini
/dev/shm/hf25
found  396  files
block 1786747500 writing 392 detections /home/ionouser/ionozond_data2//2026-08-14/cdetections-DOB-1786747500.h5
reading /home/ionouser/chirpsounder2/my_station.ini
/dev/shm/hf25
found  398  files
block 1786747500 writing 394 detections /home/ionouser/ionozond_data2//2026-08-14/cdetections-DOB-1786747500.h5
reading /home/ionouser/chirpsounder2/my_station.ini
/dev/shm/hf25
found  402  files
block 1786747500 writing 398 detections /home/ionouser/ionozond_data2//2026-08-14/cdetections-DOB-1786747500.h5
reading /home/ionouser/chirpsounder2/my_station.ini
/dev/shm/hf25
found  441  files
block 1786747500 writing 437 detections /home/ionouser/ionozond_data2//2026-08-14/cdetections-DOB-1786747500.h5
reading /home/ionouser/chirpsounder2/my_station.ini
/dev/shm/hf25
found  482  files
block 1786747500 writing 478 detections /home/ionouser/ionozond_data2//2026-08-14/cdetections-DOB-1786747500.h5
reading /home/ionouser/chirpsounder2/my_station.ini
/dev/shm/hf25
found  490  files
block 1786747500 writing 486 detections /home/ionouser/ionozond_data2//2026-08-14/cdetections-DOB-1786747500.h5
reading /home/ionouser/chirpsounder2/my_station.ini
/dev/shm/hf25
found  491  files
block 1786747500 writing 487 detections /home/ionouser/ionozond_data2//2026-08-14/cdetections-DOB-1786747500.h5
reading /home/ionouser/chirpsounder2/my_station.ini
/dev/shm/hf25
found  504  files
block 1786747500 writing 500 detections /home/ionouser/ionozond_data2//2026-08-14/cdetections-DOB-1786747500.h5
reading /home/ionouser/chirpsounder2/my_station.ini
/dev/shm/hf25
found  547  files
block 1786747500 writing 543 detections /home/ionouser/ionozond_data2//2026-08-14/cdetections-DOB-1786747500.h5
reading /home/ionouser/chirpsounder2/my_station.ini
/dev/shm/hf25
found  567  files
block 1786747500 writing 563 detections /home/ionouser/ionozond_data2//2026-08-14/cdetections-DOB-1786747500.h5
reading /home/ionouser/chirpsounder2/my_station.ini
/dev/shm/hf25
found  570  files
block 1786747500 writing 566 detections /home/ionouser/ionozond_data2//2026-08-14/cdetections-DOB-1786747500.h5
reading /home/ionouser/chirpsounder2/my_station.ini
/dev/shm/hf25
found  570  files
block 1786747500 writing 566 detections /home/ionouser/ionozond_data2//2026-08-14/cdetections-DOB-1786747500.h5
reading /home/ionouser/chirpsounder2/my_station.ini
/dev/shm/hf25
found  575  files
block 1786746600 writing 305 detections /home/ionouser/ionozond_data2//2026-08-14/cdetections-DOB-1786746600.h5
deleting files 305 from previous block, which is now finished
block 1786747500 writing 266 detections /home/ionouser/ionozond_data2//2026-08-14/cdetections-DOB-1786747500.h5
reading /home/ionouser/chirpsounder2/my_station.ini
/dev/shm/hf25
found  330  files
block 1786748400 writing 326 detections /home/ionouser/ionozond_data2//2026-08-14/cdetections-DOB-1786748400.h5
reading /home/ionouser/chirpsounder2/my_station.ini
/dev/shm/hf25
found  341  files
block 1786748400 writing 337 detections /home/ionouser/ionozond_data2//2026-08-14/cdetections-DOB-1786748400.h5
reading /home/ionouser/chirpsounder2/my_station.ini
/dev/shm/hf25
found  349  files
block 1786748400 writing 345 detections /home/ionouser/ionozond_data2//2026-08-14/cdetections-DOB-1786748400.h5
reading /home/ionouser/chirpsounder2/my_station.ini
/dev/shm/hf25
found  352  files
block 1786748400 writing 348 detections /home/ionouser/ionozond_data2//2026-08-14/cdetections-DOB-1786748400.h5
reading /home/ionouser/chirpsounder2/my_station.ini
/dev/shm/hf25
found  365  files
block 1786748400 writing 361 detections /home/ionouser/ionozond_data2//2026-08-14/cdetections-DOB-1786748400.h5
reading /home/ionouser/chirpsounder2/my_station.ini
/dev/shm/hf25
found  413  files
block 1786748400 writing 409 detections /home/ionouser/ionozond_data2//2026-08-14/cdetections-DOB-1786748400.h5
reading /home/ionouser/chirpsounder2/my_station.ini
/dev/shm/hf25
found  429  files
block 1786748400 writing 425 detections /home/ionouser/ionozond_data2//2026-08-14/cdetections-DOB-1786748400.h5
reading /home/ionouser/chirpsounder2/my_station.ini
/dev/shm/hf25
found  436  files
block 1786748400 writing 432 detections /home/ionouser/ionozond_data2//2026-08-14/cdetections-DOB-1786748400.h5
reading /home/ionouser/chirpsounder2/my_station.ini
/dev/shm/hf25
found  442  files
block 1786748400 writing 438 detections /home/ionouser/ionozond_data2//2026-08-14/cdetections-DOB-1786748400.h5
reading /home/ionouser/chirpsounder2/my_station.ini
/dev/shm/hf25
found  458  files
block 1786748400 writing 454 detections /home/ionouser/ionozond_data2//2026-08-14/cdetections-DOB-1786748400.h5
reading /home/ionouser/chirpsounder2/my_station.ini
/dev/shm/hf25
found  498  files
block 1786748400 writing 494 detections /home/ionouser/ionozond_data2//2026-08-14/cdetections-DOB-1786748400.h5
reading /home/ionouser/chirpsounder2/my_station.ini
/dev/shm/hf25
found  504  files
block 1786748400 writing 500 detections /home/ionouser/ionozond_data2//2026-08-14/cdetections-DOB-1786748400.h5
reading /home/ionouser/chirpsounder2/my_station.ini
/dev/shm/hf25
found  511  files
block 1786748400 writing 507 detections /home/ionouser/ionozond_data2//2026-08-14/cdetections-DOB-1786748400.h5
reading /home/ionouser/chirpsounder2/my_station.ini
/dev/shm/hf25
found  520  files
block 1786748400 writing 516 detections /home/ionouser/ionozond_data2//2026-08-14/cdetections-DOB-1786748400.h5
reading /home/ionouser/chirpsounder2/my_station.ini
/dev/shm/hf25
found  548  files
block 1786747500 writing 269 detections /home/ionouser/ionozond_data2//2026-08-14/cdetections-DOB-1786747500.h5
deleting files 269 from previous block, which is now finished
block 1786749300 writing 275 detections /home/ionouser/ionozond_data2//2026-08-14/cdetections-DOB-1786749300.h5
reading /home/ionouser/chirpsounder2/my_station.ini
/dev/shm/hf25
found  314  files
block 1786749300 writing 310 detections /home/ionouser/ionozond_data2//2026-08-14/cdetections-DOB-1786749300.h5
reading /home/ionouser/chirpsounder2/my_station.ini
/dev/shm/hf25
found  322  files
block 1786749300 writing 318 detections /home/ionouser/ionozond_data2//2026-08-14/cdetections-DOB-1786749300.h5
reading /home/ionouser/chirpsounder2/my_station.ini
/dev/shm/hf25
found  327  files
block 1786749300 writing 323 detections /home/ionouser/ionozond_data2//2026-08-14/cdetections-DOB-1786749300.h5
reading /home/ionouser/chirpsounder2/my_station.ini
/dev/shm/hf25
found  336  files
block 1786749300 writing 332 detections /home/ionouser/ionozond_data2//2026-08-14/cdetections-DOB-1786749300.h5
reading /home/ionouser/chirpsounder2/my_station.ini
/dev/shm/hf25
found  377  files
block 1786749300 writing 373 detections /home/ionouser/ionozond_data2//2026-08-14/cdetections-DOB-1786749300.h5
reading /home/ionouser/chirpsounder2/my_station.ini
/dev/shm/hf25
found  396  files
block 1786749300 writing 392 detections /home/ionouser/ionozond_data2//2026-08-14/cdetections-DOB-1786749300.h5
reading /home/ionouser/chirpsounder2/my_station.ini
/dev/shm/hf25
found  396  files
block 1786749300 writing 392 detections /home/ionouser/ionozond_data2//2026-08-14/cdetections-DOB-1786749300.h5
reading /home/ionouser/chirpsounder2/my_station.ini
/dev/shm/hf25
found  399  files
block 1786749300 writing 395 detections /home/ionouser/ionozond_data2//2026-08-14/cdetections-DOB-1786749300.h5
reading /home/ionouser/chirpsounder2/my_station.ini
/dev/shm/hf25
found  403  files
block 1786749300 writing 399 detections /home/ionouser/ionozond_data2//2026-08-14/cdetections-DOB-1786749300.h5
reading /home/ionouser/chirpsounder2/my_station.ini
/dev/shm/hf25
found  446  files
block 1786749300 writing 442 detections /home/ionouser/ionozond_data2//2026-08-14/cdetections-DOB-1786749300.h5
reading /home/ionouser/chirpsounder2/my_station.ini
/dev/shm/hf25
found  459  files
block 1786749300 writing 455 detections /home/ionouser/ionozond_data2//2026-08-14/cdetections-DOB-1786749300.h5
reading /home/ionouser/chirpsounder2/my_station.ini
/dev/shm/hf25
found  462  files
block 1786749300 writing 458 detections /home/ionouser/ionozond_data2//2026-08-14/cdetections-DOB-1786749300.h5
reading /home/ionouser/chirpsounder2/my_station.ini
/dev/shm/hf25
found  464  files
block 1786749300 writing 460 detections /home/ionouser/ionozond_data2//2026-08-14/cdetections-DOB-1786749300.h5
reading /home/ionouser/chirpsounder2/my_station.ini
/dev/shm/hf25
found  475  files
block 1786748400 writing 253 detections /home/ionouser/ionozond_data2//2026-08-14/cdetections-DOB-1786748400.h5
deleting files 253 from previous block, which is now finished
block 1786749300 writing 218 detections /home/ionouser/ionozond_data2//2026-08-14/cdetections-DOB-1786749300.h5
reading /home/ionouser/chirpsounder2/my_station.ini
/dev/shm/hf25
found  268  files
block 1786750200 writing 264 detections /home/ionouser/ionozond_data2//2026-08-14/cdetections-DOB-1786750200.h5
reading /home/ionouser/chirpsounder2/my_station.ini
/dev/shm/hf25
found  283  files
block 1786750200 writing 279 detections /home/ionouser/ionozond_data2//2026-08-14/cdetections-DOB-1786750200.h5
reading /home/ionouser/chirpsounder2/my_station.ini
/dev/shm/hf25
found  284  files
block 1786750200 writing 280 detections /home/ionouser/ionozond_data2//2026-08-14/cdetections-DOB-1786750200.h5
reading /home/ionouser/chirpsounder2/my_station.ini
/dev/shm/hf25
found  290  files
block 1786750200 writing 286 detections /home/ionouser/ionozond_data2//2026-08-14/cdetections-DOB-1786750200.h5
reading /home/ionouser/chirpsounder2/my_station.ini
/dev/shm/hf25
found  304  files
block 1786750200 writing 300 detections /home/ionouser/ionozond_data2//2026-08-14/cdetections-DOB-1786750200.h5
reading /home/ionouser/chirpsounder2/my_station.ini
/dev/shm/hf25
found  347  files
block 1786750200 writing 343 detections /home/ionouser/ionozond_data2//2026-08-14/cdetections-DOB-1786750200.h5
reading /home/ionouser/chirpsounder2/my_station.ini
/dev/shm/hf25
found  362  files
block 1786750200 writing 358 detections /home/ionouser/ionozond_data2//2026-08-14/cdetections-DOB-1786750200.h5
reading /home/ionouser/chirpsounder2/my_station.ini
/dev/shm/hf25
found  366  files
block 1786750200 writing 362 detections /home/ionouser/ionozond_data2//2026-08-14/cdetections-DOB-1786750200.h5
reading /home/ionouser/chirpsounder2/my_station.ini
/dev/shm/hf25
found  369  files
block 1786750200 writing 365 detections /home/ionouser/ionozond_data2//2026-08-14/cdetections-DOB-1786750200.h5
reading /home/ionouser/chirpsounder2/my_station.ini
/dev/shm/hf25
found  393  files
block 1786750200 writing 389 detections /home/ionouser/ionozond_data2//2026-08-14/cdetections-DOB-1786750200.h5
reading /home/ionouser/chirpsounder2/my_station.ini
/dev/shm/hf25
found  439  files
block 1786750200 writing 435 detections /home/ionouser/ionozond_data2//2026-08-14/cdetections-DOB-1786750200.h5
reading /home/ionouser/chirpsounder2/my_station.ini
/dev/shm/hf25
found  447  files
block 1786750200 writing 443 detections /home/ionouser/ionozond_data2//2026-08-14/cdetections-DOB-1786750200.h5
reading /home/ionouser/chirpsounder2/my_station.ini
/dev/shm/hf25
found  450  files
block 1786750200 writing 446 detections /home/ionouser/ionozond_data2//2026-08-14/cdetections-DOB-1786750200.h5
reading /home/ionouser/chirpsounder2/my_station.ini
/dev/shm/hf25
found  455  files
block 1786750200 writing 451 detections /home/ionouser/ionozond_data2//2026-08-14/cdetections-DOB-1786750200.h5
reading /home/ionouser/chirpsounder2/my_station.ini
/dev/shm/hf25
found  484  files
block 1786749300 writing 218 detections /home/ionouser/ionozond_data2//2026-08-14/cdetections-DOB-1786749300.h5
deleting files 218 from previous block, which is now finished
block 1786751100 writing 262 detections /home/ionouser/ionozond_data2//2026-08-14/cdetections-DOB-1786751100.h5
reading /home/ionouser/chirpsounder2/my_station.ini
/dev/shm/hf25
found  308  files
block 1786751100 writing 304 detections /home/ionouser/ionozond_data2//2026-08-14/cdetections-DOB-1786751100.h5
reading /home/ionouser/chirpsounder2/my_station.ini
/dev/shm/hf25
found  312  files
block 1786751100 writing 308 detections /home/ionouser/ionozond_data2//2026-08-14/cdetections-DOB-1786751100.h5
reading /home/ionouser/chirpsounder2/my_station.ini
/dev/shm/hf25
found  315  files
block 1786751100 writing 311 detections /home/ionouser/ionozond_data2//2026-08-14/cdetections-DOB-1786751100.h5
reading /home/ionouser/chirpsounder2/my_station.ini
/dev/shm/hf25
found  319  files
block 1786751100 writing 315 detections /home/ionouser/ionozond_data2//2026-08-14/cdetections-DOB-1786751100.h5
reading /home/ionouser/chirpsounder2/my_station.ini
/dev/shm/hf25
found  367  files
block 1786751100 writing 363 detections /home/ionouser/ionozond_data2//2026-08-14/cdetections-DOB-1786751100.h5
reading /home/ionouser/chirpsounder2/my_station.ini
/dev/shm/hf25
found  388  files
block 1786751100 writing 384 detections /home/ionouser/ionozond_data2//2026-08-14/cdetections-DOB-1786751100.h5
reading /home/ionouser/chirpsounder2/my_station.ini
/dev/shm/hf25
found  392  files
block 1786751100 writing 388 detections /home/ionouser/ionozond_data2//2026-08-14/cdetections-DOB-1786751100.h5
reading /home/ionouser/chirpsounder2/my_station.ini
/dev/shm/hf25
found  396  files
block 1786751100 writing 392 detections /home/ionouser/ionozond_data2//2026-08-14/cdetections-DOB-1786751100.h5
reading /home/ionouser/chirpsounder2/my_station.ini
/dev/shm/hf25
found  399  files
block 1786751100 writing 395 detections /home/ionouser/ionozond_data2//2026-08-14/cdetections-DOB-1786751100.h5
reading /home/ionouser/chirpsounder2/my_station.ini
/dev/shm/hf25
found  449  files
block 1786751100 writing 445 detections /home/ionouser/ionozond_data2//2026-08-14/cdetections-DOB-1786751100.h5
reading /home/ionouser/chirpsounder2/my_station.ini
/dev/shm/hf25
found  468  files
block 1786751100 writing 464 detections /home/ionouser/ionozond_data2//2026-08-14/cdetections-DOB-1786751100.h5
reading /home/ionouser/chirpsounder2/my_station.ini
/dev/shm/hf25
found  473  files
block 1786751100 writing 469 detections /home/ionouser/ionozond_data2//2026-08-14/cdetections-DOB-1786751100.h5
reading /home/ionouser/chirpsounder2/my_station.ini
/dev/shm/hf25
found  478  files
block 1786751100 writing 474 detections /home/ionouser/ionozond_data2//2026-08-14/cdetections-DOB-1786751100.h5
reading /home/ionouser/chirpsounder2/my_station.ini
/dev/shm/hf25
found  485  files
block 1786750200 writing 238 detections /home/ionouser/ionozond_data2//2026-08-14/cdetections-DOB-1786750200.h5
deleting files 238 from previous block, which is now finished
block 1786751100 writing 243 detections /home/ionouser/ionozond_data2//2026-08-14/cdetections-DOB-1786751100.h5
reading /home/ionouser/chirpsounder2/my_station.ini
/dev/shm/hf25
found  303  files
block 1786752000 writing 299 detections /home/ionouser/ionozond_data2//2026-08-15/cdetections-DOB-1786752000.h5
reading /home/ionouser/chirpsounder2/my_station.ini
/dev/shm/hf25
found  316  files
block 1786752000 writing 312 detections /home/ionouser/ionozond_data2//2026-08-15/cdetections-DOB-1786752000.h5
reading /home/ionouser/chirpsounder2/my_station.ini
/dev/shm/hf25
found  320  files
block 1786752000 writing 316 detections /home/ionouser/ionozond_data2//2026-08-15/cdetections-DOB-1786752000.h5
reading /home/ionouser/chirpsounder2/my_station.ini
/dev/shm/hf25
found  322  files
block 1786752000 writing 318 detections /home/ionouser/ionozond_data2//2026-08-15/cdetections-DOB-1786752000.h5
reading /home/ionouser/chirpsounder2/my_station.ini
/dev/shm/hf25
found  343  files
block 1786752000 writing 339 detections /home/ionouser/ionozond_data2//2026-08-15/cdetections-DOB-1786752000.h5
reading /home/ionouser/chirpsounder2/my_station.ini
/dev/shm/hf25
found  385  files
block 1786752000 writing 381 detections /home/ionouser/ionozond_data2//2026-08-15/cdetections-DOB-1786752000.h5
reading /home/ionouser/chirpsounder2/my_station.ini
/dev/shm/hf25
found  399  files
block 1786752000 writing 395 detections /home/ionouser/ionozond_data2//2026-08-15/cdetections-DOB-1786752000.h5
reading /home/ionouser/chirpsounder2/my_station.ini
/dev/shm/hf25
found  400  files
block 1786752000 writing 396 detections /home/ionouser/ionozond_data2//2026-08-15/cdetections-DOB-1786752000.h5
reading /home/ionouser/chirpsounder2/my_station.ini
/dev/shm/hf25
found  403  files
block 1786752000 writing 399 detections /home/ionouser/ionozond_data2//2026-08-15/cdetections-DOB-1786752000.h5
reading /home/ionouser/chirpsounder2/my_station.ini
/dev/shm/hf25
found  424  files
block 1786752000 writing 420 detections /home/ionouser/ionozond_data2//2026-08-15/cdetections-DOB-1786752000.h5
reading /home/ionouser/chirpsounder2/my_station.ini
/dev/shm/hf25
found  468  files
block 1786752000 writing 464 detections /home/ionouser/ionozond_data2//2026-08-15/cdetections-DOB-1786752000.h5
reading /home/ionouser/chirpsounder2/my_station.ini
/dev/shm/hf25
found  474  files
block 1786752000 writing 470 detections /home/ionouser/ionozond_data2//2026-08-15/cdetections-DOB-1786752000.h5
reading /home/ionouser/chirpsounder2/my_station.ini
/dev/shm/hf25
found  478  files
block 1786752000 writing 474 detections /home/ionouser/ionozond_data2//2026-08-15/cdetections-DOB-1786752000.h5
reading /home/ionouser/chirpsounder2/my_station.ini
/dev/shm/hf25
found  490  files
block 1786752000 writing 486 detections /home/ionouser/ionozond_data2//2026-08-15/cdetections-DOB-1786752000.h5
reading /home/ionouser/chirpsounder2/my_station.ini
/dev/shm/hf25
found  519  files
block 1786751100 writing 244 detections /home/ionouser/ionozond_data2//2026-08-14/cdetections-DOB-1786751100.h5
deleting files 244 from previous block, which is now finished
block 1786752900 writing 271 detections /home/ionouser/ionozond_data2//2026-08-15/cdetections-DOB-1786752900.h5
reading /home/ionouser/chirpsounder2/my_station.ini
/dev/shm/hf25
found  318  files
block 1786752900 writing 314 detections /home/ionouser/ionozond_data2//2026-08-15/cdetections-DOB-1786752900.h5
reading /home/ionouser/chirpsounder2/my_station.ini
/dev/shm/hf25
found  321  files
block 1786752900 writing 317 detections /home/ionouser/ionozond_data2//2026-08-15/cdetections-DOB-1786752900.h5
reading /home/ionouser/chirpsounder2/my_station.ini
/dev/shm/hf25
found  326  files
block 1786752900 writing 322 detections /home/ionouser/ionozond_data2//2026-08-15/cdetections-DOB-1786752900.h5
reading /home/ionouser/chirpsounder2/my_station.ini
/dev/shm/hf25
found  329  files
block 1786752900 writing 325 detections /home/ionouser/ionozond_data2//2026-08-15/cdetections-DOB-1786752900.h5
reading /home/ionouser/chirpsounder2/my_station.ini
/dev/shm/hf25
found  370  files
block 1786752900 writing 366 detections /home/ionouser/ionozond_data2//2026-08-15/cdetections-DOB-1786752900.h5
reading /home/ionouser/chirpsounder2/my_station.ini
/dev/shm/hf25
found  393  files
block 1786752900 writing 389 detections /home/ionouser/ionozond_data2//2026-08-15/cdetections-DOB-1786752900.h5
reading /home/ionouser/chirpsounder2/my_station.ini
/dev/shm/hf25
found  397  files
block 1786752900 writing 393 detections /home/ionouser/ionozond_data2//2026-08-15/cdetections-DOB-1786752900.h5
reading /home/ionouser/chirpsounder2/my_station.ini
/dev/shm/hf25
found  401  files
block 1786752900 writing 397 detections /home/ionouser/ionozond_data2//2026-08-15/cdetections-DOB-1786752900.h5
reading /home/ionouser/chirpsounder2/my_station.ini
/dev/shm/hf25
found  403  files
block 1786752900 writing 399 detections /home/ionouser/ionozond_data2//2026-08-15/cdetections-DOB-1786752900.h5
reading /home/ionouser/chirpsounder2/my_station.ini
/dev/shm/hf25
found  452  files
block 1786752900 writing 448 detections /home/ionouser/ionozond_data2//2026-08-15/cdetections-DOB-1786752900.h5
reading /home/ionouser/chirpsounder2/my_station.ini
/dev/shm/hf25
found  470  files
block 1786752900 writing 466 detections /home/ionouser/ionozond_data2//2026-08-15/cdetections-DOB-1786752900.h5
reading /home/ionouser/chirpsounder2/my_station.ini
/dev/shm/hf25
found  472  files
block 1786752900 writing 468 detections /home/ionouser/ionozond_data2//2026-08-15/cdetections-DOB-1786752900.h5
reading /home/ionouser/chirpsounder2/my_station.ini
/dev/shm/hf25
found  473  files
block 1786752900 writing 469 detections /home/ionouser/ionozond_data2//2026-08-15/cdetections-DOB-1786752900.h5
reading /home/ionouser/chirpsounder2/my_station.ini
/dev/shm/hf25
found  478  files
block 1786752000 writing 246 detections /home/ionouser/ionozond_data2//2026-08-15/cdetections-DOB-1786752000.h5
deleting files 246 from previous block, which is now finished
block 1786752900 writing 228 detections /home/ionouser/ionozond_data2//2026-08-15/cdetections-DOB-1786752900.h5
reading /home/ionouser/chirpsounder2/my_station.ini
/dev/shm/hf25
found  287  files
block 1786753800 writing 283 detections /home/ionouser/ionozond_data2//2026-08-15/cdetections-DOB-1786753800.h5
reading /home/ionouser/chirpsounder2/my_station.ini
/dev/shm/hf25
found  298  files
block 1786753800 writing 294 detections /home/ionouser/ionozond_data2//2026-08-15/cdetections-DOB-1786753800.h5
reading /home/ionouser/chirpsounder2/my_station.ini
/dev/shm/hf25
found  302  files
block 1786753800 writing 298 detections /home/ionouser/ionozond_data2//2026-08-15/cdetections-DOB-1786753800.h5
reading /home/ionouser/chirpsounder2/my_station.ini
/dev/shm/hf25
found  303  files
block 1786753800 writing 299 detections /home/ionouser/ionozond_data2//2026-08-15/cdetections-DOB-1786753800.h5
reading /home/ionouser/chirpsounder2/my_station.ini
/dev/shm/hf25
found  319  files
block 1786753800 writing 315 detections /home/ionouser/ionozond_data2//2026-08-15/cdetections-DOB-1786753800.h5
reading /home/ionouser/chirpsounder2/my_station.ini
/dev/shm/hf25
found  367  files
block 1786753800 writing 363 detections /home/ionouser/ionozond_data2//2026-08-15/cdetections-DOB-1786753800.h5
reading /home/ionouser/chirpsounder2/my_station.ini
/dev/shm/hf25
found  377  files
block 1786753800 writing 373 detections /home/ionouser/ionozond_data2//2026-08-15/cdetections-DOB-1786753800.h5
reading /home/ionouser/chirpsounder2/my_station.ini
/dev/shm/hf25
found  380  files
block 1786753800 writing 376 detections /home/ionouser/ionozond_data2//2026-08-15/cdetections-DOB-1786753800.h5
reading /home/ionouser/chirpsounder2/my_station.ini
/dev/shm/hf25
found  382  files
block 1786753800 writing 378 detections /home/ionouser/ionozond_data2//2026-08-15/cdetections-DOB-1786753800.h5
reading /home/ionouser/chirpsounder2/my_station.ini
/dev/shm/hf25
found  400  files
block 1786753800 writing 396 detections /home/ionouser/ionozond_data2//2026-08-15/cdetections-DOB-1786753800.h5
reading /home/ionouser/chirpsounder2/my_station.ini
/dev/shm/hf25
found  439  files
block 1786753800 writing 435 detections /home/ionouser/ionozond_data2//2026-08-15/cdetections-DOB-1786753800.h5
reading /home/ionouser/chirpsounder2/my_station.ini
/dev/shm/hf25
found  444  files
block 1786753800 writing 440 detections /home/ionouser/ionozond_data2//2026-08-15/cdetections-DOB-1786753800.h5
reading /home/ionouser/chirpsounder2/my_station.ini
/dev/shm/hf25
found  445  files
block 1786753800 writing 441 detections /home/ionouser/ionozond_data2//2026-08-15/cdetections-DOB-1786753800.h5
reading /home/ionouser/chirpsounder2/my_station.ini
/dev/shm/hf25
found  448  files
block 1786753800 writing 444 detections /home/ionouser/ionozond_data2//2026-08-15/cdetections-DOB-1786753800.h5
reading /home/ionouser/chirpsounder2/my_station.ini
/dev/shm/hf25
found  471  files
block 1786752900 writing 229 detections /home/ionouser/ionozond_data2//2026-08-15/cdetections-DOB-1786752900.h5
deleting files 229 from previous block, which is now finished
block 1786754700 writing 238 detections /home/ionouser/ionozond_data2//2026-08-15/cdetections-DOB-1786754700.h5
reading /home/ionouser/chirpsounder2/my_station.ini
/dev/shm/hf25
found  282  files
block 1786754700 writing 278 detections /home/ionouser/ionozond_data2//2026-08-15/cdetections-DOB-1786754700.h5
reading /home/ionouser/chirpsounder2/my_station.ini
/dev/shm/hf25
found  285  files
block 1786754700 writing 281 detections /home/ionouser/ionozond_data2//2026-08-15/cdetections-DOB-1786754700.h5
reading /home/ionouser/chirpsounder2/my_station.ini
/dev/shm/hf25
found  285  files
block 1786754700 writing 281 detections /home/ionouser/ionozond_data2//2026-08-15/cdetections-DOB-1786754700.h5
reading /home/ionouser/chirpsounder2/my_station.ini
/dev/shm/hf25
found  286  files
block 1786754700 writing 282 detections /home/ionouser/ionozond_data2//2026-08-15/cdetections-DOB-1786754700.h5
reading /home/ionouser/chirpsounder2/my_station.ini
/dev/shm/hf25
found  324  files
block 1786754700 writing 320 detections /home/ionouser/ionozond_data2//2026-08-15/cdetections-DOB-1786754700.h5
reading /home/ionouser/chirpsounder2/my_station.ini
/dev/shm/hf25
found  350  files
block 1786754700 writing 346 detections /home/ionouser/ionozond_data2//2026-08-15/cdetections-DOB-1786754700.h5
reading /home/ionouser/chirpsounder2/my_station.ini
/dev/shm/hf25
found  354  files
block 1786754700 writing 350 detections /home/ionouser/ionozond_data2//2026-08-15/cdetections-DOB-1786754700.h5
reading /home/ionouser/chirpsounder2/my_station.ini
/dev/shm/hf25
found  356  files
block 1786754700 writing 352 detections /home/ionouser/ionozond_data2//2026-08-15/cdetections-DOB-1786754700.h5
reading /home/ionouser/chirpsounder2/my_station.ini
/dev/shm/hf25
found  360  files
block 1786754700 writing 356 detections /home/ionouser/ionozond_data2//2026-08-15/cdetections-DOB-1786754700.h5
reading /home/ionouser/chirpsounder2/my_station.ini
/dev/shm/hf25
found  410  files
block 1786754700 writing 406 detections /home/ionouser/ionozond_data2//2026-08-15/cdetections-DOB-1786754700.h5
reading /home/ionouser/chirpsounder2/my_station.ini
/dev/shm/hf25
found  427  files
block 1786754700 writing 423 detections /home/ionouser/ionozond_data2//2026-08-15/cdetections-DOB-1786754700.h5
reading /home/ionouser/chirpsounder2/my_station.ini
/dev/shm/hf25
found  428  files
block 1786754700 writing 424 detections /home/ionouser/ionozond_data2//2026-08-15/cdetections-DOB-1786754700.h5
reading /home/ionouser/chirpsounder2/my_station.ini
/dev/shm/hf25
found  431  files
block 1786754700 writing 427 detections /home/ionouser/ionozond_data2//2026-08-15/cdetections-DOB-1786754700.h5
reading /home/ionouser/chirpsounder2/my_station.ini
/dev/shm/hf25
found  435  files
block 1786753800 writing 219 detections /home/ionouser/ionozond_data2//2026-08-15/cdetections-DOB-1786753800.h5
deleting files 219 from previous block, which is now finished
block 1786754700 writing 212 detections /home/ionouser/ionozond_data2//2026-08-15/cdetections-DOB-1786754700.h5
reading /home/ionouser/chirpsounder2/my_station.ini
/dev/shm/hf25
found  273  files
block 1786755600 writing 269 detections /home/ionouser/ionozond_data2//2026-08-15/cdetections-DOB-1786755600.h5
reading /home/ionouser/chirpsounder2/my_station.ini
/dev/shm/hf25
found  284  files
block 1786755600 writing 280 detections /home/ionouser/ionozond_data2//2026-08-15/cdetections-DOB-1786755600.h5
reading /home/ionouser/chirpsounder2/my_station.ini
/dev/shm/hf25
found  288  files
block 1786755600 writing 284 detections /home/ionouser/ionozond_data2//2026-08-15/cdetections-DOB-1786755600.h5
reading /home/ionouser/chirpsounder2/my_station.ini
/dev/shm/hf25
found  290  files
block 1786755600 writing 286 detections /home/ionouser/ionozond_data2//2026-08-15/cdetections-DOB-1786755600.h5
reading /home/ionouser/chirpsounder2/my_station.ini
/dev/shm/hf25
found  304  files
block 1786755600 writing 300 detections /home/ionouser/ionozond_data2//2026-08-15/cdetections-DOB-1786755600.h5
reading /home/ionouser/chirpsounder2/my_station.ini
/dev/shm/hf25
found  342  files
block 1786755600 writing 338 detections /home/ionouser/ionozond_data2//2026-08-15/cdetections-DOB-1786755600.h5
reading /home/ionouser/chirpsounder2/my_station.ini
/dev/shm/hf25
found  352  files
block 1786755600 writing 348 detections /home/ionouser/ionozond_data2//2026-08-15/cdetections-DOB-1786755600.h5
reading /home/ionouser/chirpsounder2/my_station.ini
/dev/shm/hf25
found  357  files
block 1786755600 writing 353 detections /home/ionouser/ionozond_data2//2026-08-15/cdetections-DOB-1786755600.h5
reading /home/ionouser/chirpsounder2/my_station.ini
/dev/shm/hf25
found  358  files
block 1786755600 writing 354 detections /home/ionouser/ionozond_data2//2026-08-15/cdetections-DOB-1786755600.h5
reading /home/ionouser/chirpsounder2/my_station.ini
/dev/shm/hf25
found  377  files
block 1786755600 writing 373 detections /home/ionouser/ionozond_data2//2026-08-15/cdetections-DOB-1786755600.h5
reading /home/ionouser/chirpsounder2/my_station.ini
/dev/shm/hf25
found  414  files
block 1786755600 writing 410 detections /home/ionouser/ionozond_data2//2026-08-15/cdetections-DOB-1786755600.h5
reading /home/ionouser/chirpsounder2/my_station.ini
/dev/shm/hf25
found  416  files
block 1786755600 writing 412 detections /home/ionouser/ionozond_data2//2026-08-15/cdetections-DOB-1786755600.h5
reading /home/ionouser/chirpsounder2/my_station.ini
/dev/shm/hf25
found  418  files
block 1786755600 writing 414 detections /home/ionouser/ionozond_data2//2026-08-15/cdetections-DOB-1786755600.h5
reading /home/ionouser/chirpsounder2/my_station.ini
/dev/shm/hf25
found  420  files
block 1786755600 writing 416 detections /home/ionouser/ionozond_data2//2026-08-15/cdetections-DOB-1786755600.h5
reading /home/ionouser/chirpsounder2/my_station.ini
/dev/shm/hf25
found  446  files
block 1786754700 writing 212 detections /home/ionouser/ionozond_data2//2026-08-15/cdetections-DOB-1786754700.h5
deleting files 212 from previous block, which is now finished
block 1786756500 writing 230 detections /home/ionouser/ionozond_data2//2026-08-15/cdetections-DOB-1786756500.h5
reading /home/ionouser/chirpsounder2/my_station.ini
/dev/shm/hf25
found  258  files
block 1786756500 writing 254 detections /home/ionouser/ionozond_data2//2026-08-15/cdetections-DOB-1786756500.h5
reading /home/ionouser/chirpsounder2/my_station.ini
/dev/shm/hf25
found  259  files
block 1786756500 writing 255 detections /home/ionouser/ionozond_data2//2026-08-15/cdetections-DOB-1786756500.h5
reading /home/ionouser/chirpsounder2/my_station.ini
/dev/shm/hf25
found  263  files
block 1786756500 writing 259 detections /home/ionouser/ionozond_data2//2026-08-15/cdetections-DOB-1786756500.h5
reading /home/ionouser/chirpsounder2/my_station.ini
/dev/shm/hf25
found  263  files
block 1786756500 writing 259 detections /home/ionouser/ionozond_data2//2026-08-15/cdetections-DOB-1786756500.h5
reading /home/ionouser/chirpsounder2/my_station.ini
/dev/shm/hf25
found  297  files
block 1786756500 writing 293 detections /home/ionouser/ionozond_data2//2026-08-15/cdetections-DOB-1786756500.h5
reading /home/ionouser/chirpsounder2/my_station.ini
/dev/shm/hf25
found  305  files
block 1786756500 writing 301 detections /home/ionouser/ionozond_data2//2026-08-15/cdetections-DOB-1786756500.h5
reading /home/ionouser/chirpsounder2/my_station.ini
/dev/shm/hf25
found  305  files
block 1786756500 writing 301 detections /home/ionouser/ionozond_data2//2026-08-15/cdetections-DOB-1786756500.h5
reading /home/ionouser/chirpsounder2/my_station.ini
/dev/shm/hf25
found  307  files
block 1786756500 writing 303 detections /home/ionouser/ionozond_data2//2026-08-15/cdetections-DOB-1786756500.h5
reading /home/ionouser/chirpsounder2/my_station.ini
/dev/shm/hf25
found  308  files
block 1786756500 writing 304 detections /home/ionouser/ionozond_data2//2026-08-15/cdetections-DOB-1786756500.h5
reading /home/ionouser/chirpsounder2/my_station.ini
/dev/shm/hf25
found  346  files
block 1786756500 writing 342 detections /home/ionouser/ionozond_data2//2026-08-15/cdetections-DOB-1786756500.h5
reading /home/ionouser/chirpsounder2/my_station.ini
/dev/shm/hf25
found  357  files
block 1786756500 writing 353 detections /home/ionouser/ionozond_data2//2026-08-15/cdetections-DOB-1786756500.h5
reading /home/ionouser/chirpsounder2/my_station.ini
/dev/shm/hf25
found  360  files
block 1786756500 writing 356 detections /home/ionouser/ionozond_data2//2026-08-15/cdetections-DOB-1786756500.h5
reading /home/ionouser/chirpsounder2/my_station.ini
/dev/shm/hf25
found  360  files
block 1786756500 writing 356 detections /home/ionouser/ionozond_data2//2026-08-15/cdetections-DOB-1786756500.h5
reading /home/ionouser/chirpsounder2/my_station.ini
/dev/shm/hf25
found  364  files
block 1786755600 writing 208 detections /home/ionouser/ionozond_data2//2026-08-15/cdetections-DOB-1786755600.h5
deleting files 208 from previous block, which is now finished
block 1786756500 writing 152 detections /home/ionouser/ionozond_data2//2026-08-15/cdetections-DOB-1786756500.h5
reading /home/ionouser/chirpsounder2/my_station.ini
/dev/shm/hf25
found  202  files
block 1786757400 writing 198 detections /home/ionouser/ionozond_data2//2026-08-15/cdetections-DOB-1786757400.h5
reading /home/ionouser/chirpsounder2/my_station.ini
/dev/shm/hf25
found  213  files
block 1786757400 writing 209 detections /home/ionouser/ionozond_data2//2026-08-15/cdetections-DOB-1786757400.h5
reading /home/ionouser/chirpsounder2/my_station.ini
/dev/shm/hf25
found  219  files
block 1786757400 writing 215 detections /home/ionouser/ionozond_data2//2026-08-15/cdetections-DOB-1786757400.h5
reading /home/ionouser/chirpsounder2/my_station.ini
/dev/shm/hf25
found  222  files
block 1786757400 writing 218 detections /home/ionouser/ionozond_data2//2026-08-15/cdetections-DOB-1786757400.h5
reading /home/ionouser/chirpsounder2/my_station.ini
/dev/shm/hf25
found  230  files
block 1786757400 writing 226 detections /home/ionouser/ionozond_data2//2026-08-15/cdetections-DOB-1786757400.h5
reading /home/ionouser/chirpsounder2/my_station.ini
/dev/shm/hf25
found  272  files
block 1786757400 writing 268 detections /home/ionouser/ionozond_data2//2026-08-15/cdetections-DOB-1786757400.h5
reading /home/ionouser/chirpsounder2/my_station.ini
/dev/shm/hf25
found  283  files
block 1786757400 writing 279 detections /home/ionouser/ionozond_data2//2026-08-15/cdetections-DOB-1786757400.h5
reading /home/ionouser/chirpsounder2/my_station.ini
/dev/shm/hf25
found  285  files
block 1786757400 writing 281 detections /home/ionouser/ionozond_data2//2026-08-15/cdetections-DOB-1786757400.h5
reading /home/ionouser/chirpsounder2/my_station.ini
/dev/shm/hf25
found  290  files
block 1786757400 writing 286 detections /home/ionouser/ionozond_data2//2026-08-15/cdetections-DOB-1786757400.h5
reading /home/ionouser/chirpsounder2/my_station.ini
/dev/shm/hf25
found  309  files
block 1786757400 writing 305 detections /home/ionouser/ionozond_data2//2026-08-15/cdetections-DOB-1786757400.h5
reading /home/ionouser/chirpsounder2/my_station.ini
/dev/shm/hf25
found  347  files
block 1786757400 writing 343 detections /home/ionouser/ionozond_data2//2026-08-15/cdetections-DOB-1786757400.h5
reading /home/ionouser/chirpsounder2/my_station.ini
/dev/shm/hf25
found  356  files
block 1786757400 writing 352 detections /home/ionouser/ionozond_data2//2026-08-15/cdetections-DOB-1786757400.h5
reading /home/ionouser/chirpsounder2/my_station.ini
/dev/shm/hf25
found  358  files
block 1786757400 writing 354 detections /home/ionouser/ionozond_data2//2026-08-15/cdetections-DOB-1786757400.h5
reading /home/ionouser/chirpsounder2/my_station.ini
/dev/shm/hf25
found  358  files
block 1786757400 writing 354 detections /home/ionouser/ionozond_data2//2026-08-15/cdetections-DOB-1786757400.h5
reading /home/ionouser/chirpsounder2/my_station.ini
/dev/shm/hf25
found  381  files
block 1786756500 writing 153 detections /home/ionouser/ionozond_data2//2026-08-15/cdetections-DOB-1786756500.h5
deleting files 153 from previous block, which is now finished
block 1786758300 writing 224 detections /home/ionouser/ionozond_data2//2026-08-15/cdetections-DOB-1786758300.h5
reading /home/ionouser/chirpsounder2/my_station.ini
/dev/shm/hf25
found  264  files
block 1786758300 writing 260 detections /home/ionouser/ionozond_data2//2026-08-15/cdetections-DOB-1786758300.h5
reading /home/ionouser/chirpsounder2/my_station.ini
/dev/shm/hf25
found  276  files
block 1786758300 writing 272 detections /home/ionouser/ionozond_data2//2026-08-15/cdetections-DOB-1786758300.h5
reading /home/ionouser/chirpsounder2/my_station.ini
/dev/shm/hf25
found  278  files
block 1786758300 writing 274 detections /home/ionouser/ionozond_data2//2026-08-15/cdetections-DOB-1786758300.h5
reading /home/ionouser/chirpsounder2/my_station.ini
/dev/shm/hf25
found  279  files
block 1786758300 writing 275 detections /home/ionouser/ionozond_data2//2026-08-15/cdetections-DOB-1786758300.h5
reading /home/ionouser/chirpsounder2/my_station.ini
/dev/shm/hf25
found  309  files
block 1786758300 writing 305 detections /home/ionouser/ionozond_data2//2026-08-15/cdetections-DOB-1786758300.h5
reading /home/ionouser/chirpsounder2/my_station.ini
/dev/shm/hf25
found  332  files
block 1786758300 writing 328 detections /home/ionouser/ionozond_data2//2026-08-15/cdetections-DOB-1786758300.h5
reading /home/ionouser/chirpsounder2/my_station.ini
/dev/shm/hf25
found  335  files
block 1786758300 writing 331 detections /home/ionouser/ionozond_data2//2026-08-15/cdetections-DOB-1786758300.h5
reading /home/ionouser/chirpsounder2/my_station.ini
/dev/shm/hf25
found  337  files
block 1786758300 writing 333 detections /home/ionouser/ionozond_data2//2026-08-15/cdetections-DOB-1786758300.h5
reading /home/ionouser/chirpsounder2/my_station.ini
/dev/shm/hf25
found  339  files
block 1786758300 writing 335 detections /home/ionouser/ionozond_data2//2026-08-15/cdetections-DOB-1786758300.h5
reading /home/ionouser/chirpsounder2/my_station.ini
/dev/shm/hf25
found  375  files
block 1786758300 writing 371 detections /home/ionouser/ionozond_data2//2026-08-15/cdetections-DOB-1786758300.h5
reading /home/ionouser/chirpsounder2/my_station.ini
/dev/shm/hf25
found  390  files
block 1786758300 writing 386 detections /home/ionouser/ionozond_data2//2026-08-15/cdetections-DOB-1786758300.h5
reading /home/ionouser/chirpsounder2/my_station.ini
/dev/shm/hf25
found  396  files
block 1786758300 writing 392 detections /home/ionouser/ionozond_data2//2026-08-15/cdetections-DOB-1786758300.h5
reading /home/ionouser/chirpsounder2/my_station.ini
/dev/shm/hf25
found  402  files
block 1786758300 writing 398 detections /home/ionouser/ionozond_data2//2026-08-15/cdetections-DOB-1786758300.h5
reading /home/ionouser/chirpsounder2/my_station.ini
/dev/shm/hf25
found  402  files
block 1786757400 writing 206 detections /home/ionouser/ionozond_data2//2026-08-15/cdetections-DOB-1786757400.h5
deleting files 206 from previous block, which is now finished
block 1786758300 writing 192 detections /home/ionouser/ionozond_data2//2026-08-15/cdetections-DOB-1786758300.h5
reading /home/ionouser/chirpsounder2/my_station.ini
/dev/shm/hf25
found  234  files
block 1786759200 writing 230 detections /home/ionouser/ionozond_data2//2026-08-15/cdetections-DOB-1786759200.h5
reading /home/ionouser/chirpsounder2/my_station.ini
/dev/shm/hf25
found  243  files
block 1786759200 writing 239 detections /home/ionouser/ionozond_data2//2026-08-15/cdetections-DOB-1786759200.h5
reading /home/ionouser/chirpsounder2/my_station.ini
/dev/shm/hf25
found  247  files
block 1786759200 writing 243 detections /home/ionouser/ionozond_data2//2026-08-15/cdetections-DOB-1786759200.h5
reading /home/ionouser/chirpsounder2/my_station.ini
/dev/shm/hf25
found  249  files
block 1786759200 writing 245 detections /home/ionouser/ionozond_data2//2026-08-15/cdetections-DOB-1786759200.h5
reading /home/ionouser/chirpsounder2/my_station.ini
/dev/shm/hf25
found  251  files
block 1786759200 writing 247 detections /home/ionouser/ionozond_data2//2026-08-15/cdetections-DOB-1786759200.h5
reading /home/ionouser/chirpsounder2/my_station.ini
/dev/shm/hf25
found  288  files
block 1786759200 writing 284 detections /home/ionouser/ionozond_data2//2026-08-15/cdetections-DOB-1786759200.h5
reading /home/ionouser/chirpsounder2/my_station.ini
/dev/shm/hf25
found  294  files
block 1786759200 writing 290 detections /home/ionouser/ionozond_data2//2026-08-15/cdetections-DOB-1786759200.h5
reading /home/ionouser/chirpsounder2/my_station.ini
/dev/shm/hf25
found  295  files
block 1786759200 writing 291 detections /home/ionouser/ionozond_data2//2026-08-15/cdetections-DOB-1786759200.h5
reading /home/ionouser/chirpsounder2/my_station.ini
/dev/shm/hf25
found  299  files
block 1786759200 writing 295 detections /home/ionouser/ionozond_data2//2026-08-15/cdetections-DOB-1786759200.h5
reading /home/ionouser/chirpsounder2/my_station.ini
/dev/shm/hf25
found  304  files
block 1786759200 writing 300 detections /home/ionouser/ionozond_data2//2026-08-15/cdetections-DOB-1786759200.h5
reading /home/ionouser/chirpsounder2/my_station.ini
/dev/shm/hf25
found  336  files
block 1786759200 writing 332 detections /home/ionouser/ionozond_data2//2026-08-15/cdetections-DOB-1786759200.h5
reading /home/ionouser/chirpsounder2/my_station.ini
/dev/shm/hf25
found  344  files
block 1786759200 writing 340 detections /home/ionouser/ionozond_data2//2026-08-15/cdetections-DOB-1786759200.h5
reading /home/ionouser/chirpsounder2/my_station.ini
/dev/shm/hf25
found  348  files
block 1786759200 writing 344 detections /home/ionouser/ionozond_data2//2026-08-15/cdetections-DOB-1786759200.h5
reading /home/ionouser/chirpsounder2/my_station.ini
/dev/shm/hf25
found  357  files
block 1786759200 writing 353 detections /home/ionouser/ionozond_data2//2026-08-15/cdetections-DOB-1786759200.h5
reading /home/ionouser/chirpsounder2/my_station.ini
/dev/shm/hf25
found  371  files
block 1786758300 writing 196 detections /home/ionouser/ionozond_data2//2026-08-15/cdetections-DOB-1786758300.h5
deleting files 196 from previous block, which is now finished
block 1786760100 writing 171 detections /home/ionouser/ionozond_data2//2026-08-15/cdetections-DOB-1786760100.h5
reading /home/ionouser/chirpsounder2/my_station.ini
/dev/shm/hf25
found  207  files
block 1786760100 writing 203 detections /home/ionouser/ionozond_data2//2026-08-15/cdetections-DOB-1786760100.h5
reading /home/ionouser/chirpsounder2/my_station.ini
/dev/shm/hf25
found  216  files
block 1786760100 writing 212 detections /home/ionouser/ionozond_data2//2026-08-15/cdetections-DOB-1786760100.h5
reading /home/ionouser/chirpsounder2/my_station.ini
/dev/shm/hf25
found  219  files
block 1786760100 writing 215 detections /home/ionouser/ionozond_data2//2026-08-15/cdetections-DOB-1786760100.h5
reading /home/ionouser/chirpsounder2/my_station.ini
/dev/shm/hf25
found  223  files
block 1786760100 writing 219 detections /home/ionouser/ionozond_data2//2026-08-15/cdetections-DOB-1786760100.h5
reading /home/ionouser/chirpsounder2/my_station.ini
/dev/shm/hf25
found  246  files
block 1786760100 writing 242 detections /home/ionouser/ionozond_data2//2026-08-15/cdetections-DOB-1786760100.h5
reading /home/ionouser/chirpsounder2/my_station.ini
/dev/shm/hf25
found  273  files
block 1786760100 writing 269 detections /home/ionouser/ionozond_data2//2026-08-15/cdetections-DOB-1786760100.h5
reading /home/ionouser/chirpsounder2/my_station.ini
/dev/shm/hf25
found  282  files
block 1786760100 writing 278 detections /home/ionouser/ionozond_data2//2026-08-15/cdetections-DOB-1786760100.h5
reading /home/ionouser/chirpsounder2/my_station.ini
/dev/shm/hf25
found  285  files
block 1786760100 writing 281 detections /home/ionouser/ionozond_data2//2026-08-15/cdetections-DOB-1786760100.h5
reading /home/ionouser/chirpsounder2/my_station.ini
/dev/shm/hf25
found  289  files
block 1786760100 writing 285 detections /home/ionouser/ionozond_data2//2026-08-15/cdetections-DOB-1786760100.h5
reading /home/ionouser/chirpsounder2/my_station.ini
/dev/shm/hf25
found  310  files
block 1786760100 writing 306 detections /home/ionouser/ionozond_data2//2026-08-15/cdetections-DOB-1786760100.h5
reading /home/ionouser/chirpsounder2/my_station.ini
/dev/shm/hf25
found  331  files
block 1786760100 writing 327 detections /home/ionouser/ionozond_data2//2026-08-15/cdetections-DOB-1786760100.h5
reading /home/ionouser/chirpsounder2/my_station.ini
/dev/shm/hf25
found  332  files
block 1786760100 writing 328 detections /home/ionouser/ionozond_data2//2026-08-15/cdetections-DOB-1786760100.h5
reading /home/ionouser/chirpsounder2/my_station.ini
/dev/shm/hf25
found  336  files
block 1786760100 writing 332 detections /home/ionouser/ionozond_data2//2026-08-15/cdetections-DOB-1786760100.h5
reading /home/ionouser/chirpsounder2/my_station.ini
/dev/shm/hf25
found  339  files
block 1786759200 writing 162 detections /home/ionouser/ionozond_data2//2026-08-15/cdetections-DOB-1786759200.h5
couldn't post file /home/ionouser/ionozond_data2//2026-08-15/cdetections-DOB-1786759200.h5 to server: HTTPSConnectionPool(host='juha.no', port=443): Max retries exceeded with url: /upload.php (Caused by ProxyError('Cannot connect to proxy.', NewConnectionError('<urllib3.connection.HTTPSConnection object at 0x7f0b99cc3af0>: Failed to establish a new connection: [Errno 111] Connection refused')))
deleting files 162 from previous block, which is now finished
block 1786760100 writing 173 detections /home/ionouser/ionozond_data2//2026-08-15/cdetections-DOB-1786760100.h5
couldn't post file /home/ionouser/ionozond_data2//2026-08-15/cdetections-DOB-1786760100.h5 to server: HTTPSConnectionPool(host='juha.no', port=443): Max retries exceeded with url: /upload.php (Caused by ProxyError('Cannot connect to proxy.', NewConnectionError('<urllib3.connection.HTTPSConnection object at 0x7f0b97625a30>: Failed to establish a new connection: [Errno 111] Connection refused')))
reading /home/ionouser/chirpsounder2/my_station.ini
/dev/shm/hf25
found  212  files
block 1786761000 writing 208 detections /home/ionouser/ionozond_data2//2026-08-15/cdetections-DOB-1786761000.h5
reading /home/ionouser/chirpsounder2/my_station.ini
/dev/shm/hf25
found  223  files
block 1786761000 writing 219 detections /home/ionouser/ionozond_data2//2026-08-15/cdetections-DOB-1786761000.h5
reading /home/ionouser/chirpsounder2/my_station.ini
/dev/shm/hf25
found  226  files
block 1786761000 writing 222 detections /home/ionouser/ionozond_data2//2026-08-15/cdetections-DOB-1786761000.h5
reading /home/ionouser/chirpsounder2/my_station.ini
/dev/shm/hf25
found  228  files
block 1786761000 writing 224 detections /home/ionouser/ionozond_data2//2026-08-15/cdetections-DOB-1786761000.h5
reading /home/ionouser/chirpsounder2/my_station.ini
/dev/shm/hf25
found  234  files
block 1786761000 writing 230 detections /home/ionouser/ionozond_data2//2026-08-15/cdetections-DOB-1786761000.h5
reading /home/ionouser/chirpsounder2/my_station.ini
/dev/shm/hf25
found  282  files
block 1786761000 writing 278 detections /home/ionouser/ionozond_data2//2026-08-15/cdetections-DOB-1786761000.h5
reading /home/ionouser/chirpsounder2/my_station.ini
/dev/shm/hf25
found  299  files
block 1786761000 writing 295 detections /home/ionouser/ionozond_data2//2026-08-15/cdetections-DOB-1786761000.h5
reading /home/ionouser/chirpsounder2/my_station.ini
/dev/shm/hf25
found  303  files
block 1786761000 writing 299 detections /home/ionouser/ionozond_data2//2026-08-15/cdetections-DOB-1786761000.h5
reading /home/ionouser/chirpsounder2/my_station.ini
/dev/shm/hf25
found  309  files
block 1786761000 writing 305 detections /home/ionouser/ionozond_data2//2026-08-15/cdetections-DOB-1786761000.h5
reading /home/ionouser/chirpsounder2/my_station.ini
/dev/shm/hf25
found  313  files
block 1786761000 writing 309 detections /home/ionouser/ionozond_data2//2026-08-15/cdetections-DOB-1786761000.h5
reading /home/ionouser/chirpsounder2/my_station.ini
/dev/shm/hf25
found  359  files
block 1786761000 writing 355 detections /home/ionouser/ionozond_data2//2026-08-15/cdetections-DOB-1786761000.h5
reading /home/ionouser/chirpsounder2/my_station.ini
/dev/shm/hf25
found  372  files
block 1786761000 writing 368 detections /home/ionouser/ionozond_data2//2026-08-15/cdetections-DOB-1786761000.h5
reading /home/ionouser/chirpsounder2/my_station.ini
/dev/shm/hf25
found  373  files
block 1786761000 writing 369 detections /home/ionouser/ionozond_data2//2026-08-15/cdetections-DOB-1786761000.h5
reading /home/ionouser/chirpsounder2/my_station.ini
/dev/shm/hf25
found  375  files
block 1786761000 writing 371 detections /home/ionouser/ionozond_data2//2026-08-15/cdetections-DOB-1786761000.h5
reading /home/ionouser/chirpsounder2/my_station.ini
/dev/shm/hf25
found  379  files
block 1786760100 writing 177 detections /home/ionouser/ionozond_data2//2026-08-15/cdetections-DOB-1786760100.h5
deleting files 177 from previous block, which is now finished
block 1786761000 writing 198 detections /home/ionouser/ionozond_data2//2026-08-15/cdetections-DOB-1786761000.h5
reading /home/ionouser/chirpsounder2/my_station.ini
/dev/shm/hf25
found  252  files
block 1786761900 writing 248 detections /home/ionouser/ionozond_data2//2026-08-15/cdetections-DOB-1786761900.h5
reading /home/ionouser/chirpsounder2/my_station.ini
/dev/shm/hf25
found  258  files
block 1786761900 writing 254 detections /home/ionouser/ionozond_data2//2026-08-15/cdetections-DOB-1786761900.h5
reading /home/ionouser/chirpsounder2/my_station.ini
/dev/shm/hf25
found  265  files
block 1786761900 writing 261 detections /home/ionouser/ionozond_data2//2026-08-15/cdetections-DOB-1786761900.h5
reading /home/ionouser/chirpsounder2/my_station.ini
/dev/shm/hf25
found  269  files
block 1786761900 writing 265 detections /home/ionouser/ionozond_data2//2026-08-15/cdetections-DOB-1786761900.h5
reading /home/ionouser/chirpsounder2/my_station.ini
/dev/shm/hf25
found  284  files
block 1786761900 writing 280 detections /home/ionouser/ionozond_data2//2026-08-15/cdetections-DOB-1786761900.h5
reading /home/ionouser/chirpsounder2/my_station.ini
/dev/shm/hf25
found  320  files
block 1786761900 writing 316 detections /home/ionouser/ionozond_data2//2026-08-15/cdetections-DOB-1786761900.h5
reading /home/ionouser/chirpsounder2/my_station.ini
/dev/shm/hf25
found  333  files
block 1786761900 writing 329 detections /home/ionouser/ionozond_data2//2026-08-15/cdetections-DOB-1786761900.h5
reading /home/ionouser/chirpsounder2/my_station.ini
/dev/shm/hf25
found  337  files
block 1786761900 writing 333 detections /home/ionouser/ionozond_data2//2026-08-15/cdetections-DOB-1786761900.h5
reading /home/ionouser/chirpsounder2/my_station.ini
/dev/shm/hf25
found  341  files
block 1786761900 writing 337 detections /home/ionouser/ionozond_data2//2026-08-15/cdetections-DOB-1786761900.h5
reading /home/ionouser/chirpsounder2/my_station.ini
/dev/shm/hf25
found  360  files
block 1786761900 writing 356 detections /home/ionouser/ionozond_data2//2026-08-15/cdetections-DOB-1786761900.h5
reading /home/ionouser/chirpsounder2/my_station.ini
/dev/shm/hf25
found  403  files
block 1786761900 writing 399 detections /home/ionouser/ionozond_data2//2026-08-15/cdetections-DOB-1786761900.h5
reading /home/ionouser/chirpsounder2/my_station.ini
/dev/shm/hf25
found  417  files
block 1786761900 writing 413 detections /home/ionouser/ionozond_data2//2026-08-15/cdetections-DOB-1786761900.h5
reading /home/ionouser/chirpsounder2/my_station.ini
/dev/shm/hf25
found  426  files
block 1786761900 writing 422 detections /home/ionouser/ionozond_data2//2026-08-15/cdetections-DOB-1786761900.h5
reading /home/ionouser/chirpsounder2/my_station.ini
/dev/shm/hf25
found  435  files
block 1786761900 writing 431 detections /home/ionouser/ionozond_data2//2026-08-15/cdetections-DOB-1786761900.h5
reading /home/ionouser/chirpsounder2/my_station.ini
/dev/shm/hf25
found  465  files
block 1786761000 writing 199 detections /home/ionouser/ionozond_data2//2026-08-15/cdetections-DOB-1786761000.h5
deleting files 199 from previous block, which is now finished
block 1786762800 writing 262 detections /home/ionouser/ionozond_data2//2026-08-15/cdetections-DOB-1786762800.h5
reading /home/ionouser/chirpsounder2/my_station.ini
/dev/shm/hf25
found  313  files
block 1786762800 writing 309 detections /home/ionouser/ionozond_data2//2026-08-15/cdetections-DOB-1786762800.h5
reading /home/ionouser/chirpsounder2/my_station.ini
/dev/shm/hf25
found  327  files
block 1786762800 writing 323 detections /home/ionouser/ionozond_data2//2026-08-15/cdetections-DOB-1786762800.h5
reading /home/ionouser/chirpsounder2/my_station.ini
/dev/shm/hf25
found  334  files
block 1786762800 writing 330 detections /home/ionouser/ionozond_data2//2026-08-15/cdetections-DOB-1786762800.h5
reading /home/ionouser/chirpsounder2/my_station.ini
/dev/shm/hf25
found  346  files
block 1786762800 writing 342 detections /home/ionouser/ionozond_data2//2026-08-15/cdetections-DOB-1786762800.h5
reading /home/ionouser/chirpsounder2/my_station.ini
/dev/shm/hf25
found  385  files
block 1786762800 writing 381 detections /home/ionouser/ionozond_data2//2026-08-15/cdetections-DOB-1786762800.h5
reading /home/ionouser/chirpsounder2/my_station.ini
/dev/shm/hf25
found  423  files
block 1786762800 writing 419 detections /home/ionouser/ionozond_data2//2026-08-15/cdetections-DOB-1786762800.h5
reading /home/ionouser/chirpsounder2/my_station.ini
/dev/shm/hf25
found  431  files
block 1786762800 writing 427 detections /home/ionouser/ionozond_data2//2026-08-15/cdetections-DOB-1786762800.h5
reading /home/ionouser/chirpsounder2/my_station.ini
/dev/shm/hf25
found  439  files
block 1786762800 writing 435 detections /home/ionouser/ionozond_data2//2026-08-15/cdetections-DOB-1786762800.h5
reading /home/ionouser/chirpsounder2/my_station.ini
/dev/shm/hf25
found  445  files
block 1786762800 writing 441 detections /home/ionouser/ionozond_data2//2026-08-15/cdetections-DOB-1786762800.h5
reading /home/ionouser/chirpsounder2/my_station.ini
/dev/shm/hf25
found  491  files
block 1786762800 writing 487 detections /home/ionouser/ionozond_data2//2026-08-15/cdetections-DOB-1786762800.h5
reading /home/ionouser/chirpsounder2/my_station.ini
/dev/shm/hf25
found  523  files
block 1786762800 writing 519 detections /home/ionouser/ionozond_data2//2026-08-15/cdetections-DOB-1786762800.h5
reading /home/ionouser/chirpsounder2/my_station.ini
/dev/shm/hf25
found  530  files
block 1786762800 writing 526 detections /home/ionouser/ionozond_data2//2026-08-15/cdetections-DOB-1786762800.h5
reading /home/ionouser/chirpsounder2/my_station.ini
/dev/shm/hf25
found  543  files
block 1786762800 writing 539 detections /home/ionouser/ionozond_data2//2026-08-15/cdetections-DOB-1786762800.h5
reading /home/ionouser/chirpsounder2/my_station.ini
/dev/shm/hf25
found  555  files
block 1786761900 writing 238 detections /home/ionouser/ionozond_data2//2026-08-15/cdetections-DOB-1786761900.h5
deleting files 238 from previous block, which is now finished
block 1786763700 writing 313 detections /home/ionouser/ionozond_data2//2026-08-15/cdetections-DOB-1786763700.h5
reading /home/ionouser/chirpsounder2/my_station.ini
/dev/shm/hf25
found  377  files
block 1786763700 writing 373 detections /home/ionouser/ionozond_data2//2026-08-15/cdetections-DOB-1786763700.h5
reading /home/ionouser/chirpsounder2/my_station.ini
/dev/shm/hf25
found  399  files
block 1786763700 writing 395 detections /home/ionouser/ionozond_data2//2026-08-15/cdetections-DOB-1786763700.h5
reading /home/ionouser/chirpsounder2/my_station.ini
/dev/shm/hf25
found  411  files
block 1786763700 writing 407 detections /home/ionouser/ionozond_data2//2026-08-15/cdetections-DOB-1786763700.h5
reading /home/ionouser/chirpsounder2/my_station.ini
/dev/shm/hf25
found  426  files
block 1786763700 writing 422 detections /home/ionouser/ionozond_data2//2026-08-15/cdetections-DOB-1786763700.h5
reading /home/ionouser/chirpsounder2/my_station.ini
/dev/shm/hf25
found  438  files
block 1786763700 writing 434 detections /home/ionouser/ionozond_data2//2026-08-15/cdetections-DOB-1786763700.h5
reading /home/ionouser/chirpsounder2/my_station.ini
/dev/shm/hf25
found  506  files
block 1786763700 writing 502 detections /home/ionouser/ionozond_data2//2026-08-15/cdetections-DOB-1786763700.h5
reading /home/ionouser/chirpsounder2/my_station.ini
/dev/shm/hf25
found  530  files
block 1786763700 writing 526 detections /home/ionouser/ionozond_data2//2026-08-15/cdetections-DOB-1786763700.h5
reading /home/ionouser/chirpsounder2/my_station.ini
/dev/shm/hf25
found  537  files
block 1786763700 writing 533 detections /home/ionouser/ionozond_data2//2026-08-15/cdetections-DOB-1786763700.h5
reading /home/ionouser/chirpsounder2/my_station.ini
/dev/shm/hf25
found  551  files
block 1786763700 writing 547 detections /home/ionouser/ionozond_data2//2026-08-15/cdetections-DOB-1786763700.h5
reading /home/ionouser/chirpsounder2/my_station.ini
/dev/shm/hf25
found  578  files
block 1786763700 writing 574 detections /home/ionouser/ionozond_data2//2026-08-15/cdetections-DOB-1786763700.h5
reading /home/ionouser/chirpsounder2/my_station.ini
/dev/shm/hf25
found  644  files
block 1786763700 writing 640 detections /home/ionouser/ionozond_data2//2026-08-15/cdetections-DOB-1786763700.h5
reading /home/ionouser/chirpsounder2/my_station.ini
/dev/shm/hf25
found  663  files
block 1786763700 writing 659 detections /home/ionouser/ionozond_data2//2026-08-15/cdetections-DOB-1786763700.h5
reading /home/ionouser/chirpsounder2/my_station.ini
/dev/shm/hf25
found  665  files
block 1786763700 writing 661 detections /home/ionouser/ionozond_data2//2026-08-15/cdetections-DOB-1786763700.h5
reading /home/ionouser/chirpsounder2/my_station.ini
/dev/shm/hf25
found  671  files
block 1786762800 writing 312 detections /home/ionouser/ionozond_data2//2026-08-15/cdetections-DOB-1786762800.h5
deleting files 312 from previous block, which is now finished
block 1786763700 writing 355 detections /home/ionouser/ionozond_data2//2026-08-15/cdetections-DOB-1786763700.h5
reading /home/ionouser/chirpsounder2/my_station.ini
/dev/shm/hf25
found  398  files
block 1786764600 writing 394 detections /home/ionouser/ionozond_data2//2026-08-15/cdetections-DOB-1786764600.h5
reading /home/ionouser/chirpsounder2/my_station.ini
/dev/shm/hf25
found  473  files
block 1786764600 writing 469 detections /home/ionouser/ionozond_data2//2026-08-15/cdetections-DOB-1786764600.h5
reading /home/ionouser/chirpsounder2/my_station.ini
/dev/shm/hf25
found  488  files
block 1786764600 writing 484 detections /home/ionouser/ionozond_data2//2026-08-15/cdetections-DOB-1786764600.h5
reading /home/ionouser/chirpsounder2/my_station.ini
/dev/shm/hf25
found  490  files
block 1786764600 writing 486 detections /home/ionouser/ionozond_data2//2026-08-15/cdetections-DOB-1786764600.h5
reading /home/ionouser/chirpsounder2/my_station.ini
/dev/shm/hf25
found  499  files
block 1786764600 writing 495 detections /home/ionouser/ionozond_data2//2026-08-15/cdetections-DOB-1786764600.h5
reading /home/ionouser/chirpsounder2/my_station.ini
/dev/shm/hf25
found  546  files
block 1786764600 writing 542 detections /home/ionouser/ionozond_data2//2026-08-15/cdetections-DOB-1786764600.h5
reading /home/ionouser/chirpsounder2/my_station.ini
/dev/shm/hf25
found  626  files
block 1786764600 writing 622 detections /home/ionouser/ionozond_data2//2026-08-15/cdetections-DOB-1786764600.h5
reading /home/ionouser/chirpsounder2/my_station.ini
/dev/shm/hf25
found  640  files
block 1786764600 writing 636 detections /home/ionouser/ionozond_data2//2026-08-15/cdetections-DOB-1786764600.h5
reading /home/ionouser/chirpsounder2/my_station.ini
/dev/shm/hf25
found  650  files
block 1786764600 writing 646 detections /home/ionouser/ionozond_data2//2026-08-15/cdetections-DOB-1786764600.h5
reading /home/ionouser/chirpsounder2/my_station.ini
/dev/shm/hf25
found  658  files
block 1786764600 writing 654 detections /home/ionouser/ionozond_data2//2026-08-15/cdetections-DOB-1786764600.h5
reading /home/ionouser/chirpsounder2/my_station.ini
/dev/shm/hf25
found  723  files
block 1786764600 writing 719 detections /home/ionouser/ionozond_data2//2026-08-15/cdetections-DOB-1786764600.h5
reading /home/ionouser/chirpsounder2/my_station.ini
/dev/shm/hf25
found  807  files
block 1786764600 writing 803 detections /home/ionouser/ionozond_data2//2026-08-15/cdetections-DOB-1786764600.h5
reading /home/ionouser/chirpsounder2/my_station.ini
/dev/shm/hf25
found  816  files
block 1786764600 writing 812 detections /home/ionouser/ionozond_data2//2026-08-15/cdetections-DOB-1786764600.h5
reading /home/ionouser/chirpsounder2/my_station.ini
/dev/shm/hf25
found  831  files
block 1786764600 writing 827 detections /home/ionouser/ionozond_data2//2026-08-15/cdetections-DOB-1786764600.h5
reading /home/ionouser/chirpsounder2/my_station.ini
/dev/shm/hf25
found  844  files
block 1786763700 writing 359 detections /home/ionouser/ionozond_data2//2026-08-15/cdetections-DOB-1786763700.h5
deleting files 359 from previous block, which is now finished
block 1786765500 writing 481 detections /home/ionouser/ionozond_data2//2026-08-15/cdetections-DOB-1786765500.h5
reading /home/ionouser/chirpsounder2/my_station.ini
/dev/shm/hf25
found  565  files
block 1786765500 writing 561 detections /home/ionouser/ionozond_data2//2026-08-15/cdetections-DOB-1786765500.h5
reading /home/ionouser/chirpsounder2/my_station.ini
/dev/shm/hf25
found  632  files
block 1786765500 writing 628 detections /home/ionouser/ionozond_data2//2026-08-15/cdetections-DOB-1786765500.h5
reading /home/ionouser/chirpsounder2/my_station.ini
/dev/shm/hf25
found  644  files
block 1786765500 writing 640 detections /home/ionouser/ionozond_data2//2026-08-15/cdetections-DOB-1786765500.h5
reading /home/ionouser/chirpsounder2/my_station.ini
/dev/shm/hf25
found  653  files
block 1786765500 writing 649 detections /home/ionouser/ionozond_data2//2026-08-15/cdetections-DOB-1786765500.h5
reading /home/ionouser/chirpsounder2/my_station.ini
/dev/shm/hf25
found  687  files
block 1786765500 writing 683 detections /home/ionouser/ionozond_data2//2026-08-15/cdetections-DOB-1786765500.h5
reading /home/ionouser/chirpsounder2/my_station.ini
/dev/shm/hf25
found  769  files
block 1786765500 writing 765 detections /home/ionouser/ionozond_data2//2026-08-15/cdetections-DOB-1786765500.h5
reading /home/ionouser/chirpsounder2/my_station.ini
/dev/shm/hf25
found  824  files
block 1786765500 writing 820 detections /home/ionouser/ionozond_data2//2026-08-15/cdetections-DOB-1786765500.h5
reading /home/ionouser/chirpsounder2/my_station.ini
/dev/shm/hf25
found  834  files
block 1786765500 writing 830 detections /home/ionouser/ionozond_data2//2026-08-15/cdetections-DOB-1786765500.h5
reading /home/ionouser/chirpsounder2/my_station.ini
/dev/shm/hf25
found  843  files
block 1786765500 writing 839 detections /home/ionouser/ionozond_data2//2026-08-15/cdetections-DOB-1786765500.h5
reading /home/ionouser/chirpsounder2/my_station.ini
/dev/shm/hf25
found  895  files
block 1786765500 writing 891 detections /home/ionouser/ionozond_data2//2026-08-15/cdetections-DOB-1786765500.h5
reading /home/ionouser/chirpsounder2/my_station.ini
/dev/shm/hf25
found  983  files
block 1786765500 writing 979 detections /home/ionouser/ionozond_data2//2026-08-15/cdetections-DOB-1786765500.h5
reading /home/ionouser/chirpsounder2/my_station.ini
/dev/shm/hf25
found  1025  files
block 1786765500 writing 1021 detections /home/ionouser/ionozond_data2//2026-08-15/cdetections-DOB-1786765500.h5
reading /home/ionouser/chirpsounder2/my_station.ini
/dev/shm/hf25
found  1035  files
block 1786765500 writing 1031 detections /home/ionouser/ionozond_data2//2026-08-15/cdetections-DOB-1786765500.h5
reading /home/ionouser/chirpsounder2/my_station.ini
/dev/shm/hf25
found  1050  files
block 1786764600 writing 473 detections /home/ionouser/ionozond_data2//2026-08-15/cdetections-DOB-1786764600.h5
deleting files 473 from previous block, which is now finished
block 1786766400 writing 573 detections /home/ionouser/ionozond_data2//2026-08-15/cdetections-DOB-1786766400.h5
reading /home/ionouser/chirpsounder2/my_station.ini
/dev/shm/hf25
found  653  files
block 1786766400 writing 649 detections /home/ionouser/ionozond_data2//2026-08-15/cdetections-DOB-1786766400.h5
reading /home/ionouser/chirpsounder2/my_station.ini
/dev/shm/hf25
found  750  files
block 1786766400 writing 746 detections /home/ionouser/ionozond_data2//2026-08-15/cdetections-DOB-1786766400.h5
reading /home/ionouser/chirpsounder2/my_station.ini
/dev/shm/hf25
found  762  files
block 1786766400 writing 758 detections /home/ionouser/ionozond_data2//2026-08-15/cdetections-DOB-1786766400.h5
reading /home/ionouser/chirpsounder2/my_station.ini
/dev/shm/hf25
found  775  files
block 1786766400 writing 771 detections /home/ionouser/ionozond_data2//2026-08-15/cdetections-DOB-1786766400.h5
reading /home/ionouser/chirpsounder2/my_station.ini
/dev/shm/hf25
found  801  files
block 1786766400 writing 797 detections /home/ionouser/ionozond_data2//2026-08-15/cdetections-DOB-1786766400.h5
reading /home/ionouser/chirpsounder2/my_station.ini
/dev/shm/hf25
found  884  files
block 1786766400 writing 880 detections /home/ionouser/ionozond_data2//2026-08-15/cdetections-DOB-1786766400.h5
reading /home/ionouser/chirpsounder2/my_station.ini
/dev/shm/hf25
found  959  files
block 1786766400 writing 955 detections /home/ionouser/ionozond_data2//2026-08-15/cdetections-DOB-1786766400.h5
reading /home/ionouser/chirpsounder2/my_station.ini
/dev/shm/hf25
found  977  files
block 1786766400 writing 973 detections /home/ionouser/ionozond_data2//2026-08-15/cdetections-DOB-1786766400.h5
reading /home/ionouser/chirpsounder2/my_station.ini
/dev/shm/hf25
found  990  files
block 1786766400 writing 986 detections /home/ionouser/ionozond_data2//2026-08-15/cdetections-DOB-1786766400.h5
reading /home/ionouser/chirpsounder2/my_station.ini
/dev/shm/hf25
found  1034  files
block 1786766400 writing 1030 detections /home/ionouser/ionozond_data2//2026-08-15/cdetections-DOB-1786766400.h5
reading /home/ionouser/chirpsounder2/my_station.ini
/dev/shm/hf25
found  1119  files
block 1786766400 writing 1115 detections /home/ionouser/ionozond_data2//2026-08-15/cdetections-DOB-1786766400.h5
reading /home/ionouser/chirpsounder2/my_station.ini
/dev/shm/hf25
found  1161  files
block 1786766400 writing 1157 detections /home/ionouser/ionozond_data2//2026-08-15/cdetections-DOB-1786766400.h5
reading /home/ionouser/chirpsounder2/my_station.ini
/dev/shm/hf25
found  1171  files
block 1786766400 writing 1167 detections /home/ionouser/ionozond_data2//2026-08-15/cdetections-DOB-1786766400.h5
reading /home/ionouser/chirpsounder2/my_station.ini
/dev/shm/hf25
found  1182  files
block 1786765500 writing 568 detections /home/ionouser/ionozond_data2//2026-08-15/cdetections-DOB-1786765500.h5
deleting files 568 from previous block, which is now finished
block 1786766400 writing 610 detections /home/ionouser/ionozond_data2//2026-08-15/cdetections-DOB-1786766400.h5
reading /home/ionouser/chirpsounder2/my_station.ini
/dev/shm/hf25
found  698  files
block 1786767300 writing 694 detections /home/ionouser/ionozond_data2//2026-08-15/cdetections-DOB-1786767300.h5
reading /home/ionouser/chirpsounder2/my_station.ini
/dev/shm/hf25
found  806  files
block 1786767300 writing 802 detections /home/ionouser/ionozond_data2//2026-08-15/cdetections-DOB-1786767300.h5
reading /home/ionouser/chirpsounder2/my_station.ini
/dev/shm/hf25
found  823  files
block 1786767300 writing 819 detections /home/ionouser/ionozond_data2//2026-08-15/cdetections-DOB-1786767300.h5
reading /home/ionouser/chirpsounder2/my_station.ini
/dev/shm/hf25
found  834  files
block 1786767300 writing 830 detections /home/ionouser/ionozond_data2//2026-08-15/cdetections-DOB-1786767300.h5
reading /home/ionouser/chirpsounder2/my_station.ini
/dev/shm/hf25
found  858  files
block 1786767300 writing 854 detections /home/ionouser/ionozond_data2//2026-08-15/cdetections-DOB-1786767300.h5
reading /home/ionouser/chirpsounder2/my_station.ini
/dev/shm/hf25
found  938  files
block 1786767300 writing 934 detections /home/ionouser/ionozond_data2//2026-08-15/cdetections-DOB-1786767300.h5
reading /home/ionouser/chirpsounder2/my_station.ini
/dev/shm/hf25
found  1022  files
block 1786767300 writing 1018 detections /home/ionouser/ionozond_data2//2026-08-15/cdetections-DOB-1786767300.h5
reading /home/ionouser/chirpsounder2/my_station.ini
/dev/shm/hf25
found  1029  files
block 1786767300 writing 1025 detections /home/ionouser/ionozond_data2//2026-08-15/cdetections-DOB-1786767300.h5
reading /home/ionouser/chirpsounder2/my_station.ini
/dev/shm/hf25
found  1043  files
block 1786767300 writing 1039 detections /home/ionouser/ionozond_data2//2026-08-15/cdetections-DOB-1786767300.h5
reading /home/ionouser/chirpsounder2/my_station.ini
/dev/shm/hf25
found  1084  files
block 1786767300 writing 1080 detections /home/ionouser/ionozond_data2//2026-08-15/cdetections-DOB-1786767300.h5
reading /home/ionouser/chirpsounder2/my_station.ini
/dev/shm/hf25
found  1178  files
block 1786767300 writing 1174 detections /home/ionouser/ionozond_data2//2026-08-15/cdetections-DOB-1786767300.h5
reading /home/ionouser/chirpsounder2/my_station.ini
/dev/shm/hf25
found  1253  files
block 1786767300 writing 1249 detections /home/ionouser/ionozond_data2//2026-08-15/cdetections-DOB-1786767300.h5
reading /home/ionouser/chirpsounder2/my_station.ini
/dev/shm/hf25
found  1253  files
block 1786767300 writing 1249 detections /home/ionouser/ionozond_data2//2026-08-15/cdetections-DOB-1786767300.h5
reading /home/ionouser/chirpsounder2/my_station.ini
/dev/shm/hf25
found  1267  files
block 1786766400 writing 611 detections /home/ionouser/ionozond_data2//2026-08-15/cdetections-DOB-1786766400.h5
deleting files 611 from previous block, which is now finished
block 1786767300 writing 652 detections /home/ionouser/ionozond_data2//2026-08-15/cdetections-DOB-1786767300.h5
reading /home/ionouser/chirpsounder2/my_station.ini
/dev/shm/hf25
found  735  files
block 1786768200 writing 731 detections /home/ionouser/ionozond_data2//2026-08-15/cdetections-DOB-1786768200.h5
reading /home/ionouser/chirpsounder2/my_station.ini
/dev/shm/hf25
found  847  files
block 1786768200 writing 843 detections /home/ionouser/ionozond_data2//2026-08-15/cdetections-DOB-1786768200.h5
reading /home/ionouser/chirpsounder2/my_station.ini
/dev/shm/hf25
found  876  files
block 1786768200 writing 872 detections /home/ionouser/ionozond_data2//2026-08-15/cdetections-DOB-1786768200.h5
reading /home/ionouser/chirpsounder2/my_station.ini
/dev/shm/hf25
found  885  files
block 1786768200 writing 881 detections /home/ionouser/ionozond_data2//2026-08-15/cdetections-DOB-1786768200.h5
reading /home/ionouser/chirpsounder2/my_station.ini
/dev/shm/hf25
found  905  files
block 1786768200 writing 901 detections /home/ionouser/ionozond_data2//2026-08-15/cdetections-DOB-1786768200.h5
reading /home/ionouser/chirpsounder2/my_station.ini
/dev/shm/hf25
found  987  files
block 1786768200 writing 983 detections /home/ionouser/ionozond_data2//2026-08-15/cdetections-DOB-1786768200.h5
reading /home/ionouser/chirpsounder2/my_station.ini
/dev/shm/hf25
found  1089  files
block 1786768200 writing 1085 detections /home/ionouser/ionozond_data2//2026-08-15/cdetections-DOB-1786768200.h5
reading /home/ionouser/chirpsounder2/my_station.ini
/dev/shm/hf25
found  1103  files
block 1786768200 writing 1099 detections /home/ionouser/ionozond_data2//2026-08-15/cdetections-DOB-1786768200.h5
reading /home/ionouser/chirpsounder2/my_station.ini
/dev/shm/hf25
found  1114  files
block 1786768200 writing 1110 detections /home/ionouser/ionozond_data2//2026-08-15/cdetections-DOB-1786768200.h5
reading /home/ionouser/chirpsounder2/my_station.ini
/dev/shm/hf25
found  1158  files
block 1786768200 writing 1154 detections /home/ionouser/ionozond_data2//2026-08-15/cdetections-DOB-1786768200.h5
reading /home/ionouser/chirpsounder2/my_station.ini
/dev/shm/hf25
found  1248  files
block 1786768200 writing 1244 detections /home/ionouser/ionozond_data2//2026-08-15/cdetections-DOB-1786768200.h5
reading /home/ionouser/chirpsounder2/my_station.ini
/dev/shm/hf25
found  1318  files
block 1786768200 writing 1314 detections /home/ionouser/ionozond_data2//2026-08-15/cdetections-DOB-1786768200.h5
reading /home/ionouser/chirpsounder2/my_station.ini
/dev/shm/hf25
found  1323  files
block 1786768200 writing 1319 detections /home/ionouser/ionozond_data2//2026-08-15/cdetections-DOB-1786768200.h5
reading /home/ionouser/chirpsounder2/my_station.ini
/dev/shm/hf25
found  1341  files
block 1786767300 writing 652 detections /home/ionouser/ionozond_data2//2026-08-15/cdetections-DOB-1786767300.h5
deleting files 652 from previous block, which is now finished
block 1786768200 writing 685 detections /home/ionouser/ionozond_data2//2026-08-15/cdetections-DOB-1786768200.h5
reading /home/ionouser/chirpsounder2/my_station.ini
/dev/shm/hf25
found  767  files
block 1786769100 writing 763 detections /home/ionouser/ionozond_data2//2026-08-15/cdetections-DOB-1786769100.h5
reading /home/ionouser/chirpsounder2/my_station.ini
/dev/shm/hf25
found  868  files
block 1786769100 writing 864 detections /home/ionouser/ionozond_data2//2026-08-15/cdetections-DOB-1786769100.h5
reading /home/ionouser/chirpsounder2/my_station.ini
/dev/shm/hf25
found  893  files
block 1786769100 writing 889 detections /home/ionouser/ionozond_data2//2026-08-15/cdetections-DOB-1786769100.h5
reading /home/ionouser/chirpsounder2/my_station.ini
/dev/shm/hf25
found  903  files
block 1786769100 writing 899 detections /home/ionouser/ionozond_data2//2026-08-15/cdetections-DOB-1786769100.h5
reading /home/ionouser/chirpsounder2/my_station.ini
/dev/shm/hf25
found  924  files
block 1786769100 writing 920 detections /home/ionouser/ionozond_data2//2026-08-15/cdetections-DOB-1786769100.h5
reading /home/ionouser/chirpsounder2/my_station.ini
/dev/shm/hf25
found  1006  files
block 1786769100 writing 1002 detections /home/ionouser/ionozond_data2//2026-08-15/cdetections-DOB-1786769100.h5
reading /home/ionouser/chirpsounder2/my_station.ini
/dev/shm/hf25
found  1099  files
block 1786769100 writing 1095 detections /home/ionouser/ionozond_data2//2026-08-15/cdetections-DOB-1786769100.h5
reading /home/ionouser/chirpsounder2/my_station.ini
/dev/shm/hf25
found  1120  files
block 1786769100 writing 1116 detections /home/ionouser/ionozond_data2//2026-08-15/cdetections-DOB-1786769100.h5
reading /home/ionouser/chirpsounder2/my_station.ini
/dev/shm/hf25
found  1130  files
block 1786769100 writing 1126 detections /home/ionouser/ionozond_data2//2026-08-15/cdetections-DOB-1786769100.h5
reading /home/ionouser/chirpsounder2/my_station.ini
/dev/shm/hf25
found  1175  files
block 1786769100 writing 1171 detections /home/ionouser/ionozond_data2//2026-08-15/cdetections-DOB-1786769100.h5
reading /home/ionouser/chirpsounder2/my_station.ini
/dev/shm/hf25
found  1265  files
block 1786769100 writing 1261 detections /home/ionouser/ionozond_data2//2026-08-15/cdetections-DOB-1786769100.h5
reading /home/ionouser/chirpsounder2/my_station.ini
/dev/shm/hf25
found  1344  files
block 1786769100 writing 1340 detections /home/ionouser/ionozond_data2//2026-08-15/cdetections-DOB-1786769100.h5
reading /home/ionouser/chirpsounder2/my_station.ini
/dev/shm/hf25
found  1353  files
block 1786769100 writing 1349 detections /home/ionouser/ionozond_data2//2026-08-15/cdetections-DOB-1786769100.h5
reading /home/ionouser/chirpsounder2/my_station.ini
/dev/shm/hf25
found  1366  files
block 1786768200 writing 685 detections /home/ionouser/ionozond_data2//2026-08-15/cdetections-DOB-1786768200.h5
deleting files 685 from previous block, which is now finished
block 1786770000 writing 677 detections /home/ionouser/ionozond_data2//2026-08-15/cdetections-DOB-1786770000.h5
reading /home/ionouser/chirpsounder2/my_station.ini
/dev/shm/hf25
found  767  files
block 1786770000 writing 763 detections /home/ionouser/ionozond_data2//2026-08-15/cdetections-DOB-1786770000.h5
reading /home/ionouser/chirpsounder2/my_station.ini
/dev/shm/hf25
found  872  files
block 1786770000 writing 868 detections /home/ionouser/ionozond_data2//2026-08-15/cdetections-DOB-1786770000.h5
reading /home/ionouser/chirpsounder2/my_station.ini
/dev/shm/hf25
found  903  files
block 1786770000 writing 899 detections /home/ionouser/ionozond_data2//2026-08-15/cdetections-DOB-1786770000.h5
reading /home/ionouser/chirpsounder2/my_station.ini
/dev/shm/hf25
found  914  files
block 1786770000 writing 910 detections /home/ionouser/ionozond_data2//2026-08-15/cdetections-DOB-1786770000.h5
reading /home/ionouser/chirpsounder2/my_station.ini
/dev/shm/hf25
found  939  files
block 1786770000 writing 935 detections /home/ionouser/ionozond_data2//2026-08-15/cdetections-DOB-1786770000.h5
reading /home/ionouser/chirpsounder2/my_station.ini
/dev/shm/hf25
found  1017  files
block 1786770000 writing 1013 detections /home/ionouser/ionozond_data2//2026-08-15/cdetections-DOB-1786770000.h5
reading /home/ionouser/chirpsounder2/my_station.ini
/dev/shm/hf25
found  1116  files
block 1786770000 writing 1112 detections /home/ionouser/ionozond_data2//2026-08-15/cdetections-DOB-1786770000.h5
reading /home/ionouser/chirpsounder2/my_station.ini
/dev/shm/hf25
found  1128  files
block 1786770000 writing 1124 detections /home/ionouser/ionozond_data2//2026-08-15/cdetections-DOB-1786770000.h5
reading /home/ionouser/chirpsounder2/my_station.ini
/dev/shm/hf25
found  1138  files
block 1786770000 writing 1134 detections /home/ionouser/ionozond_data2//2026-08-15/cdetections-DOB-1786770000.h5
reading /home/ionouser/chirpsounder2/my_station.ini
/dev/shm/hf25
found  1191  files
block 1786770000 writing 1187 detections /home/ionouser/ionozond_data2//2026-08-15/cdetections-DOB-1786770000.h5
reading /home/ionouser/chirpsounder2/my_station.ini
/dev/shm/hf25
found  1283  files
block 1786770000 writing 1279 detections /home/ionouser/ionozond_data2//2026-08-15/cdetections-DOB-1786770000.h5
reading /home/ionouser/chirpsounder2/my_station.ini
/dev/shm/hf25
found  1348  files
block 1786770000 writing 1344 detections /home/ionouser/ionozond_data2//2026-08-15/cdetections-DOB-1786770000.h5
reading /home/ionouser/chirpsounder2/my_station.ini
/dev/shm/hf25
found  1356  files
block 1786770000 writing 1352 detections /home/ionouser/ionozond_data2//2026-08-15/cdetections-DOB-1786770000.h5
reading /home/ionouser/chirpsounder2/my_station.ini
/dev/shm/hf25
found  1373  files
block 1786769100 writing 674 detections /home/ionouser/ionozond_data2//2026-08-15/cdetections-DOB-1786769100.h5
deleting files 674 from previous block, which is now finished
block 1786770900 writing 695 detections /home/ionouser/ionozond_data2//2026-08-15/cdetections-DOB-1786770900.h5
reading /home/ionouser/chirpsounder2/my_station.ini
/dev/shm/hf25
found  778  files
block 1786770900 writing 774 detections /home/ionouser/ionozond_data2//2026-08-15/cdetections-DOB-1786770900.h5
reading /home/ionouser/chirpsounder2/my_station.ini
/dev/shm/hf25
found  873  files
block 1786770900 writing 869 detections /home/ionouser/ionozond_data2//2026-08-15/cdetections-DOB-1786770900.h5
reading /home/ionouser/chirpsounder2/my_station.ini
/dev/shm/hf25
found  893  files
block 1786770900 writing 889 detections /home/ionouser/ionozond_data2//2026-08-15/cdetections-DOB-1786770900.h5
reading /home/ionouser/chirpsounder2/my_station.ini
/dev/shm/hf25
found  901  files
block 1786770900 writing 897 detections /home/ionouser/ionozond_data2//2026-08-15/cdetections-DOB-1786770900.h5
reading /home/ionouser/chirpsounder2/my_station.ini
/dev/shm/hf25
found  932  files
block 1786770900 writing 928 detections /home/ionouser/ionozond_data2//2026-08-15/cdetections-DOB-1786770900.h5
reading /home/ionouser/chirpsounder2/my_station.ini
/dev/shm/hf25
found  1013  files
block 1786770900 writing 1009 detections /home/ionouser/ionozond_data2//2026-08-15/cdetections-DOB-1786770900.h5
reading /home/ionouser/chirpsounder2/my_station.ini
/dev/shm/hf25
found  1088  files
block 1786770900 writing 1084 detections /home/ionouser/ionozond_data2//2026-08-15/cdetections-DOB-1786770900.h5
reading /home/ionouser/chirpsounder2/my_station.ini
/dev/shm/hf25
found  1093  files
block 1786770900 writing 1089 detections /home/ionouser/ionozond_data2//2026-08-15/cdetections-DOB-1786770900.h5
reading /home/ionouser/chirpsounder2/my_station.ini
/dev/shm/hf25
found  1099  files
block 1786770900 writing 1095 detections /home/ionouser/ionozond_data2//2026-08-15/cdetections-DOB-1786770900.h5
reading /home/ionouser/chirpsounder2/my_station.ini
/dev/shm/hf25
found  1125  files
block 1786770900 writing 1121 detections /home/ionouser/ionozond_data2//2026-08-15/cdetections-DOB-1786770900.h5
reading /home/ionouser/chirpsounder2/my_station.ini
/dev/shm/hf25
found  1153  files
block 1786770900 writing 1149 detections /home/ionouser/ionozond_data2//2026-08-15/cdetections-DOB-1786770900.h5
reading /home/ionouser/chirpsounder2/my_station.ini
/dev/shm/hf25
found  1176  files
block 1786770900 writing 1172 detections /home/ionouser/ionozond_data2//2026-08-15/cdetections-DOB-1786770900.h5
reading /home/ionouser/chirpsounder2/my_station.ini
/dev/shm/hf25
found  1182  files
block 1786770900 writing 1178 detections /home/ionouser/ionozond_data2//2026-08-15/cdetections-DOB-1786770900.h5
reading /home/ionouser/chirpsounder2/my_station.ini
/dev/shm/hf25
found  1186  files
block 1786770000 writing 687 detections /home/ionouser/ionozond_data2//2026-08-15/cdetections-DOB-1786770000.h5
deleting files 687 from previous block, which is now finished
block 1786770900 writing 495 detections /home/ionouser/ionozond_data2//2026-08-15/cdetections-DOB-1786770900.h5
reading /home/ionouser/chirpsounder2/my_station.ini
/dev/shm/hf25
found  526  files
block 1786771800 writing 522 detections /home/ionouser/ionozond_data2//2026-08-15/cdetections-DOB-1786771800.h5
reading /home/ionouser/chirpsounder2/my_station.ini
/dev/shm/hf25
found  563  files
block 1786771800 writing 559 detections /home/ionouser/ionozond_data2//2026-08-15/cdetections-DOB-1786771800.h5
reading /home/ionouser/chirpsounder2/my_station.ini
/dev/shm/hf25
found  568  files
block 1786771800 writing 564 detections /home/ionouser/ionozond_data2//2026-08-15/cdetections-DOB-1786771800.h5
reading /home/ionouser/chirpsounder2/my_station.ini
/dev/shm/hf25
found  573  files
block 1786771800 writing 569 detections /home/ionouser/ionozond_data2//2026-08-15/cdetections-DOB-1786771800.h5
reading /home/ionouser/chirpsounder2/my_station.ini
/dev/shm/hf25
found  578  files
block 1786771800 writing 574 detections /home/ionouser/ionozond_data2//2026-08-15/cdetections-DOB-1786771800.h5
reading /home/ionouser/chirpsounder2/my_station.ini
/dev/shm/hf25
found  606  files
block 1786771800 writing 602 detections /home/ionouser/ionozond_data2//2026-08-15/cdetections-DOB-1786771800.h5
reading /home/ionouser/chirpsounder2/my_station.ini
/dev/shm/hf25
found  631  files
block 1786771800 writing 627 detections /home/ionouser/ionozond_data2//2026-08-15/cdetections-DOB-1786771800.h5
reading /home/ionouser/chirpsounder2/my_station.ini
/dev/shm/hf25
found  635  files
block 1786771800 writing 631 detections /home/ionouser/ionozond_data2//2026-08-15/cdetections-DOB-1786771800.h5
reading /home/ionouser/chirpsounder2/my_station.ini
/dev/shm/hf25
found  643  files
block 1786771800 writing 639 detections /home/ionouser/ionozond_data2//2026-08-15/cdetections-DOB-1786771800.h5
reading /home/ionouser/chirpsounder2/my_station.ini
/dev/shm/hf25
found  658  files
block 1786771800 writing 654 detections /home/ionouser/ionozond_data2//2026-08-15/cdetections-DOB-1786771800.h5
reading /home/ionouser/chirpsounder2/my_station.ini
/dev/shm/hf25
found  691  files
block 1786771800 writing 687 detections /home/ionouser/ionozond_data2//2026-08-15/cdetections-DOB-1786771800.h5
reading /home/ionouser/chirpsounder2/my_station.ini
/dev/shm/hf25
found  705  files
block 1786771800 writing 701 detections /home/ionouser/ionozond_data2//2026-08-15/cdetections-DOB-1786771800.h5
reading /home/ionouser/chirpsounder2/my_station.ini
/dev/shm/hf25
found  712  files
block 1786771800 writing 708 detections /home/ionouser/ionozond_data2//2026-08-15/cdetections-DOB-1786771800.h5
reading /home/ionouser/chirpsounder2/my_station.ini
/dev/shm/hf25
found  721  files
block 1786770900 writing 497 detections /home/ionouser/ionozond_data2//2026-08-15/cdetections-DOB-1786770900.h5
deleting files 497 from previous block, which is now finished
block 1786771800 writing 220 detections /home/ionouser/ionozond_data2//2026-08-15/cdetections-DOB-1786771800.h5
reading /home/ionouser/chirpsounder2/my_station.ini
/dev/shm/hf25
found  246  files
block 1786772700 writing 242 detections /home/ionouser/ionozond_data2//2026-08-15/cdetections-DOB-1786772700.h5
reading /home/ionouser/chirpsounder2/my_station.ini
/dev/shm/hf25
found  281  files
block 1786772700 writing 277 detections /home/ionouser/ionozond_data2//2026-08-15/cdetections-DOB-1786772700.h5
reading /home/ionouser/chirpsounder2/my_station.ini
/dev/shm/hf25
found  285  files
block 1786772700 writing 281 detections /home/ionouser/ionozond_data2//2026-08-15/cdetections-DOB-1786772700.h5
reading /home/ionouser/chirpsounder2/my_station.ini
/dev/shm/hf25
found  293  files
block 1786772700 writing 289 detections /home/ionouser/ionozond_data2//2026-08-15/cdetections-DOB-1786772700.h5
reading /home/ionouser/chirpsounder2/my_station.ini
/dev/shm/hf25
found  302  files
block 1786772700 writing 298 detections /home/ionouser/ionozond_data2//2026-08-15/cdetections-DOB-1786772700.h5
reading /home/ionouser/chirpsounder2/my_station.ini
/dev/shm/hf25
found  326  files
block 1786772700 writing 322 detections /home/ionouser/ionozond_data2//2026-08-15/cdetections-DOB-1786772700.h5
reading /home/ionouser/chirpsounder2/my_station.ini
/dev/shm/hf25
found  351  files
block 1786772700 writing 347 detections /home/ionouser/ionozond_data2//2026-08-15/cdetections-DOB-1786772700.h5
reading /home/ionouser/chirpsounder2/my_station.ini
/dev/shm/hf25
found  356  files
block 1786772700 writing 352 detections /home/ionouser/ionozond_data2//2026-08-15/cdetections-DOB-1786772700.h5
reading /home/ionouser/chirpsounder2/my_station.ini
/dev/shm/hf25
found  369  files
block 1786772700 writing 365 detections /home/ionouser/ionozond_data2//2026-08-15/cdetections-DOB-1786772700.h5
reading /home/ionouser/chirpsounder2/my_station.ini
/dev/shm/hf25
found  375  files
block 1786772700 writing 371 detections /home/ionouser/ionozond_data2//2026-08-15/cdetections-DOB-1786772700.h5
reading /home/ionouser/chirpsounder2/my_station.ini
/dev/shm/hf25
found  397  files
block 1786772700 writing 393 detections /home/ionouser/ionozond_data2//2026-08-15/cdetections-DOB-1786772700.h5
reading /home/ionouser/chirpsounder2/my_station.ini
/dev/shm/hf25
found  421  files
block 1786772700 writing 417 detections /home/ionouser/ionozond_data2//2026-08-15/cdetections-DOB-1786772700.h5
reading /home/ionouser/chirpsounder2/my_station.ini
/dev/shm/hf25
found  425  files
block 1786772700 writing 421 detections /home/ionouser/ionozond_data2//2026-08-15/cdetections-DOB-1786772700.h5
reading /home/ionouser/chirpsounder2/my_station.ini
/dev/shm/hf25
found  434  files
block 1786771800 writing 222 detections /home/ionouser/ionozond_data2//2026-08-15/cdetections-DOB-1786771800.h5
deleting files 222 from previous block, which is now finished
block 1786772700 writing 208 detections /home/ionouser/ionozond_data2//2026-08-15/cdetections-DOB-1786772700.h5
reading /home/ionouser/chirpsounder2/my_station.ini
/dev/shm/hf25
found  217  files
block 1786773600 writing 213 detections /home/ionouser/ionozond_data2//2026-08-15/cdetections-DOB-1786773600.h5
reading /home/ionouser/chirpsounder2/my_station.ini
/dev/shm/hf25
found  243  files
block 1786773600 writing 239 detections /home/ionouser/ionozond_data2//2026-08-15/cdetections-DOB-1786773600.h5
reading /home/ionouser/chirpsounder2/my_station.ini
/dev/shm/hf25
found  265  files
block 1786773600 writing 261 detections /home/ionouser/ionozond_data2//2026-08-15/cdetections-DOB-1786773600.h5
reading /home/ionouser/chirpsounder2/my_station.ini
/dev/shm/hf25
found  270  files
block 1786773600 writing 266 detections /home/ionouser/ionozond_data2//2026-08-15/cdetections-DOB-1786773600.h5
reading /home/ionouser/chirpsounder2/my_station.ini
/dev/shm/hf25
found  284  files
block 1786773600 writing 280 detections /home/ionouser/ionozond_data2//2026-08-15/cdetections-DOB-1786773600.h5
reading /home/ionouser/chirpsounder2/my_station.ini
/dev/shm/hf25
found  294  files
block 1786773600 writing 290 detections /home/ionouser/ionozond_data2//2026-08-15/cdetections-DOB-1786773600.h5
reading /home/ionouser/chirpsounder2/my_station.ini
/dev/shm/hf25
found  323  files
block 1786773600 writing 319 detections /home/ionouser/ionozond_data2//2026-08-15/cdetections-DOB-1786773600.h5
reading /home/ionouser/chirpsounder2/my_station.ini
/dev/shm/hf25
found  338  files
block 1786773600 writing 334 detections /home/ionouser/ionozond_data2//2026-08-15/cdetections-DOB-1786773600.h5
reading /home/ionouser/chirpsounder2/my_station.ini
/dev/shm/hf25
found  344  files
block 1786773600 writing 340 detections /home/ionouser/ionozond_data2//2026-08-15/cdetections-DOB-1786773600.h5
reading /home/ionouser/chirpsounder2/my_station.ini
/dev/shm/hf25
found  359  files
block 1786773600 writing 355 detections /home/ionouser/ionozond_data2//2026-08-15/cdetections-DOB-1786773600.h5
reading /home/ionouser/chirpsounder2/my_station.ini
/dev/shm/hf25
found  373  files
block 1786773600 writing 369 detections /home/ionouser/ionozond_data2//2026-08-15/cdetections-DOB-1786773600.h5
reading /home/ionouser/chirpsounder2/my_station.ini
/dev/shm/hf25
found  407  files
block 1786773600 writing 403 detections /home/ionouser/ionozond_data2//2026-08-15/cdetections-DOB-1786773600.h5
reading /home/ionouser/chirpsounder2/my_station.ini
/dev/shm/hf25
found  417  files
block 1786773600 writing 413 detections /home/ionouser/ionozond_data2//2026-08-15/cdetections-DOB-1786773600.h5
reading /home/ionouser/chirpsounder2/my_station.ini
/dev/shm/hf25
found  426  files
block 1786773600 writing 422 detections /home/ionouser/ionozond_data2//2026-08-15/cdetections-DOB-1786773600.h5
reading /home/ionouser/chirpsounder2/my_station.ini
/dev/shm/hf25
found  438  files
block 1786772700 writing 212 detections /home/ionouser/ionozond_data2//2026-08-15/cdetections-DOB-1786772700.h5
deleting files 212 from previous block, which is now finished
block 1786773600 writing 222 detections /home/ionouser/ionozond_data2//2026-08-15/cdetections-DOB-1786773600.h5
reading /home/ionouser/chirpsounder2/my_station.ini
/dev/shm/hf25
found  249  files
block 1786774500 writing 245 detections /home/ionouser/ionozond_data2//2026-08-15/cdetections-DOB-1786774500.h5
reading /home/ionouser/chirpsounder2/my_station.ini
/dev/shm/hf25
found  285  files
block 1786774500 writing 281 detections /home/ionouser/ionozond_data2//2026-08-15/cdetections-DOB-1786774500.h5
reading /home/ionouser/chirpsounder2/my_station.ini
/dev/shm/hf25
found  290  files
block 1786774500 writing 286 detections /home/ionouser/ionozond_data2//2026-08-15/cdetections-DOB-1786774500.h5
reading /home/ionouser/chirpsounder2/my_station.ini
/dev/shm/hf25
found  301  files
block 1786774500 writing 297 detections /home/ionouser/ionozond_data2//2026-08-15/cdetections-DOB-1786774500.h5
reading /home/ionouser/chirpsounder2/my_station.ini
/dev/shm/hf25
found  308  files
block 1786774500 writing 304 detections /home/ionouser/ionozond_data2//2026-08-15/cdetections-DOB-1786774500.h5
reading /home/ionouser/chirpsounder2/my_station.ini
/dev/shm/hf25
found  333  files
block 1786774500 writing 329 detections /home/ionouser/ionozond_data2//2026-08-15/cdetections-DOB-1786774500.h5
reading /home/ionouser/chirpsounder2/my_station.ini
/dev/shm/hf25
found  370  files
block 1786774500 writing 366 detections /home/ionouser/ionozond_data2//2026-08-15/cdetections-DOB-1786774500.h5
reading /home/ionouser/chirpsounder2/my_station.ini
/dev/shm/hf25
found  379  files
block 1786774500 writing 375 detections /home/ionouser/ionozond_data2//2026-08-15/cdetections-DOB-1786774500.h5
reading /home/ionouser/chirpsounder2/my_station.ini
/dev/shm/hf25
found  394  files
block 1786774500 writing 390 detections /home/ionouser/ionozond_data2//2026-08-15/cdetections-DOB-1786774500.h5
reading /home/ionouser/chirpsounder2/my_station.ini
/dev/shm/hf25
found  407  files
block 1786774500 writing 403 detections /home/ionouser/ionozond_data2//2026-08-15/cdetections-DOB-1786774500.h5
reading /home/ionouser/chirpsounder2/my_station.ini
/dev/shm/hf25
found  434  files
block 1786774500 writing 430 detections /home/ionouser/ionozond_data2//2026-08-15/cdetections-DOB-1786774500.h5
reading /home/ionouser/chirpsounder2/my_station.ini
/dev/shm/hf25
found  457  files
block 1786774500 writing 453 detections /home/ionouser/ionozond_data2//2026-08-15/cdetections-DOB-1786774500.h5
reading /home/ionouser/chirpsounder2/my_station.ini
/dev/shm/hf25
found  471  files
block 1786774500 writing 467 detections /home/ionouser/ionozond_data2//2026-08-15/cdetections-DOB-1786774500.h5
reading /home/ionouser/chirpsounder2/my_station.ini
/dev/shm/hf25
found  486  files
block 1786773600 writing 223 detections /home/ionouser/ionozond_data2//2026-08-15/cdetections-DOB-1786773600.h5
deleting files 223 from previous block, which is now finished
block 1786774500 writing 259 detections /home/ionouser/ionozond_data2//2026-08-15/cdetections-DOB-1786774500.h5
reading /home/ionouser/chirpsounder2/my_station.ini
/dev/shm/hf25
found  272  files
block 1786775400 writing 268 detections /home/ionouser/ionozond_data2//2026-08-15/cdetections-DOB-1786775400.h5
reading /home/ionouser/chirpsounder2/my_station.ini
/dev/shm/hf25
found  305  files
block 1786775400 writing 301 detections /home/ionouser/ionozond_data2//2026-08-15/cdetections-DOB-1786775400.h5
reading /home/ionouser/chirpsounder2/my_station.ini
/dev/shm/hf25
found  325  files
block 1786775400 writing 321 detections /home/ionouser/ionozond_data2//2026-08-15/cdetections-DOB-1786775400.h5
reading /home/ionouser/chirpsounder2/my_station.ini
/dev/shm/hf25
found  338  files
block 1786775400 writing 334 detections /home/ionouser/ionozond_data2//2026-08-15/cdetections-DOB-1786775400.h5
reading /home/ionouser/chirpsounder2/my_station.ini
/dev/shm/hf25
found  352  files
block 1786775400 writing 348 detections /home/ionouser/ionozond_data2//2026-08-15/cdetections-DOB-1786775400.h5
reading /home/ionouser/chirpsounder2/my_station.ini
/dev/shm/hf25
found  361  files
block 1786775400 writing 357 detections /home/ionouser/ionozond_data2//2026-08-15/cdetections-DOB-1786775400.h5
reading /home/ionouser/chirpsounder2/my_station.ini
/dev/shm/hf25
found  386  files
block 1786775400 writing 382 detections /home/ionouser/ionozond_data2//2026-08-15/cdetections-DOB-1786775400.h5
reading /home/ionouser/chirpsounder2/my_station.ini
/dev/shm/hf25
found  407  files
block 1786775400 writing 403 detections /home/ionouser/ionozond_data2//2026-08-15/cdetections-DOB-1786775400.h5
reading /home/ionouser/chirpsounder2/my_station.ini
/dev/shm/hf25
found  420  files
block 1786775400 writing 416 detections /home/ionouser/ionozond_data2//2026-08-15/cdetections-DOB-1786775400.h5
reading /home/ionouser/chirpsounder2/my_station.ini
/dev/shm/hf25
found  432  files
block 1786775400 writing 428 detections /home/ionouser/ionozond_data2//2026-08-15/cdetections-DOB-1786775400.h5
reading /home/ionouser/chirpsounder2/my_station.ini
/dev/shm/hf25
found  445  files
block 1786775400 writing 441 detections /home/ionouser/ionozond_data2//2026-08-15/cdetections-DOB-1786775400.h5
reading /home/ionouser/chirpsounder2/my_station.ini
/dev/shm/hf25
found  475  files
block 1786775400 writing 471 detections /home/ionouser/ionozond_data2//2026-08-15/cdetections-DOB-1786775400.h5
reading /home/ionouser/chirpsounder2/my_station.ini
/dev/shm/hf25
found  483  files
block 1786775400 writing 479 detections /home/ionouser/ionozond_data2//2026-08-15/cdetections-DOB-1786775400.h5
reading /home/ionouser/chirpsounder2/my_station.ini
/dev/shm/hf25
found  495  files
block 1786775400 writing 491 detections /home/ionouser/ionozond_data2//2026-08-15/cdetections-DOB-1786775400.h5
reading /home/ionouser/chirpsounder2/my_station.ini
/dev/shm/hf25
found  502  files
block 1786774500 writing 264 detections /home/ionouser/ionozond_data2//2026-08-15/cdetections-DOB-1786774500.h5
deleting files 264 from previous block, which is now finished
block 1786775400 writing 234 detections /home/ionouser/ionozond_data2//2026-08-15/cdetections-DOB-1786775400.h5
reading /home/ionouser/chirpsounder2/my_station.ini
/dev/shm/hf25
found  268  files
block 1786776300 writing 264 detections /home/ionouser/ionozond_data2//2026-08-15/cdetections-DOB-1786776300.h5
reading /home/ionouser/chirpsounder2/my_station.ini
/dev/shm/hf25
found  298  files
block 1786776300 writing 294 detections /home/ionouser/ionozond_data2//2026-08-15/cdetections-DOB-1786776300.h5
reading /home/ionouser/chirpsounder2/my_station.ini
/dev/shm/hf25
found  316  files
block 1786776300 writing 312 detections /home/ionouser/ionozond_data2//2026-08-15/cdetections-DOB-1786776300.h5
reading /home/ionouser/chirpsounder2/my_station.ini
/dev/shm/hf25
found  334  files
block 1786776300 writing 330 detections /home/ionouser/ionozond_data2//2026-08-15/cdetections-DOB-1786776300.h5
reading /home/ionouser/chirpsounder2/my_station.ini
/dev/shm/hf25
found  339  files
block 1786776300 writing 335 detections /home/ionouser/ionozond_data2//2026-08-15/cdetections-DOB-1786776300.h5
reading /home/ionouser/chirpsounder2/my_station.ini
/dev/shm/hf25
found  359  files
block 1786776300 writing 355 detections /home/ionouser/ionozond_data2//2026-08-15/cdetections-DOB-1786776300.h5
reading /home/ionouser/chirpsounder2/my_station.ini
/dev/shm/hf25
found  384  files
block 1786776300 writing 380 detections /home/ionouser/ionozond_data2//2026-08-15/cdetections-DOB-1786776300.h5
reading /home/ionouser/chirpsounder2/my_station.ini
/dev/shm/hf25
found  395  files
block 1786776300 writing 391 detections /home/ionouser/ionozond_data2//2026-08-15/cdetections-DOB-1786776300.h5
reading /home/ionouser/chirpsounder2/my_station.ini
/dev/shm/hf25
found  415  files
block 1786776300 writing 411 detections /home/ionouser/ionozond_data2//2026-08-15/cdetections-DOB-1786776300.h5
reading /home/ionouser/chirpsounder2/my_station.ini
/dev/shm/hf25
found  423  files
block 1786776300 writing 419 detections /home/ionouser/ionozond_data2//2026-08-15/cdetections-DOB-1786776300.h5
reading /home/ionouser/chirpsounder2/my_station.ini
/dev/shm/hf25
found  448  files
block 1786776300 writing 444 detections /home/ionouser/ionozond_data2//2026-08-15/cdetections-DOB-1786776300.h5
reading /home/ionouser/chirpsounder2/my_station.ini
/dev/shm/hf25
found  474  files
block 1786776300 writing 470 detections /home/ionouser/ionozond_data2//2026-08-15/cdetections-DOB-1786776300.h5
reading /home/ionouser/chirpsounder2/my_station.ini
/dev/shm/hf25
found  480  files
block 1786776300 writing 476 detections /home/ionouser/ionozond_data2//2026-08-15/cdetections-DOB-1786776300.h5
reading /home/ionouser/chirpsounder2/my_station.ini
/dev/shm/hf25
found  491  files
block 1786775400 writing 237 detections /home/ionouser/ionozond_data2//2026-08-15/cdetections-DOB-1786775400.h5
deleting files 237 from previous block, which is now finished
block 1786776300 writing 250 detections /home/ionouser/ionozond_data2//2026-08-15/cdetections-DOB-1786776300.h5
reading /home/ionouser/chirpsounder2/my_station.ini
/dev/shm/hf25
found  261  files
block 1786777200 writing 257 detections /home/ionouser/ionozond_data2//2026-08-15/cdetections-DOB-1786777200.h5
reading /home/ionouser/chirpsounder2/my_station.ini
/dev/shm/hf25
found  293  files
block 1786777200 writing 289 detections /home/ionouser/ionozond_data2//2026-08-15/cdetections-DOB-1786777200.h5
reading /home/ionouser/chirpsounder2/my_station.ini
/dev/shm/hf25
found  315  files
block 1786777200 writing 311 detections /home/ionouser/ionozond_data2//2026-08-15/cdetections-DOB-1786777200.h5
reading /home/ionouser/chirpsounder2/my_station.ini
/dev/shm/hf25
found  326  files
block 1786777200 writing 322 detections /home/ionouser/ionozond_data2//2026-08-15/cdetections-DOB-1786777200.h5
reading /home/ionouser/chirpsounder2/my_station.ini
/dev/shm/hf25
found  337  files
block 1786777200 writing 333 detections /home/ionouser/ionozond_data2//2026-08-15/cdetections-DOB-1786777200.h5
reading /home/ionouser/chirpsounder2/my_station.ini
/dev/shm/hf25
found  346  files
block 1786777200 writing 342 detections /home/ionouser/ionozond_data2//2026-08-15/cdetections-DOB-1786777200.h5
reading /home/ionouser/chirpsounder2/my_station.ini
/dev/shm/hf25
found  379  files
block 1786777200 writing 375 detections /home/ionouser/ionozond_data2//2026-08-15/cdetections-DOB-1786777200.h5
reading /home/ionouser/chirpsounder2/my_station.ini
/dev/shm/hf25
found  401  files
block 1786777200 writing 397 detections /home/ionouser/ionozond_data2//2026-08-15/cdetections-DOB-1786777200.h5
reading /home/ionouser/chirpsounder2/my_station.ini
/dev/shm/hf25
found  424  files
block 1786777200 writing 420 detections /home/ionouser/ionozond_data2//2026-08-15/cdetections-DOB-1786777200.h5
reading /home/ionouser/chirpsounder2/my_station.ini
/dev/shm/hf25
found  440  files
block 1786777200 writing 436 detections /home/ionouser/ionozond_data2//2026-08-15/cdetections-DOB-1786777200.h5
reading /home/ionouser/chirpsounder2/my_station.ini
/dev/shm/hf25
found  455  files
block 1786777200 writing 451 detections /home/ionouser/ionozond_data2//2026-08-15/cdetections-DOB-1786777200.h5
reading /home/ionouser/chirpsounder2/my_station.ini
/dev/shm/hf25
found  491  files
block 1786777200 writing 487 detections /home/ionouser/ionozond_data2//2026-08-15/cdetections-DOB-1786777200.h5
reading /home/ionouser/chirpsounder2/my_station.ini
/dev/shm/hf25
found  514  files
block 1786777200 writing 510 detections /home/ionouser/ionozond_data2//2026-08-15/cdetections-DOB-1786777200.h5
reading /home/ionouser/chirpsounder2/my_station.ini
/dev/shm/hf25
found  525  files
block 1786777200 writing 521 detections /home/ionouser/ionozond_data2//2026-08-15/cdetections-DOB-1786777200.h5
reading /home/ionouser/chirpsounder2/my_station.ini
/dev/shm/hf25
found  538  files
block 1786776300 writing 255 detections /home/ionouser/ionozond_data2//2026-08-15/cdetections-DOB-1786776300.h5
deleting files 255 from previous block, which is now finished
block 1786778100 writing 279 detections /home/ionouser/ionozond_data2//2026-08-15/cdetections-DOB-1786778100.h5
reading /home/ionouser/chirpsounder2/my_station.ini
/dev/shm/hf25
found  298  files
block 1786778100 writing 294 detections /home/ionouser/ionozond_data2//2026-08-15/cdetections-DOB-1786778100.h5
reading /home/ionouser/chirpsounder2/my_station.ini
/dev/shm/hf25
found  336  files
block 1786778100 writing 332 detections /home/ionouser/ionozond_data2//2026-08-15/cdetections-DOB-1786778100.h5
reading /home/ionouser/chirpsounder2/my_station.ini
/dev/shm/hf25
found  360  files
block 1786778100 writing 356 detections /home/ionouser/ionozond_data2//2026-08-15/cdetections-DOB-1786778100.h5
reading /home/ionouser/chirpsounder2/my_station.ini
/dev/shm/hf25
found  375  files
block 1786778100 writing 371 detections /home/ionouser/ionozond_data2//2026-08-15/cdetections-DOB-1786778100.h5
reading /home/ionouser/chirpsounder2/my_station.ini
/dev/shm/hf25
found  387  files
block 1786778100 writing 383 detections /home/ionouser/ionozond_data2//2026-08-15/cdetections-DOB-1786778100.h5
reading /home/ionouser/chirpsounder2/my_station.ini
/dev/shm/hf25
found  446  files
block 1786778100 writing 442 detections /home/ionouser/ionozond_data2//2026-08-15/cdetections-DOB-1786778100.h5
reading /home/ionouser/chirpsounder2/my_station.ini
/dev/shm/hf25
found  526  files
block 1786778100 writing 522 detections /home/ionouser/ionozond_data2//2026-08-15/cdetections-DOB-1786778100.h5
reading /home/ionouser/chirpsounder2/my_station.ini
/dev/shm/hf25
found  550  files
block 1786778100 writing 546 detections /home/ionouser/ionozond_data2//2026-08-15/cdetections-DOB-1786778100.h5
reading /home/ionouser/chirpsounder2/my_station.ini
/dev/shm/hf25
found  564  files
block 1786778100 writing 560 detections /home/ionouser/ionozond_data2//2026-08-15/cdetections-DOB-1786778100.h5
reading /home/ionouser/chirpsounder2/my_station.ini
/dev/shm/hf25
found  573  files
block 1786778100 writing 569 detections /home/ionouser/ionozond_data2//2026-08-15/cdetections-DOB-1786778100.h5
reading /home/ionouser/chirpsounder2/my_station.ini
/dev/shm/hf25
found  648  files
block 1786778100 writing 644 detections /home/ionouser/ionozond_data2//2026-08-15/cdetections-DOB-1786778100.h5
reading /home/ionouser/chirpsounder2/my_station.ini
/dev/shm/hf25
found  715  files
block 1786778100 writing 711 detections /home/ionouser/ionozond_data2//2026-08-15/cdetections-DOB-1786778100.h5
reading /home/ionouser/chirpsounder2/my_station.ini
/dev/shm/hf25
found  731  files
block 1786778100 writing 727 detections /home/ionouser/ionozond_data2//2026-08-15/cdetections-DOB-1786778100.h5
reading /home/ionouser/chirpsounder2/my_station.ini
/dev/shm/hf25
found  743  files
block 1786777200 writing 277 detections /home/ionouser/ionozond_data2//2026-08-15/cdetections-DOB-1786777200.h5
deleting files 277 from previous block, which is now finished
block 1786778100 writing 462 detections /home/ionouser/ionozond_data2//2026-08-15/cdetections-DOB-1786778100.h5
reading /home/ionouser/chirpsounder2/my_station.ini
/dev/shm/hf25
found  504  files
block 1786779000 writing 500 detections /home/ionouser/ionozond_data2//2026-08-15/cdetections-DOB-1786779000.h5
reading /home/ionouser/chirpsounder2/my_station.ini
/dev/shm/hf25
found  587  files
block 1786779000 writing 583 detections /home/ionouser/ionozond_data2//2026-08-15/cdetections-DOB-1786779000.h5
reading /home/ionouser/chirpsounder2/my_station.ini
/dev/shm/hf25
found  631  files
block 1786779000 writing 627 detections /home/ionouser/ionozond_data2//2026-08-15/cdetections-DOB-1786779000.h5
reading /home/ionouser/chirpsounder2/my_station.ini
/dev/shm/hf25
found  651  files
block 1786779000 writing 647 detections /home/ionouser/ionozond_data2//2026-08-15/cdetections-DOB-1786779000.h5
reading /home/ionouser/chirpsounder2/my_station.ini
/dev/shm/hf25
found  661  files
block 1786779000 writing 657 detections /home/ionouser/ionozond_data2//2026-08-15/cdetections-DOB-1786779000.h5
reading /home/ionouser/chirpsounder2/my_station.ini
/dev/shm/hf25
found  699  files
block 1786779000 writing 695 detections /home/ionouser/ionozond_data2//2026-08-15/cdetections-DOB-1786779000.h5
reading /home/ionouser/chirpsounder2/my_station.ini
/dev/shm/hf25
found  784  files
block 1786779000 writing 780 detections /home/ionouser/ionozond_data2//2026-08-15/cdetections-DOB-1786779000.h5
reading /home/ionouser/chirpsounder2/my_station.ini
/dev/shm/hf25
found  806  files
block 1786779000 writing 802 detections /home/ionouser/ionozond_data2//2026-08-15/cdetections-DOB-1786779000.h5
reading /home/ionouser/chirpsounder2/my_station.ini
/dev/shm/hf25
found  815  files
block 1786779000 writing 811 detections /home/ionouser/ionozond_data2//2026-08-15/cdetections-DOB-1786779000.h5
reading /home/ionouser/chirpsounder2/my_station.ini
/dev/shm/hf25
found  820  files
block 1786779000 writing 816 detections /home/ionouser/ionozond_data2//2026-08-15/cdetections-DOB-1786779000.h5
reading /home/ionouser/chirpsounder2/my_station.ini
/dev/shm/hf25
found  871  files
block 1786779000 writing 867 detections /home/ionouser/ionozond_data2//2026-08-15/cdetections-DOB-1786779000.h5
reading /home/ionouser/chirpsounder2/my_station.ini
/dev/shm/hf25
found  954  files
block 1786779000 writing 950 detections /home/ionouser/ionozond_data2//2026-08-15/cdetections-DOB-1786779000.h5
reading /home/ionouser/chirpsounder2/my_station.ini
/dev/shm/hf25
found  968  files
block 1786779000 writing 964 detections /home/ionouser/ionozond_data2//2026-08-15/cdetections-DOB-1786779000.h5
reading /home/ionouser/chirpsounder2/my_station.ini
/dev/shm/hf25
found  972  files
block 1786779000 writing 968 detections /home/ionouser/ionozond_data2//2026-08-15/cdetections-DOB-1786779000.h5
reading /home/ionouser/chirpsounder2/my_station.ini
/dev/shm/hf25
found  980  files
block 1786778100 writing 466 detections /home/ionouser/ionozond_data2//2026-08-15/cdetections-DOB-1786778100.h5
deleting files 466 from previous block, which is now finished
block 1786779900 writing 510 detections /home/ionouser/ionozond_data2//2026-08-15/cdetections-DOB-1786779900.h5
reading /home/ionouser/chirpsounder2/my_station.ini
/dev/shm/hf25
found  589  files
block 1786779900 writing 585 detections /home/ionouser/ionozond_data2//2026-08-15/cdetections-DOB-1786779900.h5
reading /home/ionouser/chirpsounder2/my_station.ini
/dev/shm/hf25
found  648  files
block 1786779900 writing 644 detections /home/ionouser/ionozond_data2//2026-08-15/cdetections-DOB-1786779900.h5
reading /home/ionouser/chirpsounder2/my_station.ini
/dev/shm/hf25
found  654  files
block 1786779900 writing 650 detections /home/ionouser/ionozond_data2//2026-08-15/cdetections-DOB-1786779900.h5
reading /home/ionouser/chirpsounder2/my_station.ini
/dev/shm/hf25
found  662  files
block 1786779900 writing 658 detections /home/ionouser/ionozond_data2//2026-08-15/cdetections-DOB-1786779900.h5
reading /home/ionouser/chirpsounder2/my_station.ini
/dev/shm/hf25
found  694  files
block 1786779900 writing 690 detections /home/ionouser/ionozond_data2//2026-08-15/cdetections-DOB-1786779900.h5
reading /home/ionouser/chirpsounder2/my_station.ini
/dev/shm/hf25
found  774  files
block 1786779900 writing 770 detections /home/ionouser/ionozond_data2//2026-08-15/cdetections-DOB-1786779900.h5
reading /home/ionouser/chirpsounder2/my_station.ini
/dev/shm/hf25
found  808  files
block 1786779900 writing 804 detections /home/ionouser/ionozond_data2//2026-08-15/cdetections-DOB-1786779900.h5
reading /home/ionouser/chirpsounder2/my_station.ini
/dev/shm/hf25
found  815  files
block 1786779900 writing 811 detections /home/ionouser/ionozond_data2//2026-08-15/cdetections-DOB-1786779900.h5
reading /home/ionouser/chirpsounder2/my_station.ini
/dev/shm/hf25
found  818  files
block 1786779900 writing 814 detections /home/ionouser/ionozond_data2//2026-08-15/cdetections-DOB-1786779900.h5
reading /home/ionouser/chirpsounder2/my_station.ini
/dev/shm/hf25
found  850  files
block 1786779900 writing 846 detections /home/ionouser/ionozond_data2//2026-08-15/cdetections-DOB-1786779900.h5
reading /home/ionouser/chirpsounder2/my_station.ini
/dev/shm/hf25
found  934  files
block 1786779900 writing 930 detections /home/ionouser/ionozond_data2//2026-08-15/cdetections-DOB-1786779900.h5
reading /home/ionouser/chirpsounder2/my_station.ini
/dev/shm/hf25
found  961  files
block 1786779900 writing 957 detections /home/ionouser/ionozond_data2//2026-08-15/cdetections-DOB-1786779900.h5
reading /home/ionouser/chirpsounder2/my_station.ini
/dev/shm/hf25
found  965  files
block 1786779900 writing 961 detections /home/ionouser/ionozond_data2//2026-08-15/cdetections-DOB-1786779900.h5
reading /home/ionouser/chirpsounder2/my_station.ini
/dev/shm/hf25
found  970  files
block 1786779000 writing 506 detections /home/ionouser/ionozond_data2//2026-08-15/cdetections-DOB-1786779000.h5
deleting files 506 from previous block, which is now finished
block 1786779900 writing 460 detections /home/ionouser/ionozond_data2//2026-08-15/cdetections-DOB-1786779900.h5
reading /home/ionouser/chirpsounder2/my_station.ini
/dev/shm/hf25
found  526  files
block 1786780800 writing 522 detections /home/ionouser/ionozond_data2//2026-08-15/cdetections-DOB-1786780800.h5
reading /home/ionouser/chirpsounder2/my_station.ini
/dev/shm/hf25
found  597  files
block 1786780800 writing 593 detections /home/ionouser/ionozond_data2//2026-08-15/cdetections-DOB-1786780800.h5
reading /home/ionouser/chirpsounder2/my_station.ini
/dev/shm/hf25
found  610  files
block 1786780800 writing 606 detections /home/ionouser/ionozond_data2//2026-08-15/cdetections-DOB-1786780800.h5
reading /home/ionouser/chirpsounder2/my_station.ini
/dev/shm/hf25
found  613  files
block 1786780800 writing 609 detections /home/ionouser/ionozond_data2//2026-08-15/cdetections-DOB-1786780800.h5
reading /home/ionouser/chirpsounder2/my_station.ini
/dev/shm/hf25
found  625  files
block 1786780800 writing 621 detections /home/ionouser/ionozond_data2//2026-08-15/cdetections-DOB-1786780800.h5
reading /home/ionouser/chirpsounder2/my_station.ini
/dev/shm/hf25
found  699  files
block 1786780800 writing 695 detections /home/ionouser/ionozond_data2//2026-08-15/cdetections-DOB-1786780800.h5
reading /home/ionouser/chirpsounder2/my_station.ini
/dev/shm/hf25
found  756  files
block 1786780800 writing 752 detections /home/ionouser/ionozond_data2//2026-08-15/cdetections-DOB-1786780800.h5
reading /home/ionouser/chirpsounder2/my_station.ini
/dev/shm/hf25
found  764  files
block 1786780800 writing 760 detections /home/ionouser/ionozond_data2//2026-08-15/cdetections-DOB-1786780800.h5
reading /home/ionouser/chirpsounder2/my_station.ini
/dev/shm/hf25
found  765  files
block 1786780800 writing 761 detections /home/ionouser/ionozond_data2//2026-08-15/cdetections-DOB-1786780800.h5
reading /home/ionouser/chirpsounder2/my_station.ini
/dev/shm/hf25
found  783  files
block 1786780800 writing 779 detections /home/ionouser/ionozond_data2//2026-08-15/cdetections-DOB-1786780800.h5
reading /home/ionouser/chirpsounder2/my_station.ini
/dev/shm/hf25
found  861  files
block 1786780800 writing 857 detections /home/ionouser/ionozond_data2//2026-08-15/cdetections-DOB-1786780800.h5
reading /home/ionouser/chirpsounder2/my_station.ini
/dev/shm/hf25
found  902  files
block 1786780800 writing 898 detections /home/ionouser/ionozond_data2//2026-08-15/cdetections-DOB-1786780800.h5
reading /home/ionouser/chirpsounder2/my_station.ini
/dev/shm/hf25
found  913  files
block 1786780800 writing 909 detections /home/ionouser/ionozond_data2//2026-08-15/cdetections-DOB-1786780800.h5
reading /home/ionouser/chirpsounder2/my_station.ini
/dev/shm/hf25
found  919  files
block 1786779900 writing 460 detections /home/ionouser/ionozond_data2//2026-08-15/cdetections-DOB-1786779900.h5
deleting files 460 from previous block, which is now finished
block 1786780800 writing 455 detections /home/ionouser/ionozond_data2//2026-08-15/cdetections-DOB-1786780800.h5
reading /home/ionouser/chirpsounder2/my_station.ini
/dev/shm/hf25
found  511  files
block 1786781700 writing 507 detections /home/ionouser/ionozond_data2//2026-08-15/cdetections-DOB-1786781700.h5
reading /home/ionouser/chirpsounder2/my_station.ini
/dev/shm/hf25
found  608  files
block 1786781700 writing 604 detections /home/ionouser/ionozond_data2//2026-08-15/cdetections-DOB-1786781700.h5
reading /home/ionouser/chirpsounder2/my_station.ini
/dev/shm/hf25
found  615  files
block 1786781700 writing 611 detections /home/ionouser/ionozond_data2//2026-08-15/cdetections-DOB-1786781700.h5
reading /home/ionouser/chirpsounder2/my_station.ini
/dev/shm/hf25
found  621  files
block 1786781700 writing 617 detections /home/ionouser/ionozond_data2//2026-08-15/cdetections-DOB-1786781700.h5
reading /home/ionouser/chirpsounder2/my_station.ini
/dev/shm/hf25
found  628  files
block 1786781700 writing 624 detections /home/ionouser/ionozond_data2//2026-08-15/cdetections-DOB-1786781700.h5
reading /home/ionouser/chirpsounder2/my_station.ini
/dev/shm/hf25
found  696  files
block 1786781700 writing 692 detections /home/ionouser/ionozond_data2//2026-08-15/cdetections-DOB-1786781700.h5
reading /home/ionouser/chirpsounder2/my_station.ini
/dev/shm/hf25
found  776  files
block 1786781700 writing 772 detections /home/ionouser/ionozond_data2//2026-08-15/cdetections-DOB-1786781700.h5
reading /home/ionouser/chirpsounder2/my_station.ini
/dev/shm/hf25
found  784  files
block 1786781700 writing 780 detections /home/ionouser/ionozond_data2//2026-08-15/cdetections-DOB-1786781700.h5
reading /home/ionouser/chirpsounder2/my_station.ini
/dev/shm/hf25
found  786  files
block 1786781700 writing 782 detections /home/ionouser/ionozond_data2//2026-08-15/cdetections-DOB-1786781700.h5
reading /home/ionouser/chirpsounder2/my_station.ini
/dev/shm/hf25
found  796  files
block 1786781700 writing 792 detections /home/ionouser/ionozond_data2//2026-08-15/cdetections-DOB-1786781700.h5
reading /home/ionouser/chirpsounder2/my_station.ini
/dev/shm/hf25
found  867  files
block 1786781700 writing 863 detections /home/ionouser/ionozond_data2//2026-08-15/cdetections-DOB-1786781700.h5
couldn't post file /home/ionouser/ionozond_data2//2026-08-15/cdetections-DOB-1786781700.h5 to server: HTTPSConnectionPool(host='juha.no', port=443): Max retries exceeded with url: /upload.php (Caused by ProxyError('Cannot connect to proxy.', OSError('Tunnel connection failed: 503 Service Unavailable')))
reading /home/ionouser/chirpsounder2/my_station.ini
/dev/shm/hf25
found  929  files
block 1786781700 writing 925 detections /home/ionouser/ionozond_data2//2026-08-15/cdetections-DOB-1786781700.h5
reading /home/ionouser/chirpsounder2/my_station.ini
/dev/shm/hf25
found  939  files
block 1786780800 writing 456 detections /home/ionouser/ionozond_data2//2026-08-15/cdetections-DOB-1786780800.h5
deleting files 456 from previous block, which is now finished
block 1786782600 writing 479 detections /home/ionouser/ionozond_data2//2026-08-15/cdetections-DOB-1786782600.h5
reading /home/ionouser/chirpsounder2/my_station.ini
/dev/shm/hf25
found  511  files
block 1786782600 writing 507 detections /home/ionouser/ionozond_data2//2026-08-15/cdetections-DOB-1786782600.h5
reading /home/ionouser/chirpsounder2/my_station.ini
/dev/shm/hf25
found  588  files
block 1786782600 writing 584 detections /home/ionouser/ionozond_data2//2026-08-15/cdetections-DOB-1786782600.h5
reading /home/ionouser/chirpsounder2/my_station.ini
/dev/shm/hf25
found  620  files
block 1786782600 writing 616 detections /home/ionouser/ionozond_data2//2026-08-15/cdetections-DOB-1786782600.h5
reading /home/ionouser/chirpsounder2/my_station.ini
/dev/shm/hf25
found  620  files
block 1786782600 writing 616 detections /home/ionouser/ionozond_data2//2026-08-15/cdetections-DOB-1786782600.h5
reading /home/ionouser/chirpsounder2/my_station.ini
/dev/shm/hf25
found  625  files
block 1786782600 writing 621 detections /home/ionouser/ionozond_data2//2026-08-15/cdetections-DOB-1786782600.h5
reading /home/ionouser/chirpsounder2/my_station.ini
/dev/shm/hf25
found  663  files
block 1786782600 writing 659 detections /home/ionouser/ionozond_data2//2026-08-15/cdetections-DOB-1786782600.h5
reading /home/ionouser/chirpsounder2/my_station.ini
/dev/shm/hf25
found  743  files
block 1786782600 writing 739 detections /home/ionouser/ionozond_data2//2026-08-15/cdetections-DOB-1786782600.h5
reading /home/ionouser/chirpsounder2/my_station.ini
/dev/shm/hf25
found  765  files
block 1786782600 writing 761 detections /home/ionouser/ionozond_data2//2026-08-15/cdetections-DOB-1786782600.h5
reading /home/ionouser/chirpsounder2/my_station.ini
/dev/shm/hf25
found  768  files
block 1786782600 writing 764 detections /home/ionouser/ionozond_data2//2026-08-15/cdetections-DOB-1786782600.h5
reading /home/ionouser/chirpsounder2/my_station.ini
/dev/shm/hf25
found  773  files
block 1786782600 writing 769 detections /home/ionouser/ionozond_data2//2026-08-15/cdetections-DOB-1786782600.h5
reading /home/ionouser/chirpsounder2/my_station.ini
/dev/shm/hf25
found  829  files
block 1786782600 writing 825 detections /home/ionouser/ionozond_data2//2026-08-15/cdetections-DOB-1786782600.h5
reading /home/ionouser/chirpsounder2/my_station.ini
/dev/shm/hf25
found  895  files
block 1786782600 writing 891 detections /home/ionouser/ionozond_data2//2026-08-15/cdetections-DOB-1786782600.h5
reading /home/ionouser/chirpsounder2/my_station.ini
/dev/shm/hf25
found  902  files
block 1786782600 writing 898 detections /home/ionouser/ionozond_data2//2026-08-15/cdetections-DOB-1786782600.h5
reading /home/ionouser/chirpsounder2/my_station.ini
/dev/shm/hf25
found  905  files
block 1786781700 writing 478 detections /home/ionouser/ionozond_data2//2026-08-15/cdetections-DOB-1786781700.h5
deleting files 478 from previous block, which is now finished
block 1786782600 writing 423 detections /home/ionouser/ionozond_data2//2026-08-15/cdetections-DOB-1786782600.h5
reading /home/ionouser/chirpsounder2/my_station.ini
/dev/shm/hf25
found  445  files
block 1786783500 writing 441 detections /home/ionouser/ionozond_data2//2026-08-15/cdetections-DOB-1786783500.h5
reading /home/ionouser/chirpsounder2/my_station.ini
/dev/shm/hf25
found  519  files
block 1786783500 writing 515 detections /home/ionouser/ionozond_data2//2026-08-15/cdetections-DOB-1786783500.h5
reading /home/ionouser/chirpsounder2/my_station.ini
/dev/shm/hf25
found  563  files
block 1786783500 writing 559 detections /home/ionouser/ionozond_data2//2026-08-15/cdetections-DOB-1786783500.h5
reading /home/ionouser/chirpsounder2/my_station.ini
/dev/shm/hf25
found  577  files
block 1786783500 writing 573 detections /home/ionouser/ionozond_data2//2026-08-15/cdetections-DOB-1786783500.h5
reading /home/ionouser/chirpsounder2/my_station.ini
/dev/shm/hf25
found  582  files
block 1786783500 writing 578 detections /home/ionouser/ionozond_data2//2026-08-15/cdetections-DOB-1786783500.h5
reading /home/ionouser/chirpsounder2/my_station.ini
/dev/shm/hf25
found  611  files
block 1786783500 writing 607 detections /home/ionouser/ionozond_data2//2026-08-15/cdetections-DOB-1786783500.h5
reading /home/ionouser/chirpsounder2/my_station.ini
/dev/shm/hf25
found  693  files
block 1786783500 writing 689 detections /home/ionouser/ionozond_data2//2026-08-15/cdetections-DOB-1786783500.h5
reading /home/ionouser/chirpsounder2/my_station.ini
/dev/shm/hf25
found  716  files
block 1786783500 writing 712 detections /home/ionouser/ionozond_data2//2026-08-15/cdetections-DOB-1786783500.h5
reading /home/ionouser/chirpsounder2/my_station.ini
/dev/shm/hf25
found  729  files
block 1786783500 writing 725 detections /home/ionouser/ionozond_data2//2026-08-15/cdetections-DOB-1786783500.h5
reading /home/ionouser/chirpsounder2/my_station.ini
/dev/shm/hf25
found  735  files
block 1786783500 writing 731 detections /home/ionouser/ionozond_data2//2026-08-15/cdetections-DOB-1786783500.h5
reading /home/ionouser/chirpsounder2/my_station.ini
/dev/shm/hf25
found  776  files
block 1786783500 writing 772 detections /home/ionouser/ionozond_data2//2026-08-15/cdetections-DOB-1786783500.h5
reading /home/ionouser/chirpsounder2/my_station.ini
/dev/shm/hf25
found  861  files
block 1786783500 writing 857 detections /home/ionouser/ionozond_data2//2026-08-15/cdetections-DOB-1786783500.h5
reading /home/ionouser/chirpsounder2/my_station.ini
/dev/shm/hf25
found  874  files
block 1786783500 writing 870 detections /home/ionouser/ionozond_data2//2026-08-15/cdetections-DOB-1786783500.h5
reading /home/ionouser/chirpsounder2/my_station.ini
/dev/shm/hf25
found  880  files
block 1786783500 writing 876 detections /home/ionouser/ionozond_data2//2026-08-15/cdetections-DOB-1786783500.h5
reading /home/ionouser/chirpsounder2/my_station.ini
/dev/shm/hf25
found  887  files
block 1786782600 writing 427 detections /home/ionouser/ionozond_data2//2026-08-15/cdetections-DOB-1786782600.h5
deleting files 427 from previous block, which is now finished
block 1786784400 writing 456 detections /home/ionouser/ionozond_data2//2026-08-15/cdetections-DOB-1786784400.h5
reading /home/ionouser/chirpsounder2/my_station.ini
/dev/shm/hf25
found  523  files
block 1786784400 writing 519 detections /home/ionouser/ionozond_data2//2026-08-15/cdetections-DOB-1786784400.h5
reading /home/ionouser/chirpsounder2/my_station.ini
/dev/shm/hf25
found  580  files
block 1786784400 writing 576 detections /home/ionouser/ionozond_data2//2026-08-15/cdetections-DOB-1786784400.h5
reading /home/ionouser/chirpsounder2/my_station.ini
/dev/shm/hf25
found  594  files
block 1786784400 writing 590 detections /home/ionouser/ionozond_data2//2026-08-15/cdetections-DOB-1786784400.h5
reading /home/ionouser/chirpsounder2/my_station.ini
/dev/shm/hf25
found  604  files
block 1786784400 writing 600 detections /home/ionouser/ionozond_data2//2026-08-15/cdetections-DOB-1786784400.h5
reading /home/ionouser/chirpsounder2/my_station.ini
/dev/shm/hf25
found  619  files
block 1786784400 writing 615 detections /home/ionouser/ionozond_data2//2026-08-15/cdetections-DOB-1786784400.h5
reading /home/ionouser/chirpsounder2/my_station.ini
/dev/shm/hf25
found  687  files
block 1786784400 writing 683 detections /home/ionouser/ionozond_data2//2026-08-15/cdetections-DOB-1786784400.h5
reading /home/ionouser/chirpsounder2/my_station.ini
/dev/shm/hf25
found  722  files
block 1786784400 writing 718 detections /home/ionouser/ionozond_data2//2026-08-15/cdetections-DOB-1786784400.h5
reading /home/ionouser/chirpsounder2/my_station.ini
/dev/shm/hf25
found  734  files
block 1786784400 writing 730 detections /home/ionouser/ionozond_data2//2026-08-15/cdetections-DOB-1786784400.h5
reading /home/ionouser/chirpsounder2/my_station.ini
/dev/shm/hf25
found  744  files
block 1786784400 writing 740 detections /home/ionouser/ionozond_data2//2026-08-15/cdetections-DOB-1786784400.h5
reading /home/ionouser/chirpsounder2/my_station.ini
/dev/shm/hf25
found  768  files
block 1786784400 writing 764 detections /home/ionouser/ionozond_data2//2026-08-15/cdetections-DOB-1786784400.h5
reading /home/ionouser/chirpsounder2/my_station.ini
/dev/shm/hf25
found  848  files
block 1786784400 writing 844 detections /home/ionouser/ionozond_data2//2026-08-15/cdetections-DOB-1786784400.h5
reading /home/ionouser/chirpsounder2/my_station.ini
/dev/shm/hf25
found  868  files
block 1786784400 writing 864 detections /home/ionouser/ionozond_data2//2026-08-15/cdetections-DOB-1786784400.h5
reading /home/ionouser/chirpsounder2/my_station.ini
/dev/shm/hf25
found  879  files
block 1786784400 writing 875 detections /home/ionouser/ionozond_data2//2026-08-15/cdetections-DOB-1786784400.h5
reading /home/ionouser/chirpsounder2/my_station.ini
/dev/shm/hf25
found  883  files
block 1786783500 writing 454 detections /home/ionouser/ionozond_data2//2026-08-15/cdetections-DOB-1786783500.h5
deleting files 454 from previous block, which is now finished
block 1786784400 writing 425 detections /home/ionouser/ionozond_data2//2026-08-15/cdetections-DOB-1786784400.h5
reading /home/ionouser/chirpsounder2/my_station.ini
/dev/shm/hf25
found  474  files
block 1786785300 writing 470 detections /home/ionouser/ionozond_data2//2026-08-15/cdetections-DOB-1786785300.h5
reading /home/ionouser/chirpsounder2/my_station.ini
/dev/shm/hf25
found  547  files
block 1786785300 writing 543 detections /home/ionouser/ionozond_data2//2026-08-15/cdetections-DOB-1786785300.h5
reading /home/ionouser/chirpsounder2/my_station.ini
/dev/shm/hf25
found  562  files
block 1786785300 writing 558 detections /home/ionouser/ionozond_data2//2026-08-15/cdetections-DOB-1786785300.h5
reading /home/ionouser/chirpsounder2/my_station.ini
/dev/shm/hf25
found  567  files
block 1786785300 writing 563 detections /home/ionouser/ionozond_data2//2026-08-15/cdetections-DOB-1786785300.h5
reading /home/ionouser/chirpsounder2/my_station.ini
/dev/shm/hf25
found  573  files
block 1786785300 writing 569 detections /home/ionouser/ionozond_data2//2026-08-15/cdetections-DOB-1786785300.h5
reading /home/ionouser/chirpsounder2/my_station.ini
/dev/shm/hf25
found  633  files
block 1786785300 writing 629 detections /home/ionouser/ionozond_data2//2026-08-15/cdetections-DOB-1786785300.h5
reading /home/ionouser/chirpsounder2/my_station.ini
/dev/shm/hf25
found  684  files
block 1786785300 writing 680 detections /home/ionouser/ionozond_data2//2026-08-15/cdetections-DOB-1786785300.h5
reading /home/ionouser/chirpsounder2/my_station.ini
/dev/shm/hf25
found  696  files
block 1786785300 writing 692 detections /home/ionouser/ionozond_data2//2026-08-15/cdetections-DOB-1786785300.h5
reading /home/ionouser/chirpsounder2/my_station.ini
/dev/shm/hf25
found  697  files
block 1786785300 writing 693 detections /home/ionouser/ionozond_data2//2026-08-15/cdetections-DOB-1786785300.h5
reading /home/ionouser/chirpsounder2/my_station.ini
/dev/shm/hf25
found  712  files
block 1786785300 writing 708 detections /home/ionouser/ionozond_data2//2026-08-15/cdetections-DOB-1786785300.h5
reading /home/ionouser/chirpsounder2/my_station.ini
/dev/shm/hf25
found  786  files
block 1786785300 writing 782 detections /home/ionouser/ionozond_data2//2026-08-15/cdetections-DOB-1786785300.h5
reading /home/ionouser/chirpsounder2/my_station.ini
/dev/shm/hf25
found  825  files
block 1786785300 writing 821 detections /home/ionouser/ionozond_data2//2026-08-15/cdetections-DOB-1786785300.h5
reading /home/ionouser/chirpsounder2/my_station.ini
/dev/shm/hf25
found  843  files
block 1786785300 writing 839 detections /home/ionouser/ionozond_data2//2026-08-15/cdetections-DOB-1786785300.h5
reading /home/ionouser/chirpsounder2/my_station.ini
/dev/shm/hf25
found  847  files
block 1786784400 writing 427 detections /home/ionouser/ionozond_data2//2026-08-15/cdetections-DOB-1786784400.h5
deleting files 427 from previous block, which is now finished
block 1786785300 writing 416 detections /home/ionouser/ionozond_data2//2026-08-15/cdetections-DOB-1786785300.h5
reading /home/ionouser/chirpsounder2/my_station.ini
/dev/shm/hf25
found  452  files
block 1786786200 writing 448 detections /home/ionouser/ionozond_data2//2026-08-15/cdetections-DOB-1786786200.h5
reading /home/ionouser/chirpsounder2/my_station.ini
/dev/shm/hf25
found  530  files
block 1786786200 writing 526 detections /home/ionouser/ionozond_data2//2026-08-15/cdetections-DOB-1786786200.h5
reading /home/ionouser/chirpsounder2/my_station.ini
/dev/shm/hf25
found  546  files
block 1786786200 writing 542 detections /home/ionouser/ionozond_data2//2026-08-15/cdetections-DOB-1786786200.h5
reading /home/ionouser/chirpsounder2/my_station.ini
/dev/shm/hf25
found  561  files
block 1786786200 writing 557 detections /home/ionouser/ionozond_data2//2026-08-15/cdetections-DOB-1786786200.h5
reading /home/ionouser/chirpsounder2/my_station.ini
/dev/shm/hf25
found  572  files
block 1786786200 writing 568 detections /home/ionouser/ionozond_data2//2026-08-15/cdetections-DOB-1786786200.h5
reading /home/ionouser/chirpsounder2/my_station.ini
/dev/shm/hf25
found  605  files
block 1786786200 writing 601 detections /home/ionouser/ionozond_data2//2026-08-15/cdetections-DOB-1786786200.h5
reading /home/ionouser/chirpsounder2/my_station.ini
/dev/shm/hf25
found  680  files
block 1786786200 writing 676 detections /home/ionouser/ionozond_data2//2026-08-15/cdetections-DOB-1786786200.h5
reading /home/ionouser/chirpsounder2/my_station.ini
/dev/shm/hf25
found  686  files
block 1786786200 writing 682 detections /home/ionouser/ionozond_data2//2026-08-15/cdetections-DOB-1786786200.h5
reading /home/ionouser/chirpsounder2/my_station.ini
/dev/shm/hf25
found  689  files
block 1786786200 writing 685 detections /home/ionouser/ionozond_data2//2026-08-15/cdetections-DOB-1786786200.h5
reading /home/ionouser/chirpsounder2/my_station.ini
/dev/shm/hf25
found  696  files
block 1786786200 writing 692 detections /home/ionouser/ionozond_data2//2026-08-15/cdetections-DOB-1786786200.h5
reading /home/ionouser/chirpsounder2/my_station.ini
/dev/shm/hf25
found  748  files
block 1786786200 writing 744 detections /home/ionouser/ionozond_data2//2026-08-15/cdetections-DOB-1786786200.h5
reading /home/ionouser/chirpsounder2/my_station.ini
/dev/shm/hf25
found  809  files
block 1786786200 writing 805 detections /home/ionouser/ionozond_data2//2026-08-15/cdetections-DOB-1786786200.h5
reading /home/ionouser/chirpsounder2/my_station.ini
/dev/shm/hf25
found  820  files
block 1786786200 writing 816 detections /home/ionouser/ionozond_data2//2026-08-15/cdetections-DOB-1786786200.h5
reading /home/ionouser/chirpsounder2/my_station.ini
/dev/shm/hf25
found  827  files
block 1786785300 writing 418 detections /home/ionouser/ionozond_data2//2026-08-15/cdetections-DOB-1786785300.h5
deleting files 418 from previous block, which is now finished
block 1786786200 writing 405 detections /home/ionouser/ionozond_data2//2026-08-15/cdetections-DOB-1786786200.h5
reading /home/ionouser/chirpsounder2/my_station.ini
/dev/shm/hf25
found  429  files
block 1786787100 writing 425 detections /home/ionouser/ionozond_data2//2026-08-15/cdetections-DOB-1786787100.h5
reading /home/ionouser/chirpsounder2/my_station.ini
/dev/shm/hf25
found  503  files
block 1786787100 writing 499 detections /home/ionouser/ionozond_data2//2026-08-15/cdetections-DOB-1786787100.h5
reading /home/ionouser/chirpsounder2/my_station.ini
/dev/shm/hf25
found  541  files
block 1786787100 writing 537 detections /home/ionouser/ionozond_data2//2026-08-15/cdetections-DOB-1786787100.h5
reading /home/ionouser/chirpsounder2/my_station.ini
/dev/shm/hf25
found  555  files
block 1786787100 writing 551 detections /home/ionouser/ionozond_data2//2026-08-15/cdetections-DOB-1786787100.h5
reading /home/ionouser/chirpsounder2/my_station.ini
/dev/shm/hf25
found  577  files
block 1786787100 writing 573 detections /home/ionouser/ionozond_data2//2026-08-15/cdetections-DOB-1786787100.h5
reading /home/ionouser/chirpsounder2/my_station.ini
/dev/shm/hf25
found  606  files
block 1786787100 writing 602 detections /home/ionouser/ionozond_data2//2026-08-15/cdetections-DOB-1786787100.h5
reading /home/ionouser/chirpsounder2/my_station.ini
/dev/shm/hf25
found  681  files
block 1786787100 writing 677 detections /home/ionouser/ionozond_data2//2026-08-15/cdetections-DOB-1786787100.h5
reading /home/ionouser/chirpsounder2/my_station.ini
/dev/shm/hf25
found  703  files
block 1786787100 writing 699 detections /home/ionouser/ionozond_data2//2026-08-15/cdetections-DOB-1786787100.h5
reading /home/ionouser/chirpsounder2/my_station.ini
/dev/shm/hf25
found  712  files
block 1786787100 writing 708 detections /home/ionouser/ionozond_data2//2026-08-15/cdetections-DOB-1786787100.h5
reading /home/ionouser/chirpsounder2/my_station.ini
/dev/shm/hf25
found  724  files
block 1786787100 writing 720 detections /home/ionouser/ionozond_data2//2026-08-15/cdetections-DOB-1786787100.h5
reading /home/ionouser/chirpsounder2/my_station.ini
/dev/shm/hf25
found  759  files
block 1786787100 writing 755 detections /home/ionouser/ionozond_data2//2026-08-15/cdetections-DOB-1786787100.h5
reading /home/ionouser/chirpsounder2/my_station.ini
/dev/shm/hf25
found  829  files
block 1786787100 writing 825 detections /home/ionouser/ionozond_data2//2026-08-15/cdetections-DOB-1786787100.h5
reading /home/ionouser/chirpsounder2/my_station.ini
/dev/shm/hf25
found  855  files
block 1786787100 writing 851 detections /home/ionouser/ionozond_data2//2026-08-15/cdetections-DOB-1786787100.h5
reading /home/ionouser/chirpsounder2/my_station.ini
/dev/shm/hf25
found  864  files
block 1786787100 writing 860 detections /home/ionouser/ionozond_data2//2026-08-15/cdetections-DOB-1786787100.h5
reading /home/ionouser/chirpsounder2/my_station.ini
/dev/shm/hf25
found  874  files
block 1786786200 writing 409 detections /home/ionouser/ionozond_data2//2026-08-15/cdetections-DOB-1786786200.h5
deleting files 409 from previous block, which is now finished
block 1786788000 writing 461 detections /home/ionouser/ionozond_data2//2026-08-15/cdetections-DOB-1786788000.h5
reading /home/ionouser/chirpsounder2/my_station.ini
/dev/shm/hf25
found  519  files
block 1786788000 writing 515 detections /home/ionouser/ionozond_data2//2026-08-15/cdetections-DOB-1786788000.h5
reading /home/ionouser/chirpsounder2/my_station.ini
/dev/shm/hf25
found  575  files
block 1786788000 writing 571 detections /home/ionouser/ionozond_data2//2026-08-15/cdetections-DOB-1786788000.h5
reading /home/ionouser/chirpsounder2/my_station.ini
/dev/shm/hf25
found  590  files
block 1786788000 writing 586 detections /home/ionouser/ionozond_data2//2026-08-15/cdetections-DOB-1786788000.h5
reading /home/ionouser/chirpsounder2/my_station.ini
/dev/shm/hf25
found  602  files
block 1786788000 writing 598 detections /home/ionouser/ionozond_data2//2026-08-15/cdetections-DOB-1786788000.h5
reading /home/ionouser/chirpsounder2/my_station.ini
/dev/shm/hf25
found  630  files
block 1786788000 writing 626 detections /home/ionouser/ionozond_data2//2026-08-15/cdetections-DOB-1786788000.h5
reading /home/ionouser/chirpsounder2/my_station.ini
/dev/shm/hf25
found  704  files
block 1786788000 writing 700 detections /home/ionouser/ionozond_data2//2026-08-15/cdetections-DOB-1786788000.h5
reading /home/ionouser/chirpsounder2/my_station.ini
/dev/shm/hf25
found  747  files
block 1786788000 writing 743 detections /home/ionouser/ionozond_data2//2026-08-15/cdetections-DOB-1786788000.h5
reading /home/ionouser/chirpsounder2/my_station.ini
/dev/shm/hf25
found  763  files
block 1786788000 writing 759 detections /home/ionouser/ionozond_data2//2026-08-15/cdetections-DOB-1786788000.h5
reading /home/ionouser/chirpsounder2/my_station.ini
/dev/shm/hf25
found  784  files
block 1786788000 writing 780 detections /home/ionouser/ionozond_data2//2026-08-15/cdetections-DOB-1786788000.h5
reading /home/ionouser/chirpsounder2/my_station.ini
/dev/shm/hf25
found  803  files
block 1786788000 writing 799 detections /home/ionouser/ionozond_data2//2026-08-15/cdetections-DOB-1786788000.h5
reading /home/ionouser/chirpsounder2/my_station.ini
/dev/shm/hf25
found  880  files
block 1786788000 writing 876 detections /home/ionouser/ionozond_data2//2026-08-15/cdetections-DOB-1786788000.h5
reading /home/ionouser/chirpsounder2/my_station.ini
/dev/shm/hf25
found  910  files
block 1786788000 writing 906 detections /home/ionouser/ionozond_data2//2026-08-15/cdetections-DOB-1786788000.h5
reading /home/ionouser/chirpsounder2/my_station.ini
/dev/shm/hf25
found  940  files
block 1786788000 writing 936 detections /home/ionouser/ionozond_data2//2026-08-15/cdetections-DOB-1786788000.h5
reading /home/ionouser/chirpsounder2/my_station.ini
/dev/shm/hf25
found  963  files
block 1786787100 writing 460 detections /home/ionouser/ionozond_data2//2026-08-15/cdetections-DOB-1786787100.h5
deleting files 460 from previous block, which is now finished
block 1786788900 writing 499 detections /home/ionouser/ionozond_data2//2026-08-15/cdetections-DOB-1786788900.h5
reading /home/ionouser/chirpsounder2/my_station.ini
/dev/shm/hf25
found  567  files
block 1786788900 writing 563 detections /home/ionouser/ionozond_data2//2026-08-15/cdetections-DOB-1786788900.h5
reading /home/ionouser/chirpsounder2/my_station.ini
/dev/shm/hf25
found  645  files
block 1786788900 writing 641 detections /home/ionouser/ionozond_data2//2026-08-15/cdetections-DOB-1786788900.h5
reading /home/ionouser/chirpsounder2/my_station.ini
/dev/shm/hf25
found  669  files
block 1786788900 writing 665 detections /home/ionouser/ionozond_data2//2026-08-15/cdetections-DOB-1786788900.h5
reading /home/ionouser/chirpsounder2/my_station.ini
/dev/shm/hf25
found  693  files
block 1786788900 writing 689 detections /home/ionouser/ionozond_data2//2026-08-15/cdetections-DOB-1786788900.h5
reading /home/ionouser/chirpsounder2/my_station.ini
/dev/shm/hf25
found  716  files
block 1786788900 writing 712 detections /home/ionouser/ionozond_data2//2026-08-15/cdetections-DOB-1786788900.h5
reading /home/ionouser/chirpsounder2/my_station.ini
/dev/shm/hf25
found  793  files
block 1786788900 writing 789 detections /home/ionouser/ionozond_data2//2026-08-15/cdetections-DOB-1786788900.h5
reading /home/ionouser/chirpsounder2/my_station.ini
/dev/shm/hf25
found  851  files
block 1786788900 writing 847 detections /home/ionouser/ionozond_data2//2026-08-15/cdetections-DOB-1786788900.h5
reading /home/ionouser/chirpsounder2/my_station.ini
/dev/shm/hf25
found  872  files
block 1786788900 writing 868 detections /home/ionouser/ionozond_data2//2026-08-15/cdetections-DOB-1786788900.h5
reading /home/ionouser/chirpsounder2/my_station.ini
/dev/shm/hf25
found  888  files
block 1786788900 writing 884 detections /home/ionouser/ionozond_data2//2026-08-15/cdetections-DOB-1786788900.h5
reading /home/ionouser/chirpsounder2/my_station.ini
/dev/shm/hf25
found  921  files
block 1786788900 writing 917 detections /home/ionouser/ionozond_data2//2026-08-15/cdetections-DOB-1786788900.h5
reading /home/ionouser/chirpsounder2/my_station.ini
/dev/shm/hf25
found  1000  files
block 1786788900 writing 996 detections /home/ionouser/ionozond_data2//2026-08-15/cdetections-DOB-1786788900.h5
reading /home/ionouser/chirpsounder2/my_station.ini
/dev/shm/hf25
found  1034  files
block 1786788900 writing 1030 detections /home/ionouser/ionozond_data2//2026-08-15/cdetections-DOB-1786788900.h5
reading /home/ionouser/chirpsounder2/my_station.ini
/dev/shm/hf25
found  1048  files
block 1786788900 writing 1044 detections /home/ionouser/ionozond_data2//2026-08-15/cdetections-DOB-1786788900.h5
reading /home/ionouser/chirpsounder2/my_station.ini
/dev/shm/hf25
found  1079  files
block 1786788000 writing 491 detections /home/ionouser/ionozond_data2//2026-08-15/cdetections-DOB-1786788000.h5
deleting files 491 from previous block, which is now finished
block 1786789800 writing 584 detections /home/ionouser/ionozond_data2//2026-08-15/cdetections-DOB-1786789800.h5
reading /home/ionouser/chirpsounder2/my_station.ini
/dev/shm/hf25
found  648  files
block 1786789800 writing 644 detections /home/ionouser/ionozond_data2//2026-08-15/cdetections-DOB-1786789800.h5
reading /home/ionouser/chirpsounder2/my_station.ini
/dev/shm/hf25
found  740  files
block 1786789800 writing 736 detections /home/ionouser/ionozond_data2//2026-08-15/cdetections-DOB-1786789800.h5
reading /home/ionouser/chirpsounder2/my_station.ini
/dev/shm/hf25
found  760  files
block 1786789800 writing 756 detections /home/ionouser/ionozond_data2//2026-08-15/cdetections-DOB-1786789800.h5
reading /home/ionouser/chirpsounder2/my_station.ini
/dev/shm/hf25
found  777  files
block 1786789800 writing 773 detections /home/ionouser/ionozond_data2//2026-08-15/cdetections-DOB-1786789800.h5
reading /home/ionouser/chirpsounder2/my_station.ini
/dev/shm/hf25
found  791  files
block 1786789800 writing 787 detections /home/ionouser/ionozond_data2//2026-08-15/cdetections-DOB-1786789800.h5
reading /home/ionouser/chirpsounder2/my_station.ini
/dev/shm/hf25
found  859  files
block 1786789800 writing 855 detections /home/ionouser/ionozond_data2//2026-08-15/cdetections-DOB-1786789800.h5
reading /home/ionouser/chirpsounder2/my_station.ini
/dev/shm/hf25
found  954  files
block 1786789800 writing 950 detections /home/ionouser/ionozond_data2//2026-08-15/cdetections-DOB-1786789800.h5
reading /home/ionouser/chirpsounder2/my_station.ini
/dev/shm/hf25
found  972  files
block 1786789800 writing 968 detections /home/ionouser/ionozond_data2//2026-08-15/cdetections-DOB-1786789800.h5
reading /home/ionouser/chirpsounder2/my_station.ini
/dev/shm/hf25
found  982  files
block 1786789800 writing 978 detections /home/ionouser/ionozond_data2//2026-08-15/cdetections-DOB-1786789800.h5
reading /home/ionouser/chirpsounder2/my_station.ini
/dev/shm/hf25
found  1008  files
block 1786789800 writing 1004 detections /home/ionouser/ionozond_data2//2026-08-15/cdetections-DOB-1786789800.h5
reading /home/ionouser/chirpsounder2/my_station.ini
/dev/shm/hf25
found  1093  files
block 1786789800 writing 1089 detections /home/ionouser/ionozond_data2//2026-08-15/cdetections-DOB-1786789800.h5
reading /home/ionouser/chirpsounder2/my_station.ini
/dev/shm/hf25
found  1152  files
block 1786789800 writing 1148 detections /home/ionouser/ionozond_data2//2026-08-15/cdetections-DOB-1786789800.h5
reading /home/ionouser/chirpsounder2/my_station.ini
/dev/shm/hf25
found  1166  files
block 1786789800 writing 1162 detections /home/ionouser/ionozond_data2//2026-08-15/cdetections-DOB-1786789800.h5
reading /home/ionouser/chirpsounder2/my_station.ini
/dev/shm/hf25
found  1182  files
block 1786788900 writing 580 detections /home/ionouser/ionozond_data2//2026-08-15/cdetections-DOB-1786788900.h5
deleting files 580 from previous block, which is now finished
block 1786790700 writing 598 detections /home/ionouser/ionozond_data2//2026-08-15/cdetections-DOB-1786790700.h5
reading /home/ionouser/chirpsounder2/my_station.ini
/dev/shm/hf25
found  672  files
block 1786790700 writing 668 detections /home/ionouser/ionozond_data2//2026-08-15/cdetections-DOB-1786790700.h5
reading /home/ionouser/chirpsounder2/my_station.ini
/dev/shm/hf25
found  766  files
block 1786790700 writing 762 detections /home/ionouser/ionozond_data2//2026-08-15/cdetections-DOB-1786790700.h5
reading /home/ionouser/chirpsounder2/my_station.ini
/dev/shm/hf25
found  787  files
block 1786790700 writing 783 detections /home/ionouser/ionozond_data2//2026-08-15/cdetections-DOB-1786790700.h5
reading /home/ionouser/chirpsounder2/my_station.ini
/dev/shm/hf25
found  794  files
block 1786790700 writing 790 detections /home/ionouser/ionozond_data2//2026-08-15/cdetections-DOB-1786790700.h5
reading /home/ionouser/chirpsounder2/my_station.ini
/dev/shm/hf25
found  809  files
block 1786790700 writing 805 detections /home/ionouser/ionozond_data2//2026-08-15/cdetections-DOB-1786790700.h5
reading /home/ionouser/chirpsounder2/my_station.ini
/dev/shm/hf25
found  883  files
block 1786790700 writing 879 detections /home/ionouser/ionozond_data2//2026-08-15/cdetections-DOB-1786790700.h5
reading /home/ionouser/chirpsounder2/my_station.ini
/dev/shm/hf25
found  965  files
block 1786790700 writing 961 detections /home/ionouser/ionozond_data2//2026-08-15/cdetections-DOB-1786790700.h5
reading /home/ionouser/chirpsounder2/my_station.ini
/dev/shm/hf25
found  1000  files
block 1786790700 writing 996 detections /home/ionouser/ionozond_data2//2026-08-15/cdetections-DOB-1786790700.h5
reading /home/ionouser/chirpsounder2/my_station.ini
/dev/shm/hf25
found  1042  files
block 1786790700 writing 1038 detections /home/ionouser/ionozond_data2//2026-08-15/cdetections-DOB-1786790700.h5
reading /home/ionouser/chirpsounder2/my_station.ini
/dev/shm/hf25
found  1088  files
block 1786790700 writing 1084 detections /home/ionouser/ionozond_data2//2026-08-15/cdetections-DOB-1786790700.h5
reading /home/ionouser/chirpsounder2/my_station.ini
/dev/shm/hf25
found  1194  files
block 1786790700 writing 1190 detections /home/ionouser/ionozond_data2//2026-08-15/cdetections-DOB-1786790700.h5
reading /home/ionouser/chirpsounder2/my_station.ini
/dev/shm/hf25
found  1273  files
block 1786790700 writing 1269 detections /home/ionouser/ionozond_data2//2026-08-15/cdetections-DOB-1786790700.h5
reading /home/ionouser/chirpsounder2/my_station.ini
/dev/shm/hf25
found  1316  files
block 1786790700 writing 1312 detections /home/ionouser/ionozond_data2//2026-08-15/cdetections-DOB-1786790700.h5
reading /home/ionouser/chirpsounder2/my_station.ini
/dev/shm/hf25
found  1355  files
block 1786789800 writing 597 detections /home/ionouser/ionozond_data2//2026-08-15/cdetections-DOB-1786789800.h5
deleting files 597 from previous block, which is now finished
block 1786791600 writing 754 detections /home/ionouser/ionozond_data2//2026-08-15/cdetections-DOB-1786791600.h5
reading /home/ionouser/chirpsounder2/my_station.ini
/dev/shm/hf25
found  851  files
block 1786791600 writing 847 detections /home/ionouser/ionozond_data2//2026-08-15/cdetections-DOB-1786791600.h5
reading /home/ionouser/chirpsounder2/my_station.ini
/dev/shm/hf25
found  972  files
block 1786791600 writing 968 detections /home/ionouser/ionozond_data2//2026-08-15/cdetections-DOB-1786791600.h5
reading /home/ionouser/chirpsounder2/my_station.ini
/dev/shm/hf25
found  1024  files
block 1786791600 writing 1020 detections /home/ionouser/ionozond_data2//2026-08-15/cdetections-DOB-1786791600.h5
reading /home/ionouser/chirpsounder2/my_station.ini
/dev/shm/hf25
found  1059  files
block 1786791600 writing 1055 detections /home/ionouser/ionozond_data2//2026-08-15/cdetections-DOB-1786791600.h5
reading /home/ionouser/chirpsounder2/my_station.ini
/dev/shm/hf25
found  1102  files
block 1786791600 writing 1098 detections /home/ionouser/ionozond_data2//2026-08-15/cdetections-DOB-1786791600.h5
reading /home/ionouser/chirpsounder2/my_station.ini
/dev/shm/hf25
found  1195  files
block 1786791600 writing 1191 detections /home/ionouser/ionozond_data2//2026-08-15/cdetections-DOB-1786791600.h5
reading /home/ionouser/chirpsounder2/my_station.ini
/dev/shm/hf25
found  1289  files
block 1786791600 writing 1285 detections /home/ionouser/ionozond_data2//2026-08-15/cdetections-DOB-1786791600.h5
reading /home/ionouser/chirpsounder2/my_station.ini
/dev/shm/hf25
found  1331  files
block 1786791600 writing 1327 detections /home/ionouser/ionozond_data2//2026-08-15/cdetections-DOB-1786791600.h5
reading /home/ionouser/chirpsounder2/my_station.ini
/dev/shm/hf25
found  1389  files
block 1786791600 writing 1385 detections /home/ionouser/ionozond_data2//2026-08-15/cdetections-DOB-1786791600.h5
reading /home/ionouser/chirpsounder2/my_station.ini
/dev/shm/hf25
found  1443  files
block 1786791600 writing 1439 detections /home/ionouser/ionozond_data2//2026-08-15/cdetections-DOB-1786791600.h5
reading /home/ionouser/chirpsounder2/my_station.ini
/dev/shm/hf25
found  1555  files
block 1786791600 writing 1551 detections /home/ionouser/ionozond_data2//2026-08-15/cdetections-DOB-1786791600.h5
reading /home/ionouser/chirpsounder2/my_station.ini
/dev/shm/hf25
found  1623  files
block 1786791600 writing 1619 detections /home/ionouser/ionozond_data2//2026-08-15/cdetections-DOB-1786791600.h5
reading /home/ionouser/chirpsounder2/my_station.ini
/dev/shm/hf25
found  1658  files
block 1786791600 writing 1654 detections /home/ionouser/ionozond_data2//2026-08-15/cdetections-DOB-1786791600.h5
reading /home/ionouser/chirpsounder2/my_station.ini
/dev/shm/hf25
found  1692  files
block 1786790700 writing 744 detections /home/ionouser/ionozond_data2//2026-08-15/cdetections-DOB-1786790700.h5
deleting files 744 from previous block, which is now finished
block 1786792500 writing 944 detections /home/ionouser/ionozond_data2//2026-08-15/cdetections-DOB-1786792500.h5
reading /home/ionouser/chirpsounder2/my_station.ini
/dev/shm/hf25
found  1042  files
block 1786792500 writing 1038 detections /home/ionouser/ionozond_data2//2026-08-15/cdetections-DOB-1786792500.h5
reading /home/ionouser/chirpsounder2/my_station.ini
/dev/shm/hf25
found  1153  files
block 1786792500 writing 1149 detections /home/ionouser/ionozond_data2//2026-08-15/cdetections-DOB-1786792500.h5
reading /home/ionouser/chirpsounder2/my_station.ini
/dev/shm/hf25
found  1189  files
block 1786792500 writing 1185 detections /home/ionouser/ionozond_data2//2026-08-15/cdetections-DOB-1786792500.h5
reading /home/ionouser/chirpsounder2/my_station.ini
/dev/shm/hf25
found  1227  files
block 1786792500 writing 1223 detections /home/ionouser/ionozond_data2//2026-08-15/cdetections-DOB-1786792500.h5
reading /home/ionouser/chirpsounder2/my_station.ini
/dev/shm/hf25
found  1278  files
block 1786792500 writing 1274 detections /home/ionouser/ionozond_data2//2026-08-15/cdetections-DOB-1786792500.h5
reading /home/ionouser/chirpsounder2/my_station.ini
/dev/shm/hf25
found  1390  files
block 1786792500 writing 1386 detections /home/ionouser/ionozond_data2//2026-08-15/cdetections-DOB-1786792500.h5
reading /home/ionouser/chirpsounder2/my_station.ini
/dev/shm/hf25
found  1473  files
block 1786792500 writing 1469 detections /home/ionouser/ionozond_data2//2026-08-15/cdetections-DOB-1786792500.h5
reading /home/ionouser/chirpsounder2/my_station.ini
/dev/shm/hf25
found  1509  files
block 1786792500 writing 1505 detections /home/ionouser/ionozond_data2//2026-08-15/cdetections-DOB-1786792500.h5
reading /home/ionouser/chirpsounder2/my_station.ini
/dev/shm/hf25
found  1548  files
block 1786792500 writing 1544 detections /home/ionouser/ionozond_data2//2026-08-15/cdetections-DOB-1786792500.h5
reading /home/ionouser/chirpsounder2/my_station.ini
/dev/shm/hf25
found  1638  files
block 1786792500 writing 1634 detections /home/ionouser/ionozond_data2//2026-08-15/cdetections-DOB-1786792500.h5
reading /home/ionouser/chirpsounder2/my_station.ini
/dev/shm/hf25
found  1763  files
block 1786792500 writing 1759 detections /home/ionouser/ionozond_data2//2026-08-15/cdetections-DOB-1786792500.h5
reading /home/ionouser/chirpsounder2/my_station.ini
/dev/shm/hf25
found  1824  files
block 1786792500 writing 1820 detections /home/ionouser/ionozond_data2//2026-08-15/cdetections-DOB-1786792500.h5
reading /home/ionouser/chirpsounder2/my_station.ini
/dev/shm/hf25
found  1862  files
block 1786792500 writing 1858 detections /home/ionouser/ionozond_data2//2026-08-15/cdetections-DOB-1786792500.h5
reading /home/ionouser/chirpsounder2/my_station.ini
/dev/shm/hf25
found  1901  files
block 1786791600 writing 930 detections /home/ionouser/ionozond_data2//2026-08-15/cdetections-DOB-1786791600.h5
deleting files 930 from previous block, which is now finished
block 1786793400 writing 967 detections /home/ionouser/ionozond_data2//2026-08-15/cdetections-DOB-1786793400.h5
reading /home/ionouser/chirpsounder2/my_station.ini
/dev/shm/hf25
found  1099  files
block 1786793400 writing 1095 detections /home/ionouser/ionozond_data2//2026-08-15/cdetections-DOB-1786793400.h5
reading /home/ionouser/chirpsounder2/my_station.ini
/dev/shm/hf25
found  1185  files
block 1786793400 writing 1181 detections /home/ionouser/ionozond_data2//2026-08-15/cdetections-DOB-1786793400.h5
reading /home/ionouser/chirpsounder2/my_station.ini
/dev/shm/hf25
found  1241  files
block 1786793400 writing 1237 detections /home/ionouser/ionozond_data2//2026-08-15/cdetections-DOB-1786793400.h5
reading /home/ionouser/chirpsounder2/my_station.ini
/dev/shm/hf25
found  1281  files
block 1786793400 writing 1277 detections /home/ionouser/ionozond_data2//2026-08-15/cdetections-DOB-1786793400.h5
reading /home/ionouser/chirpsounder2/my_station.ini
/dev/shm/hf25
found  1345  files
block 1786793400 writing 1341 detections /home/ionouser/ionozond_data2//2026-08-15/cdetections-DOB-1786793400.h5
reading /home/ionouser/chirpsounder2/my_station.ini
/dev/shm/hf25
found  1463  files
block 1786793400 writing 1459 detections /home/ionouser/ionozond_data2//2026-08-15/cdetections-DOB-1786793400.h5
reading /home/ionouser/chirpsounder2/my_station.ini
/dev/shm/hf25
found  1528  files
block 1786793400 writing 1524 detections /home/ionouser/ionozond_data2//2026-08-15/cdetections-DOB-1786793400.h5
reading /home/ionouser/chirpsounder2/my_station.ini
/dev/shm/hf25
found  1564  files
block 1786793400 writing 1560 detections /home/ionouser/ionozond_data2//2026-08-15/cdetections-DOB-1786793400.h5
reading /home/ionouser/chirpsounder2/my_station.ini
/dev/shm/hf25
found  1608  files
block 1786793400 writing 1604 detections /home/ionouser/ionozond_data2//2026-08-15/cdetections-DOB-1786793400.h5
reading /home/ionouser/chirpsounder2/my_station.ini
/dev/shm/hf25
found  1721  files
block 1786793400 writing 1717 detections /home/ionouser/ionozond_data2//2026-08-15/cdetections-DOB-1786793400.h5
reading /home/ionouser/chirpsounder2/my_station.ini
/dev/shm/hf25
found  1840  files
block 1786793400 writing 1836 detections /home/ionouser/ionozond_data2//2026-08-15/cdetections-DOB-1786793400.h5
reading /home/ionouser/chirpsounder2/my_station.ini
/dev/shm/hf25
found  1890  files
block 1786793400 writing 1886 detections /home/ionouser/ionozond_data2//2026-08-15/cdetections-DOB-1786793400.h5
reading /home/ionouser/chirpsounder2/my_station.ini
/dev/shm/hf25
found  1929  files
block 1786792500 writing 938 detections /home/ionouser/ionozond_data2//2026-08-15/cdetections-DOB-1786792500.h5
deleting files 938 from previous block, which is now finished
block 1786794300 writing 987 detections /home/ionouser/ionozond_data2//2026-08-15/cdetections-DOB-1786794300.h5
reading /home/ionouser/chirpsounder2/my_station.ini
/dev/shm/hf25
found  1078  files
block 1786794300 writing 1074 detections /home/ionouser/ionozond_data2//2026-08-15/cdetections-DOB-1786794300.h5
reading /home/ionouser/chirpsounder2/my_station.ini
/dev/shm/hf25
found  1197  files
block 1786794300 writing 1193 detections /home/ionouser/ionozond_data2//2026-08-15/cdetections-DOB-1786794300.h5
reading /home/ionouser/chirpsounder2/my_station.ini
/dev/shm/hf25
found  1273  files
block 1786794300 writing 1269 detections /home/ionouser/ionozond_data2//2026-08-15/cdetections-DOB-1786794300.h5
reading /home/ionouser/chirpsounder2/my_station.ini
/dev/shm/hf25
found  1329  files
block 1786794300 writing 1325 detections /home/ionouser/ionozond_data2//2026-08-15/cdetections-DOB-1786794300.h5
reading /home/ionouser/chirpsounder2/my_station.ini
/dev/shm/hf25
found  1383  files
block 1786794300 writing 1379 detections /home/ionouser/ionozond_data2//2026-08-15/cdetections-DOB-1786794300.h5
reading /home/ionouser/chirpsounder2/my_station.ini
/dev/shm/hf25
found  1484  files
block 1786794300 writing 1480 detections /home/ionouser/ionozond_data2//2026-08-15/cdetections-DOB-1786794300.h5
reading /home/ionouser/chirpsounder2/my_station.ini
/dev/shm/hf25
found  1598  files
block 1786794300 writing 1594 detections /home/ionouser/ionozond_data2//2026-08-15/cdetections-DOB-1786794300.h5
reading /home/ionouser/chirpsounder2/my_station.ini
/dev/shm/hf25
found  1646  files
block 1786794300 writing 1642 detections /home/ionouser/ionozond_data2//2026-08-15/cdetections-DOB-1786794300.h5
reading /home/ionouser/chirpsounder2/my_station.ini
/dev/shm/hf25
found  1681  files
block 1786794300 writing 1677 detections /home/ionouser/ionozond_data2//2026-08-15/cdetections-DOB-1786794300.h5
reading /home/ionouser/chirpsounder2/my_station.ini
/dev/shm/hf25
found  1737  files
block 1786794300 writing 1733 detections /home/ionouser/ionozond_data2//2026-08-15/cdetections-DOB-1786794300.h5
reading /home/ionouser/chirpsounder2/my_station.ini
/dev/shm/hf25
found  1858  files
block 1786794300 writing 1854 detections /home/ionouser/ionozond_data2//2026-08-15/cdetections-DOB-1786794300.h5
reading /home/ionouser/chirpsounder2/my_station.ini
/dev/shm/hf25
found  1958  files
block 1786794300 writing 1954 detections /home/ionouser/ionozond_data2//2026-08-15/cdetections-DOB-1786794300.h5
reading /home/ionouser/chirpsounder2/my_station.ini
/dev/shm/hf25
found  2004  files
block 1786794300 writing 2000 detections /home/ionouser/ionozond_data2//2026-08-15/cdetections-DOB-1786794300.h5
reading /home/ionouser/chirpsounder2/my_station.ini
/dev/shm/hf25
found  2042  files
block 1786793400 writing 984 detections /home/ionouser/ionozond_data2//2026-08-15/cdetections-DOB-1786793400.h5
deleting files 984 from previous block, which is now finished
block 1786795200 writing 1054 detections /home/ionouser/ionozond_data2//2026-08-15/cdetections-DOB-1786795200.h5
reading /home/ionouser/chirpsounder2/my_station.ini
/dev/shm/hf25
found  1190  files
block 1786795200 writing 1186 detections /home/ionouser/ionozond_data2//2026-08-15/cdetections-DOB-1786795200.h5
reading /home/ionouser/chirpsounder2/my_station.ini
/dev/shm/hf25
found  1302  files
block 1786795200 writing 1298 detections /home/ionouser/ionozond_data2//2026-08-15/cdetections-DOB-1786795200.h5
reading /home/ionouser/chirpsounder2/my_station.ini
/dev/shm/hf25
found  1347  files
block 1786795200 writing 1343 detections /home/ionouser/ionozond_data2//2026-08-15/cdetections-DOB-1786795200.h5
reading /home/ionouser/chirpsounder2/my_station.ini
/dev/shm/hf25
found  1377  files
block 1786795200 writing 1373 detections /home/ionouser/ionozond_data2//2026-08-15/cdetections-DOB-1786795200.h5
reading /home/ionouser/chirpsounder2/my_station.ini
/dev/shm/hf25
found  1442  files
block 1786795200 writing 1438 detections /home/ionouser/ionozond_data2//2026-08-15/cdetections-DOB-1786795200.h5
reading /home/ionouser/chirpsounder2/my_station.ini
/dev/shm/hf25
found  1553  files
block 1786795200 writing 1549 detections /home/ionouser/ionozond_data2//2026-08-15/cdetections-DOB-1786795200.h5
reading /home/ionouser/chirpsounder2/my_station.ini
/dev/shm/hf25
found  1602  files
block 1786795200 writing 1598 detections /home/ionouser/ionozond_data2//2026-08-15/cdetections-DOB-1786795200.h5
reading /home/ionouser/chirpsounder2/my_station.ini
/dev/shm/hf25
found  1637  files
block 1786795200 writing 1633 detections /home/ionouser/ionozond_data2//2026-08-15/cdetections-DOB-1786795200.h5
reading /home/ionouser/chirpsounder2/my_station.ini
/dev/shm/hf25
found  1675  files
block 1786795200 writing 1671 detections /home/ionouser/ionozond_data2//2026-08-15/cdetections-DOB-1786795200.h5
reading /home/ionouser/chirpsounder2/my_station.ini
/dev/shm/hf25
found  1768  files
block 1786795200 writing 1764 detections /home/ionouser/ionozond_data2//2026-08-15/cdetections-DOB-1786795200.h5
reading /home/ionouser/chirpsounder2/my_station.ini
/dev/shm/hf25
found  1881  files
block 1786795200 writing 1877 detections /home/ionouser/ionozond_data2//2026-08-15/cdetections-DOB-1786795200.h5
reading /home/ionouser/chirpsounder2/my_station.ini
/dev/shm/hf25
found  1922  files
block 1786795200 writing 1918 detections /home/ionouser/ionozond_data2//2026-08-15/cdetections-DOB-1786795200.h5
reading /home/ionouser/chirpsounder2/my_station.ini
/dev/shm/hf25
found  1954  files
block 1786794300 writing 1033 detections /home/ionouser/ionozond_data2//2026-08-15/cdetections-DOB-1786794300.h5
deleting files 1033 from previous block, which is now finished
block 1786795200 writing 917 detections /home/ionouser/ionozond_data2//2026-08-15/cdetections-DOB-1786795200.h5
reading /home/ionouser/chirpsounder2/my_station.ini
/dev/shm/hf25
found  1021  files
block 1786796100 writing 1017 detections /home/ionouser/ionozond_data2//2026-08-15/cdetections-DOB-1786796100.h5
reading /home/ionouser/chirpsounder2/my_station.ini
/dev/shm/hf25
found  1135  files
block 1786796100 writing 1131 detections /home/ionouser/ionozond_data2//2026-08-15/cdetections-DOB-1786796100.h5
reading /home/ionouser/chirpsounder2/my_station.ini
/dev/shm/hf25
found  1196  files
block 1786796100 writing 1192 detections /home/ionouser/ionozond_data2//2026-08-15/cdetections-DOB-1786796100.h5
reading /home/ionouser/chirpsounder2/my_station.ini
/dev/shm/hf25
found  1227  files
block 1786796100 writing 1223 detections /home/ionouser/ionozond_data2//2026-08-15/cdetections-DOB-1786796100.h5
reading /home/ionouser/chirpsounder2/my_station.ini
/dev/shm/hf25
found  1265  files
block 1786796100 writing 1261 detections /home/ionouser/ionozond_data2//2026-08-15/cdetections-DOB-1786796100.h5
reading /home/ionouser/chirpsounder2/my_station.ini
/dev/shm/hf25
found  1366  files
block 1786796100 writing 1362 detections /home/ionouser/ionozond_data2//2026-08-15/cdetections-DOB-1786796100.h5
reading /home/ionouser/chirpsounder2/my_station.ini
/dev/shm/hf25
found  1479  files
block 1786796100 writing 1475 detections /home/ionouser/ionozond_data2//2026-08-15/cdetections-DOB-1786796100.h5
reading /home/ionouser/chirpsounder2/my_station.ini
/dev/shm/hf25
found  1537  files
block 1786796100 writing 1533 detections /home/ionouser/ionozond_data2//2026-08-15/cdetections-DOB-1786796100.h5
reading /home/ionouser/chirpsounder2/my_station.ini
/dev/shm/hf25
found  1572  files
block 1786796100 writing 1568 detections /home/ionouser/ionozond_data2//2026-08-15/cdetections-DOB-1786796100.h5
reading /home/ionouser/chirpsounder2/my_station.ini
/dev/shm/hf25
found  1630  files
block 1786796100 writing 1626 detections /home/ionouser/ionozond_data2//2026-08-15/cdetections-DOB-1786796100.h5
reading /home/ionouser/chirpsounder2/my_station.ini
/dev/shm/hf25
found  1743  files
block 1786796100 writing 1739 detections /home/ionouser/ionozond_data2//2026-08-15/cdetections-DOB-1786796100.h5
reading /home/ionouser/chirpsounder2/my_station.ini
/dev/shm/hf25
found  1818  files
block 1786796100 writing 1814 detections /home/ionouser/ionozond_data2//2026-08-15/cdetections-DOB-1786796100.h5
reading /home/ionouser/chirpsounder2/my_station.ini
/dev/shm/hf25
found  1855  files
block 1786796100 writing 1851 detections /home/ionouser/ionozond_data2//2026-08-15/cdetections-DOB-1786796100.h5
reading /home/ionouser/chirpsounder2/my_station.ini
/dev/shm/hf25
found  1897  files
block 1786795200 writing 918 detections /home/ionouser/ionozond_data2//2026-08-15/cdetections-DOB-1786795200.h5
deleting files 918 from previous block, which is now finished
block 1786797000 writing 975 detections /home/ionouser/ionozond_data2//2026-08-15/cdetections-DOB-1786797000.h5
reading /home/ionouser/chirpsounder2/my_station.ini
/dev/shm/hf25
found  1118  files
block 1786797000 writing 1114 detections /home/ionouser/ionozond_data2//2026-08-15/cdetections-DOB-1786797000.h5
reading /home/ionouser/chirpsounder2/my_station.ini
/dev/shm/hf25
found  1219  files
block 1786797000 writing 1215 detections /home/ionouser/ionozond_data2//2026-08-15/cdetections-DOB-1786797000.h5
reading /home/ionouser/chirpsounder2/my_station.ini
/dev/shm/hf25
found  1256  files
block 1786797000 writing 1252 detections /home/ionouser/ionozond_data2//2026-08-15/cdetections-DOB-1786797000.h5
reading /home/ionouser/chirpsounder2/my_station.ini
/dev/shm/hf25
found  1289  files
block 1786797000 writing 1285 detections /home/ionouser/ionozond_data2//2026-08-15/cdetections-DOB-1786797000.h5
reading /home/ionouser/chirpsounder2/my_station.ini
/dev/shm/hf25
found  1344  files
block 1786797000 writing 1340 detections /home/ionouser/ionozond_data2//2026-08-15/cdetections-DOB-1786797000.h5
reading /home/ionouser/chirpsounder2/my_station.ini
/dev/shm/hf25
found  1463  files
block 1786797000 writing 1459 detections /home/ionouser/ionozond_data2//2026-08-15/cdetections-DOB-1786797000.h5
reading /home/ionouser/chirpsounder2/my_station.ini
/dev/shm/hf25
found  1529  files
block 1786797000 writing 1525 detections /home/ionouser/ionozond_data2//2026-08-15/cdetections-DOB-1786797000.h5
reading /home/ionouser/chirpsounder2/my_station.ini
/dev/shm/hf25
found  1560  files
block 1786797000 writing 1556 detections /home/ionouser/ionozond_data2//2026-08-15/cdetections-DOB-1786797000.h5
reading /home/ionouser/chirpsounder2/my_station.ini
/dev/shm/hf25
found  1570  files
block 1786797000 writing 1566 detections /home/ionouser/ionozond_data2//2026-08-15/cdetections-DOB-1786797000.h5
reading /home/ionouser/chirpsounder2/my_station.ini
/dev/shm/hf25
found  1641  files
block 1786797000 writing 1637 detections /home/ionouser/ionozond_data2//2026-08-15/cdetections-DOB-1786797000.h5
reading /home/ionouser/chirpsounder2/my_station.ini
/dev/shm/hf25
found  1736  files
block 1786797000 writing 1732 detections /home/ionouser/ionozond_data2//2026-08-15/cdetections-DOB-1786797000.h5
reading /home/ionouser/chirpsounder2/my_station.ini
/dev/shm/hf25
found  1741  files
block 1786797000 writing 1737 detections /home/ionouser/ionozond_data2//2026-08-15/cdetections-DOB-1786797000.h5
reading /home/ionouser/chirpsounder2/my_station.ini
/dev/shm/hf25
found  1742  files
block 1786796100 writing 950 detections /home/ionouser/ionozond_data2//2026-08-15/cdetections-DOB-1786796100.h5
deleting files 950 from previous block, which is now finished
block 1786797000 writing 788 detections /home/ionouser/ionozond_data2//2026-08-15/cdetections-DOB-1786797000.h5
reading /home/ionouser/chirpsounder2/my_station.ini
/dev/shm/hf25
found  851  files
block 1786797900 writing 847 detections /home/ionouser/ionozond_data2//2026-08-15/cdetections-DOB-1786797900.h5
reading /home/ionouser/chirpsounder2/my_station.ini
/dev/shm/hf25
found  957  files
block 1786797900 writing 953 detections /home/ionouser/ionozond_data2//2026-08-15/cdetections-DOB-1786797900.h5
reading /home/ionouser/chirpsounder2/my_station.ini
/dev/shm/hf25
found  994  files
block 1786797900 writing 990 detections /home/ionouser/ionozond_data2//2026-08-15/cdetections-DOB-1786797900.h5
reading /home/ionouser/chirpsounder2/my_station.ini
/dev/shm/hf25
found  1004  files
block 1786797900 writing 1000 detections /home/ionouser/ionozond_data2//2026-08-15/cdetections-DOB-1786797900.h5
reading /home/ionouser/chirpsounder2/my_station.ini
/dev/shm/hf25
found  1013  files
block 1786797900 writing 1009 detections /home/ionouser/ionozond_data2//2026-08-15/cdetections-DOB-1786797900.h5
reading /home/ionouser/chirpsounder2/my_station.ini
/dev/shm/hf25
found  1081  files
block 1786797900 writing 1077 detections /home/ionouser/ionozond_data2//2026-08-15/cdetections-DOB-1786797900.h5
reading /home/ionouser/chirpsounder2/my_station.ini
/dev/shm/hf25
found  1176  files
block 1786797900 writing 1172 detections /home/ionouser/ionozond_data2//2026-08-15/cdetections-DOB-1786797900.h5
reading /home/ionouser/chirpsounder2/my_station.ini
/dev/shm/hf25
found  1209  files
block 1786797900 writing 1205 detections /home/ionouser/ionozond_data2//2026-08-15/cdetections-DOB-1786797900.h5
reading /home/ionouser/chirpsounder2/my_station.ini
/dev/shm/hf25
found  1234  files
block 1786797900 writing 1230 detections /home/ionouser/ionozond_data2//2026-08-15/cdetections-DOB-1786797900.h5
reading /home/ionouser/chirpsounder2/my_station.ini
/dev/shm/hf25
found  1252  files
block 1786797900 writing 1248 detections /home/ionouser/ionozond_data2//2026-08-15/cdetections-DOB-1786797900.h5
reading /home/ionouser/chirpsounder2/my_station.ini
/dev/shm/hf25
found  1329  files
block 1786797900 writing 1325 detections /home/ionouser/ionozond_data2//2026-08-15/cdetections-DOB-1786797900.h5
reading /home/ionouser/chirpsounder2/my_station.ini
/dev/shm/hf25
found  1393  files
block 1786797900 writing 1389 detections /home/ionouser/ionozond_data2//2026-08-15/cdetections-DOB-1786797900.h5
reading /home/ionouser/chirpsounder2/my_station.ini
/dev/shm/hf25
found  1404  files
block 1786797900 writing 1400 detections /home/ionouser/ionozond_data2//2026-08-15/cdetections-DOB-1786797900.h5
reading /home/ionouser/chirpsounder2/my_station.ini
/dev/shm/hf25
found  1408  files
block 1786797000 writing 792 detections /home/ionouser/ionozond_data2//2026-08-15/cdetections-DOB-1786797000.h5
deleting files 792 from previous block, which is now finished
block 1786797900 writing 612 detections /home/ionouser/ionozond_data2//2026-08-15/cdetections-DOB-1786797900.h5
reading /home/ionouser/chirpsounder2/my_station.ini
/dev/shm/hf25
found  705  files
block 1786798800 writing 701 detections /home/ionouser/ionozond_data2//2026-08-15/cdetections-DOB-1786798800.h5
reading /home/ionouser/chirpsounder2/my_station.ini
/dev/shm/hf25
found  815  files
block 1786798800 writing 811 detections /home/ionouser/ionozond_data2//2026-08-15/cdetections-DOB-1786798800.h5
reading /home/ionouser/chirpsounder2/my_station.ini
/dev/shm/hf25
found  826  files
block 1786798800 writing 822 detections /home/ionouser/ionozond_data2//2026-08-15/cdetections-DOB-1786798800.h5
reading /home/ionouser/chirpsounder2/my_station.ini
/dev/shm/hf25
found  828  files
block 1786798800 writing 824 detections /home/ionouser/ionozond_data2//2026-08-15/cdetections-DOB-1786798800.h5
reading /home/ionouser/chirpsounder2/my_station.ini
/dev/shm/hf25
found  843  files
block 1786798800 writing 839 detections /home/ionouser/ionozond_data2//2026-08-15/cdetections-DOB-1786798800.h5
reading /home/ionouser/chirpsounder2/my_station.ini
/dev/shm/hf25
found  912  files
block 1786798800 writing 908 detections /home/ionouser/ionozond_data2//2026-08-15/cdetections-DOB-1786798800.h5
reading /home/ionouser/chirpsounder2/my_station.ini
/dev/shm/hf25
found  990  files
block 1786798800 writing 986 detections /home/ionouser/ionozond_data2//2026-08-15/cdetections-DOB-1786798800.h5
reading /home/ionouser/chirpsounder2/my_station.ini
/dev/shm/hf25
found  1023  files
block 1786798800 writing 1019 detections /home/ionouser/ionozond_data2//2026-08-15/cdetections-DOB-1786798800.h5
reading /home/ionouser/chirpsounder2/my_station.ini
/dev/shm/hf25
found  1049  files
block 1786798800 writing 1045 detections /home/ionouser/ionozond_data2//2026-08-15/cdetections-DOB-1786798800.h5
reading /home/ionouser/chirpsounder2/my_station.ini
/dev/shm/hf25
found  1084  files
block 1786798800 writing 1080 detections /home/ionouser/ionozond_data2//2026-08-15/cdetections-DOB-1786798800.h5
reading /home/ionouser/chirpsounder2/my_station.ini
/dev/shm/hf25
found  1179  files
block 1786798800 writing 1175 detections /home/ionouser/ionozond_data2//2026-08-15/cdetections-DOB-1786798800.h5
reading /home/ionouser/chirpsounder2/my_station.ini
/dev/shm/hf25
found  1235  files
block 1786798800 writing 1231 detections /home/ionouser/ionozond_data2//2026-08-15/cdetections-DOB-1786798800.h5
reading /home/ionouser/chirpsounder2/my_station.ini
/dev/shm/hf25
found  1242  files
block 1786798800 writing 1238 detections /home/ionouser/ionozond_data2//2026-08-15/cdetections-DOB-1786798800.h5
reading /home/ionouser/chirpsounder2/my_station.ini
/dev/shm/hf25
found  1246  files
block 1786797900 writing 615 detections /home/ionouser/ionozond_data2//2026-08-15/cdetections-DOB-1786797900.h5
deleting files 615 from previous block, which is now finished
block 1786798800 writing 627 detections /home/ionouser/ionozond_data2//2026-08-15/cdetections-DOB-1786798800.h5
reading /home/ionouser/chirpsounder2/my_station.ini
/dev/shm/hf25
found  719  files
block 1786799700 writing 715 detections /home/ionouser/ionozond_data2//2026-08-15/cdetections-DOB-1786799700.h5
reading /home/ionouser/chirpsounder2/my_station.ini
/dev/shm/hf25
found  830  files
block 1786799700 writing 826 detections /home/ionouser/ionozond_data2//2026-08-15/cdetections-DOB-1786799700.h5
reading /home/ionouser/chirpsounder2/my_station.ini
/dev/shm/hf25
found  878  files
block 1786799700 writing 874 detections /home/ionouser/ionozond_data2//2026-08-15/cdetections-DOB-1786799700.h5
reading /home/ionouser/chirpsounder2/my_station.ini
/dev/shm/hf25
found  887  files
block 1786799700 writing 883 detections /home/ionouser/ionozond_data2//2026-08-15/cdetections-DOB-1786799700.h5
reading /home/ionouser/chirpsounder2/my_station.ini
/dev/shm/hf25
found  902  files
block 1786799700 writing 898 detections /home/ionouser/ionozond_data2//2026-08-15/cdetections-DOB-1786799700.h5
reading /home/ionouser/chirpsounder2/my_station.ini
/dev/shm/hf25
found  984  files
block 1786799700 writing 980 detections /home/ionouser/ionozond_data2//2026-08-15/cdetections-DOB-1786799700.h5
reading /home/ionouser/chirpsounder2/my_station.ini
/dev/shm/hf25
found  1065  files
block 1786799700 writing 1061 detections /home/ionouser/ionozond_data2//2026-08-15/cdetections-DOB-1786799700.h5
reading /home/ionouser/chirpsounder2/my_station.ini
/dev/shm/hf25
found  1104  files
block 1786799700 writing 1100 detections /home/ionouser/ionozond_data2//2026-08-15/cdetections-DOB-1786799700.h5
reading /home/ionouser/chirpsounder2/my_station.ini
/dev/shm/hf25
found  1127  files
block 1786799700 writing 1123 detections /home/ionouser/ionozond_data2//2026-08-15/cdetections-DOB-1786799700.h5
reading /home/ionouser/chirpsounder2/my_station.ini
/dev/shm/hf25
found  1154  files
block 1786799700 writing 1150 detections /home/ionouser/ionozond_data2//2026-08-15/cdetections-DOB-1786799700.h5
reading /home/ionouser/chirpsounder2/my_station.ini
/dev/shm/hf25
found  1244  files
block 1786799700 writing 1240 detections /home/ionouser/ionozond_data2//2026-08-15/cdetections-DOB-1786799700.h5
reading /home/ionouser/chirpsounder2/my_station.ini
/dev/shm/hf25
found  1315  files
block 1786799700 writing 1311 detections /home/ionouser/ionozond_data2//2026-08-15/cdetections-DOB-1786799700.h5
reading /home/ionouser/chirpsounder2/my_station.ini
/dev/shm/hf25
found  1330  files
block 1786799700 writing 1326 detections /home/ionouser/ionozond_data2//2026-08-15/cdetections-DOB-1786799700.h5
reading /home/ionouser/chirpsounder2/my_station.ini
/dev/shm/hf25
found  1341  files
block 1786798800 writing 631 detections /home/ionouser/ionozond_data2//2026-08-15/cdetections-DOB-1786798800.h5
deleting files 631 from previous block, which is now finished
block 1786799700 writing 706 detections /home/ionouser/ionozond_data2//2026-08-15/cdetections-DOB-1786799700.h5
reading /home/ionouser/chirpsounder2/my_station.ini
/dev/shm/hf25
found  805  files
block 1786800600 writing 801 detections /home/ionouser/ionozond_data2//2026-08-15/cdetections-DOB-1786800600.h5
reading /home/ionouser/chirpsounder2/my_station.ini
/dev/shm/hf25
found  928  files
block 1786800600 writing 924 detections /home/ionouser/ionozond_data2//2026-08-15/cdetections-DOB-1786800600.h5
reading /home/ionouser/chirpsounder2/my_station.ini
/dev/shm/hf25
found  962  files
block 1786800600 writing 958 detections /home/ionouser/ionozond_data2//2026-08-15/cdetections-DOB-1786800600.h5
reading /home/ionouser/chirpsounder2/my_station.ini
/dev/shm/hf25
found  968  files
block 1786800600 writing 964 detections /home/ionouser/ionozond_data2//2026-08-15/cdetections-DOB-1786800600.h5
reading /home/ionouser/chirpsounder2/my_station.ini
/dev/shm/hf25
found  989  files
block 1786800600 writing 985 detections /home/ionouser/ionozond_data2//2026-08-15/cdetections-DOB-1786800600.h5
reading /home/ionouser/chirpsounder2/my_station.ini
/dev/shm/hf25
found  1074  files
block 1786800600 writing 1070 detections /home/ionouser/ionozond_data2//2026-08-15/cdetections-DOB-1786800600.h5
reading /home/ionouser/chirpsounder2/my_station.ini
/dev/shm/hf25
found  1165  files
block 1786800600 writing 1161 detections /home/ionouser/ionozond_data2//2026-08-15/cdetections-DOB-1786800600.h5
reading /home/ionouser/chirpsounder2/my_station.ini
/dev/shm/hf25
found  1206  files
block 1786800600 writing 1202 detections /home/ionouser/ionozond_data2//2026-08-15/cdetections-DOB-1786800600.h5
reading /home/ionouser/chirpsounder2/my_station.ini
/dev/shm/hf25
found  1236  files
block 1786800600 writing 1232 detections /home/ionouser/ionozond_data2//2026-08-15/cdetections-DOB-1786800600.h5
reading /home/ionouser/chirpsounder2/my_station.ini
/dev/shm/hf25
found  1284  files
block 1786800600 writing 1280 detections /home/ionouser/ionozond_data2//2026-08-15/cdetections-DOB-1786800600.h5
reading /home/ionouser/chirpsounder2/my_station.ini
/dev/shm/hf25
found  1379  files
block 1786800600 writing 1375 detections /home/ionouser/ionozond_data2//2026-08-15/cdetections-DOB-1786800600.h5
reading /home/ionouser/chirpsounder2/my_station.ini
/dev/shm/hf25
found  1420  files
block 1786800600 writing 1416 detections /home/ionouser/ionozond_data2//2026-08-15/cdetections-DOB-1786800600.h5
reading /home/ionouser/chirpsounder2/my_station.ini
/dev/shm/hf25
found  1433  files
block 1786800600 writing 1429 detections /home/ionouser/ionozond_data2//2026-08-15/cdetections-DOB-1786800600.h5
reading /home/ionouser/chirpsounder2/my_station.ini
/dev/shm/hf25
found  1445  files
block 1786799700 writing 706 detections /home/ionouser/ionozond_data2//2026-08-15/cdetections-DOB-1786799700.h5
deleting files 706 from previous block, which is now finished
block 1786801500 writing 735 detections /home/ionouser/ionozond_data2//2026-08-15/cdetections-DOB-1786801500.h5
reading /home/ionouser/chirpsounder2/my_station.ini
/dev/shm/hf25
found  847  files
block 1786801500 writing 843 detections /home/ionouser/ionozond_data2//2026-08-15/cdetections-DOB-1786801500.h5
reading /home/ionouser/chirpsounder2/my_station.ini
/dev/shm/hf25
found  946  files
block 1786801500 writing 942 detections /home/ionouser/ionozond_data2//2026-08-15/cdetections-DOB-1786801500.h5
reading /home/ionouser/chirpsounder2/my_station.ini
/dev/shm/hf25
found  959  files
block 1786801500 writing 955 detections /home/ionouser/ionozond_data2//2026-08-15/cdetections-DOB-1786801500.h5
reading /home/ionouser/chirpsounder2/my_station.ini
/dev/shm/hf25
found  967  files
block 1786801500 writing 963 detections /home/ionouser/ionozond_data2//2026-08-15/cdetections-DOB-1786801500.h5
reading /home/ionouser/chirpsounder2/my_station.ini
/dev/shm/hf25
found  997  files
block 1786801500 writing 993 detections /home/ionouser/ionozond_data2//2026-08-15/cdetections-DOB-1786801500.h5
reading /home/ionouser/chirpsounder2/my_station.ini
/dev/shm/hf25
found  1086  files
block 1786801500 writing 1082 detections /home/ionouser/ionozond_data2//2026-08-15/cdetections-DOB-1786801500.h5
reading /home/ionouser/chirpsounder2/my_station.ini
/dev/shm/hf25
found  1156  files
block 1786801500 writing 1152 detections /home/ionouser/ionozond_data2//2026-08-15/cdetections-DOB-1786801500.h5
reading /home/ionouser/chirpsounder2/my_station.ini
/dev/shm/hf25
found  1192  files
block 1786801500 writing 1188 detections /home/ionouser/ionozond_data2//2026-08-15/cdetections-DOB-1786801500.h5
reading /home/ionouser/chirpsounder2/my_station.ini
/dev/shm/hf25
found  1219  files
block 1786801500 writing 1215 detections /home/ionouser/ionozond_data2//2026-08-15/cdetections-DOB-1786801500.h5
reading /home/ionouser/chirpsounder2/my_station.ini
/dev/shm/hf25
found  1270  files
block 1786801500 writing 1266 detections /home/ionouser/ionozond_data2//2026-08-15/cdetections-DOB-1786801500.h5
reading /home/ionouser/chirpsounder2/my_station.ini
/dev/shm/hf25
found  1366  files
block 1786801500 writing 1362 detections /home/ionouser/ionozond_data2//2026-08-15/cdetections-DOB-1786801500.h5
reading /home/ionouser/chirpsounder2/my_station.ini
/dev/shm/hf25
found  1392  files
block 1786801500 writing 1388 detections /home/ionouser/ionozond_data2//2026-08-15/cdetections-DOB-1786801500.h5
reading /home/ionouser/chirpsounder2/my_station.ini
/dev/shm/hf25
found  1419  files
block 1786801500 writing 1415 detections /home/ionouser/ionozond_data2//2026-08-15/cdetections-DOB-1786801500.h5
reading /home/ionouser/chirpsounder2/my_station.ini
/dev/shm/hf25
found  1440  files
block 1786800600 writing 730 detections /home/ionouser/ionozond_data2//2026-08-15/cdetections-DOB-1786800600.h5
deleting files 730 from previous block, which is now finished
block 1786802400 writing 706 detections /home/ionouser/ionozond_data2//2026-08-15/cdetections-DOB-1786802400.h5
reading /home/ionouser/chirpsounder2/my_station.ini
/dev/shm/hf25
found  834  files
block 1786802400 writing 830 detections /home/ionouser/ionozond_data2//2026-08-15/cdetections-DOB-1786802400.h5
reading /home/ionouser/chirpsounder2/my_station.ini
/dev/shm/hf25
found  905  files
block 1786802400 writing 901 detections /home/ionouser/ionozond_data2//2026-08-15/cdetections-DOB-1786802400.h5
reading /home/ionouser/chirpsounder2/my_station.ini
/dev/shm/hf25
found  913  files
block 1786802400 writing 909 detections /home/ionouser/ionozond_data2//2026-08-15/cdetections-DOB-1786802400.h5
reading /home/ionouser/chirpsounder2/my_station.ini
/dev/shm/hf25
found  922  files
block 1786802400 writing 918 detections /home/ionouser/ionozond_data2//2026-08-15/cdetections-DOB-1786802400.h5
reading /home/ionouser/chirpsounder2/my_station.ini
/dev/shm/hf25
found  964  files
block 1786802400 writing 960 detections /home/ionouser/ionozond_data2//2026-08-15/cdetections-DOB-1786802400.h5
reading /home/ionouser/chirpsounder2/my_station.ini
/dev/shm/hf25
found  1058  files
block 1786802400 writing 1054 detections /home/ionouser/ionozond_data2//2026-08-15/cdetections-DOB-1786802400.h5
reading /home/ionouser/chirpsounder2/my_station.ini
/dev/shm/hf25
found  1112  files
block 1786802400 writing 1108 detections /home/ionouser/ionozond_data2//2026-08-15/cdetections-DOB-1786802400.h5
reading /home/ionouser/chirpsounder2/my_station.ini
/dev/shm/hf25
found  1147  files
block 1786802400 writing 1143 detections /home/ionouser/ionozond_data2//2026-08-15/cdetections-DOB-1786802400.h5
reading /home/ionouser/chirpsounder2/my_station.ini
/dev/shm/hf25
found  1169  files
block 1786802400 writing 1165 detections /home/ionouser/ionozond_data2//2026-08-15/cdetections-DOB-1786802400.h5
reading /home/ionouser/chirpsounder2/my_station.ini
/dev/shm/hf25
found  1229  files
block 1786802400 writing 1225 detections /home/ionouser/ionozond_data2//2026-08-15/cdetections-DOB-1786802400.h5
reading /home/ionouser/chirpsounder2/my_station.ini
/dev/shm/hf25
found  1319  files
block 1786802400 writing 1315 detections /home/ionouser/ionozond_data2//2026-08-15/cdetections-DOB-1786802400.h5
reading /home/ionouser/chirpsounder2/my_station.ini
/dev/shm/hf25
found  1365  files
block 1786802400 writing 1361 detections /home/ionouser/ionozond_data2//2026-08-15/cdetections-DOB-1786802400.h5
reading /home/ionouser/chirpsounder2/my_station.ini
/dev/shm/hf25
found  1372  files
block 1786802400 writing 1368 detections /home/ionouser/ionozond_data2//2026-08-15/cdetections-DOB-1786802400.h5
reading /home/ionouser/chirpsounder2/my_station.ini
/dev/shm/hf25
found  1409  files
block 1786801500 writing 690 detections /home/ionouser/ionozond_data2//2026-08-15/cdetections-DOB-1786801500.h5
deleting files 690 from previous block, which is now finished
block 1786803300 writing 715 detections /home/ionouser/ionozond_data2//2026-08-15/cdetections-DOB-1786803300.h5
reading /home/ionouser/chirpsounder2/my_station.ini
/dev/shm/hf25
found  848  files
block 1786803300 writing 844 detections /home/ionouser/ionozond_data2//2026-08-15/cdetections-DOB-1786803300.h5
reading /home/ionouser/chirpsounder2/my_station.ini
/dev/shm/hf25
found  919  files
block 1786803300 writing 915 detections /home/ionouser/ionozond_data2//2026-08-15/cdetections-DOB-1786803300.h5
reading /home/ionouser/chirpsounder2/my_station.ini
/dev/shm/hf25
found  921  files
block 1786803300 writing 917 detections /home/ionouser/ionozond_data2//2026-08-15/cdetections-DOB-1786803300.h5
reading /home/ionouser/chirpsounder2/my_station.ini
/dev/shm/hf25
found  933  files
block 1786803300 writing 929 detections /home/ionouser/ionozond_data2//2026-08-15/cdetections-DOB-1786803300.h5
reading /home/ionouser/chirpsounder2/my_station.ini
/dev/shm/hf25
found  989  files
block 1786803300 writing 985 detections /home/ionouser/ionozond_data2//2026-08-15/cdetections-DOB-1786803300.h5
reading /home/ionouser/chirpsounder2/my_station.ini
/dev/shm/hf25
found  1081  files
block 1786803300 writing 1077 detections /home/ionouser/ionozond_data2//2026-08-15/cdetections-DOB-1786803300.h5
reading /home/ionouser/chirpsounder2/my_station.ini
/dev/shm/hf25
found  1138  files
block 1786803300 writing 1134 detections /home/ionouser/ionozond_data2//2026-08-15/cdetections-DOB-1786803300.h5
reading /home/ionouser/chirpsounder2/my_station.ini
/dev/shm/hf25
found  1171  files
block 1786803300 writing 1167 detections /home/ionouser/ionozond_data2//2026-08-15/cdetections-DOB-1786803300.h5
reading /home/ionouser/chirpsounder2/my_station.ini
/dev/shm/hf25
found  1198  files
block 1786803300 writing 1194 detections /home/ionouser/ionozond_data2//2026-08-15/cdetections-DOB-1786803300.h5
reading /home/ionouser/chirpsounder2/my_station.ini
/dev/shm/hf25
found  1276  files
block 1786803300 writing 1272 detections /home/ionouser/ionozond_data2//2026-08-15/cdetections-DOB-1786803300.h5
reading /home/ionouser/chirpsounder2/my_station.ini
/dev/shm/hf25
found  1371  files
block 1786803300 writing 1367 detections /home/ionouser/ionozond_data2//2026-08-15/cdetections-DOB-1786803300.h5
reading /home/ionouser/chirpsounder2/my_station.ini
/dev/shm/hf25
found  1384  files
block 1786803300 writing 1380 detections /home/ionouser/ionozond_data2//2026-08-15/cdetections-DOB-1786803300.h5
reading /home/ionouser/chirpsounder2/my_station.ini
/dev/shm/hf25
found  1394  files
block 1786803300 writing 1390 detections /home/ionouser/ionozond_data2//2026-08-15/cdetections-DOB-1786803300.h5
reading /home/ionouser/chirpsounder2/my_station.ini
/dev/shm/hf25
found  1440  files
block 1786802400 writing 687 detections /home/ionouser/ionozond_data2//2026-08-15/cdetections-DOB-1786802400.h5
deleting files 687 from previous block, which is now finished
block 1786804200 writing 749 detections /home/ionouser/ionozond_data2//2026-08-15/cdetections-DOB-1786804200.h5
reading /home/ionouser/chirpsounder2/my_station.ini
/dev/shm/hf25
found  905  files
block 1786804200 writing 901 detections /home/ionouser/ionozond_data2//2026-08-15/cdetections-DOB-1786804200.h5
reading /home/ionouser/chirpsounder2/my_station.ini
/dev/shm/hf25
found  943  files
block 1786804200 writing 939 detections /home/ionouser/ionozond_data2//2026-08-15/cdetections-DOB-1786804200.h5
reading /home/ionouser/chirpsounder2/my_station.ini
/dev/shm/hf25
found  949  files
block 1786804200 writing 945 detections /home/ionouser/ionozond_data2//2026-08-15/cdetections-DOB-1786804200.h5
reading /home/ionouser/chirpsounder2/my_station.ini
/dev/shm/hf25
found  960  files
block 1786804200 writing 956 detections /home/ionouser/ionozond_data2//2026-08-15/cdetections-DOB-1786804200.h5
reading /home/ionouser/chirpsounder2/my_station.ini
/dev/shm/hf25
found  1029  files
block 1786804200 writing 1025 detections /home/ionouser/ionozond_data2//2026-08-15/cdetections-DOB-1786804200.h5
reading /home/ionouser/chirpsounder2/my_station.ini
/dev/shm/hf25
found  1116  files
block 1786804200 writing 1112 detections /home/ionouser/ionozond_data2//2026-08-15/cdetections-DOB-1786804200.h5
reading /home/ionouser/chirpsounder2/my_station.ini
/dev/shm/hf25
found  1152  files
block 1786804200 writing 1148 detections /home/ionouser/ionozond_data2//2026-08-15/cdetections-DOB-1786804200.h5
reading /home/ionouser/chirpsounder2/my_station.ini
/dev/shm/hf25
found  1184  files
block 1786804200 writing 1180 detections /home/ionouser/ionozond_data2//2026-08-15/cdetections-DOB-1786804200.h5
reading /home/ionouser/chirpsounder2/my_station.ini
/dev/shm/hf25
found  1207  files
block 1786804200 writing 1203 detections /home/ionouser/ionozond_data2//2026-08-15/cdetections-DOB-1786804200.h5
reading /home/ionouser/chirpsounder2/my_station.ini
/dev/shm/hf25
found  1294  files
block 1786804200 writing 1290 detections /home/ionouser/ionozond_data2//2026-08-15/cdetections-DOB-1786804200.h5
reading /home/ionouser/chirpsounder2/my_station.ini
/dev/shm/hf25
found  1365  files
block 1786804200 writing 1361 detections /home/ionouser/ionozond_data2//2026-08-15/cdetections-DOB-1786804200.h5
reading /home/ionouser/chirpsounder2/my_station.ini
/dev/shm/hf25
found  1381  files
block 1786804200 writing 1377 detections /home/ionouser/ionozond_data2//2026-08-15/cdetections-DOB-1786804200.h5
reading /home/ionouser/chirpsounder2/my_station.ini
/dev/shm/hf25
found  1393  files
block 1786803300 writing 709 detections /home/ionouser/ionozond_data2//2026-08-15/cdetections-DOB-1786803300.h5
deleting files 709 from previous block, which is now finished
block 1786804200 writing 680 detections /home/ionouser/ionozond_data2//2026-08-15/cdetections-DOB-1786804200.h5
reading /home/ionouser/chirpsounder2/my_station.ini
/dev/shm/hf25
found  756  files
block 1786805100 writing 752 detections /home/ionouser/ionozond_data2//2026-08-15/cdetections-DOB-1786805100.h5
reading /home/ionouser/chirpsounder2/my_station.ini
/dev/shm/hf25
found  862  files
block 1786805100 writing 858 detections /home/ionouser/ionozond_data2//2026-08-15/cdetections-DOB-1786805100.h5
reading /home/ionouser/chirpsounder2/my_station.ini
/dev/shm/hf25
found  893  files
block 1786805100 writing 889 detections /home/ionouser/ionozond_data2//2026-08-15/cdetections-DOB-1786805100.h5
reading /home/ionouser/chirpsounder2/my_station.ini
/dev/shm/hf25
found  907  files
block 1786805100 writing 903 detections /home/ionouser/ionozond_data2//2026-08-15/cdetections-DOB-1786805100.h5
reading /home/ionouser/chirpsounder2/my_station.ini
/dev/shm/hf25
found  923  files
block 1786805100 writing 919 detections /home/ionouser/ionozond_data2//2026-08-15/cdetections-DOB-1786805100.h5
reading /home/ionouser/chirpsounder2/my_station.ini
/dev/shm/hf25
found  1011  files
block 1786805100 writing 1007 detections /home/ionouser/ionozond_data2//2026-08-15/cdetections-DOB-1786805100.h5
reading /home/ionouser/chirpsounder2/my_station.ini
/dev/shm/hf25
found  1102  files
block 1786805100 writing 1098 detections /home/ionouser/ionozond_data2//2026-08-15/cdetections-DOB-1786805100.h5
reading /home/ionouser/chirpsounder2/my_station.ini
/dev/shm/hf25
found  1146  files
block 1786805100 writing 1142 detections /home/ionouser/ionozond_data2//2026-08-15/cdetections-DOB-1786805100.h5
reading /home/ionouser/chirpsounder2/my_station.ini
/dev/shm/hf25
found  1176  files
block 1786805100 writing 1172 detections /home/ionouser/ionozond_data2//2026-08-15/cdetections-DOB-1786805100.h5
reading /home/ionouser/chirpsounder2/my_station.ini
/dev/shm/hf25
found  1206  files
block 1786805100 writing 1202 detections /home/ionouser/ionozond_data2//2026-08-15/cdetections-DOB-1786805100.h5
reading /home/ionouser/chirpsounder2/my_station.ini
/dev/shm/hf25
found  1292  files
block 1786805100 writing 1288 detections /home/ionouser/ionozond_data2//2026-08-15/cdetections-DOB-1786805100.h5
reading /home/ionouser/chirpsounder2/my_station.ini
/dev/shm/hf25
found  1341  files
block 1786805100 writing 1337 detections /home/ionouser/ionozond_data2//2026-08-15/cdetections-DOB-1786805100.h5
reading /home/ionouser/chirpsounder2/my_station.ini
/dev/shm/hf25
found  1351  files
block 1786805100 writing 1347 detections /home/ionouser/ionozond_data2//2026-08-15/cdetections-DOB-1786805100.h5
reading /home/ionouser/chirpsounder2/my_station.ini
/dev/shm/hf25
found  1374  files
block 1786804200 writing 684 detections /home/ionouser/ionozond_data2//2026-08-15/cdetections-DOB-1786804200.h5
deleting files 684 from previous block, which is now finished
block 1786806000 writing 686 detections /home/ionouser/ionozond_data2//2026-08-15/cdetections-DOB-1786806000.h5
reading /home/ionouser/chirpsounder2/my_station.ini
/dev/shm/hf25
found  785  files
block 1786806000 writing 781 detections /home/ionouser/ionozond_data2//2026-08-15/cdetections-DOB-1786806000.h5
reading /home/ionouser/chirpsounder2/my_station.ini
/dev/shm/hf25
found  876  files
block 1786806000 writing 872 detections /home/ionouser/ionozond_data2//2026-08-15/cdetections-DOB-1786806000.h5
reading /home/ionouser/chirpsounder2/my_station.ini
/dev/shm/hf25
found  886  files
block 1786806000 writing 882 detections /home/ionouser/ionozond_data2//2026-08-15/cdetections-DOB-1786806000.h5
reading /home/ionouser/chirpsounder2/my_station.ini
/dev/shm/hf25
found  898  files
block 1786806000 writing 894 detections /home/ionouser/ionozond_data2//2026-08-15/cdetections-DOB-1786806000.h5
reading /home/ionouser/chirpsounder2/my_station.ini
/dev/shm/hf25
found  926  files
block 1786806000 writing 922 detections /home/ionouser/ionozond_data2//2026-08-15/cdetections-DOB-1786806000.h5
reading /home/ionouser/chirpsounder2/my_station.ini
/dev/shm/hf25
found  1006  files
block 1786806000 writing 1002 detections /home/ionouser/ionozond_data2//2026-08-15/cdetections-DOB-1786806000.h5
reading /home/ionouser/chirpsounder2/my_station.ini
/dev/shm/hf25
found  1069  files
block 1786806000 writing 1065 detections /home/ionouser/ionozond_data2//2026-08-15/cdetections-DOB-1786806000.h5
reading /home/ionouser/chirpsounder2/my_station.ini
/dev/shm/hf25
found  1101  files
block 1786806000 writing 1097 detections /home/ionouser/ionozond_data2//2026-08-15/cdetections-DOB-1786806000.h5
reading /home/ionouser/chirpsounder2/my_station.ini
/dev/shm/hf25
found  1121  files
block 1786806000 writing 1117 detections /home/ionouser/ionozond_data2//2026-08-15/cdetections-DOB-1786806000.h5
reading /home/ionouser/chirpsounder2/my_station.ini
/dev/shm/hf25
found  1163  files
block 1786806000 writing 1159 detections /home/ionouser/ionozond_data2//2026-08-15/cdetections-DOB-1786806000.h5
reading /home/ionouser/chirpsounder2/my_station.ini
/dev/shm/hf25
found  1257  files
block 1786806000 writing 1253 detections /home/ionouser/ionozond_data2//2026-08-15/cdetections-DOB-1786806000.h5
reading /home/ionouser/chirpsounder2/my_station.ini
/dev/shm/hf25
found  1283  files
block 1786806000 writing 1279 detections /home/ionouser/ionozond_data2//2026-08-15/cdetections-DOB-1786806000.h5
reading /home/ionouser/chirpsounder2/my_station.ini
/dev/shm/hf25
found  1295  files
block 1786806000 writing 1291 detections /home/ionouser/ionozond_data2//2026-08-15/cdetections-DOB-1786806000.h5
reading /home/ionouser/chirpsounder2/my_station.ini
/dev/shm/hf25
found  1315  files
block 1786805100 writing 685 detections /home/ionouser/ionozond_data2//2026-08-15/cdetections-DOB-1786805100.h5
deleting files 685 from previous block, which is now finished
block 1786806900 writing 626 detections /home/ionouser/ionozond_data2//2026-08-15/cdetections-DOB-1786806900.h5
reading /home/ionouser/chirpsounder2/my_station.ini
/dev/shm/hf25
found  725  files
block 1786806900 writing 721 detections /home/ionouser/ionozond_data2//2026-08-15/cdetections-DOB-1786806900.h5
reading /home/ionouser/chirpsounder2/my_station.ini
/dev/shm/hf25
found  802  files
block 1786806900 writing 798 detections /home/ionouser/ionozond_data2//2026-08-15/cdetections-DOB-1786806900.h5
reading /home/ionouser/chirpsounder2/my_station.ini
/dev/shm/hf25
found  815  files
block 1786806900 writing 811 detections /home/ionouser/ionozond_data2//2026-08-15/cdetections-DOB-1786806900.h5
reading /home/ionouser/chirpsounder2/my_station.ini
/dev/shm/hf25
found  829  files
block 1786806900 writing 825 detections /home/ionouser/ionozond_data2//2026-08-15/cdetections-DOB-1786806900.h5
reading /home/ionouser/chirpsounder2/my_station.ini
/dev/shm/hf25
found  853  files
block 1786806900 writing 849 detections /home/ionouser/ionozond_data2//2026-08-15/cdetections-DOB-1786806900.h5
reading /home/ionouser/chirpsounder2/my_station.ini
/dev/shm/hf25
found  951  files
block 1786806900 writing 947 detections /home/ionouser/ionozond_data2//2026-08-15/cdetections-DOB-1786806900.h5
reading /home/ionouser/chirpsounder2/my_station.ini
/dev/shm/hf25
found  1002  files
block 1786806900 writing 998 detections /home/ionouser/ionozond_data2//2026-08-15/cdetections-DOB-1786806900.h5
reading /home/ionouser/chirpsounder2/my_station.ini
/dev/shm/hf25
found  1031  files
block 1786806900 writing 1027 detections /home/ionouser/ionozond_data2//2026-08-15/cdetections-DOB-1786806900.h5
reading /home/ionouser/chirpsounder2/my_station.ini
/dev/shm/hf25
found  1045  files
block 1786806900 writing 1041 detections /home/ionouser/ionozond_data2//2026-08-15/cdetections-DOB-1786806900.h5
reading /home/ionouser/chirpsounder2/my_station.ini
/dev/shm/hf25
found  1092  files
block 1786806900 writing 1088 detections /home/ionouser/ionozond_data2//2026-08-15/cdetections-DOB-1786806900.h5
reading /home/ionouser/chirpsounder2/my_station.ini
/dev/shm/hf25
found  1182  files
block 1786806900 writing 1178 detections /home/ionouser/ionozond_data2//2026-08-15/cdetections-DOB-1786806900.h5
reading /home/ionouser/chirpsounder2/my_station.ini
/dev/shm/hf25
found  1202  files
block 1786806900 writing 1198 detections /home/ionouser/ionozond_data2//2026-08-15/cdetections-DOB-1786806900.h5
reading /home/ionouser/chirpsounder2/my_station.ini
/dev/shm/hf25
found  1212  files
block 1786806900 writing 1208 detections /home/ionouser/ionozond_data2//2026-08-15/cdetections-DOB-1786806900.h5
reading /home/ionouser/chirpsounder2/my_station.ini
/dev/shm/hf25
found  1234  files
block 1786806000 writing 622 detections /home/ionouser/ionozond_data2//2026-08-15/cdetections-DOB-1786806000.h5
deleting files 622 from previous block, which is now finished
block 1786807800 writing 608 detections /home/ionouser/ionozond_data2//2026-08-15/cdetections-DOB-1786807800.h5
reading /home/ionouser/chirpsounder2/my_station.ini
/dev/shm/hf25
found  715  files
block 1786807800 writing 711 detections /home/ionouser/ionozond_data2//2026-08-15/cdetections-DOB-1786807800.h5
reading /home/ionouser/chirpsounder2/my_station.ini
/dev/shm/hf25
found  778  files
block 1786807800 writing 774 detections /home/ionouser/ionozond_data2//2026-08-15/cdetections-DOB-1786807800.h5
reading /home/ionouser/chirpsounder2/my_station.ini
/dev/shm/hf25
found  786  files
block 1786807800 writing 782 detections /home/ionouser/ionozond_data2//2026-08-15/cdetections-DOB-1786807800.h5
reading /home/ionouser/chirpsounder2/my_station.ini
/dev/shm/hf25
found  801  files
block 1786807800 writing 797 detections /home/ionouser/ionozond_data2//2026-08-15/cdetections-DOB-1786807800.h5
reading /home/ionouser/chirpsounder2/my_station.ini
/dev/shm/hf25
found  829  files
block 1786807800 writing 825 detections /home/ionouser/ionozond_data2//2026-08-15/cdetections-DOB-1786807800.h5
reading /home/ionouser/chirpsounder2/my_station.ini
/dev/shm/hf25
found  919  files
block 1786807800 writing 915 detections /home/ionouser/ionozond_data2//2026-08-15/cdetections-DOB-1786807800.h5
reading /home/ionouser/chirpsounder2/my_station.ini
/dev/shm/hf25
found  967  files
block 1786807800 writing 963 detections /home/ionouser/ionozond_data2//2026-08-15/cdetections-DOB-1786807800.h5
reading /home/ionouser/chirpsounder2/my_station.ini
/dev/shm/hf25
found  984  files
block 1786807800 writing 980 detections /home/ionouser/ionozond_data2//2026-08-15/cdetections-DOB-1786807800.h5
reading /home/ionouser/chirpsounder2/my_station.ini
/dev/shm/hf25
found  997  files
block 1786807800 writing 993 detections /home/ionouser/ionozond_data2//2026-08-15/cdetections-DOB-1786807800.h5
reading /home/ionouser/chirpsounder2/my_station.ini
/dev/shm/hf25
found  1045  files
block 1786807800 writing 1041 detections /home/ionouser/ionozond_data2//2026-08-15/cdetections-DOB-1786807800.h5
reading /home/ionouser/chirpsounder2/my_station.ini
/dev/shm/hf25
found  1142  files
block 1786807800 writing 1138 detections /home/ionouser/ionozond_data2//2026-08-15/cdetections-DOB-1786807800.h5
reading /home/ionouser/chirpsounder2/my_station.ini
/dev/shm/hf25
found  1163  files
block 1786807800 writing 1159 detections /home/ionouser/ionozond_data2//2026-08-15/cdetections-DOB-1786807800.h5
reading /home/ionouser/chirpsounder2/my_station.ini
/dev/shm/hf25
found  1169  files
block 1786807800 writing 1165 detections /home/ionouser/ionozond_data2//2026-08-15/cdetections-DOB-1786807800.h5
reading /home/ionouser/chirpsounder2/my_station.ini
/dev/shm/hf25
found  1191  files
block 1786806900 writing 598 detections /home/ionouser/ionozond_data2//2026-08-15/cdetections-DOB-1786806900.h5
deleting files 598 from previous block, which is now finished
block 1786808700 writing 589 detections /home/ionouser/ionozond_data2//2026-08-15/cdetections-DOB-1786808700.h5
reading /home/ionouser/chirpsounder2/my_station.ini
/dev/shm/hf25
found  686  files
block 1786808700 writing 682 detections /home/ionouser/ionozond_data2//2026-08-15/cdetections-DOB-1786808700.h5
reading /home/ionouser/chirpsounder2/my_station.ini
/dev/shm/hf25
found  748  files
block 1786808700 writing 744 detections /home/ionouser/ionozond_data2//2026-08-15/cdetections-DOB-1786808700.h5
reading /home/ionouser/chirpsounder2/my_station.ini
/dev/shm/hf25
found  754  files
block 1786808700 writing 750 detections /home/ionouser/ionozond_data2//2026-08-15/cdetections-DOB-1786808700.h5
reading /home/ionouser/chirpsounder2/my_station.ini
/dev/shm/hf25
found  762  files
block 1786808700 writing 758 detections /home/ionouser/ionozond_data2//2026-08-15/cdetections-DOB-1786808700.h5
reading /home/ionouser/chirpsounder2/my_station.ini
/dev/shm/hf25
found  789  files
block 1786808700 writing 785 detections /home/ionouser/ionozond_data2//2026-08-15/cdetections-DOB-1786808700.h5
reading /home/ionouser/chirpsounder2/my_station.ini
/dev/shm/hf25
found  884  files
block 1786808700 writing 880 detections /home/ionouser/ionozond_data2//2026-08-15/cdetections-DOB-1786808700.h5
reading /home/ionouser/chirpsounder2/my_station.ini
/dev/shm/hf25
found  931  files
block 1786808700 writing 927 detections /home/ionouser/ionozond_data2//2026-08-15/cdetections-DOB-1786808700.h5
reading /home/ionouser/chirpsounder2/my_station.ini
/dev/shm/hf25
found  958  files
block 1786808700 writing 954 detections /home/ionouser/ionozond_data2//2026-08-15/cdetections-DOB-1786808700.h5
reading /home/ionouser/chirpsounder2/my_station.ini
/dev/shm/hf25
found  977  files
block 1786808700 writing 973 detections /home/ionouser/ionozond_data2//2026-08-15/cdetections-DOB-1786808700.h5
reading /home/ionouser/chirpsounder2/my_station.ini
/dev/shm/hf25
found  1022  files
block 1786808700 writing 1018 detections /home/ionouser/ionozond_data2//2026-08-15/cdetections-DOB-1786808700.h5
reading /home/ionouser/chirpsounder2/my_station.ini
/dev/shm/hf25
found  1106  files
block 1786808700 writing 1102 detections /home/ionouser/ionozond_data2//2026-08-15/cdetections-DOB-1786808700.h5
reading /home/ionouser/chirpsounder2/my_station.ini
/dev/shm/hf25
found  1140  files
block 1786808700 writing 1136 detections /home/ionouser/ionozond_data2//2026-08-15/cdetections-DOB-1786808700.h5
reading /home/ionouser/chirpsounder2/my_station.ini
/dev/shm/hf25
found  1144  files
block 1786808700 writing 1140 detections /home/ionouser/ionozond_data2//2026-08-15/cdetections-DOB-1786808700.h5
reading /home/ionouser/chirpsounder2/my_station.ini
/dev/shm/hf25
found  1162  files
block 1786807800 writing 580 detections /home/ionouser/ionozond_data2//2026-08-15/cdetections-DOB-1786807800.h5
deleting files 580 from previous block, which is now finished
block 1786809600 writing 578 detections /home/ionouser/ionozond_data2//2026-08-15/cdetections-DOB-1786809600.h5
reading /home/ionouser/chirpsounder2/my_station.ini
/dev/shm/hf25
found  681  files
block 1786809600 writing 677 detections /home/ionouser/ionozond_data2//2026-08-15/cdetections-DOB-1786809600.h5
reading /home/ionouser/chirpsounder2/my_station.ini
/dev/shm/hf25
found  753  files
block 1786809600 writing 749 detections /home/ionouser/ionozond_data2//2026-08-15/cdetections-DOB-1786809600.h5
reading /home/ionouser/chirpsounder2/my_station.ini
/dev/shm/hf25
found  763  files
block 1786809600 writing 759 detections /home/ionouser/ionozond_data2//2026-08-15/cdetections-DOB-1786809600.h5
reading /home/ionouser/chirpsounder2/my_station.ini
/dev/shm/hf25
found  777  files
block 1786809600 writing 773 detections /home/ionouser/ionozond_data2//2026-08-15/cdetections-DOB-1786809600.h5
reading /home/ionouser/chirpsounder2/my_station.ini
/dev/shm/hf25
found  803  files
block 1786809600 writing 799 detections /home/ionouser/ionozond_data2//2026-08-15/cdetections-DOB-1786809600.h5
reading /home/ionouser/chirpsounder2/my_station.ini
/dev/shm/hf25
found  885  files
block 1786809600 writing 881 detections /home/ionouser/ionozond_data2//2026-08-15/cdetections-DOB-1786809600.h5
reading /home/ionouser/chirpsounder2/my_station.ini
/dev/shm/hf25
found  927  files
block 1786809600 writing 923 detections /home/ionouser/ionozond_data2//2026-08-15/cdetections-DOB-1786809600.h5
reading /home/ionouser/chirpsounder2/my_station.ini
/dev/shm/hf25
found  949  files
block 1786809600 writing 945 detections /home/ionouser/ionozond_data2//2026-08-15/cdetections-DOB-1786809600.h5
reading /home/ionouser/chirpsounder2/my_station.ini
/dev/shm/hf25
found  961  files
block 1786809600 writing 957 detections /home/ionouser/ionozond_data2//2026-08-15/cdetections-DOB-1786809600.h5
reading /home/ionouser/chirpsounder2/my_station.ini
/dev/shm/hf25
found  1004  files
block 1786809600 writing 1000 detections /home/ionouser/ionozond_data2//2026-08-15/cdetections-DOB-1786809600.h5
reading /home/ionouser/chirpsounder2/my_station.ini
/dev/shm/hf25
found  1087  files
block 1786809600 writing 1083 detections /home/ionouser/ionozond_data2//2026-08-15/cdetections-DOB-1786809600.h5
reading /home/ionouser/chirpsounder2/my_station.ini
/dev/shm/hf25
found  1110  files
block 1786809600 writing 1106 detections /home/ionouser/ionozond_data2//2026-08-15/cdetections-DOB-1786809600.h5
reading /home/ionouser/chirpsounder2/my_station.ini
/dev/shm/hf25
found  1114  files
block 1786809600 writing 1110 detections /home/ionouser/ionozond_data2//2026-08-15/cdetections-DOB-1786809600.h5
reading /home/ionouser/chirpsounder2/my_station.ini
/dev/shm/hf25
found  1131  files
block 1786808700 writing 574 detections /home/ionouser/ionozond_data2//2026-08-15/cdetections-DOB-1786808700.h5
deleting files 574 from previous block, which is now finished
block 1786810500 writing 553 detections /home/ionouser/ionozond_data2//2026-08-15/cdetections-DOB-1786810500.h5
reading /home/ionouser/chirpsounder2/my_station.ini
/dev/shm/hf25
found  647  files
block 1786810500 writing 643 detections /home/ionouser/ionozond_data2//2026-08-15/cdetections-DOB-1786810500.h5
reading /home/ionouser/chirpsounder2/my_station.ini
/dev/shm/hf25
found  722  files
block 1786810500 writing 718 detections /home/ionouser/ionozond_data2//2026-08-15/cdetections-DOB-1786810500.h5
reading /home/ionouser/chirpsounder2/my_station.ini
/dev/shm/hf25
found  730  files
block 1786810500 writing 726 detections /home/ionouser/ionozond_data2//2026-08-15/cdetections-DOB-1786810500.h5
reading /home/ionouser/chirpsounder2/my_station.ini
/dev/shm/hf25
found  737  files
block 1786810500 writing 733 detections /home/ionouser/ionozond_data2//2026-08-15/cdetections-DOB-1786810500.h5
reading /home/ionouser/chirpsounder2/my_station.ini
/dev/shm/hf25
found  760  files
block 1786810500 writing 756 detections /home/ionouser/ionozond_data2//2026-08-15/cdetections-DOB-1786810500.h5
reading /home/ionouser/chirpsounder2/my_station.ini
/dev/shm/hf25
found  848  files
block 1786810500 writing 844 detections /home/ionouser/ionozond_data2//2026-08-15/cdetections-DOB-1786810500.h5
reading /home/ionouser/chirpsounder2/my_station.ini
/dev/shm/hf25
found  902  files
block 1786810500 writing 898 detections /home/ionouser/ionozond_data2//2026-08-15/cdetections-DOB-1786810500.h5
reading /home/ionouser/chirpsounder2/my_station.ini
/dev/shm/hf25
found  919  files
block 1786810500 writing 915 detections /home/ionouser/ionozond_data2//2026-08-15/cdetections-DOB-1786810500.h5
reading /home/ionouser/chirpsounder2/my_station.ini
/dev/shm/hf25
found  929  files
block 1786810500 writing 925 detections /home/ionouser/ionozond_data2//2026-08-15/cdetections-DOB-1786810500.h5
reading /home/ionouser/chirpsounder2/my_station.ini
/dev/shm/hf25
found  964  files
block 1786810500 writing 960 detections /home/ionouser/ionozond_data2//2026-08-15/cdetections-DOB-1786810500.h5
reading /home/ionouser/chirpsounder2/my_station.ini
/dev/shm/hf25
found  1059  files
block 1786810500 writing 1055 detections /home/ionouser/ionozond_data2//2026-08-15/cdetections-DOB-1786810500.h5
reading /home/ionouser/chirpsounder2/my_station.ini
/dev/shm/hf25
found  1089  files
block 1786810500 writing 1085 detections /home/ionouser/ionozond_data2//2026-08-15/cdetections-DOB-1786810500.h5
reading /home/ionouser/chirpsounder2/my_station.ini
/dev/shm/hf25
found  1096  files
block 1786810500 writing 1092 detections /home/ionouser/ionozond_data2//2026-08-15/cdetections-DOB-1786810500.h5
reading /home/ionouser/chirpsounder2/my_station.ini
/dev/shm/hf25
found  1113  files
block 1786809600 writing 550 detections /home/ionouser/ionozond_data2//2026-08-15/cdetections-DOB-1786809600.h5
deleting files 550 from previous block, which is now finished
block 1786811400 writing 559 detections /home/ionouser/ionozond_data2//2026-08-15/cdetections-DOB-1786811400.h5
reading /home/ionouser/chirpsounder2/my_station.ini
/dev/shm/hf25
found  657  files
block 1786811400 writing 653 detections /home/ionouser/ionozond_data2//2026-08-15/cdetections-DOB-1786811400.h5
reading /home/ionouser/chirpsounder2/my_station.ini
/dev/shm/hf25
found  733  files
block 1786811400 writing 729 detections /home/ionouser/ionozond_data2//2026-08-15/cdetections-DOB-1786811400.h5
reading /home/ionouser/chirpsounder2/my_station.ini
/dev/shm/hf25
found  747  files
block 1786811400 writing 743 detections /home/ionouser/ionozond_data2//2026-08-15/cdetections-DOB-1786811400.h5
reading /home/ionouser/chirpsounder2/my_station.ini
/dev/shm/hf25
found  756  files
block 1786811400 writing 752 detections /home/ionouser/ionozond_data2//2026-08-15/cdetections-DOB-1786811400.h5
reading /home/ionouser/chirpsounder2/my_station.ini
/dev/shm/hf25
found  775  files
block 1786811400 writing 771 detections /home/ionouser/ionozond_data2//2026-08-15/cdetections-DOB-1786811400.h5
reading /home/ionouser/chirpsounder2/my_station.ini
/dev/shm/hf25
found  856  files
block 1786811400 writing 852 detections /home/ionouser/ionozond_data2//2026-08-15/cdetections-DOB-1786811400.h5
reading /home/ionouser/chirpsounder2/my_station.ini
/dev/shm/hf25
found  924  files
block 1786811400 writing 920 detections /home/ionouser/ionozond_data2//2026-08-15/cdetections-DOB-1786811400.h5
reading /home/ionouser/chirpsounder2/my_station.ini
/dev/shm/hf25
found  948  files
block 1786811400 writing 944 detections /home/ionouser/ionozond_data2//2026-08-15/cdetections-DOB-1786811400.h5
reading /home/ionouser/chirpsounder2/my_station.ini
/dev/shm/hf25
found  958  files
block 1786811400 writing 954 detections /home/ionouser/ionozond_data2//2026-08-15/cdetections-DOB-1786811400.h5
reading /home/ionouser/chirpsounder2/my_station.ini
/dev/shm/hf25
found  993  files
block 1786811400 writing 989 detections /home/ionouser/ionozond_data2//2026-08-15/cdetections-DOB-1786811400.h5
reading /home/ionouser/chirpsounder2/my_station.ini
/dev/shm/hf25
found  1088  files
block 1786811400 writing 1084 detections /home/ionouser/ionozond_data2//2026-08-15/cdetections-DOB-1786811400.h5
reading /home/ionouser/chirpsounder2/my_station.ini
/dev/shm/hf25
found  1122  files
block 1786811400 writing 1118 detections /home/ionouser/ionozond_data2//2026-08-15/cdetections-DOB-1786811400.h5
reading /home/ionouser/chirpsounder2/my_station.ini
/dev/shm/hf25
found  1130  files
block 1786811400 writing 1126 detections /home/ionouser/ionozond_data2//2026-08-15/cdetections-DOB-1786811400.h5
reading /home/ionouser/chirpsounder2/my_station.ini
/dev/shm/hf25
found  1140  files
block 1786810500 writing 558 detections /home/ionouser/ionozond_data2//2026-08-15/cdetections-DOB-1786810500.h5
deleting files 558 from previous block, which is now finished
block 1786811400 writing 578 detections /home/ionouser/ionozond_data2//2026-08-15/cdetections-DOB-1786811400.h5
reading /home/ionouser/chirpsounder2/my_station.ini
/dev/shm/hf25
found  662  files
block 1786812300 writing 658 detections /home/ionouser/ionozond_data2//2026-08-15/cdetections-DOB-1786812300.h5
reading /home/ionouser/chirpsounder2/my_station.ini
/dev/shm/hf25
found  735  files
block 1786812300 writing 731 detections /home/ionouser/ionozond_data2//2026-08-15/cdetections-DOB-1786812300.h5
reading /home/ionouser/chirpsounder2/my_station.ini
/dev/shm/hf25
found  757  files
block 1786812300 writing 753 detections /home/ionouser/ionozond_data2//2026-08-15/cdetections-DOB-1786812300.h5
reading /home/ionouser/chirpsounder2/my_station.ini
/dev/shm/hf25
found  762  files
block 1786812300 writing 758 detections /home/ionouser/ionozond_data2//2026-08-15/cdetections-DOB-1786812300.h5
reading /home/ionouser/chirpsounder2/my_station.ini
/dev/shm/hf25
found  782  files
block 1786812300 writing 778 detections /home/ionouser/ionozond_data2//2026-08-15/cdetections-DOB-1786812300.h5
reading /home/ionouser/chirpsounder2/my_station.ini
/dev/shm/hf25
found  865  files
block 1786812300 writing 861 detections /home/ionouser/ionozond_data2//2026-08-15/cdetections-DOB-1786812300.h5
reading /home/ionouser/chirpsounder2/my_station.ini
/dev/shm/hf25
found  925  files
block 1786812300 writing 921 detections /home/ionouser/ionozond_data2//2026-08-15/cdetections-DOB-1786812300.h5
reading /home/ionouser/chirpsounder2/my_station.ini
/dev/shm/hf25
found  935  files
block 1786812300 writing 931 detections /home/ionouser/ionozond_data2//2026-08-15/cdetections-DOB-1786812300.h5
reading /home/ionouser/chirpsounder2/my_station.ini
/dev/shm/hf25
found  944  files
block 1786812300 writing 940 detections /home/ionouser/ionozond_data2//2026-08-15/cdetections-DOB-1786812300.h5
reading /home/ionouser/chirpsounder2/my_station.ini
/dev/shm/hf25
found  972  files
block 1786812300 writing 968 detections /home/ionouser/ionozond_data2//2026-08-15/cdetections-DOB-1786812300.h5
reading /home/ionouser/chirpsounder2/my_station.ini
/dev/shm/hf25
found  1066  files
block 1786812300 writing 1062 detections /home/ionouser/ionozond_data2//2026-08-15/cdetections-DOB-1786812300.h5
reading /home/ionouser/chirpsounder2/my_station.ini
/dev/shm/hf25
found  1113  files
block 1786812300 writing 1109 detections /home/ionouser/ionozond_data2//2026-08-15/cdetections-DOB-1786812300.h5
reading /home/ionouser/chirpsounder2/my_station.ini
/dev/shm/hf25
found  1118  files
block 1786812300 writing 1114 detections /home/ionouser/ionozond_data2//2026-08-15/cdetections-DOB-1786812300.h5
reading /home/ionouser/chirpsounder2/my_station.ini
/dev/shm/hf25
found  1128  files
block 1786811400 writing 580 detections /home/ionouser/ionozond_data2//2026-08-15/cdetections-DOB-1786811400.h5
deleting files 580 from previous block, which is now finished
block 1786812300 writing 544 detections /home/ionouser/ionozond_data2//2026-08-15/cdetections-DOB-1786812300.h5
reading /home/ionouser/chirpsounder2/my_station.ini
/dev/shm/hf25
found  623  files
block 1786813200 writing 619 detections /home/ionouser/ionozond_data2//2026-08-15/cdetections-DOB-1786813200.h5
reading /home/ionouser/chirpsounder2/my_station.ini
/dev/shm/hf25
found  710  files
block 1786813200 writing 706 detections /home/ionouser/ionozond_data2//2026-08-15/cdetections-DOB-1786813200.h5
reading /home/ionouser/chirpsounder2/my_station.ini
/dev/shm/hf25
found  724  files
block 1786813200 writing 720 detections /home/ionouser/ionozond_data2//2026-08-15/cdetections-DOB-1786813200.h5
reading /home/ionouser/chirpsounder2/my_station.ini
/dev/shm/hf25
found  728  files
block 1786813200 writing 724 detections /home/ionouser/ionozond_data2//2026-08-15/cdetections-DOB-1786813200.h5
reading /home/ionouser/chirpsounder2/my_station.ini
/dev/shm/hf25
found  736  files
block 1786813200 writing 732 detections /home/ionouser/ionozond_data2//2026-08-15/cdetections-DOB-1786813200.h5
reading /home/ionouser/chirpsounder2/my_station.ini
/dev/shm/hf25
found  810  files
block 1786813200 writing 806 detections /home/ionouser/ionozond_data2//2026-08-15/cdetections-DOB-1786813200.h5
reading /home/ionouser/chirpsounder2/my_station.ini
/dev/shm/hf25
found  878  files
block 1786813200 writing 874 detections /home/ionouser/ionozond_data2//2026-08-15/cdetections-DOB-1786813200.h5
reading /home/ionouser/chirpsounder2/my_station.ini
/dev/shm/hf25
found  886  files
block 1786813200 writing 882 detections /home/ionouser/ionozond_data2//2026-08-15/cdetections-DOB-1786813200.h5
reading /home/ionouser/chirpsounder2/my_station.ini
/dev/shm/hf25
found  891  files
block 1786813200 writing 887 detections /home/ionouser/ionozond_data2//2026-08-15/cdetections-DOB-1786813200.h5
reading /home/ionouser/chirpsounder2/my_station.ini
/dev/shm/hf25
found  915  files
block 1786813200 writing 911 detections /home/ionouser/ionozond_data2//2026-08-15/cdetections-DOB-1786813200.h5
reading /home/ionouser/chirpsounder2/my_station.ini
/dev/shm/hf25
found  1000  files
block 1786813200 writing 996 detections /home/ionouser/ionozond_data2//2026-08-15/cdetections-DOB-1786813200.h5
reading /home/ionouser/chirpsounder2/my_station.ini
/dev/shm/hf25
found  1055  files
block 1786813200 writing 1051 detections /home/ionouser/ionozond_data2//2026-08-15/cdetections-DOB-1786813200.h5
reading /home/ionouser/chirpsounder2/my_station.ini
/dev/shm/hf25
found  1059  files
block 1786813200 writing 1055 detections /home/ionouser/ionozond_data2//2026-08-15/cdetections-DOB-1786813200.h5
reading /home/ionouser/chirpsounder2/my_station.ini
/dev/shm/hf25
found  1064  files
block 1786812300 writing 548 detections /home/ionouser/ionozond_data2//2026-08-15/cdetections-DOB-1786812300.h5
deleting files 548 from previous block, which is now finished
block 1786813200 writing 512 detections /home/ionouser/ionozond_data2//2026-08-15/cdetections-DOB-1786813200.h5
reading /home/ionouser/chirpsounder2/my_station.ini
/dev/shm/hf25
found  569  files
block 1786814100 writing 565 detections /home/ionouser/ionozond_data2//2026-08-15/cdetections-DOB-1786814100.h5
reading /home/ionouser/chirpsounder2/my_station.ini
/dev/shm/hf25
found  662  files
block 1786814100 writing 658 detections /home/ionouser/ionozond_data2//2026-08-15/cdetections-DOB-1786814100.h5
reading /home/ionouser/chirpsounder2/my_station.ini
/dev/shm/hf25
found  686  files
block 1786814100 writing 682 detections /home/ionouser/ionozond_data2//2026-08-15/cdetections-DOB-1786814100.h5
reading /home/ionouser/chirpsounder2/my_station.ini
/dev/shm/hf25
found  691  files
block 1786814100 writing 687 detections /home/ionouser/ionozond_data2//2026-08-15/cdetections-DOB-1786814100.h5
reading /home/ionouser/chirpsounder2/my_station.ini
/dev/shm/hf25
found  700  files
block 1786814100 writing 696 detections /home/ionouser/ionozond_data2//2026-08-15/cdetections-DOB-1786814100.h5
reading /home/ionouser/chirpsounder2/my_station.ini
/dev/shm/hf25
found  767  files
block 1786814100 writing 763 detections /home/ionouser/ionozond_data2//2026-08-15/cdetections-DOB-1786814100.h5
reading /home/ionouser/chirpsounder2/my_station.ini
/dev/shm/hf25
found  844  files
block 1786814100 writing 840 detections /home/ionouser/ionozond_data2//2026-08-15/cdetections-DOB-1786814100.h5
reading /home/ionouser/chirpsounder2/my_station.ini
/dev/shm/hf25
found  856  files
block 1786814100 writing 852 detections /home/ionouser/ionozond_data2//2026-08-15/cdetections-DOB-1786814100.h5
reading /home/ionouser/chirpsounder2/my_station.ini
/dev/shm/hf25
found  860  files
block 1786814100 writing 856 detections /home/ionouser/ionozond_data2//2026-08-15/cdetections-DOB-1786814100.h5
reading /home/ionouser/chirpsounder2/my_station.ini
/dev/shm/hf25
found  883  files
block 1786814100 writing 879 detections /home/ionouser/ionozond_data2//2026-08-15/cdetections-DOB-1786814100.h5
reading /home/ionouser/chirpsounder2/my_station.ini
/dev/shm/hf25
found  965  files
block 1786814100 writing 961 detections /home/ionouser/ionozond_data2//2026-08-15/cdetections-DOB-1786814100.h5
reading /home/ionouser/chirpsounder2/my_station.ini
/dev/shm/hf25
found  1026  files
block 1786814100 writing 1022 detections /home/ionouser/ionozond_data2//2026-08-15/cdetections-DOB-1786814100.h5
reading /home/ionouser/chirpsounder2/my_station.ini
/dev/shm/hf25
found  1035  files
block 1786814100 writing 1031 detections /home/ionouser/ionozond_data2//2026-08-15/cdetections-DOB-1786814100.h5
reading /home/ionouser/chirpsounder2/my_station.ini
/dev/shm/hf25
found  1037  files
block 1786813200 writing 516 detections /home/ionouser/ionozond_data2//2026-08-15/cdetections-DOB-1786813200.h5
deleting files 516 from previous block, which is now finished
block 1786814100 writing 517 detections /home/ionouser/ionozond_data2//2026-08-15/cdetections-DOB-1786814100.h5
reading /home/ionouser/chirpsounder2/my_station.ini
/dev/shm/hf25
found  578  files
block 1786815000 writing 574 detections /home/ionouser/ionozond_data2//2026-08-15/cdetections-DOB-1786815000.h5
reading /home/ionouser/chirpsounder2/my_station.ini
/dev/shm/hf25
found  675  files
block 1786815000 writing 671 detections /home/ionouser/ionozond_data2//2026-08-15/cdetections-DOB-1786815000.h5
reading /home/ionouser/chirpsounder2/my_station.ini
/dev/shm/hf25
found  709  files
block 1786815000 writing 705 detections /home/ionouser/ionozond_data2//2026-08-15/cdetections-DOB-1786815000.h5
reading /home/ionouser/chirpsounder2/my_station.ini
/dev/shm/hf25
found  717  files
block 1786815000 writing 713 detections /home/ionouser/ionozond_data2//2026-08-15/cdetections-DOB-1786815000.h5
reading /home/ionouser/chirpsounder2/my_station.ini
/dev/shm/hf25
found  727  files
block 1786815000 writing 723 detections /home/ionouser/ionozond_data2//2026-08-15/cdetections-DOB-1786815000.h5
reading /home/ionouser/chirpsounder2/my_station.ini
/dev/shm/hf25
found  795  files
block 1786815000 writing 791 detections /home/ionouser/ionozond_data2//2026-08-15/cdetections-DOB-1786815000.h5
reading /home/ionouser/chirpsounder2/my_station.ini
/dev/shm/hf25
found  880  files
block 1786815000 writing 876 detections /home/ionouser/ionozond_data2//2026-08-15/cdetections-DOB-1786815000.h5
reading /home/ionouser/chirpsounder2/my_station.ini
/dev/shm/hf25
found  899  files
block 1786815000 writing 895 detections /home/ionouser/ionozond_data2//2026-08-15/cdetections-DOB-1786815000.h5
reading /home/ionouser/chirpsounder2/my_station.ini
/dev/shm/hf25
found  900  files
block 1786815000 writing 896 detections /home/ionouser/ionozond_data2//2026-08-15/cdetections-DOB-1786815000.h5
reading /home/ionouser/chirpsounder2/my_station.ini
/dev/shm/hf25
found  918  files
block 1786815000 writing 914 detections /home/ionouser/ionozond_data2//2026-08-15/cdetections-DOB-1786815000.h5
reading /home/ionouser/chirpsounder2/my_station.ini
/dev/shm/hf25
found  995  files
block 1786815000 writing 991 detections /home/ionouser/ionozond_data2//2026-08-15/cdetections-DOB-1786815000.h5
reading /home/ionouser/chirpsounder2/my_station.ini
/dev/shm/hf25
found  1067  files
block 1786815000 writing 1063 detections /home/ionouser/ionozond_data2//2026-08-15/cdetections-DOB-1786815000.h5
reading /home/ionouser/chirpsounder2/my_station.ini
/dev/shm/hf25
found  1076  files
block 1786815000 writing 1072 detections /home/ionouser/ionozond_data2//2026-08-15/cdetections-DOB-1786815000.h5
reading /home/ionouser/chirpsounder2/my_station.ini
/dev/shm/hf25
found  1080  files
block 1786815000 writing 1076 detections /home/ionouser/ionozond_data2//2026-08-15/cdetections-DOB-1786815000.h5
reading /home/ionouser/chirpsounder2/my_station.ini
/dev/shm/hf25
found  1110  files
block 1786814100 writing 521 detections /home/ionouser/ionozond_data2//2026-08-15/cdetections-DOB-1786814100.h5
deleting files 521 from previous block, which is now finished
block 1786815900 writing 585 detections /home/ionouser/ionozond_data2//2026-08-15/cdetections-DOB-1786815900.h5
reading /home/ionouser/chirpsounder2/my_station.ini
/dev/shm/hf25
found  698  files
block 1786815900 writing 694 detections /home/ionouser/ionozond_data2//2026-08-15/cdetections-DOB-1786815900.h5
reading /home/ionouser/chirpsounder2/my_station.ini
/dev/shm/hf25
found  732  files
block 1786815900 writing 728 detections /home/ionouser/ionozond_data2//2026-08-15/cdetections-DOB-1786815900.h5
reading /home/ionouser/chirpsounder2/my_station.ini
/dev/shm/hf25
found  734  files
block 1786815900 writing 730 detections /home/ionouser/ionozond_data2//2026-08-15/cdetections-DOB-1786815900.h5
reading /home/ionouser/chirpsounder2/my_station.ini
/dev/shm/hf25
found  738  files
block 1786815900 writing 734 detections /home/ionouser/ionozond_data2//2026-08-15/cdetections-DOB-1786815900.h5
reading /home/ionouser/chirpsounder2/my_station.ini
/dev/shm/hf25
found  803  files
block 1786815900 writing 799 detections /home/ionouser/ionozond_data2//2026-08-15/cdetections-DOB-1786815900.h5
reading /home/ionouser/chirpsounder2/my_station.ini
/dev/shm/hf25
found  885  files
block 1786815900 writing 881 detections /home/ionouser/ionozond_data2//2026-08-15/cdetections-DOB-1786815900.h5
reading /home/ionouser/chirpsounder2/my_station.ini
/dev/shm/hf25
found  905  files
block 1786815900 writing 901 detections /home/ionouser/ionozond_data2//2026-08-15/cdetections-DOB-1786815900.h5
reading /home/ionouser/chirpsounder2/my_station.ini
/dev/shm/hf25
found  908  files
block 1786815900 writing 904 detections /home/ionouser/ionozond_data2//2026-08-15/cdetections-DOB-1786815900.h5
reading /home/ionouser/chirpsounder2/my_station.ini
/dev/shm/hf25
found  920  files
block 1786815900 writing 916 detections /home/ionouser/ionozond_data2//2026-08-15/cdetections-DOB-1786815900.h5
reading /home/ionouser/chirpsounder2/my_station.ini
/dev/shm/hf25
found  998  files
block 1786815900 writing 994 detections /home/ionouser/ionozond_data2//2026-08-15/cdetections-DOB-1786815900.h5
reading /home/ionouser/chirpsounder2/my_station.ini
/dev/shm/hf25
found  1067  files
block 1786815900 writing 1063 detections /home/ionouser/ionozond_data2//2026-08-15/cdetections-DOB-1786815900.h5
reading /home/ionouser/chirpsounder2/my_station.ini
/dev/shm/hf25
found  1070  files
block 1786815900 writing 1066 detections /home/ionouser/ionozond_data2//2026-08-15/cdetections-DOB-1786815900.h5
reading /home/ionouser/chirpsounder2/my_station.ini
/dev/shm/hf25
found  1071  files
block 1786815900 writing 1067 detections /home/ionouser/ionozond_data2//2026-08-15/cdetections-DOB-1786815900.h5
reading /home/ionouser/chirpsounder2/my_station.ini
/dev/shm/hf25
found  1101  files
block 1786815000 writing 559 detections /home/ionouser/ionozond_data2//2026-08-15/cdetections-DOB-1786815000.h5
deleting files 559 from previous block, which is now finished
block 1786816800 writing 538 detections /home/ionouser/ionozond_data2//2026-08-15/cdetections-DOB-1786816800.h5
reading /home/ionouser/chirpsounder2/my_station.ini
/dev/shm/hf25
found  662  files
block 1786816800 writing 658 detections /home/ionouser/ionozond_data2//2026-08-15/cdetections-DOB-1786816800.h5
reading /home/ionouser/chirpsounder2/my_station.ini
/dev/shm/hf25
found  706  files
block 1786816800 writing 702 detections /home/ionouser/ionozond_data2//2026-08-15/cdetections-DOB-1786816800.h5
reading /home/ionouser/chirpsounder2/my_station.ini
/dev/shm/hf25
found  707  files
block 1786816800 writing 703 detections /home/ionouser/ionozond_data2//2026-08-15/cdetections-DOB-1786816800.h5
reading /home/ionouser/chirpsounder2/my_station.ini
/dev/shm/hf25
found  710  files
block 1786816800 writing 706 detections /home/ionouser/ionozond_data2//2026-08-15/cdetections-DOB-1786816800.h5
reading /home/ionouser/chirpsounder2/my_station.ini
/dev/shm/hf25
found  767  files
block 1786816800 writing 763 detections /home/ionouser/ionozond_data2//2026-08-15/cdetections-DOB-1786816800.h5
reading /home/ionouser/chirpsounder2/my_station.ini
/dev/shm/hf25
found  858  files
block 1786816800 writing 854 detections /home/ionouser/ionozond_data2//2026-08-15/cdetections-DOB-1786816800.h5
reading /home/ionouser/chirpsounder2/my_station.ini
/dev/shm/hf25
found  876  files
block 1786816800 writing 872 detections /home/ionouser/ionozond_data2//2026-08-15/cdetections-DOB-1786816800.h5
reading /home/ionouser/chirpsounder2/my_station.ini
/dev/shm/hf25
found  877  files
block 1786816800 writing 873 detections /home/ionouser/ionozond_data2//2026-08-15/cdetections-DOB-1786816800.h5
reading /home/ionouser/chirpsounder2/my_station.ini
/dev/shm/hf25
found  889  files
block 1786816800 writing 885 detections /home/ionouser/ionozond_data2//2026-08-15/cdetections-DOB-1786816800.h5
reading /home/ionouser/chirpsounder2/my_station.ini
/dev/shm/hf25
found  972  files
block 1786816800 writing 968 detections /home/ionouser/ionozond_data2//2026-08-15/cdetections-DOB-1786816800.h5
reading /home/ionouser/chirpsounder2/my_station.ini
/dev/shm/hf25
found  1052  files
block 1786816800 writing 1048 detections /home/ionouser/ionozond_data2//2026-08-15/cdetections-DOB-1786816800.h5
reading /home/ionouser/chirpsounder2/my_station.ini
/dev/shm/hf25
found  1057  files
block 1786816800 writing 1053 detections /home/ionouser/ionozond_data2//2026-08-15/cdetections-DOB-1786816800.h5
reading /home/ionouser/chirpsounder2/my_station.ini
/dev/shm/hf25
found  1061  files
block 1786816800 writing 1057 detections /home/ionouser/ionozond_data2//2026-08-15/cdetections-DOB-1786816800.h5
reading /home/ionouser/chirpsounder2/my_station.ini
/dev/shm/hf25
found  1087  files
block 1786815900 writing 512 detections /home/ionouser/ionozond_data2//2026-08-15/cdetections-DOB-1786815900.h5
deleting files 512 from previous block, which is now finished
block 1786817700 writing 571 detections /home/ionouser/ionozond_data2//2026-08-15/cdetections-DOB-1786817700.h5
reading /home/ionouser/chirpsounder2/my_station.ini
/dev/shm/hf25
found  687  files
block 1786817700 writing 683 detections /home/ionouser/ionozond_data2//2026-08-15/cdetections-DOB-1786817700.h5
reading /home/ionouser/chirpsounder2/my_station.ini
/dev/shm/hf25
found  729  files
block 1786817700 writing 725 detections /home/ionouser/ionozond_data2//2026-08-15/cdetections-DOB-1786817700.h5
reading /home/ionouser/chirpsounder2/my_station.ini
/dev/shm/hf25
found  732  files
block 1786817700 writing 728 detections /home/ionouser/ionozond_data2//2026-08-15/cdetections-DOB-1786817700.h5
reading /home/ionouser/chirpsounder2/my_station.ini
/dev/shm/hf25
found  738  files
block 1786817700 writing 734 detections /home/ionouser/ionozond_data2//2026-08-15/cdetections-DOB-1786817700.h5
reading /home/ionouser/chirpsounder2/my_station.ini
/dev/shm/hf25
found  791  files
block 1786817700 writing 787 detections /home/ionouser/ionozond_data2//2026-08-15/cdetections-DOB-1786817700.h5
reading /home/ionouser/chirpsounder2/my_station.ini
/dev/shm/hf25
found  893  files
block 1786817700 writing 889 detections /home/ionouser/ionozond_data2//2026-08-15/cdetections-DOB-1786817700.h5
reading /home/ionouser/chirpsounder2/my_station.ini
/dev/shm/hf25
found  908  files
block 1786817700 writing 904 detections /home/ionouser/ionozond_data2//2026-08-15/cdetections-DOB-1786817700.h5
reading /home/ionouser/chirpsounder2/my_station.ini
/dev/shm/hf25
found  911  files
block 1786817700 writing 907 detections /home/ionouser/ionozond_data2//2026-08-15/cdetections-DOB-1786817700.h5
reading /home/ionouser/chirpsounder2/my_station.ini
/dev/shm/hf25
found  919  files
block 1786817700 writing 915 detections /home/ionouser/ionozond_data2//2026-08-15/cdetections-DOB-1786817700.h5
reading /home/ionouser/chirpsounder2/my_station.ini
/dev/shm/hf25
found  989  files
block 1786817700 writing 985 detections /home/ionouser/ionozond_data2//2026-08-15/cdetections-DOB-1786817700.h5
reading /home/ionouser/chirpsounder2/my_station.ini
/dev/shm/hf25
found  1075  files
block 1786817700 writing 1071 detections /home/ionouser/ionozond_data2//2026-08-15/cdetections-DOB-1786817700.h5
reading /home/ionouser/chirpsounder2/my_station.ini
/dev/shm/hf25
found  1083  files
block 1786817700 writing 1079 detections /home/ionouser/ionozond_data2//2026-08-15/cdetections-DOB-1786817700.h5
reading /home/ionouser/chirpsounder2/my_station.ini
/dev/shm/hf25
found  1086  files
block 1786817700 writing 1082 detections /home/ionouser/ionozond_data2//2026-08-15/cdetections-DOB-1786817700.h5
reading /home/ionouser/chirpsounder2/my_station.ini
/dev/shm/hf25
found  1111  files
block 1786816800 writing 550 detections /home/ionouser/ionozond_data2//2026-08-15/cdetections-DOB-1786816800.h5
deleting files 550 from previous block, which is now finished
block 1786818600 writing 557 detections /home/ionouser/ionozond_data2//2026-08-15/cdetections-DOB-1786818600.h5
reading /home/ionouser/chirpsounder2/my_station.ini
/dev/shm/hf25
found  685  files
block 1786818600 writing 681 detections /home/ionouser/ionozond_data2//2026-08-15/cdetections-DOB-1786818600.h5
reading /home/ionouser/chirpsounder2/my_station.ini
/dev/shm/hf25
found  733  files
block 1786818600 writing 729 detections /home/ionouser/ionozond_data2//2026-08-15/cdetections-DOB-1786818600.h5
reading /home/ionouser/chirpsounder2/my_station.ini
/dev/shm/hf25
found  738  files
block 1786818600 writing 734 detections /home/ionouser/ionozond_data2//2026-08-15/cdetections-DOB-1786818600.h5
reading /home/ionouser/chirpsounder2/my_station.ini
/dev/shm/hf25
found  738  files
block 1786818600 writing 734 detections /home/ionouser/ionozond_data2//2026-08-15/cdetections-DOB-1786818600.h5
reading /home/ionouser/chirpsounder2/my_station.ini
/dev/shm/hf25
found  786  files
block 1786818600 writing 782 detections /home/ionouser/ionozond_data2//2026-08-15/cdetections-DOB-1786818600.h5
reading /home/ionouser/chirpsounder2/my_station.ini
/dev/shm/hf25
found  885  files
block 1786818600 writing 881 detections /home/ionouser/ionozond_data2//2026-08-15/cdetections-DOB-1786818600.h5
reading /home/ionouser/chirpsounder2/my_station.ini
/dev/shm/hf25
found  901  files
block 1786818600 writing 897 detections /home/ionouser/ionozond_data2//2026-08-15/cdetections-DOB-1786818600.h5
reading /home/ionouser/chirpsounder2/my_station.ini
/dev/shm/hf25
found  905  files
block 1786818600 writing 901 detections /home/ionouser/ionozond_data2//2026-08-15/cdetections-DOB-1786818600.h5
reading /home/ionouser/chirpsounder2/my_station.ini
/dev/shm/hf25
found  912  files
block 1786818600 writing 908 detections /home/ionouser/ionozond_data2//2026-08-15/cdetections-DOB-1786818600.h5
reading /home/ionouser/chirpsounder2/my_station.ini
/dev/shm/hf25
found  996  files
block 1786818600 writing 992 detections /home/ionouser/ionozond_data2//2026-08-15/cdetections-DOB-1786818600.h5
reading /home/ionouser/chirpsounder2/my_station.ini
/dev/shm/hf25
found  1077  files
block 1786818600 writing 1073 detections /home/ionouser/ionozond_data2//2026-08-15/cdetections-DOB-1786818600.h5
reading /home/ionouser/chirpsounder2/my_station.ini
/dev/shm/hf25
found  1083  files
block 1786818600 writing 1079 detections /home/ionouser/ionozond_data2//2026-08-15/cdetections-DOB-1786818600.h5
reading /home/ionouser/chirpsounder2/my_station.ini
/dev/shm/hf25
found  1084  files
block 1786818600 writing 1080 detections /home/ionouser/ionozond_data2//2026-08-15/cdetections-DOB-1786818600.h5
reading /home/ionouser/chirpsounder2/my_station.ini
/dev/shm/hf25
found  1106  files
block 1786817700 writing 536 detections /home/ionouser/ionozond_data2//2026-08-15/cdetections-DOB-1786817700.h5
deleting files 536 from previous block, which is now finished
block 1786819500 writing 566 detections /home/ionouser/ionozond_data2//2026-08-15/cdetections-DOB-1786819500.h5
reading /home/ionouser/chirpsounder2/my_station.ini
/dev/shm/hf25
found  686  files
block 1786819500 writing 682 detections /home/ionouser/ionozond_data2//2026-08-15/cdetections-DOB-1786819500.h5
reading /home/ionouser/chirpsounder2/my_station.ini
/dev/shm/hf25
found  731  files
block 1786819500 writing 727 detections /home/ionouser/ionozond_data2//2026-08-15/cdetections-DOB-1786819500.h5
reading /home/ionouser/chirpsounder2/my_station.ini
/dev/shm/hf25
found  735  files
block 1786819500 writing 731 detections /home/ionouser/ionozond_data2//2026-08-15/cdetections-DOB-1786819500.h5
reading /home/ionouser/chirpsounder2/my_station.ini
/dev/shm/hf25
found  741  files
block 1786819500 writing 737 detections /home/ionouser/ionozond_data2//2026-08-15/cdetections-DOB-1786819500.h5
reading /home/ionouser/chirpsounder2/my_station.ini
/dev/shm/hf25
found  812  files
block 1786819500 writing 808 detections /home/ionouser/ionozond_data2//2026-08-15/cdetections-DOB-1786819500.h5
reading /home/ionouser/chirpsounder2/my_station.ini
/dev/shm/hf25
found  931  files
block 1786819500 writing 927 detections /home/ionouser/ionozond_data2//2026-08-15/cdetections-DOB-1786819500.h5
reading /home/ionouser/chirpsounder2/my_station.ini
/dev/shm/hf25
found  974  files
block 1786819500 writing 970 detections /home/ionouser/ionozond_data2//2026-08-15/cdetections-DOB-1786819500.h5
reading /home/ionouser/chirpsounder2/my_station.ini
/dev/shm/hf25
found  1015  files
block 1786819500 writing 1011 detections /home/ionouser/ionozond_data2//2026-08-15/cdetections-DOB-1786819500.h5
reading /home/ionouser/chirpsounder2/my_station.ini
/dev/shm/hf25
found  1050  files
block 1786819500 writing 1046 detections /home/ionouser/ionozond_data2//2026-08-15/cdetections-DOB-1786819500.h5
reading /home/ionouser/chirpsounder2/my_station.ini
/dev/shm/hf25
found  1139  files
block 1786819500 writing 1135 detections /home/ionouser/ionozond_data2//2026-08-15/cdetections-DOB-1786819500.h5
reading /home/ionouser/chirpsounder2/my_station.ini
/dev/shm/hf25
found  1239  files
block 1786819500 writing 1235 detections /home/ionouser/ionozond_data2//2026-08-15/cdetections-DOB-1786819500.h5
reading /home/ionouser/chirpsounder2/my_station.ini
/dev/shm/hf25
found  1275  files
block 1786819500 writing 1271 detections /home/ionouser/ionozond_data2//2026-08-15/cdetections-DOB-1786819500.h5
reading /home/ionouser/chirpsounder2/my_station.ini
/dev/shm/hf25
found  1305  files
block 1786819500 writing 1301 detections /home/ionouser/ionozond_data2//2026-08-15/cdetections-DOB-1786819500.h5
reading /home/ionouser/chirpsounder2/my_station.ini
/dev/shm/hf25
found  1357  files
block 1786818600 writing 550 detections /home/ionouser/ionozond_data2//2026-08-15/cdetections-DOB-1786818600.h5
deleting files 550 from previous block, which is now finished
block 1786820400 writing 803 detections /home/ionouser/ionozond_data2//2026-08-15/cdetections-DOB-1786820400.h5
reading /home/ionouser/chirpsounder2/my_station.ini
/dev/shm/hf25
found  946  files
block 1786820400 writing 942 detections /home/ionouser/ionozond_data2//2026-08-15/cdetections-DOB-1786820400.h5
reading /home/ionouser/chirpsounder2/my_station.ini
/dev/shm/hf25
found  1013  files
block 1786820400 writing 1009 detections /home/ionouser/ionozond_data2//2026-08-15/cdetections-DOB-1786820400.h5
reading /home/ionouser/chirpsounder2/my_station.ini
/dev/shm/hf25
found  1040  files
block 1786820400 writing 1036 detections /home/ionouser/ionozond_data2//2026-08-15/cdetections-DOB-1786820400.h5
reading /home/ionouser/chirpsounder2/my_station.ini
/dev/shm/hf25
found  1070  files
block 1786820400 writing 1066 detections /home/ionouser/ionozond_data2//2026-08-15/cdetections-DOB-1786820400.h5
reading /home/ionouser/chirpsounder2/my_station.ini
/dev/shm/hf25
found  1147  files
block 1786820400 writing 1143 detections /home/ionouser/ionozond_data2//2026-08-15/cdetections-DOB-1786820400.h5
reading /home/ionouser/chirpsounder2/my_station.ini
/dev/shm/hf25
found  1260  files
block 1786820400 writing 1256 detections /home/ionouser/ionozond_data2//2026-08-15/cdetections-DOB-1786820400.h5
reading /home/ionouser/chirpsounder2/my_station.ini
/dev/shm/hf25
found  1291  files
block 1786820400 writing 1287 detections /home/ionouser/ionozond_data2//2026-08-15/cdetections-DOB-1786820400.h5
reading /home/ionouser/chirpsounder2/my_station.ini
/dev/shm/hf25
found  1326  files
block 1786820400 writing 1322 detections /home/ionouser/ionozond_data2//2026-08-15/cdetections-DOB-1786820400.h5
reading /home/ionouser/chirpsounder2/my_station.ini
/dev/shm/hf25
found  1363  files
block 1786820400 writing 1359 detections /home/ionouser/ionozond_data2//2026-08-15/cdetections-DOB-1786820400.h5
reading /home/ionouser/chirpsounder2/my_station.ini
/dev/shm/hf25
found  1475  files
block 1786820400 writing 1471 detections /home/ionouser/ionozond_data2//2026-08-15/cdetections-DOB-1786820400.h5
reading /home/ionouser/chirpsounder2/my_station.ini
/dev/shm/hf25
found  1557  files
block 1786820400 writing 1553 detections /home/ionouser/ionozond_data2//2026-08-15/cdetections-DOB-1786820400.h5
reading /home/ionouser/chirpsounder2/my_station.ini
/dev/shm/hf25
found  1591  files
block 1786820400 writing 1587 detections /home/ionouser/ionozond_data2//2026-08-15/cdetections-DOB-1786820400.h5
reading /home/ionouser/chirpsounder2/my_station.ini
/dev/shm/hf25
found  1623  files
block 1786820400 writing 1619 detections /home/ionouser/ionozond_data2//2026-08-15/cdetections-DOB-1786820400.h5
reading /home/ionouser/chirpsounder2/my_station.ini
/dev/shm/hf25
found  1696  files
block 1786819500 writing 766 detections /home/ionouser/ionozond_data2//2026-08-15/cdetections-DOB-1786819500.h5
deleting files 766 from previous block, which is now finished
block 1786821300 writing 926 detections /home/ionouser/ionozond_data2//2026-08-15/cdetections-DOB-1786821300.h5
reading /home/ionouser/chirpsounder2/my_station.ini
/dev/shm/hf25
found  1070  files
block 1786821300 writing 1066 detections /home/ionouser/ionozond_data2//2026-08-15/cdetections-DOB-1786821300.h5
reading /home/ionouser/chirpsounder2/my_station.ini
/dev/shm/hf25
found  1114  files
block 1786821300 writing 1110 detections /home/ionouser/ionozond_data2//2026-08-15/cdetections-DOB-1786821300.h5
reading /home/ionouser/chirpsounder2/my_station.ini
/dev/shm/hf25
found  1146  files
block 1786821300 writing 1142 detections /home/ionouser/ionozond_data2//2026-08-15/cdetections-DOB-1786821300.h5
reading /home/ionouser/chirpsounder2/my_station.ini
/dev/shm/hf25
found  1191  files
block 1786821300 writing 1187 detections /home/ionouser/ionozond_data2//2026-08-15/cdetections-DOB-1786821300.h5
reading /home/ionouser/chirpsounder2/my_station.ini
/dev/shm/hf25
found  1296  files
block 1786821300 writing 1292 detections /home/ionouser/ionozond_data2//2026-08-15/cdetections-DOB-1786821300.h5
reading /home/ionouser/chirpsounder2/my_station.ini
/dev/shm/hf25
found  1396  files
block 1786821300 writing 1392 detections /home/ionouser/ionozond_data2//2026-08-15/cdetections-DOB-1786821300.h5
reading /home/ionouser/chirpsounder2/my_station.ini
/dev/shm/hf25
found  1441  files
block 1786821300 writing 1437 detections /home/ionouser/ionozond_data2//2026-08-15/cdetections-DOB-1786821300.h5
reading /home/ionouser/chirpsounder2/my_station.ini
/dev/shm/hf25
found  1480  files
block 1786821300 writing 1476 detections /home/ionouser/ionozond_data2//2026-08-15/cdetections-DOB-1786821300.h5
reading /home/ionouser/chirpsounder2/my_station.ini
/dev/shm/hf25
found  1549  files
block 1786821300 writing 1545 detections /home/ionouser/ionozond_data2//2026-08-15/cdetections-DOB-1786821300.h5
reading /home/ionouser/chirpsounder2/my_station.ini
/dev/shm/hf25
found  1678  files
block 1786821300 writing 1674 detections /home/ionouser/ionozond_data2//2026-08-15/cdetections-DOB-1786821300.h5
reading /home/ionouser/chirpsounder2/my_station.ini
/dev/shm/hf25
found  1733  files
block 1786821300 writing 1729 detections /home/ionouser/ionozond_data2//2026-08-15/cdetections-DOB-1786821300.h5
reading /home/ionouser/chirpsounder2/my_station.ini
/dev/shm/hf25
found  1773  files
block 1786821300 writing 1769 detections /home/ionouser/ionozond_data2//2026-08-15/cdetections-DOB-1786821300.h5
reading /home/ionouser/chirpsounder2/my_station.ini
/dev/shm/hf25
found  1824  files
block 1786820400 writing 860 detections /home/ionouser/ionozond_data2//2026-08-15/cdetections-DOB-1786820400.h5
deleting files 860 from previous block, which is now finished
block 1786822200 writing 960 detections /home/ionouser/ionozond_data2//2026-08-15/cdetections-DOB-1786822200.h5
reading /home/ionouser/chirpsounder2/my_station.ini
/dev/shm/hf25
found  1104  files
block 1786822200 writing 1100 detections /home/ionouser/ionozond_data2//2026-08-15/cdetections-DOB-1786822200.h5
reading /home/ionouser/chirpsounder2/my_station.ini
/dev/shm/hf25
found  1205  files
block 1786822200 writing 1201 detections /home/ionouser/ionozond_data2//2026-08-15/cdetections-DOB-1786822200.h5
reading /home/ionouser/chirpsounder2/my_station.ini
/dev/shm/hf25
found  1246  files
block 1786822200 writing 1242 detections /home/ionouser/ionozond_data2//2026-08-15/cdetections-DOB-1786822200.h5
reading /home/ionouser/chirpsounder2/my_station.ini
/dev/shm/hf25
found  1279  files
block 1786822200 writing 1275 detections /home/ionouser/ionozond_data2//2026-08-15/cdetections-DOB-1786822200.h5
reading /home/ionouser/chirpsounder2/my_station.ini
/dev/shm/hf25
found  1346  files
block 1786822200 writing 1342 detections /home/ionouser/ionozond_data2//2026-08-15/cdetections-DOB-1786822200.h5
reading /home/ionouser/chirpsounder2/my_station.ini
/dev/shm/hf25
found  1472  files
block 1786822200 writing 1468 detections /home/ionouser/ionozond_data2//2026-08-15/cdetections-DOB-1786822200.h5
reading /home/ionouser/chirpsounder2/my_station.ini
/dev/shm/hf25
found  1531  files
block 1786822200 writing 1527 detections /home/ionouser/ionozond_data2//2026-08-15/cdetections-DOB-1786822200.h5
reading /home/ionouser/chirpsounder2/my_station.ini
/dev/shm/hf25
found  1570  files
block 1786822200 writing 1566 detections /home/ionouser/ionozond_data2//2026-08-15/cdetections-DOB-1786822200.h5
reading /home/ionouser/chirpsounder2/my_station.ini
/dev/shm/hf25
found  1621  files
block 1786822200 writing 1617 detections /home/ionouser/ionozond_data2//2026-08-15/cdetections-DOB-1786822200.h5
reading /home/ionouser/chirpsounder2/my_station.ini
/dev/shm/hf25
found  1732  files
block 1786822200 writing 1728 detections /home/ionouser/ionozond_data2//2026-08-15/cdetections-DOB-1786822200.h5
reading /home/ionouser/chirpsounder2/my_station.ini
/dev/shm/hf25
found  1854  files
block 1786822200 writing 1850 detections /home/ionouser/ionozond_data2//2026-08-15/cdetections-DOB-1786822200.h5
reading /home/ionouser/chirpsounder2/my_station.ini
/dev/shm/hf25
found  1910  files
block 1786822200 writing 1906 detections /home/ionouser/ionozond_data2//2026-08-15/cdetections-DOB-1786822200.h5
reading /home/ionouser/chirpsounder2/my_station.ini
/dev/shm/hf25
found  1948  files
block 1786822200 writing 1944 detections /home/ionouser/ionozond_data2//2026-08-15/cdetections-DOB-1786822200.h5
reading /home/ionouser/chirpsounder2/my_station.ini
/dev/shm/hf25
found  2012  files
block 1786821300 writing 941 detections /home/ionouser/ionozond_data2//2026-08-15/cdetections-DOB-1786821300.h5
deleting files 941 from previous block, which is now finished
block 1786823100 writing 1067 detections /home/ionouser/ionozond_data2//2026-08-15/cdetections-DOB-1786823100.h5
reading /home/ionouser/chirpsounder2/my_station.ini
/dev/shm/hf25
found  1231  files
block 1786823100 writing 1227 detections /home/ionouser/ionozond_data2//2026-08-15/cdetections-DOB-1786823100.h5
reading /home/ionouser/chirpsounder2/my_station.ini
/dev/shm/hf25
found  1309  files
block 1786823100 writing 1305 detections /home/ionouser/ionozond_data2//2026-08-15/cdetections-DOB-1786823100.h5
reading /home/ionouser/chirpsounder2/my_station.ini
/dev/shm/hf25
found  1352  files
block 1786823100 writing 1348 detections /home/ionouser/ionozond_data2//2026-08-15/cdetections-DOB-1786823100.h5
reading /home/ionouser/chirpsounder2/my_station.ini
/dev/shm/hf25
found  1408  files
block 1786823100 writing 1404 detections /home/ionouser/ionozond_data2//2026-08-15/cdetections-DOB-1786823100.h5
reading /home/ionouser/chirpsounder2/my_station.ini
/dev/shm/hf25
found  1511  files
block 1786823100 writing 1507 detections /home/ionouser/ionozond_data2//2026-08-15/cdetections-DOB-1786823100.h5
reading /home/ionouser/chirpsounder2/my_station.ini
/dev/shm/hf25
found  1618  files
block 1786823100 writing 1614 detections /home/ionouser/ionozond_data2//2026-08-15/cdetections-DOB-1786823100.h5
reading /home/ionouser/chirpsounder2/my_station.ini
/dev/shm/hf25
found  1663  files
block 1786823100 writing 1659 detections /home/ionouser/ionozond_data2//2026-08-15/cdetections-DOB-1786823100.h5
reading /home/ionouser/chirpsounder2/my_station.ini
/dev/shm/hf25
found  1709  files
block 1786823100 writing 1705 detections /home/ionouser/ionozond_data2//2026-08-15/cdetections-DOB-1786823100.h5
reading /home/ionouser/chirpsounder2/my_station.ini
/dev/shm/hf25
found  1776  files
block 1786823100 writing 1772 detections /home/ionouser/ionozond_data2//2026-08-15/cdetections-DOB-1786823100.h5
reading /home/ionouser/chirpsounder2/my_station.ini
/dev/shm/hf25
found  1900  files
block 1786823100 writing 1896 detections /home/ionouser/ionozond_data2//2026-08-15/cdetections-DOB-1786823100.h5
reading /home/ionouser/chirpsounder2/my_station.ini
/dev/shm/hf25
found  1980  files
block 1786823100 writing 1976 detections /home/ionouser/ionozond_data2//2026-08-15/cdetections-DOB-1786823100.h5
reading /home/ionouser/chirpsounder2/my_station.ini
/dev/shm/hf25
found  2013  files
block 1786823100 writing 2009 detections /home/ionouser/ionozond_data2//2026-08-15/cdetections-DOB-1786823100.h5
reading /home/ionouser/chirpsounder2/my_station.ini
/dev/shm/hf25
found  2053  files
block 1786822200 writing 1019 detections /home/ionouser/ionozond_data2//2026-08-15/cdetections-DOB-1786822200.h5
deleting files 1019 from previous block, which is now finished
block 1786824000 writing 1030 detections /home/ionouser/ionozond_data2//2026-08-15/cdetections-DOB-1786824000.h5
reading /home/ionouser/chirpsounder2/my_station.ini
/dev/shm/hf25
found  1169  files
block 1786824000 writing 1165 detections /home/ionouser/ionozond_data2//2026-08-15/cdetections-DOB-1786824000.h5
reading /home/ionouser/chirpsounder2/my_station.ini
/dev/shm/hf25
found  1269  files
block 1786824000 writing 1265 detections /home/ionouser/ionozond_data2//2026-08-15/cdetections-DOB-1786824000.h5
reading /home/ionouser/chirpsounder2/my_station.ini
/dev/shm/hf25
found  1304  files
block 1786824000 writing 1300 detections /home/ionouser/ionozond_data2//2026-08-15/cdetections-DOB-1786824000.h5
reading /home/ionouser/chirpsounder2/my_station.ini
/dev/shm/hf25
found  1338  files
block 1786824000 writing 1334 detections /home/ionouser/ionozond_data2//2026-08-15/cdetections-DOB-1786824000.h5
reading /home/ionouser/chirpsounder2/my_station.ini
/dev/shm/hf25
found  1402  files
block 1786824000 writing 1398 detections /home/ionouser/ionozond_data2//2026-08-15/cdetections-DOB-1786824000.h5
reading /home/ionouser/chirpsounder2/my_station.ini
/dev/shm/hf25
found  1523  files
block 1786824000 writing 1519 detections /home/ionouser/ionozond_data2//2026-08-15/cdetections-DOB-1786824000.h5
reading /home/ionouser/chirpsounder2/my_station.ini
/dev/shm/hf25
found  1593  files
block 1786824000 writing 1589 detections /home/ionouser/ionozond_data2//2026-08-15/cdetections-DOB-1786824000.h5
reading /home/ionouser/chirpsounder2/my_station.ini
/dev/shm/hf25
found  1626  files
block 1786824000 writing 1622 detections /home/ionouser/ionozond_data2//2026-08-15/cdetections-DOB-1786824000.h5
reading /home/ionouser/chirpsounder2/my_station.ini
/dev/shm/hf25
found  1662  files
block 1786824000 writing 1658 detections /home/ionouser/ionozond_data2//2026-08-15/cdetections-DOB-1786824000.h5
reading /home/ionouser/chirpsounder2/my_station.ini
/dev/shm/hf25
found  1770  files
block 1786824000 writing 1766 detections /home/ionouser/ionozond_data2//2026-08-15/cdetections-DOB-1786824000.h5
reading /home/ionouser/chirpsounder2/my_station.ini
/dev/shm/hf25
found  1883  files
block 1786824000 writing 1879 detections /home/ionouser/ionozond_data2//2026-08-15/cdetections-DOB-1786824000.h5
reading /home/ionouser/chirpsounder2/my_station.ini
/dev/shm/hf25
found  1926  files
block 1786824000 writing 1922 detections /home/ionouser/ionozond_data2//2026-08-15/cdetections-DOB-1786824000.h5
reading /home/ionouser/chirpsounder2/my_station.ini
/dev/shm/hf25
found  1959  files
block 1786824000 writing 1955 detections /home/ionouser/ionozond_data2//2026-08-15/cdetections-DOB-1786824000.h5
reading /home/ionouser/chirpsounder2/my_station.ini
/dev/shm/hf25
found  2013  files
block 1786823100 writing 1022 detections /home/ionouser/ionozond_data2//2026-08-15/cdetections-DOB-1786823100.h5
deleting files 1022 from previous block, which is now finished
block 1786824900 writing 987 detections /home/ionouser/ionozond_data2//2026-08-15/cdetections-DOB-1786824900.h5
reading /home/ionouser/chirpsounder2/my_station.ini
/dev/shm/hf25
found  1147  files
block 1786824900 writing 1143 detections /home/ionouser/ionozond_data2//2026-08-15/cdetections-DOB-1786824900.h5
reading /home/ionouser/chirpsounder2/my_station.ini
/dev/shm/hf25
found  1190  files
block 1786824900 writing 1186 detections /home/ionouser/ionozond_data2//2026-08-15/cdetections-DOB-1786824900.h5
reading /home/ionouser/chirpsounder2/my_station.ini
/dev/shm/hf25
found  1225  files
block 1786824900 writing 1221 detections /home/ionouser/ionozond_data2//2026-08-15/cdetections-DOB-1786824900.h5
reading /home/ionouser/chirpsounder2/my_station.ini
/dev/shm/hf25
found  1272  files
block 1786824900 writing 1268 detections /home/ionouser/ionozond_data2//2026-08-15/cdetections-DOB-1786824900.h5
reading /home/ionouser/chirpsounder2/my_station.ini
/dev/shm/hf25
found  1387  files
block 1786824900 writing 1383 detections /home/ionouser/ionozond_data2//2026-08-15/cdetections-DOB-1786824900.h5
reading /home/ionouser/chirpsounder2/my_station.ini
/dev/shm/hf25
found  1479  files
block 1786824900 writing 1475 detections /home/ionouser/ionozond_data2//2026-08-15/cdetections-DOB-1786824900.h5
reading /home/ionouser/chirpsounder2/my_station.ini
/dev/shm/hf25
found  1513  files
block 1786824900 writing 1509 detections /home/ionouser/ionozond_data2//2026-08-15/cdetections-DOB-1786824900.h5
reading /home/ionouser/chirpsounder2/my_station.ini
/dev/shm/hf25
found  1546  files
block 1786824900 writing 1542 detections /home/ionouser/ionozond_data2//2026-08-15/cdetections-DOB-1786824900.h5
reading /home/ionouser/chirpsounder2/my_station.ini
/dev/shm/hf25
found  1609  files
block 1786824900 writing 1605 detections /home/ionouser/ionozond_data2//2026-08-15/cdetections-DOB-1786824900.h5
reading /home/ionouser/chirpsounder2/my_station.ini
/dev/shm/hf25
found  1733  files
block 1786824900 writing 1729 detections /home/ionouser/ionozond_data2//2026-08-15/cdetections-DOB-1786824900.h5
reading /home/ionouser/chirpsounder2/my_station.ini
/dev/shm/hf25
found  1795  files
block 1786824900 writing 1791 detections /home/ionouser/ionozond_data2//2026-08-15/cdetections-DOB-1786824900.h5
reading /home/ionouser/chirpsounder2/my_station.ini
/dev/shm/hf25
found  1827  files
block 1786824900 writing 1823 detections /home/ionouser/ionozond_data2//2026-08-15/cdetections-DOB-1786824900.h5
reading /home/ionouser/chirpsounder2/my_station.ini
/dev/shm/hf25
found  1865  files
block 1786824000 writing 942 detections /home/ionouser/ionozond_data2//2026-08-15/cdetections-DOB-1786824000.h5
deleting files 942 from previous block, which is now finished
block 1786825800 writing 919 detections /home/ionouser/ionozond_data2//2026-08-15/cdetections-DOB-1786825800.h5
reading /home/ionouser/chirpsounder2/my_station.ini
/dev/shm/hf25
found  1056  files
block 1786825800 writing 1052 detections /home/ionouser/ionozond_data2//2026-08-15/cdetections-DOB-1786825800.h5
reading /home/ionouser/chirpsounder2/my_station.ini
/dev/shm/hf25
found  1135  files
block 1786825800 writing 1131 detections /home/ionouser/ionozond_data2//2026-08-15/cdetections-DOB-1786825800.h5
reading /home/ionouser/chirpsounder2/my_station.ini
/dev/shm/hf25
found  1170  files
block 1786825800 writing 1166 detections /home/ionouser/ionozond_data2//2026-08-15/cdetections-DOB-1786825800.h5
reading /home/ionouser/chirpsounder2/my_station.ini
/dev/shm/hf25
found  1205  files
block 1786825800 writing 1201 detections /home/ionouser/ionozond_data2//2026-08-15/cdetections-DOB-1786825800.h5
reading /home/ionouser/chirpsounder2/my_station.ini
/dev/shm/hf25
found  1271  files
block 1786825800 writing 1267 detections /home/ionouser/ionozond_data2//2026-08-15/cdetections-DOB-1786825800.h5
reading /home/ionouser/chirpsounder2/my_station.ini
/dev/shm/hf25
found  1389  files
block 1786825800 writing 1385 detections /home/ionouser/ionozond_data2//2026-08-15/cdetections-DOB-1786825800.h5
reading /home/ionouser/chirpsounder2/my_station.ini
/dev/shm/hf25
found  1446  files
block 1786825800 writing 1442 detections /home/ionouser/ionozond_data2//2026-08-15/cdetections-DOB-1786825800.h5
reading /home/ionouser/chirpsounder2/my_station.ini
/dev/shm/hf25
found  1484  files
block 1786825800 writing 1480 detections /home/ionouser/ionozond_data2//2026-08-15/cdetections-DOB-1786825800.h5
reading /home/ionouser/chirpsounder2/my_station.ini
/dev/shm/hf25
found  1494  files
block 1786825800 writing 1490 detections /home/ionouser/ionozond_data2//2026-08-15/cdetections-DOB-1786825800.h5
reading /home/ionouser/chirpsounder2/my_station.ini
/dev/shm/hf25
found  1570  files
block 1786825800 writing 1566 detections /home/ionouser/ionozond_data2//2026-08-15/cdetections-DOB-1786825800.h5
reading /home/ionouser/chirpsounder2/my_station.ini
/dev/shm/hf25
found  1651  files
block 1786825800 writing 1647 detections /home/ionouser/ionozond_data2//2026-08-15/cdetections-DOB-1786825800.h5
reading /home/ionouser/chirpsounder2/my_station.ini
/dev/shm/hf25
found  1659  files
block 1786825800 writing 1655 detections /home/ionouser/ionozond_data2//2026-08-15/cdetections-DOB-1786825800.h5
reading /home/ionouser/chirpsounder2/my_station.ini
/dev/shm/hf25
found  1660  files
block 1786825800 writing 1656 detections /home/ionouser/ionozond_data2//2026-08-15/cdetections-DOB-1786825800.h5
reading /home/ionouser/chirpsounder2/my_station.ini
/dev/shm/hf25
found  1682  files
block 1786824900 writing 904 detections /home/ionouser/ionozond_data2//2026-08-15/cdetections-DOB-1786824900.h5
deleting files 904 from previous block, which is now finished
block 1786826700 writing 774 detections /home/ionouser/ionozond_data2//2026-08-15/cdetections-DOB-1786826700.h5
reading /home/ionouser/chirpsounder2/my_station.ini
/dev/shm/hf25
found  926  files
block 1786826700 writing 922 detections /home/ionouser/ionozond_data2//2026-08-15/cdetections-DOB-1786826700.h5
reading /home/ionouser/chirpsounder2/my_station.ini
/dev/shm/hf25
found  990  files
block 1786826700 writing 986 detections /home/ionouser/ionozond_data2//2026-08-15/cdetections-DOB-1786826700.h5
reading /home/ionouser/chirpsounder2/my_station.ini
/dev/shm/hf25
found  1052  files
block 1786826700 writing 1048 detections /home/ionouser/ionozond_data2//2026-08-15/cdetections-DOB-1786826700.h5
reading /home/ionouser/chirpsounder2/my_station.ini
/dev/shm/hf25
found  1086  files
block 1786826700 writing 1082 detections /home/ionouser/ionozond_data2//2026-08-15/cdetections-DOB-1786826700.h5
reading /home/ionouser/chirpsounder2/my_station.ini
/dev/shm/hf25
found  1086  files
block 1786826700 writing 1082 detections /home/ionouser/ionozond_data2//2026-08-15/cdetections-DOB-1786826700.h5
reading /home/ionouser/chirpsounder2/my_station.ini
/dev/shm/hf25
found  1086  files
block 1786826700 writing 1082 detections /home/ionouser/ionozond_data2//2026-08-15/cdetections-DOB-1786826700.h5
reading /home/ionouser/chirpsounder2/my_station.ini
/dev/shm/hf25
found  1086  files
block 1786826700 writing 1082 detections /home/ionouser/ionozond_data2//2026-08-15/cdetections-DOB-1786826700.h5
reading /home/ionouser/chirpsounder2/my_station.ini
/dev/shm/hf25
found  1086  files
block 1786826700 writing 1082 detections /home/ionouser/ionozond_data2//2026-08-15/cdetections-DOB-1786826700.h5
reading /home/ionouser/chirpsounder2/my_station.ini
/dev/shm/hf25
found  1086  files
block 1786826700 writing 1082 detections /home/ionouser/ionozond_data2//2026-08-15/cdetections-DOB-1786826700.h5
reading /home/ionouser/chirpsounder2/my_station.ini
/dev/shm/hf25
found  1086  files
block 1786826700 writing 1082 detections /home/ionouser/ionozond_data2//2026-08-15/cdetections-DOB-1786826700.h5
reading /home/ionouser/chirpsounder2/my_station.ini
/dev/shm/hf25
found  1086  files
block 1786826700 writing 1082 detections /home/ionouser/ionozond_data2//2026-08-15/cdetections-DOB-1786826700.h5
reading /home/ionouser/chirpsounder2/my_station.ini
/dev/shm/hf25
found  1086  files
block 1786826700 writing 1082 detections /home/ionouser/ionozond_data2//2026-08-15/cdetections-DOB-1786826700.h5
reading /home/ionouser/chirpsounder2/my_station.ini
/dev/shm/hf25
found  1086  files
block 1786826700 writing 1082 detections /home/ionouser/ionozond_data2//2026-08-15/cdetections-DOB-1786826700.h5
reading /home/ionouser/chirpsounder2/my_station.ini
/dev/shm/hf25
found  1086  files
block 1786825800 writing 756 detections /home/ionouser/ionozond_data2//2026-08-15/cdetections-DOB-1786825800.h5
deleting files 756 from previous block, which is now finished
block 1786826700 writing 326 detections /home/ionouser/ionozond_data2//2026-08-15/cdetections-DOB-1786826700.h5
reading /home/ionouser/chirpsounder2/my_station.ini
/dev/shm/hf25
found  330  files
block 1786826700 writing 326 detections /home/ionouser/ionozond_data2//2026-08-15/cdetections-DOB-1786826700.h5
reading /home/ionouser/chirpsounder2/my_station.ini
/dev/shm/hf25
found  330  files
block 1786826700 writing 326 detections /home/ionouser/ionozond_data2//2026-08-15/cdetections-DOB-1786826700.h5
reading /home/ionouser/chirpsounder2/my_station.ini
/dev/shm/hf25
found  330  files
block 1786826700 writing 326 detections /home/ionouser/ionozond_data2//2026-08-15/cdetections-DOB-1786826700.h5
reading /home/ionouser/chirpsounder2/my_station.ini
/dev/shm/hf25
found  330  files
block 1786826700 writing 326 detections /home/ionouser/ionozond_data2//2026-08-15/cdetections-DOB-1786826700.h5
reading /home/ionouser/chirpsounder2/my_station.ini
/dev/shm/hf25
found  330  files
block 1786826700 writing 326 detections /home/ionouser/ionozond_data2//2026-08-15/cdetections-DOB-1786826700.h5
reading /home/ionouser/chirpsounder2/my_station.ini
/dev/shm/hf25
found  330  files
block 1786826700 writing 326 detections /home/ionouser/ionozond_data2//2026-08-15/cdetections-DOB-1786826700.h5
reading /home/ionouser/chirpsounder2/my_station.ini
/dev/shm/hf25
found  330  files
block 1786826700 writing 326 detections /home/ionouser/ionozond_data2//2026-08-15/cdetections-DOB-1786826700.h5
reading /home/ionouser/chirpsounder2/my_station.ini
/dev/shm/hf25
found  330  files
block 1786826700 writing 326 detections /home/ionouser/ionozond_data2//2026-08-15/cdetections-DOB-1786826700.h5
reading /home/ionouser/chirpsounder2/my_station.ini
/dev/shm/hf25
found  330  files
block 1786826700 writing 326 detections /home/ionouser/ionozond_data2//2026-08-15/cdetections-DOB-1786826700.h5
reading /home/ionouser/chirpsounder2/my_station.ini
/dev/shm/hf25
found  330  files
block 1786826700 writing 326 detections /home/ionouser/ionozond_data2//2026-08-15/cdetections-DOB-1786826700.h5
reading /home/ionouser/chirpsounder2/my_station.ini
/dev/shm/hf25
found  330  files
block 1786826700 writing 326 detections /home/ionouser/ionozond_data2//2026-08-15/cdetections-DOB-1786826700.h5
reading /home/ionouser/chirpsounder2/my_station.ini
/dev/shm/hf25
found  330  files
block 1786826700 writing 326 detections /home/ionouser/ionozond_data2//2026-08-15/cdetections-DOB-1786826700.h5
reading /home/ionouser/chirpsounder2/my_station.ini
/dev/shm/hf25
found  330  files
block 1786826700 writing 326 detections /home/ionouser/ionozond_data2//2026-08-15/cdetections-DOB-1786826700.h5
reading /home/ionouser/chirpsounder2/my_station.ini
/dev/shm/hf25
found  330  files
block 1786826700 writing 326 detections /home/ionouser/ionozond_data2//2026-08-15/cdetections-DOB-1786826700.h5
reading /home/ionouser/chirpsounder2/my_station.ini
/dev/shm/hf25
found  330  files
block 1786826700 writing 326 detections /home/ionouser/ionozond_data2//2026-08-15/cdetections-DOB-1786826700.h5
reading /home/ionouser/chirpsounder2/my_station.ini
/dev/shm/hf25
found  330  files
block 1786826700 writing 326 detections /home/ionouser/ionozond_data2//2026-08-15/cdetections-DOB-1786826700.h5
reading /home/ionouser/chirpsounder2/my_station.ini
/dev/shm/hf25
found  330  files
block 1786826700 writing 326 detections /home/ionouser/ionozond_data2//2026-08-15/cdetections-DOB-1786826700.h5
reading /home/ionouser/chirpsounder2/my_station.ini
/dev/shm/hf25
found  330  files
block 1786826700 writing 326 detections /home/ionouser/ionozond_data2//2026-08-15/cdetections-DOB-1786826700.h5
reading /home/ionouser/chirpsounder2/my_station.ini
/dev/shm/hf25
found  330  files
block 1786826700 writing 326 detections /home/ionouser/ionozond_data2//2026-08-15/cdetections-DOB-1786826700.h5
reading /home/ionouser/chirpsounder2/my_station.ini
/dev/shm/hf25
found  330  files
block 1786826700 writing 326 detections /home/ionouser/ionozond_data2//2026-08-15/cdetections-DOB-1786826700.h5
reading /home/ionouser/chirpsounder2/my_station.ini
/dev/shm/hf25
found  330  files
block 1786826700 writing 326 detections /home/ionouser/ionozond_data2//2026-08-15/cdetections-DOB-1786826700.h5
reading /home/ionouser/chirpsounder2/my_station.ini
/dev/shm/hf25
found  330  files
block 1786826700 writing 326 detections /home/ionouser/ionozond_data2//2026-08-15/cdetections-DOB-1786826700.h5
reading /home/ionouser/chirpsounder2/my_station.ini
/dev/shm/hf25
found  330  files
block 1786826700 writing 326 detections /home/ionouser/ionozond_data2//2026-08-15/cdetections-DOB-1786826700.h5
reading /home/ionouser/chirpsounder2/my_station.ini
/dev/shm/hf25
found  330  files
block 1786826700 writing 326 detections /home/ionouser/ionozond_data2//2026-08-15/cdetections-DOB-1786826700.h5
reading /home/ionouser/chirpsounder2/my_station.ini
/dev/shm/hf25
found  330  files
block 1786826700 writing 326 detections /home/ionouser/ionozond_data2//2026-08-15/cdetections-DOB-1786826700.h5
reading /home/ionouser/chirpsounder2/my_station.ini
/dev/shm/hf25
found  330  files
block 1786826700 writing 326 detections /home/ionouser/ionozond_data2//2026-08-15/cdetections-DOB-1786826700.h5
reading /home/ionouser/chirpsounder2/my_station.ini
/dev/shm/hf25
found  330  files
block 1786826700 writing 326 detections /home/ionouser/ionozond_data2//2026-08-15/cdetections-DOB-1786826700.h5
reading /home/ionouser/chirpsounder2/my_station.ini
/dev/shm/hf25
found  330  files
block 1786826700 writing 326 detections /home/ionouser/ionozond_data2//2026-08-15/cdetections-DOB-1786826700.h5
reading /home/ionouser/chirpsounder2/my_station.ini
/dev/shm/hf25
found  330  files
block 1786826700 writing 326 detections /home/ionouser/ionozond_data2//2026-08-15/cdetections-DOB-1786826700.h5
reading /home/ionouser/chirpsounder2/my_station.ini
/dev/shm/hf25
found  330  files
block 1786826700 writing 326 detections /home/ionouser/ionozond_data2//2026-08-15/cdetections-DOB-1786826700.h5
reading /home/ionouser/chirpsounder2/my_station.ini
/dev/shm/hf25
found  330  files
block 1786826700 writing 326 detections /home/ionouser/ionozond_data2//2026-08-15/cdetections-DOB-1786826700.h5
reading /home/ionouser/chirpsounder2/my_station.ini
/dev/shm/hf25
found  330  files
block 1786826700 writing 326 detections /home/ionouser/ionozond_data2//2026-08-15/cdetections-DOB-1786826700.h5
reading /home/ionouser/chirpsounder2/my_station.ini
/dev/shm/hf25
found  330  files
block 1786826700 writing 326 detections /home/ionouser/ionozond_data2//2026-08-15/cdetections-DOB-1786826700.h5
reading /home/ionouser/chirpsounder2/my_station.ini
/dev/shm/hf25
found  330  files
block 1786826700 writing 326 detections /home/ionouser/ionozond_data2//2026-08-15/cdetections-DOB-1786826700.h5
reading /home/ionouser/chirpsounder2/my_station.ini
/dev/shm/hf25
found  330  files
block 1786826700 writing 326 detections /home/ionouser/ionozond_data2//2026-08-15/cdetections-DOB-1786826700.h5
reading /home/ionouser/chirpsounder2/my_station.ini
/dev/shm/hf25
found  330  files
block 1786826700 writing 326 detections /home/ionouser/ionozond_data2//2026-08-15/cdetections-DOB-1786826700.h5
reading /home/ionouser/chirpsounder2/my_station.ini
/dev/shm/hf25
found  330  files
block 1786826700 writing 326 detections /home/ionouser/ionozond_data2//2026-08-15/cdetections-DOB-1786826700.h5
reading /home/ionouser/chirpsounder2/my_station.ini
/dev/shm/hf25
found  330  files
block 1786826700 writing 326 detections /home/ionouser/ionozond_data2//2026-08-15/cdetections-DOB-1786826700.h5
reading /home/ionouser/chirpsounder2/my_station.ini
/dev/shm/hf25
found  330  files
block 1786826700 writing 326 detections /home/ionouser/ionozond_data2//2026-08-15/cdetections-DOB-1786826700.h5
reading /home/ionouser/chirpsounder2/my_station.ini
/dev/shm/hf25
found  330  files
block 1786826700 writing 326 detections /home/ionouser/ionozond_data2//2026-08-15/cdetections-DOB-1786826700.h5
reading /home/ionouser/chirpsounder2/my_station.ini
/dev/shm/hf25
found  330  files
block 1786826700 writing 326 detections /home/ionouser/ionozond_data2//2026-08-15/cdetections-DOB-1786826700.h5
reading /home/ionouser/chirpsounder2/my_station.ini
/dev/shm/hf25
found  330  files
block 1786826700 writing 326 detections /home/ionouser/ionozond_data2//2026-08-15/cdetections-DOB-1786826700.h5
reading /home/ionouser/chirpsounder2/my_station.ini
/dev/shm/hf25
found  330  files
block 1786826700 writing 326 detections /home/ionouser/ionozond_data2//2026-08-15/cdetections-DOB-1786826700.h5
reading /home/ionouser/chirpsounder2/my_station.ini
/dev/shm/hf25
found  330  files
block 1786826700 writing 326 detections /home/ionouser/ionozond_data2//2026-08-15/cdetections-DOB-1786826700.h5
reading /home/ionouser/chirpsounder2/my_station.ini
/dev/shm/hf25
found  330  files
block 1786826700 writing 326 detections /home/ionouser/ionozond_data2//2026-08-15/cdetections-DOB-1786826700.h5
reading /home/ionouser/chirpsounder2/my_station.ini
/dev/shm/hf25
found  330  files
block 1786826700 writing 326 detections /home/ionouser/ionozond_data2//2026-08-15/cdetections-DOB-1786826700.h5
reading /home/ionouser/chirpsounder2/my_station.ini
/dev/shm/hf25
found  330  files
block 1786826700 writing 326 detections /home/ionouser/ionozond_data2//2026-08-15/cdetections-DOB-1786826700.h5
reading /home/ionouser/chirpsounder2/my_station.ini
/dev/shm/hf25
found  330  files
block 1786826700 writing 326 detections /home/ionouser/ionozond_data2//2026-08-15/cdetections-DOB-1786826700.h5
reading /home/ionouser/chirpsounder2/my_station.ini
/dev/shm/hf25
found  330  files
block 1786826700 writing 326 detections /home/ionouser/ionozond_data2//2026-08-15/cdetections-DOB-1786826700.h5
reading /home/ionouser/chirpsounder2/my_station.ini
/dev/shm/hf25
found  330  files
block 1786826700 writing 326 detections /home/ionouser/ionozond_data2//2026-08-15/cdetections-DOB-1786826700.h5
reading /home/ionouser/chirpsounder2/my_station.ini
/dev/shm/hf25
found  330  files
block 1786826700 writing 326 detections /home/ionouser/ionozond_data2//2026-08-15/cdetections-DOB-1786826700.h5
reading /home/ionouser/chirpsounder2/my_station.ini
/dev/shm/hf25
found  330  files
block 1786826700 writing 326 detections /home/ionouser/ionozond_data2//2026-08-15/cdetections-DOB-1786826700.h5
reading /home/ionouser/chirpsounder2/my_station.ini
/dev/shm/hf25
found  330  files
block 1786826700 writing 326 detections /home/ionouser/ionozond_data2//2026-08-15/cdetections-DOB-1786826700.h5
reading /home/ionouser/chirpsounder2/my_station.ini
/dev/shm/hf25
found  330  files
block 1786826700 writing 326 detections /home/ionouser/ionozond_data2//2026-08-15/cdetections-DOB-1786826700.h5
reading /home/ionouser/chirpsounder2/my_station.ini
/dev/shm/hf25
found  330  files
block 1786826700 writing 326 detections /home/ionouser/ionozond_data2//2026-08-15/cdetections-DOB-1786826700.h5
reading /home/ionouser/chirpsounder2/my_station.ini
/dev/shm/hf25
found  330  files
block 1786826700 writing 326 detections /home/ionouser/ionozond_data2//2026-08-15/cdetections-DOB-1786826700.h5
reading /home/ionouser/chirpsounder2/my_station.ini
/dev/shm/hf25
found  330  files
block 1786826700 writing 326 detections /home/ionouser/ionozond_data2//2026-08-15/cdetections-DOB-1786826700.h5
reading /home/ionouser/chirpsounder2/my_station.ini
/dev/shm/hf25
found  330  files
block 1786826700 writing 326 detections /home/ionouser/ionozond_data2//2026-08-15/cdetections-DOB-1786826700.h5
reading /home/ionouser/chirpsounder2/my_station.ini
/dev/shm/hf25
found  330  files
block 1786826700 writing 326 detections /home/ionouser/ionozond_data2//2026-08-15/cdetections-DOB-1786826700.h5
reading /home/ionouser/chirpsounder2/my_station.ini
/dev/shm/hf25
found  330  files
block 1786826700 writing 326 detections /home/ionouser/ionozond_data2//2026-08-15/cdetections-DOB-1786826700.h5
reading /home/ionouser/chirpsounder2/my_station.ini
/dev/shm/hf25
found  330  files
block 1786826700 writing 326 detections /home/ionouser/ionozond_data2//2026-08-15/cdetections-DOB-1786826700.h5
reading /home/ionouser/chirpsounder2/my_station.ini
/dev/shm/hf25
found  330  files
block 1786826700 writing 326 detections /home/ionouser/ionozond_data2//2026-08-15/cdetections-DOB-1786826700.h5
reading /home/ionouser/chirpsounder2/my_station.ini
/dev/shm/hf25
found  330  files
block 1786826700 writing 326 detections /home/ionouser/ionozond_data2//2026-08-15/cdetections-DOB-1786826700.h5
reading /home/ionouser/chirpsounder2/my_station.ini
/dev/shm/hf25
found  330  files
block 1786826700 writing 326 detections /home/ionouser/ionozond_data2//2026-08-15/cdetections-DOB-1786826700.h5
reading /home/ionouser/chirpsounder2/my_station.ini
/dev/shm/hf25
found  330  files
block 1786826700 writing 326 detections /home/ionouser/ionozond_data2//2026-08-15/cdetections-DOB-1786826700.h5
reading /home/ionouser/chirpsounder2/my_station.ini
/dev/shm/hf25
found  330  files
block 1786826700 writing 326 detections /home/ionouser/ionozond_data2//2026-08-15/cdetections-DOB-1786826700.h5
reading /home/ionouser/chirpsounder2/my_station.ini
/dev/shm/hf25
found  330  files
block 1786826700 writing 326 detections /home/ionouser/ionozond_data2//2026-08-15/cdetections-DOB-1786826700.h5
reading /home/ionouser/chirpsounder2/my_station.ini
/dev/shm/hf25
found  330  files
block 1786826700 writing 326 detections /home/ionouser/ionozond_data2//2026-08-15/cdetections-DOB-1786826700.h5
reading /home/ionouser/chirpsounder2/my_station.ini
/dev/shm/hf25
found  330  files
block 1786826700 writing 326 detections /home/ionouser/ionozond_data2//2026-08-15/cdetections-DOB-1786826700.h5
reading /home/ionouser/chirpsounder2/my_station.ini
/dev/shm/hf25
found  330  files
block 1786826700 writing 326 detections /home/ionouser/ionozond_data2//2026-08-15/cdetections-DOB-1786826700.h5
reading /home/ionouser/chirpsounder2/my_station.ini
/dev/shm/hf25
found  330  files
block 1786826700 writing 326 detections /home/ionouser/ionozond_data2//2026-08-15/cdetections-DOB-1786826700.h5
reading /home/ionouser/chirpsounder2/my_station.ini
/dev/shm/hf25
found  330  files
block 1786826700 writing 326 detections /home/ionouser/ionozond_data2//2026-08-15/cdetections-DOB-1786826700.h5
reading /home/ionouser/chirpsounder2/my_station.ini
/dev/shm/hf25
found  330  files
block 1786826700 writing 326 detections /home/ionouser/ionozond_data2//2026-08-15/cdetections-DOB-1786826700.h5
reading /home/ionouser/chirpsounder2/my_station.ini
/dev/shm/hf25
found  330  files
block 1786826700 writing 326 detections /home/ionouser/ionozond_data2//2026-08-15/cdetections-DOB-1786826700.h5
reading /home/ionouser/chirpsounder2/my_station.ini
/dev/shm/hf25
found  330  files
block 1786826700 writing 326 detections /home/ionouser/ionozond_data2//2026-08-15/cdetections-DOB-1786826700.h5
reading /home/ionouser/chirpsounder2/my_station.ini
/dev/shm/hf25
found  330  files
block 1786826700 writing 326 detections /home/ionouser/ionozond_data2//2026-08-15/cdetections-DOB-1786826700.h5
reading /home/ionouser/chirpsounder2/my_station.ini
/dev/shm/hf25
found  330  files
block 1786826700 writing 326 detections /home/ionouser/ionozond_data2//2026-08-15/cdetections-DOB-1786826700.h5
reading /home/ionouser/chirpsounder2/my_station.ini
/dev/shm/hf25
found  330  files
block 1786826700 writing 326 detections /home/ionouser/ionozond_data2//2026-08-15/cdetections-DOB-1786826700.h5
reading /home/ionouser/chirpsounder2/my_station.ini
/dev/shm/hf25
found  330  files
block 1786826700 writing 326 detections /home/ionouser/ionozond_data2//2026-08-15/cdetections-DOB-1786826700.h5
reading /home/ionouser/chirpsounder2/my_station.ini
/dev/shm/hf25
found  330  files
block 1786826700 writing 326 detections /home/ionouser/ionozond_data2//2026-08-15/cdetections-DOB-1786826700.h5
reading /home/ionouser/chirpsounder2/my_station.ini
/dev/shm/hf25
found  330  files
block 1786826700 writing 326 detections /home/ionouser/ionozond_data2//2026-08-15/cdetections-DOB-1786826700.h5
reading /home/ionouser/chirpsounder2/my_station.ini
/dev/shm/hf25
found  330  files
block 1786826700 writing 326 detections /home/ionouser/ionozond_data2//2026-08-15/cdetections-DOB-1786826700.h5
reading /home/ionouser/chirpsounder2/my_station.ini
/dev/shm/hf25
found  330  files
block 1786826700 writing 326 detections /home/ionouser/ionozond_data2//2026-08-15/cdetections-DOB-1786826700.h5
reading /home/ionouser/chirpsounder2/my_station.ini
/dev/shm/hf25
found  330  files
block 1786826700 writing 326 detections /home/ionouser/ionozond_data2//2026-08-15/cdetections-DOB-1786826700.h5
reading /home/ionouser/chirpsounder2/my_station.ini
/dev/shm/hf25
found  330  files
block 1786826700 writing 326 detections /home/ionouser/ionozond_data2//2026-08-15/cdetections-DOB-1786826700.h5
reading /home/ionouser/chirpsounder2/my_station.ini
/dev/shm/hf25
found  330  files
block 1786826700 writing 326 detections /home/ionouser/ionozond_data2//2026-08-15/cdetections-DOB-1786826700.h5
reading /home/ionouser/chirpsounder2/my_station.ini
/dev/shm/hf25
found  330  files
block 1786826700 writing 326 detections /home/ionouser/ionozond_data2//2026-08-15/cdetections-DOB-1786826700.h5
reading /home/ionouser/chirpsounder2/my_station.ini
/dev/shm/hf25
found  330  files
block 1786826700 writing 326 detections /home/ionouser/ionozond_data2//2026-08-15/cdetections-DOB-1786826700.h5
reading /home/ionouser/chirpsounder2/my_station.ini
/dev/shm/hf25
found  330  files
block 1786826700 writing 326 detections /home/ionouser/ionozond_data2//2026-08-15/cdetections-DOB-1786826700.h5
reading /home/ionouser/chirpsounder2/my_station.ini
/dev/shm/hf25
found  330  files
block 1786826700 writing 326 detections /home/ionouser/ionozond_data2//2026-08-15/cdetections-DOB-1786826700.h5
reading /home/ionouser/chirpsounder2/my_station.ini
/dev/shm/hf25
found  330  files
block 1786826700 writing 326 detections /home/ionouser/ionozond_data2//2026-08-15/cdetections-DOB-1786826700.h5
reading /home/ionouser/chirpsounder2/my_station.ini
/dev/shm/hf25
found  330  files
block 1786826700 writing 326 detections /home/ionouser/ionozond_data2//2026-08-15/cdetections-DOB-1786826700.h5
reading /home/ionouser/chirpsounder2/my_station.ini
/dev/shm/hf25
found  330  files
block 1786826700 writing 326 detections /home/ionouser/ionozond_data2//2026-08-15/cdetections-DOB-1786826700.h5
reading /home/ionouser/chirpsounder2/my_station.ini
/dev/shm/hf25
found  330  files
block 1786826700 writing 326 detections /home/ionouser/ionozond_data2//2026-08-15/cdetections-DOB-1786826700.h5
reading /home/ionouser/chirpsounder2/my_station.ini
/dev/shm/hf25
found  330  files
block 1786826700 writing 326 detections /home/ionouser/ionozond_data2//2026-08-15/cdetections-DOB-1786826700.h5
reading /home/ionouser/chirpsounder2/my_station.ini
/dev/shm/hf25
found  330  files
block 1786826700 writing 326 detections /home/ionouser/ionozond_data2//2026-08-15/cdetections-DOB-1786826700.h5
reading /home/ionouser/chirpsounder2/my_station.ini
/dev/shm/hf25
found  330  files
block 1786826700 writing 326 detections /home/ionouser/ionozond_data2//2026-08-15/cdetections-DOB-1786826700.h5
reading /home/ionouser/chirpsounder2/my_station.ini
/dev/shm/hf25
found  330  files
block 1786826700 writing 326 detections /home/ionouser/ionozond_data2//2026-08-15/cdetections-DOB-1786826700.h5
reading /home/ionouser/chirpsounder2/my_station.ini
/dev/shm/hf25
found  330  files
block 1786826700 writing 326 detections /home/ionouser/ionozond_data2//2026-08-15/cdetections-DOB-1786826700.h5
reading /home/ionouser/chirpsounder2/my_station.ini
/dev/shm/hf25
found  330  files
block 1786826700 writing 326 detections /home/ionouser/ionozond_data2//2026-08-15/cdetections-DOB-1786826700.h5
reading /home/ionouser/chirpsounder2/my_station.ini
/dev/shm/hf25
found  330  files
block 1786826700 writing 326 detections /home/ionouser/ionozond_data2//2026-08-15/cdetections-DOB-1786826700.h5
reading /home/ionouser/chirpsounder2/my_station.ini
/dev/shm/hf25
found  330  files
block 1786826700 writing 326 detections /home/ionouser/ionozond_data2//2026-08-15/cdetections-DOB-1786826700.h5
reading /home/ionouser/chirpsounder2/my_station.ini
/dev/shm/hf25
found  330  files
block 1786826700 writing 326 detections /home/ionouser/ionozond_data2//2026-08-15/cdetections-DOB-1786826700.h5
reading /home/ionouser/chirpsounder2/my_station.ini
/dev/shm/hf25
found  330  files
block 1786826700 writing 326 detections /home/ionouser/ionozond_data2//2026-08-15/cdetections-DOB-1786826700.h5
reading /home/ionouser/chirpsounder2/my_station.ini
/dev/shm/hf25
found  330  files
block 1786826700 writing 326 detections /home/ionouser/ionozond_data2//2026-08-15/cdetections-DOB-1786826700.h5
reading /home/ionouser/chirpsounder2/my_station.ini
/dev/shm/hf25
found  330  files
block 1786826700 writing 326 detections /home/ionouser/ionozond_data2//2026-08-15/cdetections-DOB-1786826700.h5
reading /home/ionouser/chirpsounder2/my_station.ini
/dev/shm/hf25
found  330  files
block 1786826700 writing 326 detections /home/ionouser/ionozond_data2//2026-08-15/cdetections-DOB-1786826700.h5
reading /home/ionouser/chirpsounder2/my_station.ini
/dev/shm/hf25
found  330  files
block 1786826700 writing 326 detections /home/ionouser/ionozond_data2//2026-08-15/cdetections-DOB-1786826700.h5
reading /home/ionouser/chirpsounder2/my_station.ini
/dev/shm/hf25
found  330  files
block 1786826700 writing 326 detections /home/ionouser/ionozond_data2//2026-08-15/cdetections-DOB-1786826700.h5
reading /home/ionouser/chirpsounder2/my_station.ini
/dev/shm/hf25
found  330  files
block 1786826700 writing 326 detections /home/ionouser/ionozond_data2//2026-08-15/cdetections-DOB-1786826700.h5
reading /home/ionouser/chirpsounder2/my_station.ini
/dev/shm/hf25
found  330  files
block 1786826700 writing 326 detections /home/ionouser/ionozond_data2//2026-08-15/cdetections-DOB-1786826700.h5
reading /home/ionouser/chirpsounder2/my_station.ini
/dev/shm/hf25
found  330  files
block 1786826700 writing 326 detections /home/ionouser/ionozond_data2//2026-08-15/cdetections-DOB-1786826700.h5
reading /home/ionouser/chirpsounder2/my_station.ini
/dev/shm/hf25
found  330  files
block 1786826700 writing 326 detections /home/ionouser/ionozond_data2//2026-08-15/cdetections-DOB-1786826700.h5
reading /home/ionouser/chirpsounder2/my_station.ini
/dev/shm/hf25
found  330  files
block 1786826700 writing 326 detections /home/ionouser/ionozond_data2//2026-08-15/cdetections-DOB-1786826700.h5
reading /home/ionouser/chirpsounder2/my_station.ini
/dev/shm/hf25
found  330  files
block 1786826700 writing 326 detections /home/ionouser/ionozond_data2//2026-08-15/cdetections-DOB-1786826700.h5
reading /home/ionouser/chirpsounder2/my_station.ini
/dev/shm/hf25
found  330  files
block 1786826700 writing 326 detections /home/ionouser/ionozond_data2//2026-08-15/cdetections-DOB-1786826700.h5
reading /home/ionouser/chirpsounder2/my_station.ini
/dev/shm/hf25
found  330  files
block 1786826700 writing 326 detections /home/ionouser/ionozond_data2//2026-08-15/cdetections-DOB-1786826700.h5
reading /home/ionouser/chirpsounder2/my_station.ini
/dev/shm/hf25
found  330  files
block 1786826700 writing 326 detections /home/ionouser/ionozond_data2//2026-08-15/cdetections-DOB-1786826700.h5
reading /home/ionouser/chirpsounder2/my_station.ini
/dev/shm/hf25
found  330  files
block 1786826700 writing 326 detections /home/ionouser/ionozond_data2//2026-08-15/cdetections-DOB-1786826700.h5
reading /home/ionouser/chirpsounder2/my_station.ini
/dev/shm/hf25
found  330  files
block 1786826700 writing 326 detections /home/ionouser/ionozond_data2//2026-08-15/cdetections-DOB-1786826700.h5
reading /home/ionouser/chirpsounder2/my_station.ini
/dev/shm/hf25
found  330  files
block 1786826700 writing 326 detections /home/ionouser/ionozond_data2//2026-08-15/cdetections-DOB-1786826700.h5
reading /home/ionouser/chirpsounder2/my_station.ini
/dev/shm/hf25
found  330  files
block 1786826700 writing 326 detections /home/ionouser/ionozond_data2//2026-08-15/cdetections-DOB-1786826700.h5
reading /home/ionouser/chirpsounder2/my_station.ini
/dev/shm/hf25
found  330  files
block 1786826700 writing 326 detections /home/ionouser/ionozond_data2//2026-08-15/cdetections-DOB-1786826700.h5
reading /home/ionouser/chirpsounder2/my_station.ini
/dev/shm/hf25
found  330  files
block 1786826700 writing 326 detections /home/ionouser/ionozond_data2//2026-08-15/cdetections-DOB-1786826700.h5
reading /home/ionouser/chirpsounder2/my_station.ini
/dev/shm/hf25
found  330  files
block 1786826700 writing 326 detections /home/ionouser/ionozond_data2//2026-08-15/cdetections-DOB-1786826700.h5
reading /home/ionouser/chirpsounder2/my_station.ini
/dev/shm/hf25
found  330  files
block 1786826700 writing 326 detections /home/ionouser/ionozond_data2//2026-08-15/cdetections-DOB-1786826700.h5
reading /home/ionouser/chirpsounder2/my_station.ini
/dev/shm/hf25
found  330  files
block 1786826700 writing 326 detections /home/ionouser/ionozond_data2//2026-08-15/cdetections-DOB-1786826700.h5
reading /home/ionouser/chirpsounder2/my_station.ini
/dev/shm/hf25
found  330  files
block 1786826700 writing 326 detections /home/ionouser/ionozond_data2//2026-08-15/cdetections-DOB-1786826700.h5
reading /home/ionouser/chirpsounder2/my_station.ini
/dev/shm/hf25
found  330  files
block 1786826700 writing 326 detections /home/ionouser/ionozond_data2//2026-08-15/cdetections-DOB-1786826700.h5
reading /home/ionouser/chirpsounder2/my_station.ini
/dev/shm/hf25
found  330  files
block 1786826700 writing 326 detections /home/ionouser/ionozond_data2//2026-08-15/cdetections-DOB-1786826700.h5
reading /home/ionouser/chirpsounder2/my_station.ini
/dev/shm/hf25
found  330  files
block 1786826700 writing 326 detections /home/ionouser/ionozond_data2//2026-08-15/cdetections-DOB-1786826700.h5
reading /home/ionouser/chirpsounder2/my_station.ini
/dev/shm/hf25
found  330  files
block 1786826700 writing 326 detections /home/ionouser/ionozond_data2//2026-08-15/cdetections-DOB-1786826700.h5
reading /home/ionouser/chirpsounder2/my_station.ini
/dev/shm/hf25
found  330  files
block 1786826700 writing 326 detections /home/ionouser/ionozond_data2//2026-08-15/cdetections-DOB-1786826700.h5
reading /home/ionouser/chirpsounder2/my_station.ini
/dev/shm/hf25
found  330  files
block 1786826700 writing 326 detections /home/ionouser/ionozond_data2//2026-08-15/cdetections-DOB-1786826700.h5
reading /home/ionouser/chirpsounder2/my_station.ini
/dev/shm/hf25
found  330  files
block 1786826700 writing 326 detections /home/ionouser/ionozond_data2//2026-08-15/cdetections-DOB-1786826700.h5
reading /home/ionouser/chirpsounder2/my_station.ini
/dev/shm/hf25
found  330  files
block 1786826700 writing 326 detections /home/ionouser/ionozond_data2//2026-08-15/cdetections-DOB-1786826700.h5
reading /home/ionouser/chirpsounder2/my_station.ini
/dev/shm/hf25
found  330  files
block 1786826700 writing 326 detections /home/ionouser/ionozond_data2//2026-08-15/cdetections-DOB-1786826700.h5
reading /home/ionouser/chirpsounder2/my_station.ini
/dev/shm/hf25
found  330  files
block 1786826700 writing 326 detections /home/ionouser/ionozond_data2//2026-08-15/cdetections-DOB-1786826700.h5
reading /home/ionouser/chirpsounder2/my_station.ini
/dev/shm/hf25
found  330  files
block 1786826700 writing 326 detections /home/ionouser/ionozond_data2//2026-08-15/cdetections-DOB-1786826700.h5
reading /home/ionouser/chirpsounder2/my_station.ini
/dev/shm/hf25
found  330  files
block 1786826700 writing 326 detections /home/ionouser/ionozond_data2//2026-08-15/cdetections-DOB-1786826700.h5
reading /home/ionouser/chirpsounder2/my_station.ini
/dev/shm/hf25
found  330  files
block 1786826700 writing 326 detections /home/ionouser/ionozond_data2//2026-08-15/cdetections-DOB-1786826700.h5
reading /home/ionouser/chirpsounder2/my_station.ini
/dev/shm/hf25
found  330  files
block 1786826700 writing 326 detections /home/ionouser/ionozond_data2//2026-08-15/cdetections-DOB-1786826700.h5
reading /home/ionouser/chirpsounder2/my_station.ini
/dev/shm/hf25
found  330  files
block 1786826700 writing 326 detections /home/ionouser/ionozond_data2//2026-08-15/cdetections-DOB-1786826700.h5
reading /home/ionouser/chirpsounder2/my_station.ini
/dev/shm/hf25
found  330  files
block 1786826700 writing 326 detections /home/ionouser/ionozond_data2//2026-08-15/cdetections-DOB-1786826700.h5
reading /home/ionouser/chirpsounder2/my_station.ini
/dev/shm/hf25
found  330  files
block 1786826700 writing 326 detections /home/ionouser/ionozond_data2//2026-08-15/cdetections-DOB-1786826700.h5
reading /home/ionouser/chirpsounder2/my_station.ini
/dev/shm/hf25
found  330  files
block 1786826700 writing 326 detections /home/ionouser/ionozond_data2//2026-08-15/cdetections-DOB-1786826700.h5
reading /home/ionouser/chirpsounder2/my_station.ini
/dev/shm/hf25
found  330  files
block 1786826700 writing 326 detections /home/ionouser/ionozond_data2//2026-08-15/cdetections-DOB-1786826700.h5
reading /home/ionouser/chirpsounder2/my_station.ini
/dev/shm/hf25
found  330  files
block 1786826700 writing 326 detections /home/ionouser/ionozond_data2//2026-08-15/cdetections-DOB-1786826700.h5
reading /home/ionouser/chirpsounder2/my_station.ini
/dev/shm/hf25
found  330  files
block 1786826700 writing 326 detections /home/ionouser/ionozond_data2//2026-08-15/cdetections-DOB-1786826700.h5
reading /home/ionouser/chirpsounder2/my_station.ini
/dev/shm/hf25
found  330  files
block 1786826700 writing 326 detections /home/ionouser/ionozond_data2//2026-08-15/cdetections-DOB-1786826700.h5
reading /home/ionouser/chirpsounder2/my_station.ini
/dev/shm/hf25
found  330  files
block 1786826700 writing 326 detections /home/ionouser/ionozond_data2//2026-08-15/cdetections-DOB-1786826700.h5
reading /home/ionouser/chirpsounder2/my_station.ini
/dev/shm/hf25
found  330  files
block 1786826700 writing 326 detections /home/ionouser/ionozond_data2//2026-08-15/cdetections-DOB-1786826700.h5
reading /home/ionouser/chirpsounder2/my_station.ini
/dev/shm/hf25
found  330  files
block 1786826700 writing 326 detections /home/ionouser/ionozond_data2//2026-08-15/cdetections-DOB-1786826700.h5
reading /home/ionouser/chirpsounder2/my_station.ini
/dev/shm/hf25
found  330  files
block 1786826700 writing 326 detections /home/ionouser/ionozond_data2//2026-08-15/cdetections-DOB-1786826700.h5
reading /home/ionouser/chirpsounder2/my_station.ini
/dev/shm/hf25
found  330  files
block 1786826700 writing 326 detections /home/ionouser/ionozond_data2//2026-08-15/cdetections-DOB-1786826700.h5
reading /home/ionouser/chirpsounder2/my_station.ini
/dev/shm/hf25
found  330  files
block 1786826700 writing 326 detections /home/ionouser/ionozond_data2//2026-08-15/cdetections-DOB-1786826700.h5
reading /home/ionouser/chirpsounder2/my_station.ini
/dev/shm/hf25
found  330  files
block 1786826700 writing 326 detections /home/ionouser/ionozond_data2//2026-08-15/cdetections-DOB-1786826700.h5
reading /home/ionouser/chirpsounder2/my_station.ini
/dev/shm/hf25
found  330  files
block 1786826700 writing 326 detections /home/ionouser/ionozond_data2//2026-08-15/cdetections-DOB-1786826700.h5
reading /home/ionouser/chirpsounder2/my_station.ini
/dev/shm/hf25
found  330  files
block 1786826700 writing 326 detections /home/ionouser/ionozond_data2//2026-08-15/cdetections-DOB-1786826700.h5
reading /home/ionouser/chirpsounder2/my_station.ini
/dev/shm/hf25
found  330  files
block 1786826700 writing 326 detections /home/ionouser/ionozond_data2//2026-08-15/cdetections-DOB-1786826700.h5
reading /home/ionouser/chirpsounder2/my_station.ini
/dev/shm/hf25
found  330  files
block 1786826700 writing 326 detections /home/ionouser/ionozond_data2//2026-08-15/cdetections-DOB-1786826700.h5
reading /home/ionouser/chirpsounder2/my_station.ini
/dev/shm/hf25
found  330  files
block 1786826700 writing 326 detections /home/ionouser/ionozond_data2//2026-08-15/cdetections-DOB-1786826700.h5
reading /home/ionouser/chirpsounder2/my_station.ini
/dev/shm/hf25
found  330  files
block 1786826700 writing 326 detections /home/ionouser/ionozond_data2//2026-08-15/cdetections-DOB-1786826700.h5
reading /home/ionouser/chirpsounder2/my_station.ini
/dev/shm/hf25
found  330  files
block 1786826700 writing 326 detections /home/ionouser/ionozond_data2//2026-08-15/cdetections-DOB-1786826700.h5
reading /home/ionouser/chirpsounder2/my_station.ini
/dev/shm/hf25
found  330  files
block 1786826700 writing 326 detections /home/ionouser/ionozond_data2//2026-08-15/cdetections-DOB-1786826700.h5
reading /home/ionouser/chirpsounder2/my_station.ini
/dev/shm/hf25
found  330  files
block 1786826700 writing 326 detections /home/ionouser/ionozond_data2//2026-08-15/cdetections-DOB-1786826700.h5
reading /home/ionouser/chirpsounder2/my_station.ini
/dev/shm/hf25
found  330  files
block 1786826700 writing 326 detections /home/ionouser/ionozond_data2//2026-08-15/cdetections-DOB-1786826700.h5
reading /home/ionouser/chirpsounder2/my_station.ini
/dev/shm/hf25
found  330  files
block 1786826700 writing 326 detections /home/ionouser/ionozond_data2//2026-08-15/cdetections-DOB-1786826700.h5
reading /home/ionouser/chirpsounder2/my_station.ini
/dev/shm/hf25
found  330  files
block 1786826700 writing 326 detections /home/ionouser/ionozond_data2//2026-08-15/cdetections-DOB-1786826700.h5
reading /home/ionouser/chirpsounder2/my_station.ini
/dev/shm/hf25
found  330  files
block 1786826700 writing 326 detections /home/ionouser/ionozond_data2//2026-08-15/cdetections-DOB-1786826700.h5
reading /home/ionouser/chirpsounder2/my_station.ini
/dev/shm/hf25
found  330  files
block 1786826700 writing 326 detections /home/ionouser/ionozond_data2//2026-08-15/cdetections-DOB-1786826700.h5
reading /home/ionouser/chirpsounder2/my_station.ini
/dev/shm/hf25
found  330  files
block 1786826700 writing 326 detections /home/ionouser/ionozond_data2//2026-08-15/cdetections-DOB-1786826700.h5
reading /home/ionouser/chirpsounder2/my_station.ini
/dev/shm/hf25
found  330  files
block 1786826700 writing 326 detections /home/ionouser/ionozond_data2//2026-08-15/cdetections-DOB-1786826700.h5
reading /home/ionouser/chirpsounder2/my_station.ini
/dev/shm/hf25
found  330  files
block 1786826700 writing 326 detections /home/ionouser/ionozond_data2//2026-08-15/cdetections-DOB-1786826700.h5
reading /home/ionouser/chirpsounder2/my_station.ini
/dev/shm/hf25
found  330  files
block 1786826700 writing 326 detections /home/ionouser/ionozond_data2//2026-08-15/cdetections-DOB-1786826700.h5
reading /home/ionouser/chirpsounder2/my_station.ini
/dev/shm/hf25
found  330  files
block 1786826700 writing 326 detections /home/ionouser/ionozond_data2//2026-08-15/cdetections-DOB-1786826700.h5
reading /home/ionouser/chirpsounder2/my_station.ini
/dev/shm/hf25
found  330  files
block 1786826700 writing 326 detections /home/ionouser/ionozond_data2//2026-08-15/cdetections-DOB-1786826700.h5
reading /home/ionouser/chirpsounder2/my_station.ini
/dev/shm/hf25
found  330  files
block 1786826700 writing 326 detections /home/ionouser/ionozond_data2//2026-08-15/cdetections-DOB-1786826700.h5
reading /home/ionouser/chirpsounder2/my_station.ini
/dev/shm/hf25
found  330  files
block 1786826700 writing 326 detections /home/ionouser/ionozond_data2//2026-08-15/cdetections-DOB-1786826700.h5
reading /home/ionouser/chirpsounder2/my_station.ini
/dev/shm/hf25
found  330  files
block 1786826700 writing 326 detections /home/ionouser/ionozond_data2//2026-08-15/cdetections-DOB-1786826700.h5
reading /home/ionouser/chirpsounder2/my_station.ini
/dev/shm/hf25
found  330  files
block 1786826700 writing 326 detections /home/ionouser/ionozond_data2//2026-08-15/cdetections-DOB-1786826700.h5
reading /home/ionouser/chirpsounder2/my_station.ini
/dev/shm/hf25
found  330  files
block 1786826700 writing 326 detections /home/ionouser/ionozond_data2//2026-08-15/cdetections-DOB-1786826700.h5
reading /home/ionouser/chirpsounder2/my_station.ini
/dev/shm/hf25
found  330  files
block 1786826700 writing 326 detections /home/ionouser/ionozond_data2//2026-08-15/cdetections-DOB-1786826700.h5
reading /home/ionouser/chirpsounder2/my_station.ini
/dev/shm/hf25
found  330  files
block 1786826700 writing 326 detections /home/ionouser/ionozond_data2//2026-08-15/cdetections-DOB-1786826700.h5
reading /home/ionouser/chirpsounder2/my_station.ini
/dev/shm/hf25
found  330  files
block 1786826700 writing 326 detections /home/ionouser/ionozond_data2//2026-08-15/cdetections-DOB-1786826700.h5
reading /home/ionouser/chirpsounder2/my_station.ini
/dev/shm/hf25
found  330  files
block 1786826700 writing 326 detections /home/ionouser/ionozond_data2//2026-08-15/cdetections-DOB-1786826700.h5
reading /home/ionouser/chirpsounder2/my_station.ini
/dev/shm/hf25
found  330  files
block 1786826700 writing 326 detections /home/ionouser/ionozond_data2//2026-08-15/cdetections-DOB-1786826700.h5
reading /home/ionouser/chirpsounder2/my_station.ini
/dev/shm/hf25
found  330  files
block 1786826700 writing 326 detections /home/ionouser/ionozond_data2//2026-08-15/cdetections-DOB-1786826700.h5
reading /home/ionouser/chirpsounder2/my_station.ini
/dev/shm/hf25
found  330  files
block 1786826700 writing 326 detections /home/ionouser/ionozond_data2//2026-08-15/cdetections-DOB-1786826700.h5
reading /home/ionouser/chirpsounder2/my_station.ini
/dev/shm/hf25
found  330  files
block 1786826700 writing 326 detections /home/ionouser/ionozond_data2//2026-08-15/cdetections-DOB-1786826700.h5
reading /home/ionouser/chirpsounder2/my_station.ini
/dev/shm/hf25
found  330  files
block 1786826700 writing 326 detections /home/ionouser/ionozond_data2//2026-08-15/cdetections-DOB-1786826700.h5
reading /home/ionouser/chirpsounder2/my_station.ini
/dev/shm/hf25
found  330  files
block 1786826700 writing 326 detections /home/ionouser/ionozond_data2//2026-08-15/cdetections-DOB-1786826700.h5
reading /home/ionouser/chirpsounder2/my_station.ini
/dev/shm/hf25
found  330  files
block 1786826700 writing 326 detections /home/ionouser/ionozond_data2//2026-08-15/cdetections-DOB-1786826700.h5
reading /home/ionouser/chirpsounder2/my_station.ini
/dev/shm/hf25
found  330  files
block 1786826700 writing 326 detections /home/ionouser/ionozond_data2//2026-08-15/cdetections-DOB-1786826700.h5
reading /home/ionouser/chirpsounder2/my_station.ini
/dev/shm/hf25
found  330  files
block 1786826700 writing 326 detections /home/ionouser/ionozond_data2//2026-08-15/cdetections-DOB-1786826700.h5
reading /home/ionouser/chirpsounder2/my_station.ini
/dev/shm/hf25
found  330  files
block 1786826700 writing 326 detections /home/ionouser/ionozond_data2//2026-08-15/cdetections-DOB-1786826700.h5
reading /home/ionouser/chirpsounder2/my_station.ini
/dev/shm/hf25
found  330  files
block 1786826700 writing 326 detections /home/ionouser/ionozond_data2//2026-08-15/cdetections-DOB-1786826700.h5
reading /home/ionouser/chirpsounder2/my_station.ini
/dev/shm/hf25
found  330  files
block 1786826700 writing 326 detections /home/ionouser/ionozond_data2//2026-08-15/cdetections-DOB-1786826700.h5
reading /home/ionouser/chirpsounder2/my_station.ini
/dev/shm/hf25
found  330  files
block 1786826700 writing 326 detections /home/ionouser/ionozond_data2//2026-08-15/cdetections-DOB-1786826700.h5
reading /home/ionouser/chirpsounder2/my_station.ini
/dev/shm/hf25
found  330  files
block 1786826700 writing 326 detections /home/ionouser/ionozond_data2//2026-08-15/cdetections-DOB-1786826700.h5
reading /home/ionouser/chirpsounder2/my_station.ini
/dev/shm/hf25
found  330  files
block 1786826700 writing 326 detections /home/ionouser/ionozond_data2//2026-08-15/cdetections-DOB-1786826700.h5
reading /home/ionouser/chirpsounder2/my_station.ini
/dev/shm/hf25
found  330  files
block 1786826700 writing 326 detections /home/ionouser/ionozond_data2//2026-08-15/cdetections-DOB-1786826700.h5
reading /home/ionouser/chirpsounder2/my_station.ini
/dev/shm/hf25
found  330  files
block 1786826700 writing 326 detections /home/ionouser/ionozond_data2//2026-08-15/cdetections-DOB-1786826700.h5
reading /home/ionouser/chirpsounder2/my_station.ini
/dev/shm/hf25
found  330  files
block 1786826700 writing 326 detections /home/ionouser/ionozond_data2//2026-08-15/cdetections-DOB-1786826700.h5
reading /home/ionouser/chirpsounder2/my_station.ini
/dev/shm/hf25
found  330  files
block 1786826700 writing 326 detections /home/ionouser/ionozond_data2//2026-08-15/cdetections-DOB-1786826700.h5
reading /home/ionouser/chirpsounder2/my_station.ini
/dev/shm/hf25
found  330  files
block 1786826700 writing 326 detections /home/ionouser/ionozond_data2//2026-08-15/cdetections-DOB-1786826700.h5
reading /home/ionouser/chirpsounder2/my_station.ini
/dev/shm/hf25
found  330  files
block 1786826700 writing 326 detections /home/ionouser/ionozond_data2//2026-08-15/cdetections-DOB-1786826700.h5
reading /home/ionouser/chirpsounder2/my_station.ini
/dev/shm/hf25
found  330  files
block 1786826700 writing 326 detections /home/ionouser/ionozond_data2//2026-08-15/cdetections-DOB-1786826700.h5
reading /home/ionouser/chirpsounder2/my_station.ini
/dev/shm/hf25
found  330  files
block 1786826700 writing 326 detections /home/ionouser/ionozond_data2//2026-08-15/cdetections-DOB-1786826700.h5
reading /home/ionouser/chirpsounder2/my_station.ini
/dev/shm/hf25
found  330  files
block 1786826700 writing 326 detections /home/ionouser/ionozond_data2//2026-08-15/cdetections-DOB-1786826700.h5
reading /home/ionouser/chirpsounder2/my_station.ini
/dev/shm/hf25
found  330  files
block 1786826700 writing 326 detections /home/ionouser/ionozond_data2//2026-08-15/cdetections-DOB-1786826700.h5
reading /home/ionouser/chirpsounder2/my_station.ini
/dev/shm/hf25
found  330  files
block 1786826700 writing 326 detections /home/ionouser/ionozond_data2//2026-08-15/cdetections-DOB-1786826700.h5
reading /home/ionouser/chirpsounder2/my_station.ini
/dev/shm/hf25
found  330  files
block 1786826700 writing 326 detections /home/ionouser/ionozond_data2//2026-08-15/cdetections-DOB-1786826700.h5
reading /home/ionouser/chirpsounder2/my_station.ini
/dev/shm/hf25
found  330  files
block 1786826700 writing 326 detections /home/ionouser/ionozond_data2//2026-08-15/cdetections-DOB-1786826700.h5
reading /home/ionouser/chirpsounder2/my_station.ini
/dev/shm/hf25
found  330  files
block 1786826700 writing 326 detections /home/ionouser/ionozond_data2//2026-08-15/cdetections-DOB-1786826700.h5
reading /home/ionouser/chirpsounder2/my_station.ini
/dev/shm/hf25
found  330  files
block 1786826700 writing 326 detections /home/ionouser/ionozond_data2//2026-08-15/cdetections-DOB-1786826700.h5
reading /home/ionouser/chirpsounder2/my_station.ini
/dev/shm/hf25
found  330  files
block 1786826700 writing 326 detections /home/ionouser/ionozond_data2//2026-08-15/cdetections-DOB-1786826700.h5
reading /home/ionouser/chirpsounder2/my_station.ini
/dev/shm/hf25
found  330  files
block 1786826700 writing 326 detections /home/ionouser/ionozond_data2//2026-08-15/cdetections-DOB-1786826700.h5
reading /home/ionouser/chirpsounder2/my_station.ini
/dev/shm/hf25
found  330  files
block 1786826700 writing 326 detections /home/ionouser/ionozond_data2//2026-08-15/cdetections-DOB-1786826700.h5
reading /home/ionouser/chirpsounder2/my_station.ini
/dev/shm/hf25
found  330  files
block 1786826700 writing 326 detections /home/ionouser/ionozond_data2//2026-08-15/cdetections-DOB-1786826700.h5
reading /home/ionouser/chirpsounder2/my_station.ini
/dev/shm/hf25
found  330  files
block 1786826700 writing 326 detections /home/ionouser/ionozond_data2//2026-08-15/cdetections-DOB-1786826700.h5
reading /home/ionouser/chirpsounder2/my_station.ini
/dev/shm/hf25
found  330  files
block 1786826700 writing 326 detections /home/ionouser/ionozond_data2//2026-08-15/cdetections-DOB-1786826700.h5
reading /home/ionouser/chirpsounder2/my_station.ini
/dev/shm/hf25
found  330  files
block 1786826700 writing 326 detections /home/ionouser/ionozond_data2//2026-08-15/cdetections-DOB-1786826700.h5
reading /home/ionouser/chirpsounder2/my_station.ini
/dev/shm/hf25
found  330  files
block 1786826700 writing 326 detections /home/ionouser/ionozond_data2//2026-08-15/cdetections-DOB-1786826700.h5
reading /home/ionouser/chirpsounder2/my_station.ini
/dev/shm/hf25
found  330  files
block 1786826700 writing 326 detections /home/ionouser/ionozond_data2//2026-08-15/cdetections-DOB-1786826700.h5
reading /home/ionouser/chirpsounder2/my_station.ini
/dev/shm/hf25
found  330  files
block 1786826700 writing 326 detections /home/ionouser/ionozond_data2//2026-08-15/cdetections-DOB-1786826700.h5
reading /home/ionouser/chirpsounder2/my_station.ini
/dev/shm/hf25
found  330  files
block 1786826700 writing 326 detections /home/ionouser/ionozond_data2//2026-08-15/cdetections-DOB-1786826700.h5
reading /home/ionouser/chirpsounder2/my_station.ini
/dev/shm/hf25
found  330  files
block 1786826700 writing 326 detections /home/ionouser/ionozond_data2//2026-08-15/cdetections-DOB-1786826700.h5
reading /home/ionouser/chirpsounder2/my_station.ini
/dev/shm/hf25
found  330  files
block 1786826700 writing 326 detections /home/ionouser/ionozond_data2//2026-08-15/cdetections-DOB-1786826700.h5
reading /home/ionouser/chirpsounder2/my_station.ini
/dev/shm/hf25
found  330  files
block 1786826700 writing 326 detections /home/ionouser/ionozond_data2//2026-08-15/cdetections-DOB-1786826700.h5
reading /home/ionouser/chirpsounder2/my_station.ini
/dev/shm/hf25
found  330  files
block 1786826700 writing 326 detections /home/ionouser/ionozond_data2//2026-08-15/cdetections-DOB-1786826700.h5
reading /home/ionouser/chirpsounder2/my_station.ini
/dev/shm/hf25
found  330  files
block 1786826700 writing 326 detections /home/ionouser/ionozond_data2//2026-08-15/cdetections-DOB-1786826700.h5
reading /home/ionouser/chirpsounder2/my_station.ini
/dev/shm/hf25
found  330  files
block 1786826700 writing 326 detections /home/ionouser/ionozond_data2//2026-08-15/cdetections-DOB-1786826700.h5
reading /home/ionouser/chirpsounder2/my_station.ini
/dev/shm/hf25
found  330  files
block 1786826700 writing 326 detections /home/ionouser/ionozond_data2//2026-08-15/cdetections-DOB-1786826700.h5
reading /home/ionouser/chirpsounder2/my_station.ini
/dev/shm/hf25
found  330  files
block 1786826700 writing 326 detections /home/ionouser/ionozond_data2//2026-08-15/cdetections-DOB-1786826700.h5
reading /home/ionouser/chirpsounder2/my_station.ini
/dev/shm/hf25
found  330  files
block 1786826700 writing 326 detections /home/ionouser/ionozond_data2//2026-08-15/cdetections-DOB-1786826700.h5
reading /home/ionouser/chirpsounder2/my_station.ini
/dev/shm/hf25
found  330  files
block 1786826700 writing 326 detections /home/ionouser/ionozond_data2//2026-08-15/cdetections-DOB-1786826700.h5
reading /home/ionouser/chirpsounder2/my_station.ini
/dev/shm/hf25
found  330  files
block 1786826700 writing 326 detections /home/ionouser/ionozond_data2//2026-08-15/cdetections-DOB-1786826700.h5
reading /home/ionouser/chirpsounder2/my_station.ini
/dev/shm/hf25
found  330  files
block 1786826700 writing 326 detections /home/ionouser/ionozond_data2//2026-08-15/cdetections-DOB-1786826700.h5
reading /home/ionouser/chirpsounder2/my_station.ini
/dev/shm/hf25
found  330  files
block 1786826700 writing 326 detections /home/ionouser/ionozond_data2//2026-08-15/cdetections-DOB-1786826700.h5
reading /home/ionouser/chirpsounder2/my_station.ini
/dev/shm/hf25
found  330  files
block 1786826700 writing 326 detections /home/ionouser/ionozond_data2//2026-08-15/cdetections-DOB-1786826700.h5
reading /home/ionouser/chirpsounder2/my_station.ini
/dev/shm/hf25
found  330  files
block 1786826700 writing 326 detections /home/ionouser/ionozond_data2//2026-08-15/cdetections-DOB-1786826700.h5
reading /home/ionouser/chirpsounder2/my_station.ini
/dev/shm/hf25
found  330  files
block 1786826700 writing 326 detections /home/ionouser/ionozond_data2//2026-08-15/cdetections-DOB-1786826700.h5
reading /home/ionouser/chirpsounder2/my_station.ini
/dev/shm/hf25
found  330  files
block 1786826700 writing 326 detections /home/ionouser/ionozond_data2//2026-08-15/cdetections-DOB-1786826700.h5
reading /home/ionouser/chirpsounder2/my_station.ini
/dev/shm/hf25
found  330  files
block 1786826700 writing 326 detections /home/ionouser/ionozond_data2//2026-08-15/cdetections-DOB-1786826700.h5
reading /home/ionouser/chirpsounder2/my_station.ini
/dev/shm/hf25
found  330  files
block 1786826700 writing 326 detections /home/ionouser/ionozond_data2//2026-08-15/cdetections-DOB-1786826700.h5
reading /home/ionouser/chirpsounder2/my_station.ini
/dev/shm/hf25
found  330  files
block 1786826700 writing 326 detections /home/ionouser/ionozond_data2//2026-08-15/cdetections-DOB-1786826700.h5
reading /home/ionouser/chirpsounder2/my_station.ini
/dev/shm/hf25
found  330  files
block 1786826700 writing 326 detections /home/ionouser/ionozond_data2//2026-08-15/cdetections-DOB-1786826700.h5
reading /home/ionouser/chirpsounder2/my_station.ini
/dev/shm/hf25
found  330  files
block 1786826700 writing 326 detections /home/ionouser/ionozond_data2//2026-08-15/cdetections-DOB-1786826700.h5
reading /home/ionouser/chirpsounder2/my_station.ini
/dev/shm/hf25
found  330  files
block 1786826700 writing 326 detections /home/ionouser/ionozond_data2//2026-08-15/cdetections-DOB-1786826700.h5
reading /home/ionouser/chirpsounder2/my_station.ini
/dev/shm/hf25
found  330  files
block 1786826700 writing 326 detections /home/ionouser/ionozond_data2//2026-08-15/cdetections-DOB-1786826700.h5
reading /home/ionouser/chirpsounder2/my_station.ini
/dev/shm/hf25
found  330  files
block 1786826700 writing 326 detections /home/ionouser/ionozond_data2//2026-08-15/cdetections-DOB-1786826700.h5
reading /home/ionouser/chirpsounder2/my_station.ini
/dev/shm/hf25
found  330  files
block 1786826700 writing 326 detections /home/ionouser/ionozond_data2//2026-08-15/cdetections-DOB-1786826700.h5
reading /home/ionouser/chirpsounder2/my_station.ini
/dev/shm/hf25
found  330  files
block 1786826700 writing 326 detections /home/ionouser/ionozond_data2//2026-08-15/cdetections-DOB-1786826700.h5
reading /home/ionouser/chirpsounder2/my_station.ini
/dev/shm/hf25
found  330  files
block 1786826700 writing 326 detections /home/ionouser/ionozond_data2//2026-08-15/cdetections-DOB-1786826700.h5
reading /home/ionouser/chirpsounder2/my_station.ini
/dev/shm/hf25
found  330  files
block 1786826700 writing 326 detections /home/ionouser/ionozond_data2//2026-08-15/cdetections-DOB-1786826700.h5
reading /home/ionouser/chirpsounder2/my_station.ini
/dev/shm/hf25
found  330  files
block 1786826700 writing 326 detections /home/ionouser/ionozond_data2//2026-08-15/cdetections-DOB-1786826700.h5
reading /home/ionouser/chirpsounder2/my_station.ini
/dev/shm/hf25
found  330  files
block 1786826700 writing 326 detections /home/ionouser/ionozond_data2//2026-08-15/cdetections-DOB-1786826700.h5
reading /home/ionouser/chirpsounder2/my_station.ini
/dev/shm/hf25
found  330  files
block 1786826700 writing 326 detections /home/ionouser/ionozond_data2//2026-08-15/cdetections-DOB-1786826700.h5
reading /home/ionouser/chirpsounder2/my_station.ini
/dev/shm/hf25
found  330  files
block 1786826700 writing 326 detections /home/ionouser/ionozond_data2//2026-08-15/cdetections-DOB-1786826700.h5
reading /home/ionouser/chirpsounder2/my_station.ini
/dev/shm/hf25
found  330  files
block 1786826700 writing 326 detections /home/ionouser/ionozond_data2//2026-08-15/cdetections-DOB-1786826700.h5
reading /home/ionouser/chirpsounder2/my_station.ini
/dev/shm/hf25
found  330  files
block 1786826700 writing 326 detections /home/ionouser/ionozond_data2//2026-08-15/cdetections-DOB-1786826700.h5
reading /home/ionouser/chirpsounder2/my_station.ini
/dev/shm/hf25
found  330  files
block 1786826700 writing 326 detections /home/ionouser/ionozond_data2//2026-08-15/cdetections-DOB-1786826700.h5
reading /home/ionouser/chirpsounder2/my_station.ini
/dev/shm/hf25
found  330  files
block 1786826700 writing 326 detections /home/ionouser/ionozond_data2//2026-08-15/cdetections-DOB-1786826700.h5
reading /home/ionouser/chirpsounder2/my_station.ini
/dev/shm/hf25
found  330  files
block 1786826700 writing 326 detections /home/ionouser/ionozond_data2//2026-08-15/cdetections-DOB-1786826700.h5
reading /home/ionouser/chirpsounder2/my_station.ini
/dev/shm/hf25
found  330  files
block 1786826700 writing 326 detections /home/ionouser/ionozond_data2//2026-08-15/cdetections-DOB-1786826700.h5
reading /home/ionouser/chirpsounder2/my_station.ini
/dev/shm/hf25
found  330  files
block 1786826700 writing 326 detections /home/ionouser/ionozond_data2//2026-08-15/cdetections-DOB-1786826700.h5
reading /home/ionouser/chirpsounder2/my_station.ini
/dev/shm/hf25
found  330  files
block 1786826700 writing 326 detections /home/ionouser/ionozond_data2//2026-08-15/cdetections-DOB-1786826700.h5
reading /home/ionouser/chirpsounder2/my_station.ini
/dev/shm/hf25
found  330  files
block 1786826700 writing 326 detections /home/ionouser/ionozond_data2//2026-08-15/cdetections-DOB-1786826700.h5
reading /home/ionouser/chirpsounder2/my_station.ini
/dev/shm/hf25
found  330  files
block 1786826700 writing 326 detections /home/ionouser/ionozond_data2//2026-08-15/cdetections-DOB-1786826700.h5
reading /home/ionouser/chirpsounder2/my_station.ini
/dev/shm/hf25
found  330  files
block 1786826700 writing 326 detections /home/ionouser/ionozond_data2//2026-08-15/cdetections-DOB-1786826700.h5
reading /home/ionouser/chirpsounder2/my_station.ini
/dev/shm/hf25
found  330  files
block 1786826700 writing 326 detections /home/ionouser/ionozond_data2//2026-08-15/cdetections-DOB-1786826700.h5
reading /home/ionouser/chirpsounder2/my_station.ini
/dev/shm/hf25
found  330  files
block 1786826700 writing 326 detections /home/ionouser/ionozond_data2//2026-08-15/cdetections-DOB-1786826700.h5
reading /home/ionouser/chirpsounder2/my_station.ini
/dev/shm/hf25
found  330  files
block 1786826700 writing 326 detections /home/ionouser/ionozond_data2//2026-08-15/cdetections-DOB-1786826700.h5
reading /home/ionouser/chirpsounder2/my_station.ini
/dev/shm/hf25
found  330  files
block 1786826700 writing 326 detections /home/ionouser/ionozond_data2//2026-08-15/cdetections-DOB-1786826700.h5
reading /home/ionouser/chirpsounder2/my_station.ini
/dev/shm/hf25
found  330  files
block 1786826700 writing 326 detections /home/ionouser/ionozond_data2//2026-08-15/cdetections-DOB-1786826700.h5
reading /home/ionouser/chirpsounder2/my_station.ini
/dev/shm/hf25
found  330  files
block 1786826700 writing 326 detections /home/ionouser/ionozond_data2//2026-08-15/cdetections-DOB-1786826700.h5
reading /home/ionouser/chirpsounder2/my_station.ini
/dev/shm/hf25
found  330  files
block 1786826700 writing 326 detections /home/ionouser/ionozond_data2//2026-08-15/cdetections-DOB-1786826700.h5
reading /home/ionouser/chirpsounder2/my_station.ini
/dev/shm/hf25
found  330  files
block 1786826700 writing 326 detections /home/ionouser/ionozond_data2//2026-08-15/cdetections-DOB-1786826700.h5
reading /home/ionouser/chirpsounder2/my_station.ini
/dev/shm/hf25
found  330  files
block 1786826700 writing 326 detections /home/ionouser/ionozond_data2//2026-08-15/cdetections-DOB-1786826700.h5
reading /home/ionouser/chirpsounder2/my_station.ini
/dev/shm/hf25
found  330  files
block 1786826700 writing 326 detections /home/ionouser/ionozond_data2//2026-08-15/cdetections-DOB-1786826700.h5
reading /home/ionouser/chirpsounder2/my_station.ini
/dev/shm/hf25
found  330  files
block 1786826700 writing 326 detections /home/ionouser/ionozond_data2//2026-08-15/cdetections-DOB-1786826700.h5
reading /home/ionouser/chirpsounder2/my_station.ini
/dev/shm/hf25
found  330  files
block 1786826700 writing 326 detections /home/ionouser/ionozond_data2//2026-08-15/cdetections-DOB-1786826700.h5
reading /home/ionouser/chirpsounder2/my_station.ini
/dev/shm/hf25
found  330  files
block 1786826700 writing 326 detections /home/ionouser/ionozond_data2//2026-08-15/cdetections-DOB-1786826700.h5
reading /home/ionouser/chirpsounder2/my_station.ini
/dev/shm/hf25
found  330  files
block 1786826700 writing 326 detections /home/ionouser/ionozond_data2//2026-08-15/cdetections-DOB-1786826700.h5
reading /home/ionouser/chirpsounder2/my_station.ini
/dev/shm/hf25
found  330  files
block 1786826700 writing 326 detections /home/ionouser/ionozond_data2//2026-08-15/cdetections-DOB-1786826700.h5
reading /home/ionouser/chirpsounder2/my_station.ini
/dev/shm/hf25
found  330  files
block 1786826700 writing 326 detections /home/ionouser/ionozond_data2//2026-08-15/cdetections-DOB-1786826700.h5
reading /home/ionouser/chirpsounder2/my_station.ini
/dev/shm/hf25
found  330  files
block 1786826700 writing 326 detections /home/ionouser/ionozond_data2//2026-08-15/cdetections-DOB-1786826700.h5
reading /home/ionouser/chirpsounder2/my_station.ini
/dev/shm/hf25
found  330  files
block 1786826700 writing 326 detections /home/ionouser/ionozond_data2//2026-08-15/cdetections-DOB-1786826700.h5
reading /home/ionouser/chirpsounder2/my_station.ini
/dev/shm/hf25
found  330  files
block 1786826700 writing 326 detections /home/ionouser/ionozond_data2//2026-08-15/cdetections-DOB-1786826700.h5
reading /home/ionouser/chirpsounder2/my_station.ini
/dev/shm/hf25
found  330  files
block 1786826700 writing 326 detections /home/ionouser/ionozond_data2//2026-08-15/cdetections-DOB-1786826700.h5
reading /home/ionouser/chirpsounder2/my_station.ini
/dev/shm/hf25
found  330  files
block 1786826700 writing 326 detections /home/ionouser/ionozond_data2//2026-08-15/cdetections-DOB-1786826700.h5
reading /home/ionouser/chirpsounder2/my_station.ini
/dev/shm/hf25
found  330  files
block 1786826700 writing 326 detections /home/ionouser/ionozond_data2//2026-08-15/cdetections-DOB-1786826700.h5
reading /home/ionouser/chirpsounder2/my_station.ini
/dev/shm/hf25
found  330  files
block 1786826700 writing 326 detections /home/ionouser/ionozond_data2//2026-08-15/cdetections-DOB-1786826700.h5
reading /home/ionouser/chirpsounder2/my_station.ini
/dev/shm/hf25
found  330  files
block 1786826700 writing 326 detections /home/ionouser/ionozond_data2//2026-08-15/cdetections-DOB-1786826700.h5
reading /home/ionouser/chirpsounder2/my_station.ini
/dev/shm/hf25
found  330  files
block 1786826700 writing 326 detections /home/ionouser/ionozond_data2//2026-08-15/cdetections-DOB-1786826700.h5
reading /home/ionouser/chirpsounder2/my_station.ini
/dev/shm/hf25
found  330  files
block 1786826700 writing 326 detections /home/ionouser/ionozond_data2//2026-08-15/cdetections-DOB-1786826700.h5
reading /home/ionouser/chirpsounder2/my_station.ini
/dev/shm/hf25
found  330  files
block 1786826700 writing 326 detections /home/ionouser/ionozond_data2//2026-08-15/cdetections-DOB-1786826700.h5
reading /home/ionouser/chirpsounder2/my_station.ini
/dev/shm/hf25
found  330  files
block 1786826700 writing 326 detections /home/ionouser/ionozond_data2//2026-08-15/cdetections-DOB-1786826700.h5
reading /home/ionouser/chirpsounder2/my_station.ini
/dev/shm/hf25
found  330  files
block 1786826700 writing 326 detections /home/ionouser/ionozond_data2//2026-08-15/cdetections-DOB-1786826700.h5
reading /home/ionouser/chirpsounder2/my_station.ini
/dev/shm/hf25
found  330  files
block 1786826700 writing 326 detections /home/ionouser/ionozond_data2//2026-08-15/cdetections-DOB-1786826700.h5
reading /home/ionouser/chirpsounder2/my_station.ini
/dev/shm/hf25
found  330  files
block 1786826700 writing 326 detections /home/ionouser/ionozond_data2//2026-08-15/cdetections-DOB-1786826700.h5
reading /home/ionouser/chirpsounder2/my_station.ini
/dev/shm/hf25
found  330  files
block 1786826700 writing 326 detections /home/ionouser/ionozond_data2//2026-08-15/cdetections-DOB-1786826700.h5
reading /home/ionouser/chirpsounder2/my_station.ini
/dev/shm/hf25
found  330  files
block 1786826700 writing 326 detections /home/ionouser/ionozond_data2//2026-08-15/cdetections-DOB-1786826700.h5
reading /home/ionouser/chirpsounder2/my_station.ini
/dev/shm/hf25
found  330  files
block 1786826700 writing 326 detections /home/ionouser/ionozond_data2//2026-08-15/cdetections-DOB-1786826700.h5
reading /home/ionouser/chirpsounder2/my_station.ini
/dev/shm/hf25
found  330  files
block 1786826700 writing 326 detections /home/ionouser/ionozond_data2//2026-08-15/cdetections-DOB-1786826700.h5
reading /home/ionouser/chirpsounder2/my_station.ini
/dev/shm/hf25
found  330  files
block 1786826700 writing 326 detections /home/ionouser/ionozond_data2//2026-08-15/cdetections-DOB-1786826700.h5
reading /home/ionouser/chirpsounder2/my_station.ini
/dev/shm/hf25
found  330  files
block 1786826700 writing 326 detections /home/ionouser/ionozond_data2//2026-08-15/cdetections-DOB-1786826700.h5
reading /home/ionouser/chirpsounder2/my_station.ini
/dev/shm/hf25
found  330  files
block 1786826700 writing 326 detections /home/ionouser/ionozond_data2//2026-08-15/cdetections-DOB-1786826700.h5
reading /home/ionouser/chirpsounder2/my_station.ini
/dev/shm/hf25
found  330  files
block 1786826700 writing 326 detections /home/ionouser/ionozond_data2//2026-08-15/cdetections-DOB-1786826700.h5
reading /home/ionouser/chirpsounder2/my_station.ini
/dev/shm/hf25
found  330  files
block 1786826700 writing 326 detections /home/ionouser/ionozond_data2//2026-08-15/cdetections-DOB-1786826700.h5
reading /home/ionouser/chirpsounder2/my_station.ini
/dev/shm/hf25
found  330  files
block 1786826700 writing 326 detections /home/ionouser/ionozond_data2//2026-08-15/cdetections-DOB-1786826700.h5
reading /home/ionouser/chirpsounder2/my_station.ini
/dev/shm/hf25
found  330  files
block 1786826700 writing 326 detections /home/ionouser/ionozond_data2//2026-08-15/cdetections-DOB-1786826700.h5
reading /home/ionouser/chirpsounder2/my_station.ini
/dev/shm/hf25
found  330  files
block 1786826700 writing 326 detections /home/ionouser/ionozond_data2//2026-08-15/cdetections-DOB-1786826700.h5
reading /home/ionouser/chirpsounder2/my_station.ini
/dev/shm/hf25
found  330  files
block 1786826700 writing 326 detections /home/ionouser/ionozond_data2//2026-08-15/cdetections-DOB-1786826700.h5
reading /home/ionouser/chirpsounder2/my_station.ini
/dev/shm/hf25
found  330  files
block 1786826700 writing 326 detections /home/ionouser/ionozond_data2//2026-08-15/cdetections-DOB-1786826700.h5
reading /home/ionouser/chirpsounder2/my_station.ini
/dev/shm/hf25
found  330  files
block 1786826700 writing 326 detections /home/ionouser/ionozond_data2//2026-08-15/cdetections-DOB-1786826700.h5
reading /home/ionouser/chirpsounder2/my_station.ini
/dev/shm/hf25
found  330  files
block 1786826700 writing 326 detections /home/ionouser/ionozond_data2//2026-08-15/cdetections-DOB-1786826700.h5
reading /home/ionouser/chirpsounder2/my_station.ini
/dev/shm/hf25
found  330  files
block 1786826700 writing 326 detections /home/ionouser/ionozond_data2//2026-08-15/cdetections-DOB-1786826700.h5
reading /home/ionouser/chirpsounder2/my_station.ini
/dev/shm/hf25
found  330  files
block 1786826700 writing 326 detections /home/ionouser/ionozond_data2//2026-08-15/cdetections-DOB-1786826700.h5
reading /home/ionouser/chirpsounder2/my_station.ini
/dev/shm/hf25
found  330  files
block 1786826700 writing 326 detections /home/ionouser/ionozond_data2//2026-08-15/cdetections-DOB-1786826700.h5
reading /home/ionouser/chirpsounder2/my_station.ini
/dev/shm/hf25
found  330  files
block 1786826700 writing 326 detections /home/ionouser/ionozond_data2//2026-08-15/cdetections-DOB-1786826700.h5
reading /home/ionouser/chirpsounder2/my_station.ini
/dev/shm/hf25
found  330  files
block 1786826700 writing 326 detections /home/ionouser/ionozond_data2//2026-08-15/cdetections-DOB-1786826700.h5
reading /home/ionouser/chirpsounder2/my_station.ini
/dev/shm/hf25
found  330  files
block 1786826700 writing 326 detections /home/ionouser/ionozond_data2//2026-08-15/cdetections-DOB-1786826700.h5
reading /home/ionouser/chirpsounder2/my_station.ini
/dev/shm/hf25
found  330  files
block 1786826700 writing 326 detections /home/ionouser/ionozond_data2//2026-08-15/cdetections-DOB-1786826700.h5
reading /home/ionouser/chirpsounder2/my_station.ini
/dev/shm/hf25
found  330  files
block 1786826700 writing 326 detections /home/ionouser/ionozond_data2//2026-08-15/cdetections-DOB-1786826700.h5
reading /home/ionouser/chirpsounder2/my_station.ini
/dev/shm/hf25
found  330  files
block 1786826700 writing 326 detections /home/ionouser/ionozond_data2//2026-08-15/cdetections-DOB-1786826700.h5
reading /home/ionouser/chirpsounder2/my_station.ini
/dev/shm/hf25
found  330  files
block 1786826700 writing 326 detections /home/ionouser/ionozond_data2//2026-08-15/cdetections-DOB-1786826700.h5
reading /home/ionouser/chirpsounder2/my_station.ini
/dev/shm/hf25
found  330  files
block 1786826700 writing 326 detections /home/ionouser/ionozond_data2//2026-08-15/cdetections-DOB-1786826700.h5
reading /home/ionouser/chirpsounder2/my_station.ini
/dev/shm/hf25
found  330  files
block 1786826700 writing 326 detections /home/ionouser/ionozond_data2//2026-08-15/cdetections-DOB-1786826700.h5
reading /home/ionouser/chirpsounder2/my_station.ini
/dev/shm/hf25
found  330  files
block 1786826700 writing 326 detections /home/ionouser/ionozond_data2//2026-08-15/cdetections-DOB-1786826700.h5
reading /home/ionouser/chirpsounder2/my_station.ini
/dev/shm/hf25
found  330  files
block 1786826700 writing 326 detections /home/ionouser/ionozond_data2//2026-08-15/cdetections-DOB-1786826700.h5
reading /home/ionouser/chirpsounder2/my_station.ini
/dev/shm/hf25
found  330  files
block 1786826700 writing 326 detections /home/ionouser/ionozond_data2//2026-08-15/cdetections-DOB-1786826700.h5
reading /home/ionouser/chirpsounder2/my_station.ini
/dev/shm/hf25
found  330  files
block 1786826700 writing 326 detections /home/ionouser/ionozond_data2//2026-08-15/cdetections-DOB-1786826700.h5
reading /home/ionouser/chirpsounder2/my_station.ini
/dev/shm/hf25
found  330  files
block 1786826700 writing 326 detections /home/ionouser/ionozond_data2//2026-08-15/cdetections-DOB-1786826700.h5
reading /home/ionouser/chirpsounder2/my_station.ini
/dev/shm/hf25
found  330  files
block 1786826700 writing 326 detections /home/ionouser/ionozond_data2//2026-08-15/cdetections-DOB-1786826700.h5
reading /home/ionouser/chirpsounder2/my_station.ini
/dev/shm/hf25
found  330  files
block 1786826700 writing 326 detections /home/ionouser/ionozond_data2//2026-08-15/cdetections-DOB-1786826700.h5
reading /home/ionouser/chirpsounder2/my_station.ini
/dev/shm/hf25
found  330  files
block 1786826700 writing 326 detections /home/ionouser/ionozond_data2//2026-08-15/cdetections-DOB-1786826700.h5
reading /home/ionouser/chirpsounder2/my_station.ini
/dev/shm/hf25
found  330  files
block 1786826700 writing 326 detections /home/ionouser/ionozond_data2//2026-08-15/cdetections-DOB-1786826700.h5
reading /home/ionouser/chirpsounder2/my_station.ini
/dev/shm/hf25
found  330  files
block 1786826700 writing 326 detections /home/ionouser/ionozond_data2//2026-08-15/cdetections-DOB-1786826700.h5
reading /home/ionouser/chirpsounder2/my_station.ini
/dev/shm/hf25
found  330  files
block 1786826700 writing 326 detections /home/ionouser/ionozond_data2//2026-08-15/cdetections-DOB-1786826700.h5
reading /home/ionouser/chirpsounder2/my_station.ini
/dev/shm/hf25
found  330  files
block 1786826700 writing 326 detections /home/ionouser/ionozond_data2//2026-08-15/cdetections-DOB-1786826700.h5
reading /home/ionouser/chirpsounder2/my_station.ini
/dev/shm/hf25
found  330  files
block 1786826700 writing 326 detections /home/ionouser/ionozond_data2//2026-08-15/cdetections-DOB-1786826700.h5
reading /home/ionouser/chirpsounder2/my_station.ini
/dev/shm/hf25
found  330  files
block 1786826700 writing 326 detections /home/ionouser/ionozond_data2//2026-08-15/cdetections-DOB-1786826700.h5
reading /home/ionouser/chirpsounder2/my_station.ini
/dev/shm/hf25
found  330  files
block 1786826700 writing 326 detections /home/ionouser/ionozond_data2//2026-08-15/cdetections-DOB-1786826700.h5
reading /home/ionouser/chirpsounder2/my_station.ini
/dev/shm/hf25
found  330  files
block 1786826700 writing 326 detections /home/ionouser/ionozond_data2//2026-08-15/cdetections-DOB-1786826700.h5
reading /home/ionouser/chirpsounder2/my_station.ini
/dev/shm/hf25
found  330  files
block 1786826700 writing 326 detections /home/ionouser/ionozond_data2//2026-08-15/cdetections-DOB-1786826700.h5
reading /home/ionouser/chirpsounder2/my_station.ini
/dev/shm/hf25
found  330  files
block 1786826700 writing 326 detections /home/ionouser/ionozond_data2//2026-08-15/cdetections-DOB-1786826700.h5
reading /home/ionouser/chirpsounder2/my_station.ini
/dev/shm/hf25
found  330  files
block 1786826700 writing 326 detections /home/ionouser/ionozond_data2//2026-08-15/cdetections-DOB-1786826700.h5
reading /home/ionouser/chirpsounder2/my_station.ini
/dev/shm/hf25
found  330  files
block 1786826700 writing 326 detections /home/ionouser/ionozond_data2//2026-08-15/cdetections-DOB-1786826700.h5
reading /home/ionouser/chirpsounder2/my_station.ini
/dev/shm/hf25
found  330  files
block 1786826700 writing 326 detections /home/ionouser/ionozond_data2//2026-08-15/cdetections-DOB-1786826700.h5
reading /home/ionouser/chirpsounder2/my_station.ini
/dev/shm/hf25
found  330  files
block 1786826700 writing 326 detections /home/ionouser/ionozond_data2//2026-08-15/cdetections-DOB-1786826700.h5
reading /home/ionouser/chirpsounder2/my_station.ini
/dev/shm/hf25
found  330  files
block 1786826700 writing 326 detections /home/ionouser/ionozond_data2//2026-08-15/cdetections-DOB-1786826700.h5
reading /home/ionouser/chirpsounder2/my_station.ini
/dev/shm/hf25
found  330  files
block 1786826700 writing 326 detections /home/ionouser/ionozond_data2//2026-08-15/cdetections-DOB-1786826700.h5
reading /home/ionouser/chirpsounder2/my_station.ini
/dev/shm/hf25
found  330  files
block 1786826700 writing 326 detections /home/ionouser/ionozond_data2//2026-08-15/cdetections-DOB-1786826700.h5
reading /home/ionouser/chirpsounder2/my_station.ini
/dev/shm/hf25
found  330  files
block 1786826700 writing 326 detections /home/ionouser/ionozond_data2//2026-08-15/cdetections-DOB-1786826700.h5
reading /home/ionouser/chirpsounder2/my_station.ini
/dev/shm/hf25
found  330  files
block 1786826700 writing 326 detections /home/ionouser/ionozond_data2//2026-08-15/cdetections-DOB-1786826700.h5
reading /home/ionouser/chirpsounder2/my_station.ini
/dev/shm/hf25
found  330  files
block 1786826700 writing 326 detections /home/ionouser/ionozond_data2//2026-08-15/cdetections-DOB-1786826700.h5
reading /home/ionouser/chirpsounder2/my_station.ini
/dev/shm/hf25
found  330  files
block 1786826700 writing 326 detections /home/ionouser/ionozond_data2//2026-08-15/cdetections-DOB-1786826700.h5
reading /home/ionouser/chirpsounder2/my_station.ini
/dev/shm/hf25
found  330  files
block 1786826700 writing 326 detections /home/ionouser/ionozond_data2//2026-08-15/cdetections-DOB-1786826700.h5
reading /home/ionouser/chirpsounder2/my_station.ini
/dev/shm/hf25
found  330  files
block 1786826700 writing 326 detections /home/ionouser/ionozond_data2//2026-08-15/cdetections-DOB-1786826700.h5
reading /home/ionouser/chirpsounder2/my_station.ini
/dev/shm/hf25
found  330  files
block 1786826700 writing 326 detections /home/ionouser/ionozond_data2//2026-08-15/cdetections-DOB-1786826700.h5
reading /home/ionouser/chirpsounder2/my_station.ini
/dev/shm/hf25
found  330  files
block 1786826700 writing 326 detections /home/ionouser/ionozond_data2//2026-08-15/cdetections-DOB-1786826700.h5
reading /home/ionouser/chirpsounder2/my_station.ini
/dev/shm/hf25
found  330  files
block 1786826700 writing 326 detections /home/ionouser/ionozond_data2//2026-08-15/cdetections-DOB-1786826700.h5
reading /home/ionouser/chirpsounder2/my_station.ini
/dev/shm/hf25
found  330  files
block 1786826700 writing 326 detections /home/ionouser/ionozond_data2//2026-08-15/cdetections-DOB-1786826700.h5
reading /home/ionouser/chirpsounder2/my_station.ini
/dev/shm/hf25
found  330  files
block 1786826700 writing 326 detections /home/ionouser/ionozond_data2//2026-08-15/cdetections-DOB-1786826700.h5
reading /home/ionouser/chirpsounder2/my_station.ini
/dev/shm/hf25
found  330  files
block 1786826700 writing 326 detections /home/ionouser/ionozond_data2//2026-08-15/cdetections-DOB-1786826700.h5
reading /home/ionouser/chirpsounder2/my_station.ini
/dev/shm/hf25
found  330  files
block 1786826700 writing 326 detections /home/ionouser/ionozond_data2//2026-08-15/cdetections-DOB-1786826700.h5
reading /home/ionouser/chirpsounder2/my_station.ini
/dev/shm/hf25
found  330  files
block 1786826700 writing 326 detections /home/ionouser/ionozond_data2//2026-08-15/cdetections-DOB-1786826700.h5
reading /home/ionouser/chirpsounder2/my_station.ini
/dev/shm/hf25
found  330  files
block 1786826700 writing 326 detections /home/ionouser/ionozond_data2//2026-08-15/cdetections-DOB-1786826700.h5
reading /home/ionouser/chirpsounder2/my_station.ini
/dev/shm/hf25
found  330  files
block 1786826700 writing 326 detections /home/ionouser/ionozond_data2//2026-08-15/cdetections-DOB-1786826700.h5
reading /home/ionouser/chirpsounder2/my_station.ini
/dev/shm/hf25
found  330  files
block 1786826700 writing 326 detections /home/ionouser/ionozond_data2//2026-08-15/cdetections-DOB-1786826700.h5
reading /home/ionouser/chirpsounder2/my_station.ini
/dev/shm/hf25
found  330  files
block 1786826700 writing 326 detections /home/ionouser/ionozond_data2//2026-08-15/cdetections-DOB-1786826700.h5
reading /home/ionouser/chirpsounder2/my_station.ini
/dev/shm/hf25
found  330  files
block 1786826700 writing 326 detections /home/ionouser/ionozond_data2//2026-08-15/cdetections-DOB-1786826700.h5
reading /home/ionouser/chirpsounder2/my_station.ini
/dev/shm/hf25
found  330  files
block 1786826700 writing 326 detections /home/ionouser/ionozond_data2//2026-08-15/cdetections-DOB-1786826700.h5
reading /home/ionouser/chirpsounder2/my_station.ini
/dev/shm/hf25
found  330  files
block 1786826700 writing 326 detections /home/ionouser/ionozond_data2//2026-08-15/cdetections-DOB-1786826700.h5
reading /home/ionouser/chirpsounder2/my_station.ini
/dev/shm/hf25
found  330  files
block 1786826700 writing 326 detections /home/ionouser/ionozond_data2//2026-08-15/cdetections-DOB-1786826700.h5
reading /home/ionouser/chirpsounder2/my_station.ini
/dev/shm/hf25
found  330  files
block 1786826700 writing 326 detections /home/ionouser/ionozond_data2//2026-08-15/cdetections-DOB-1786826700.h5
reading /home/ionouser/chirpsounder2/my_station.ini
/dev/shm/hf25
found  330  files
block 1786826700 writing 326 detections /home/ionouser/ionozond_data2//2026-08-15/cdetections-DOB-1786826700.h5
reading /home/ionouser/chirpsounder2/my_station.ini
/dev/shm/hf25
found  330  files
block 1786826700 writing 326 detections /home/ionouser/ionozond_data2//2026-08-15/cdetections-DOB-1786826700.h5
reading /home/ionouser/chirpsounder2/my_station.ini
/dev/shm/hf25
found  330  files
block 1786826700 writing 326 detections /home/ionouser/ionozond_data2//2026-08-15/cdetections-DOB-1786826700.h5
reading /home/ionouser/chirpsounder2/my_station.ini
/dev/shm/hf25
found  330  files
block 1786826700 writing 326 detections /home/ionouser/ionozond_data2//2026-08-15/cdetections-DOB-1786826700.h5
reading /home/ionouser/chirpsounder2/my_station.ini
/dev/shm/hf25
found  330  files
block 1786826700 writing 326 detections /home/ionouser/ionozond_data2//2026-08-15/cdetections-DOB-1786826700.h5
reading /home/ionouser/chirpsounder2/my_station.ini
/dev/shm/hf25
found  330  files
block 1786826700 writing 326 detections /home/ionouser/ionozond_data2//2026-08-15/cdetections-DOB-1786826700.h5
reading /home/ionouser/chirpsounder2/my_station.ini
/dev/shm/hf25
found  330  files
block 1786826700 writing 326 detections /home/ionouser/ionozond_data2//2026-08-15/cdetections-DOB-1786826700.h5
reading /home/ionouser/chirpsounder2/my_station.ini
/dev/shm/hf25
found  330  files
block 1786826700 writing 326 detections /home/ionouser/ionozond_data2//2026-08-15/cdetections-DOB-1786826700.h5
reading /home/ionouser/chirpsounder2/my_station.ini
/dev/shm/hf25
found  330  files
block 1786826700 writing 326 detections /home/ionouser/ionozond_data2//2026-08-15/cdetections-DOB-1786826700.h5
reading /home/ionouser/chirpsounder2/my_station.ini
/dev/shm/hf25
found  330  files
block 1786826700 writing 326 detections /home/ionouser/ionozond_data2//2026-08-15/cdetections-DOB-1786826700.h5
reading /home/ionouser/chirpsounder2/my_station.ini
/dev/shm/hf25
found  330  files
block 1786826700 writing 326 detections /home/ionouser/ionozond_data2//2026-08-15/cdetections-DOB-1786826700.h5
reading /home/ionouser/chirpsounder2/my_station.ini
/dev/shm/hf25
found  330  files
block 1786826700 writing 326 detections /home/ionouser/ionozond_data2//2026-08-15/cdetections-DOB-1786826700.h5
reading /home/ionouser/chirpsounder2/my_station.ini
/dev/shm/hf25
found  330  files
block 1786826700 writing 326 detections /home/ionouser/ionozond_data2//2026-08-15/cdetections-DOB-1786826700.h5
reading /home/ionouser/chirpsounder2/my_station.ini
/dev/shm/hf25
found  330  files
block 1786826700 writing 326 detections /home/ionouser/ionozond_data2//2026-08-15/cdetections-DOB-1786826700.h5
reading /home/ionouser/chirpsounder2/my_station.ini
/dev/shm/hf25
found  330  files
block 1786826700 writing 326 detections /home/ionouser/ionozond_data2//2026-08-15/cdetections-DOB-1786826700.h5
reading /home/ionouser/chirpsounder2/my_station.ini
/dev/shm/hf25
found  330  files
block 1786826700 writing 326 detections /home/ionouser/ionozond_data2//2026-08-15/cdetections-DOB-1786826700.h5
reading /home/ionouser/chirpsounder2/my_station.ini
/dev/shm/hf25
found  330  files
block 1786826700 writing 326 detections /home/ionouser/ionozond_data2//2026-08-15/cdetections-DOB-1786826700.h5
reading /home/ionouser/chirpsounder2/my_station.ini
/dev/shm/hf25
found  330  files
block 1786826700 writing 326 detections /home/ionouser/ionozond_data2//2026-08-15/cdetections-DOB-1786826700.h5
reading /home/ionouser/chirpsounder2/my_station.ini
/dev/shm/hf25
found  330  files
block 1786826700 writing 326 detections /home/ionouser/ionozond_data2//2026-08-15/cdetections-DOB-1786826700.h5
reading /home/ionouser/chirpsounder2/my_station.ini
/dev/shm/hf25
found  330  files
block 1786826700 writing 326 detections /home/ionouser/ionozond_data2//2026-08-15/cdetections-DOB-1786826700.h5
reading /home/ionouser/chirpsounder2/my_station.ini
/dev/shm/hf25
found  330  files
block 1786826700 writing 326 detections /home/ionouser/ionozond_data2//2026-08-15/cdetections-DOB-1786826700.h5
reading /home/ionouser/chirpsounder2/my_station.ini
/dev/shm/hf25
found  330  files
block 1786826700 writing 326 detections /home/ionouser/ionozond_data2//2026-08-15/cdetections-DOB-1786826700.h5
reading /home/ionouser/chirpsounder2/my_station.ini
/dev/shm/hf25
found  330  files
block 1786826700 writing 326 detections /home/ionouser/ionozond_data2//2026-08-15/cdetections-DOB-1786826700.h5
reading /home/ionouser/chirpsounder2/my_station.ini
/dev/shm/hf25
found  330  files
block 1786826700 writing 326 detections /home/ionouser/ionozond_data2//2026-08-15/cdetections-DOB-1786826700.h5
reading /home/ionouser/chirpsounder2/my_station.ini
/dev/shm/hf25
found  330  files
block 1786826700 writing 326 detections /home/ionouser/ionozond_data2//2026-08-15/cdetections-DOB-1786826700.h5
reading /home/ionouser/chirpsounder2/my_station.ini
/dev/shm/hf25
found  330  files
block 1786826700 writing 326 detections /home/ionouser/ionozond_data2//2026-08-15/cdetections-DOB-1786826700.h5
reading /home/ionouser/chirpsounder2/my_station.ini
/dev/shm/hf25
found  330  files
block 1786826700 writing 326 detections /home/ionouser/ionozond_data2//2026-08-15/cdetections-DOB-1786826700.h5
reading /home/ionouser/chirpsounder2/my_station.ini
/dev/shm/hf25
found  330  files
block 1786826700 writing 326 detections /home/ionouser/ionozond_data2//2026-08-15/cdetections-DOB-1786826700.h5
reading /home/ionouser/chirpsounder2/my_station.ini
/dev/shm/hf25
found  330  files
block 1786826700 writing 326 detections /home/ionouser/ionozond_data2//2026-08-15/cdetections-DOB-1786826700.h5
reading /home/ionouser/chirpsounder2/my_station.ini
/dev/shm/hf25
found  330  files
block 1786826700 writing 326 detections /home/ionouser/ionozond_data2//2026-08-15/cdetections-DOB-1786826700.h5
reading /home/ionouser/chirpsounder2/my_station.ini
/dev/shm/hf25
found  330  files
block 1786826700 writing 326 detections /home/ionouser/ionozond_data2//2026-08-15/cdetections-DOB-1786826700.h5
reading /home/ionouser/chirpsounder2/my_station.ini
/dev/shm/hf25
found  330  files
block 1786826700 writing 326 detections /home/ionouser/ionozond_data2//2026-08-15/cdetections-DOB-1786826700.h5
reading /home/ionouser/chirpsounder2/my_station.ini
/dev/shm/hf25
found  330  files
block 1786826700 writing 326 detections /home/ionouser/ionozond_data2//2026-08-15/cdetections-DOB-1786826700.h5
reading /home/ionouser/chirpsounder2/my_station.ini
/dev/shm/hf25
found  330  files
block 1786826700 writing 326 detections /home/ionouser/ionozond_data2//2026-08-15/cdetections-DOB-1786826700.h5
reading /home/ionouser/chirpsounder2/my_station.ini
/dev/shm/hf25
found  330  files
block 1786826700 writing 326 detections /home/ionouser/ionozond_data2//2026-08-15/cdetections-DOB-1786826700.h5
reading /home/ionouser/chirpsounder2/my_station.ini
/dev/shm/hf25
found  330  files
block 1786826700 writing 326 detections /home/ionouser/ionozond_data2//2026-08-15/cdetections-DOB-1786826700.h5
reading /home/ionouser/chirpsounder2/my_station.ini
/dev/shm/hf25
found  330  files
block 1786826700 writing 326 detections /home/ionouser/ionozond_data2//2026-08-15/cdetections-DOB-1786826700.h5
reading /home/ionouser/chirpsounder2/my_station.ini
/dev/shm/hf25
found  330  files
block 1786826700 writing 326 detections /home/ionouser/ionozond_data2//2026-08-15/cdetections-DOB-1786826700.h5
reading /home/ionouser/chirpsounder2/my_station.ini
/dev/shm/hf25
found  330  files
block 1786826700 writing 326 detections /home/ionouser/ionozond_data2//2026-08-15/cdetections-DOB-1786826700.h5
reading /home/ionouser/chirpsounder2/my_station.ini
/dev/shm/hf25
found  330  files
block 1786826700 writing 326 detections /home/ionouser/ionozond_data2//2026-08-15/cdetections-DOB-1786826700.h5
reading /home/ionouser/chirpsounder2/my_station.ini
/dev/shm/hf25
found  330  files
block 1786826700 writing 326 detections /home/ionouser/ionozond_data2//2026-08-15/cdetections-DOB-1786826700.h5
reading /home/ionouser/chirpsounder2/my_station.ini
/dev/shm/hf25
found  330  files
block 1786826700 writing 326 detections /home/ionouser/ionozond_data2//2026-08-15/cdetections-DOB-1786826700.h5
reading /home/ionouser/chirpsounder2/my_station.ini
/dev/shm/hf25
found  330  files
block 1786826700 writing 326 detections /home/ionouser/ionozond_data2//2026-08-15/cdetections-DOB-1786826700.h5
reading /home/ionouser/chirpsounder2/my_station.ini
/dev/shm/hf25
found  330  files
block 1786826700 writing 326 detections /home/ionouser/ionozond_data2//2026-08-15/cdetections-DOB-1786826700.h5
reading /home/ionouser/chirpsounder2/my_station.ini
/dev/shm/hf25
found  330  files
block 1786826700 writing 326 detections /home/ionouser/ionozond_data2//2026-08-15/cdetections-DOB-1786826700.h5
reading /home/ionouser/chirpsounder2/my_station.ini
/dev/shm/hf25
found  330  files
block 1786826700 writing 326 detections /home/ionouser/ionozond_data2//2026-08-15/cdetections-DOB-1786826700.h5
reading /home/ionouser/chirpsounder2/my_station.ini
/dev/shm/hf25
found  330  files
block 1786826700 writing 326 detections /home/ionouser/ionozond_data2//2026-08-15/cdetections-DOB-1786826700.h5
reading /home/ionouser/chirpsounder2/my_station.ini
/dev/shm/hf25
found  330  files
block 1786826700 writing 326 detections /home/ionouser/ionozond_data2//2026-08-15/cdetections-DOB-1786826700.h5
reading /home/ionouser/chirpsounder2/my_station.ini
/dev/shm/hf25
found  330  files
block 1786826700 writing 326 detections /home/ionouser/ionozond_data2//2026-08-15/cdetections-DOB-1786826700.h5
reading /home/ionouser/chirpsounder2/my_station.ini
/dev/shm/hf25
found  330  files
block 1786826700 writing 326 detections /home/ionouser/ionozond_data2//2026-08-15/cdetections-DOB-1786826700.h5
reading /home/ionouser/chirpsounder2/my_station.ini
/dev/shm/hf25
found  330  files
block 1786826700 writing 326 detections /home/ionouser/ionozond_data2//2026-08-15/cdetections-DOB-1786826700.h5
reading /home/ionouser/chirpsounder2/my_station.ini
/dev/shm/hf25
found  330  files
block 1786826700 writing 326 detections /home/ionouser/ionozond_data2//2026-08-15/cdetections-DOB-1786826700.h5
reading /home/ionouser/chirpsounder2/my_station.ini
/dev/shm/hf25
found  330  files
block 1786826700 writing 326 detections /home/ionouser/ionozond_data2//2026-08-15/cdetections-DOB-1786826700.h5
reading /home/ionouser/chirpsounder2/my_station.ini
/dev/shm/hf25
found  330  files
block 1786826700 writing 326 detections /home/ionouser/ionozond_data2//2026-08-15/cdetections-DOB-1786826700.h5
reading /home/ionouser/chirpsounder2/my_station.ini
/dev/shm/hf25
found  330  files
block 1786826700 writing 326 detections /home/ionouser/ionozond_data2//2026-08-15/cdetections-DOB-1786826700.h5
reading /home/ionouser/chirpsounder2/my_station.ini
/dev/shm/hf25
found  330  files
block 1786826700 writing 326 detections /home/ionouser/ionozond_data2//2026-08-15/cdetections-DOB-1786826700.h5
reading /home/ionouser/chirpsounder2/my_station.ini
/dev/shm/hf25
found  330  files
block 1786826700 writing 326 detections /home/ionouser/ionozond_data2//2026-08-15/cdetections-DOB-1786826700.h5
reading /home/ionouser/chirpsounder2/my_station.ini
/dev/shm/hf25
found  330  files
block 1786826700 writing 326 detections /home/ionouser/ionozond_data2//2026-08-15/cdetections-DOB-1786826700.h5
reading /home/ionouser/chirpsounder2/my_station.ini
/dev/shm/hf25
found  330  files
block 1786826700 writing 326 detections /home/ionouser/ionozond_data2//2026-08-15/cdetections-DOB-1786826700.h5
reading /home/ionouser/chirpsounder2/my_station.ini
/dev/shm/hf25
found  330  files
block 1786826700 writing 326 detections /home/ionouser/ionozond_data2//2026-08-15/cdetections-DOB-1786826700.h5
reading /home/ionouser/chirpsounder2/my_station.ini
/dev/shm/hf25
found  330  files
block 1786826700 writing 326 detections /home/ionouser/ionozond_data2//2026-08-15/cdetections-DOB-1786826700.h5
reading /home/ionouser/chirpsounder2/my_station.ini
/dev/shm/hf25
found  330  files
block 1786826700 writing 326 detections /home/ionouser/ionozond_data2//2026-08-15/cdetections-DOB-1786826700.h5
reading /home/ionouser/chirpsounder2/my_station.ini
/dev/shm/hf25
found  330  files
block 1786826700 writing 326 detections /home/ionouser/ionozond_data2//2026-08-15/cdetections-DOB-1786826700.h5
reading /home/ionouser/chirpsounder2/my_station.ini
/dev/shm/hf25
found  330  files
block 1786826700 writing 326 detections /home/ionouser/ionozond_data2//2026-08-15/cdetections-DOB-1786826700.h5
reading /home/ionouser/chirpsounder2/my_station.ini
/dev/shm/hf25
found  330  files
block 1786826700 writing 326 detections /home/ionouser/ionozond_data2//2026-08-15/cdetections-DOB-1786826700.h5
reading /home/ionouser/chirpsounder2/my_station.ini
/dev/shm/hf25
found  330  files
block 1786826700 writing 326 detections /home/ionouser/ionozond_data2//2026-08-15/cdetections-DOB-1786826700.h5
reading /home/ionouser/chirpsounder2/my_station.ini
/dev/shm/hf25
found  330  files
block 1786826700 writing 326 detections /home/ionouser/ionozond_data2//2026-08-15/cdetections-DOB-1786826700.h5
reading /home/ionouser/chirpsounder2/my_station.ini
/dev/shm/hf25
found  330  files
block 1786826700 writing 326 detections /home/ionouser/ionozond_data2//2026-08-15/cdetections-DOB-1786826700.h5
reading /home/ionouser/chirpsounder2/my_station.ini
/dev/shm/hf25
found  330  files
block 1786826700 writing 326 detections /home/ionouser/ionozond_data2//2026-08-15/cdetections-DOB-1786826700.h5
reading /home/ionouser/chirpsounder2/my_station.ini
/dev/shm/hf25
found  330  files
block 1786826700 writing 326 detections /home/ionouser/ionozond_data2//2026-08-15/cdetections-DOB-1786826700.h5
reading /home/ionouser/chirpsounder2/my_station.ini
/dev/shm/hf25
found  330  files
block 1786826700 writing 326 detections /home/ionouser/ionozond_data2//2026-08-15/cdetections-DOB-1786826700.h5
reading /home/ionouser/chirpsounder2/my_station.ini
/dev/shm/hf25
found  330  files
block 1786826700 writing 326 detections /home/ionouser/ionozond_data2//2026-08-15/cdetections-DOB-1786826700.h5
reading /home/ionouser/chirpsounder2/my_station.ini
/dev/shm/hf25
found  330  files
block 1786826700 writing 326 detections /home/ionouser/ionozond_data2//2026-08-15/cdetections-DOB-1786826700.h5
reading /home/ionouser/chirpsounder2/my_station.ini
/dev/shm/hf25
found  330  files
block 1786826700 writing 326 detections /home/ionouser/ionozond_data2//2026-08-15/cdetections-DOB-1786826700.h5
reading /home/ionouser/chirpsounder2/my_station.ini
/dev/shm/hf25
found  330  files
block 1786826700 writing 326 detections /home/ionouser/ionozond_data2//2026-08-15/cdetections-DOB-1786826700.h5
reading /home/ionouser/chirpsounder2/my_station.ini
/dev/shm/hf25
found  330  files
block 1786826700 writing 326 detections /home/ionouser/ionozond_data2//2026-08-15/cdetections-DOB-1786826700.h5
reading /home/ionouser/chirpsounder2/my_station.ini
/dev/shm/hf25
found  330  files
block 1786826700 writing 326 detections /home/ionouser/ionozond_data2//2026-08-15/cdetections-DOB-1786826700.h5
reading /home/ionouser/chirpsounder2/my_station.ini
/dev/shm/hf25
found  330  files
block 1786826700 writing 326 detections /home/ionouser/ionozond_data2//2026-08-15/cdetections-DOB-1786826700.h5
reading /home/ionouser/chirpsounder2/my_station.ini
/dev/shm/hf25
found  330  files
block 1786826700 writing 326 detections /home/ionouser/ionozond_data2//2026-08-15/cdetections-DOB-1786826700.h5
reading /home/ionouser/chirpsounder2/my_station.ini
/dev/shm/hf25
found  330  files
block 1786826700 writing 326 detections /home/ionouser/ionozond_data2//2026-08-15/cdetections-DOB-1786826700.h5
reading /home/ionouser/chirpsounder2/my_station.ini
/dev/shm/hf25
found  330  files
block 1786826700 writing 326 detections /home/ionouser/ionozond_data2//2026-08-15/cdetections-DOB-1786826700.h5
reading /home/ionouser/chirpsounder2/my_station.ini
/dev/shm/hf25
found  330  files
block 1786826700 writing 326 detections /home/ionouser/ionozond_data2//2026-08-15/cdetections-DOB-1786826700.h5
reading /home/ionouser/chirpsounder2/my_station.ini
/dev/shm/hf25
found  330  files
block 1786826700 writing 326 detections /home/ionouser/ionozond_data2//2026-08-15/cdetections-DOB-1786826700.h5
reading /home/ionouser/chirpsounder2/my_station.ini
/dev/shm/hf25
found  330  files
block 1786826700 writing 326 detections /home/ionouser/ionozond_data2//2026-08-15/cdetections-DOB-1786826700.h5
reading /home/ionouser/chirpsounder2/my_station.ini
/dev/shm/hf25
found  330  files
block 1786826700 writing 326 detections /home/ionouser/ionozond_data2//2026-08-15/cdetections-DOB-1786826700.h5
reading /home/ionouser/chirpsounder2/my_station.ini
/dev/shm/hf25
found  330  files
block 1786826700 writing 326 detections /home/ionouser/ionozond_data2//2026-08-15/cdetections-DOB-1786826700.h5
reading /home/ionouser/chirpsounder2/my_station.ini
/dev/shm/hf25
found  330  files
block 1786826700 writing 326 detections /home/ionouser/ionozond_data2//2026-08-15/cdetections-DOB-1786826700.h5
reading /home/ionouser/chirpsounder2/my_station.ini
/dev/shm/hf25
found  330  files
block 1786826700 writing 326 detections /home/ionouser/ionozond_data2//2026-08-15/cdetections-DOB-1786826700.h5
reading /home/ionouser/chirpsounder2/my_station.ini
/dev/shm/hf25
found  330  files
block 1786826700 writing 326 detections /home/ionouser/ionozond_data2//2026-08-15/cdetections-DOB-1786826700.h5
reading /home/ionouser/chirpsounder2/my_station.ini
/dev/shm/hf25
found  330  files
block 1786826700 writing 326 detections /home/ionouser/ionozond_data2//2026-08-15/cdetections-DOB-1786826700.h5
reading /home/ionouser/chirpsounder2/my_station.ini
/dev/shm/hf25
found  330  files
block 1786826700 writing 326 detections /home/ionouser/ionozond_data2//2026-08-15/cdetections-DOB-1786826700.h5
reading /home/ionouser/chirpsounder2/my_station.ini
/dev/shm/hf25
found  330  files
block 1786826700 writing 326 detections /home/ionouser/ionozond_data2//2026-08-15/cdetections-DOB-1786826700.h5
reading /home/ionouser/chirpsounder2/my_station.ini
/dev/shm/hf25
found  330  files
block 1786826700 writing 326 detections /home/ionouser/ionozond_data2//2026-08-15/cdetections-DOB-1786826700.h5
reading /home/ionouser/chirpsounder2/my_station.ini
/dev/shm/hf25
found  330  files
block 1786826700 writing 326 detections /home/ionouser/ionozond_data2//2026-08-15/cdetections-DOB-1786826700.h5
reading /home/ionouser/chirpsounder2/my_station.ini
/dev/shm/hf25
found  330  files
block 1786826700 writing 326 detections /home/ionouser/ionozond_data2//2026-08-15/cdetections-DOB-1786826700.h5
reading /home/ionouser/chirpsounder2/my_station.ini
/dev/shm/hf25
found  330  files
block 1786826700 writing 326 detections /home/ionouser/ionozond_data2//2026-08-15/cdetections-DOB-1786826700.h5
reading /home/ionouser/chirpsounder2/my_station.ini
/dev/shm/hf25
found  330  files
block 1786826700 writing 326 detections /home/ionouser/ionozond_data2//2026-08-15/cdetections-DOB-1786826700.h5
reading /home/ionouser/chirpsounder2/my_station.ini
/dev/shm/hf25
found  330  files
block 1786826700 writing 326 detections /home/ionouser/ionozond_data2//2026-08-15/cdetections-DOB-1786826700.h5
reading /home/ionouser/chirpsounder2/my_station.ini
/dev/shm/hf25
found  330  files
block 1786826700 writing 326 detections /home/ionouser/ionozond_data2//2026-08-15/cdetections-DOB-1786826700.h5
reading /home/ionouser/chirpsounder2/my_station.ini
/dev/shm/hf25
found  330  files
block 1786826700 writing 326 detections /home/ionouser/ionozond_data2//2026-08-15/cdetections-DOB-1786826700.h5
reading /home/ionouser/chirpsounder2/my_station.ini
/dev/shm/hf25
found  330  files
block 1786826700 writing 326 detections /home/ionouser/ionozond_data2//2026-08-15/cdetections-DOB-1786826700.h5
reading /home/ionouser/chirpsounder2/my_station.ini
/dev/shm/hf25
found  330  files
block 1786826700 writing 326 detections /home/ionouser/ionozond_data2//2026-08-15/cdetections-DOB-1786826700.h5
reading /home/ionouser/chirpsounder2/my_station.ini
/dev/shm/hf25
found  330  files
block 1786826700 writing 326 detections /home/ionouser/ionozond_data2//2026-08-15/cdetections-DOB-1786826700.h5
reading /home/ionouser/chirpsounder2/my_station.ini
/dev/shm/hf25
found  330  files
block 1786826700 writing 326 detections /home/ionouser/ionozond_data2//2026-08-15/cdetections-DOB-1786826700.h5
reading /home/ionouser/chirpsounder2/my_station.ini
/dev/shm/hf25
found  330  files
block 1786826700 writing 326 detections /home/ionouser/ionozond_data2//2026-08-15/cdetections-DOB-1786826700.h5
reading /home/ionouser/chirpsounder2/my_station.ini
/dev/shm/hf25
found  330  files
block 1786826700 writing 326 detections /home/ionouser/ionozond_data2//2026-08-15/cdetections-DOB-1786826700.h5
reading /home/ionouser/chirpsounder2/my_station.ini
/dev/shm/hf25
found  330  files
block 1786826700 writing 326 detections /home/ionouser/ionozond_data2//2026-08-15/cdetections-DOB-1786826700.h5
reading /home/ionouser/chirpsounder2/my_station.ini
/dev/shm/hf25
found  330  files
block 1786826700 writing 326 detections /home/ionouser/ionozond_data2//2026-08-15/cdetections-DOB-1786826700.h5
reading /home/ionouser/chirpsounder2/my_station.ini
/dev/shm/hf25
found  330  files
block 1786826700 writing 326 detections /home/ionouser/ionozond_data2//2026-08-15/cdetections-DOB-1786826700.h5
reading /home/ionouser/chirpsounder2/my_station.ini
/dev/shm/hf25
found  330  files
block 1786826700 writing 326 detections /home/ionouser/ionozond_data2//2026-08-15/cdetections-DOB-1786826700.h5
reading /home/ionouser/chirpsounder2/my_station.ini
/dev/shm/hf25
found  330  files
block 1786826700 writing 326 detections /home/ionouser/ionozond_data2//2026-08-15/cdetections-DOB-1786826700.h5
reading /home/ionouser/chirpsounder2/my_station.ini
/dev/shm/hf25
found  330  files
block 1786826700 writing 326 detections /home/ionouser/ionozond_data2//2026-08-15/cdetections-DOB-1786826700.h5
reading /home/ionouser/chirpsounder2/my_station.ini
/dev/shm/hf25
found  330  files
block 1786826700 writing 326 detections /home/ionouser/ionozond_data2//2026-08-15/cdetections-DOB-1786826700.h5
reading /home/ionouser/chirpsounder2/my_station.ini
/dev/shm/hf25
found  330  files
block 1786826700 writing 326 detections /home/ionouser/ionozond_data2//2026-08-15/cdetections-DOB-1786826700.h5
reading /home/ionouser/chirpsounder2/my_station.ini
/dev/shm/hf25
found  330  files
block 1786826700 writing 326 detections /home/ionouser/ionozond_data2//2026-08-15/cdetections-DOB-1786826700.h5
reading /home/ionouser/chirpsounder2/my_station.ini
/dev/shm/hf25
found  330  files
block 1786826700 writing 326 detections /home/ionouser/ionozond_data2//2026-08-15/cdetections-DOB-1786826700.h5
reading /home/ionouser/chirpsounder2/my_station.ini
/dev/shm/hf25
found  330  files
block 1786826700 writing 326 detections /home/ionouser/ionozond_data2//2026-08-15/cdetections-DOB-1786826700.h5
reading /home/ionouser/chirpsounder2/my_station.ini
/dev/shm/hf25
found  330  files
block 1786826700 writing 326 detections /home/ionouser/ionozond_data2//2026-08-15/cdetections-DOB-1786826700.h5
reading /home/ionouser/chirpsounder2/my_station.ini
/dev/shm/hf25
found  330  files
block 1786826700 writing 326 detections /home/ionouser/ionozond_data2//2026-08-15/cdetections-DOB-1786826700.h5
reading /home/ionouser/chirpsounder2/my_station.ini
/dev/shm/hf25
found  330  files
block 1786826700 writing 326 detections /home/ionouser/ionozond_data2//2026-08-15/cdetections-DOB-1786826700.h5
reading /home/ionouser/chirpsounder2/my_station.ini
/dev/shm/hf25
found  330  files
block 1786826700 writing 326 detections /home/ionouser/ionozond_data2//2026-08-15/cdetections-DOB-1786826700.h5
reading /home/ionouser/chirpsounder2/my_station.ini
/dev/shm/hf25
found  330  files
block 1786826700 writing 326 detections /home/ionouser/ionozond_data2//2026-08-15/cdetections-DOB-1786826700.h5
reading /home/ionouser/chirpsounder2/my_station.ini
/dev/shm/hf25
found  330  files
block 1786826700 writing 326 detections /home/ionouser/ionozond_data2//2026-08-15/cdetections-DOB-1786826700.h5
reading /home/ionouser/chirpsounder2/my_station.ini
/dev/shm/hf25
found  330  files
block 1786826700 writing 326 detections /home/ionouser/ionozond_data2//2026-08-15/cdetections-DOB-1786826700.h5
reading /home/ionouser/chirpsounder2/my_station.ini
/dev/shm/hf25
found  330  files
block 1786826700 writing 326 detections /home/ionouser/ionozond_data2//2026-08-15/cdetections-DOB-1786826700.h5
reading /home/ionouser/chirpsounder2/my_station.ini
/dev/shm/hf25
found  330  files
block 1786826700 writing 326 detections /home/ionouser/ionozond_data2//2026-08-15/cdetections-DOB-1786826700.h5
reading /home/ionouser/chirpsounder2/my_station.ini
/dev/shm/hf25
found  330  files
block 1786826700 writing 326 detections /home/ionouser/ionozond_data2//2026-08-15/cdetections-DOB-1786826700.h5
reading /home/ionouser/chirpsounder2/my_station.ini
/dev/shm/hf25
found  330  files
block 1786826700 writing 326 detections /home/ionouser/ionozond_data2//2026-08-15/cdetections-DOB-1786826700.h5
reading /home/ionouser/chirpsounder2/my_station.ini
/dev/shm/hf25
found  330  files
block 1786826700 writing 326 detections /home/ionouser/ionozond_data2//2026-08-15/cdetections-DOB-1786826700.h5
reading /home/ionouser/chirpsounder2/my_station.ini
/dev/shm/hf25
found  330  files
block 1786826700 writing 326 detections /home/ionouser/ionozond_data2//2026-08-15/cdetections-DOB-1786826700.h5
reading /home/ionouser/chirpsounder2/my_station.ini
/dev/shm/hf25
found  330  files
block 1786826700 writing 326 detections /home/ionouser/ionozond_data2//2026-08-15/cdetections-DOB-1786826700.h5
reading /home/ionouser/chirpsounder2/my_station.ini
/dev/shm/hf25
found  330  files
block 1786826700 writing 326 detections /home/ionouser/ionozond_data2//2026-08-15/cdetections-DOB-1786826700.h5
reading /home/ionouser/chirpsounder2/my_station.ini
/dev/shm/hf25
found  330  files
block 1786826700 writing 326 detections /home/ionouser/ionozond_data2//2026-08-15/cdetections-DOB-1786826700.h5
reading /home/ionouser/chirpsounder2/my_station.ini
/dev/shm/hf25
found  330  files
block 1786826700 writing 326 detections /home/ionouser/ionozond_data2//2026-08-15/cdetections-DOB-1786826700.h5
reading /home/ionouser/chirpsounder2/my_station.ini
/dev/shm/hf25
found  330  files
block 1786826700 writing 326 detections /home/ionouser/ionozond_data2//2026-08-15/cdetections-DOB-1786826700.h5
reading /home/ionouser/chirpsounder2/my_station.ini
/dev/shm/hf25
found  330  files
block 1786826700 writing 326 detections /home/ionouser/ionozond_data2//2026-08-15/cdetections-DOB-1786826700.h5
reading /home/ionouser/chirpsounder2/my_station.ini
/dev/shm/hf25
found  330  files
block 1786826700 writing 326 detections /home/ionouser/ionozond_data2//2026-08-15/cdetections-DOB-1786826700.h5
reading /home/ionouser/chirpsounder2/my_station.ini
/dev/shm/hf25
found  330  files
block 1786826700 writing 326 detections /home/ionouser/ionozond_data2//2026-08-15/cdetections-DOB-1786826700.h5
reading /home/ionouser/chirpsounder2/my_station.ini
/dev/shm/hf25
found  330  files
block 1786826700 writing 326 detections /home/ionouser/ionozond_data2//2026-08-15/cdetections-DOB-1786826700.h5
reading /home/ionouser/chirpsounder2/my_station.ini
/dev/shm/hf25
found  330  files
block 1786826700 writing 326 detections /home/ionouser/ionozond_data2//2026-08-15/cdetections-DOB-1786826700.h5
reading /home/ionouser/chirpsounder2/my_station.ini
/dev/shm/hf25
found  330  files
block 1786826700 writing 326 detections /home/ionouser/ionozond_data2//2026-08-15/cdetections-DOB-1786826700.h5
reading /home/ionouser/chirpsounder2/my_station.ini
/dev/shm/hf25
found  330  files
block 1786826700 writing 326 detections /home/ionouser/ionozond_data2//2026-08-15/cdetections-DOB-1786826700.h5
reading /home/ionouser/chirpsounder2/my_station.ini
/dev/shm/hf25
found  330  files
block 1786826700 writing 326 detections /home/ionouser/ionozond_data2//2026-08-15/cdetections-DOB-1786826700.h5
reading /home/ionouser/chirpsounder2/my_station.ini
/dev/shm/hf25
found  330  files
block 1786826700 writing 326 detections /home/ionouser/ionozond_data2//2026-08-15/cdetections-DOB-1786826700.h5
reading /home/ionouser/chirpsounder2/my_station.ini
/dev/shm/hf25
found  330  files
block 1786826700 writing 326 detections /home/ionouser/ionozond_data2//2026-08-15/cdetections-DOB-1786826700.h5
reading /home/ionouser/chirpsounder2/my_station.ini
/dev/shm/hf25
found  330  files
block 1786826700 writing 326 detections /home/ionouser/ionozond_data2//2026-08-15/cdetections-DOB-1786826700.h5
reading /home/ionouser/chirpsounder2/my_station.ini
/dev/shm/hf25
found  330  files
block 1786826700 writing 326 detections /home/ionouser/ionozond_data2//2026-08-15/cdetections-DOB-1786826700.h5
reading /home/ionouser/chirpsounder2/my_station.ini
/dev/shm/hf25
found  330  files
block 1786826700 writing 326 detections /home/ionouser/ionozond_data2//2026-08-15/cdetections-DOB-1786826700.h5
reading /home/ionouser/chirpsounder2/my_station.ini
/dev/shm/hf25
found  330  files
block 1786826700 writing 326 detections /home/ionouser/ionozond_data2//2026-08-15/cdetections-DOB-1786826700.h5
reading /home/ionouser/chirpsounder2/my_station.ini
/dev/shm/hf25
found  330  files
block 1786826700 writing 326 detections /home/ionouser/ionozond_data2//2026-08-15/cdetections-DOB-1786826700.h5
reading /home/ionouser/chirpsounder2/my_station.ini
/dev/shm/hf25
found  330  files
block 1786826700 writing 326 detections /home/ionouser/ionozond_data2//2026-08-15/cdetections-DOB-1786826700.h5
reading /home/ionouser/chirpsounder2/my_station.ini
/dev/shm/hf25
found  330  files
block 1786826700 writing 326 detections /home/ionouser/ionozond_data2//2026-08-15/cdetections-DOB-1786826700.h5
reading /home/ionouser/chirpsounder2/my_station.ini
/dev/shm/hf25
found  330  files
block 1786826700 writing 326 detections /home/ionouser/ionozond_data2//2026-08-15/cdetections-DOB-1786826700.h5
reading /home/ionouser/chirpsounder2/my_station.ini
/dev/shm/hf25
found  330  files
block 1786826700 writing 326 detections /home/ionouser/ionozond_data2//2026-08-15/cdetections-DOB-1786826700.h5
reading /home/ionouser/chirpsounder2/my_station.ini
/dev/shm/hf25
found  330  files
block 1786826700 writing 326 detections /home/ionouser/ionozond_data2//2026-08-15/cdetections-DOB-1786826700.h5
reading /home/ionouser/chirpsounder2/my_station.ini
/dev/shm/hf25
found  330  files
block 1786826700 writing 326 detections /home/ionouser/ionozond_data2//2026-08-15/cdetections-DOB-1786826700.h5
reading /home/ionouser/chirpsounder2/my_station.ini
/dev/shm/hf25
found  330  files
block 1786826700 writing 326 detections /home/ionouser/ionozond_data2//2026-08-15/cdetections-DOB-1786826700.h5
reading /home/ionouser/chirpsounder2/my_station.ini
/dev/shm/hf25
found  330  files
block 1786826700 writing 326 detections /home/ionouser/ionozond_data2//2026-08-15/cdetections-DOB-1786826700.h5
reading /home/ionouser/chirpsounder2/my_station.ini
/dev/shm/hf25
found  330  files
block 1786826700 writing 326 detections /home/ionouser/ionozond_data2//2026-08-15/cdetections-DOB-1786826700.h5
reading /home/ionouser/chirpsounder2/my_station.ini
/dev/shm/hf25
found  330  files
block 1786826700 writing 326 detections /home/ionouser/ionozond_data2//2026-08-15/cdetections-DOB-1786826700.h5
reading /home/ionouser/chirpsounder2/my_station.ini
/dev/shm/hf25
found  330  files
block 1786826700 writing 326 detections /home/ionouser/ionozond_data2//2026-08-15/cdetections-DOB-1786826700.h5
reading /home/ionouser/chirpsounder2/my_station.ini
/dev/shm/hf25
found  330  files
block 1786826700 writing 326 detections /home/ionouser/ionozond_data2//2026-08-15/cdetections-DOB-1786826700.h5
reading /home/ionouser/chirpsounder2/my_station.ini
/dev/shm/hf25
found  330  files
block 1786826700 writing 326 detections /home/ionouser/ionozond_data2//2026-08-15/cdetections-DOB-1786826700.h5
reading /home/ionouser/chirpsounder2/my_station.ini
/dev/shm/hf25
found  330  files
block 1786826700 writing 326 detections /home/ionouser/ionozond_data2//2026-08-15/cdetections-DOB-1786826700.h5
reading /home/ionouser/chirpsounder2/my_station.ini
/dev/shm/hf25
found  330  files
block 1786826700 writing 326 detections /home/ionouser/ionozond_data2//2026-08-15/cdetections-DOB-1786826700.h5
reading /home/ionouser/chirpsounder2/my_station.ini
/dev/shm/hf25
found  330  files
block 1786826700 writing 326 detections /home/ionouser/ionozond_data2//2026-08-15/cdetections-DOB-1786826700.h5
reading /home/ionouser/chirpsounder2/my_station.ini
/dev/shm/hf25
found  330  files
block 1786826700 writing 326 detections /home/ionouser/ionozond_data2//2026-08-15/cdetections-DOB-1786826700.h5
reading /home/ionouser/chirpsounder2/my_station.ini
/dev/shm/hf25
found  330  files
block 1786826700 writing 326 detections /home/ionouser/ionozond_data2//2026-08-15/cdetections-DOB-1786826700.h5
reading /home/ionouser/chirpsounder2/my_station.ini
/dev/shm/hf25
found  330  files
block 1786826700 writing 326 detections /home/ionouser/ionozond_data2//2026-08-15/cdetections-DOB-1786826700.h5
reading /home/ionouser/chirpsounder2/my_station.ini
/dev/shm/hf25
found  330  files
block 1786826700 writing 326 detections /home/ionouser/ionozond_data2//2026-08-15/cdetections-DOB-1786826700.h5
reading /home/ionouser/chirpsounder2/my_station.ini
/dev/shm/hf25
found  330  files
block 1786826700 writing 326 detections /home/ionouser/ionozond_data2//2026-08-15/cdetections-DOB-1786826700.h5
reading /home/ionouser/chirpsounder2/my_station.ini
/dev/shm/hf25
found  330  files
block 1786826700 writing 326 detections /home/ionouser/ionozond_data2//2026-08-15/cdetections-DOB-1786826700.h5
reading /home/ionouser/chirpsounder2/my_station.ini
/dev/shm/hf25
found  330  files
block 1786826700 writing 326 detections /home/ionouser/ionozond_data2//2026-08-15/cdetections-DOB-1786826700.h5
reading /home/ionouser/chirpsounder2/my_station.ini
/dev/shm/hf25
found  330  files
block 1786826700 writing 326 detections /home/ionouser/ionozond_data2//2026-08-15/cdetections-DOB-1786826700.h5
reading /home/ionouser/chirpsounder2/my_station.ini
/dev/shm/hf25
found  330  files
block 1786826700 writing 326 detections /home/ionouser/ionozond_data2//2026-08-15/cdetections-DOB-1786826700.h5
reading /home/ionouser/chirpsounder2/my_station.ini
/dev/shm/hf25
found  330  files
block 1786826700 writing 326 detections /home/ionouser/ionozond_data2//2026-08-15/cdetections-DOB-1786826700.h5
reading /home/ionouser/chirpsounder2/my_station.ini
/dev/shm/hf25
found  330  files
block 1786826700 writing 326 detections /home/ionouser/ionozond_data2//2026-08-15/cdetections-DOB-1786826700.h5
reading /home/ionouser/chirpsounder2/my_station.ini
/dev/shm/hf25
found  330  files
block 1786826700 writing 326 detections /home/ionouser/ionozond_data2//2026-08-15/cdetections-DOB-1786826700.h5
reading /home/ionouser/chirpsounder2/my_station.ini
/dev/shm/hf25
found  330  files
block 1786826700 writing 326 detections /home/ionouser/ionozond_data2//2026-08-15/cdetections-DOB-1786826700.h5
reading /home/ionouser/chirpsounder2/my_station.ini
/dev/shm/hf25
found  330  files
block 1786826700 writing 326 detections /home/ionouser/ionozond_data2//2026-08-15/cdetections-DOB-1786826700.h5
reading /home/ionouser/chirpsounder2/my_station.ini
/dev/shm/hf25
found  330  files
block 1786826700 writing 326 detections /home/ionouser/ionozond_data2//2026-08-15/cdetections-DOB-1786826700.h5
reading /home/ionouser/chirpsounder2/my_station.ini
/dev/shm/hf25
found  330  files
block 1786826700 writing 326 detections /home/ionouser/ionozond_data2//2026-08-15/cdetections-DOB-1786826700.h5
reading /home/ionouser/chirpsounder2/my_station.ini
/dev/shm/hf25
found  330  files
block 1786826700 writing 326 detections /home/ionouser/ionozond_data2//2026-08-15/cdetections-DOB-1786826700.h5
reading /home/ionouser/chirpsounder2/my_station.ini
/dev/shm/hf25
found  330  files
block 1786826700 writing 326 detections /home/ionouser/ionozond_data2//2026-08-15/cdetections-DOB-1786826700.h5
reading /home/ionouser/chirpsounder2/my_station.ini
/dev/shm/hf25
found  330  files
block 1786826700 writing 326 detections /home/ionouser/ionozond_data2//2026-08-15/cdetections-DOB-1786826700.h5
reading /home/ionouser/chirpsounder2/my_station.ini
/dev/shm/hf25
found  330  files
block 1786826700 writing 326 detections /home/ionouser/ionozond_data2//2026-08-15/cdetections-DOB-1786826700.h5
reading /home/ionouser/chirpsounder2/my_station.ini
/dev/shm/hf25
found  330  files
block 1786826700 writing 326 detections /home/ionouser/ionozond_data2//2026-08-15/cdetections-DOB-1786826700.h5
reading /home/ionouser/chirpsounder2/my_station.ini
/dev/shm/hf25
found  330  files
block 1786826700 writing 326 detections /home/ionouser/ionozond_data2//2026-08-15/cdetections-DOB-1786826700.h5
reading /home/ionouser/chirpsounder2/my_station.ini
/dev/shm/hf25
found  330  files
block 1786826700 writing 326 detections /home/ionouser/ionozond_data2//2026-08-15/cdetections-DOB-1786826700.h5
reading /home/ionouser/chirpsounder2/my_station.ini
/dev/shm/hf25
found  330  files
block 1786826700 writing 326 detections /home/ionouser/ionozond_data2//2026-08-15/cdetections-DOB-1786826700.h5
reading /home/ionouser/chirpsounder2/my_station.ini
/dev/shm/hf25
found  330  files
block 1786826700 writing 326 detections /home/ionouser/ionozond_data2//2026-08-15/cdetections-DOB-1786826700.h5
reading /home/ionouser/chirpsounder2/my_station.ini
/dev/shm/hf25
found  330  files
block 1786826700 writing 326 detections /home/ionouser/ionozond_data2//2026-08-15/cdetections-DOB-1786826700.h5
reading /home/ionouser/chirpsounder2/my_station.ini
/dev/shm/hf25
found  330  files
block 1786826700 writing 326 detections /home/ionouser/ionozond_data2//2026-08-15/cdetections-DOB-1786826700.h5
reading /home/ionouser/chirpsounder2/my_station.ini
/dev/shm/hf25
found  330  files
block 1786826700 writing 326 detections /home/ionouser/ionozond_data2//2026-08-15/cdetections-DOB-1786826700.h5
reading /home/ionouser/chirpsounder2/my_station.ini
/dev/shm/hf25
found  330  files
block 1786826700 writing 326 detections /home/ionouser/ionozond_data2//2026-08-15/cdetections-DOB-1786826700.h5
reading /home/ionouser/chirpsounder2/my_station.ini
/dev/shm/hf25
found  330  files
block 1786826700 writing 326 detections /home/ionouser/ionozond_data2//2026-08-15/cdetections-DOB-1786826700.h5
reading /home/ionouser/chirpsounder2/my_station.ini
/dev/shm/hf25
found  330  files
block 1786826700 writing 326 detections /home/ionouser/ionozond_data2//2026-08-15/cdetections-DOB-1786826700.h5
reading /home/ionouser/chirpsounder2/my_station.ini
/dev/shm/hf25
found  330  files
block 1786826700 writing 326 detections /home/ionouser/ionozond_data2//2026-08-15/cdetections-DOB-1786826700.h5
reading /home/ionouser/chirpsounder2/my_station.ini
/dev/shm/hf25
found  330  files
block 1786826700 writing 326 detections /home/ionouser/ionozond_data2//2026-08-15/cdetections-DOB-1786826700.h5
reading /home/ionouser/chirpsounder2/my_station.ini
/dev/shm/hf25
found  330  files
block 1786826700 writing 326 detections /home/ionouser/ionozond_data2//2026-08-15/cdetections-DOB-1786826700.h5
reading /home/ionouser/chirpsounder2/my_station.ini
/dev/shm/hf25
found  330  files
block 1786826700 writing 326 detections /home/ionouser/ionozond_data2//2026-08-15/cdetections-DOB-1786826700.h5
reading /home/ionouser/chirpsounder2/my_station.ini
/dev/shm/hf25
found  330  files
block 1786826700 writing 326 detections /home/ionouser/ionozond_data2//2026-08-15/cdetections-DOB-1786826700.h5
reading /home/ionouser/chirpsounder2/my_station.ini
/dev/shm/hf25
found  330  files
block 1786826700 writing 326 detections /home/ionouser/ionozond_data2//2026-08-15/cdetections-DOB-1786826700.h5
reading /home/ionouser/chirpsounder2/my_station.ini
/dev/shm/hf25
found  330  files
block 1786826700 writing 326 detections /home/ionouser/ionozond_data2//2026-08-15/cdetections-DOB-1786826700.h5
reading /home/ionouser/chirpsounder2/my_station.ini
/dev/shm/hf25
found  330  files
block 1786826700 writing 326 detections /home/ionouser/ionozond_data2//2026-08-15/cdetections-DOB-1786826700.h5
reading /home/ionouser/chirpsounder2/my_station.ini
/dev/shm/hf25
found  330  files
block 1786826700 writing 326 detections /home/ionouser/ionozond_data2//2026-08-15/cdetections-DOB-1786826700.h5
reading /home/ionouser/chirpsounder2/my_station.ini
/dev/shm/hf25
found  330  files
block 1786826700 writing 326 detections /home/ionouser/ionozond_data2//2026-08-15/cdetections-DOB-1786826700.h5
reading /home/ionouser/chirpsounder2/my_station.ini
/dev/shm/hf25
found  330  files
block 1786826700 writing 326 detections /home/ionouser/ionozond_data2//2026-08-15/cdetections-DOB-1786826700.h5
reading /home/ionouser/chirpsounder2/my_station.ini
/dev/shm/hf25
found  330  files
block 1786826700 writing 326 detections /home/ionouser/ionozond_data2//2026-08-15/cdetections-DOB-1786826700.h5
reading /home/ionouser/chirpsounder2/my_station.ini
/dev/shm/hf25
found  330  files
block 1786826700 writing 326 detections /home/ionouser/ionozond_data2//2026-08-15/cdetections-DOB-1786826700.h5
reading /home/ionouser/chirpsounder2/my_station.ini
/dev/shm/hf25
found  330  files
block 1786826700 writing 326 detections /home/ionouser/ionozond_data2//2026-08-15/cdetections-DOB-1786826700.h5
reading /home/ionouser/chirpsounder2/my_station.ini
/dev/shm/hf25
found  330  files
block 1786826700 writing 326 detections /home/ionouser/ionozond_data2//2026-08-15/cdetections-DOB-1786826700.h5
reading /home/ionouser/chirpsounder2/my_station.ini
/dev/shm/hf25
found  330  files
block 1786826700 writing 326 detections /home/ionouser/ionozond_data2//2026-08-15/cdetections-DOB-1786826700.h5
reading /home/ionouser/chirpsounder2/my_station.ini
/dev/shm/hf25
found  330  files
block 1786826700 writing 326 detections /home/ionouser/ionozond_data2//2026-08-15/cdetections-DOB-1786826700.h5
reading /home/ionouser/chirpsounder2/my_station.ini
/dev/shm/hf25
found  330  files
block 1786826700 writing 326 detections /home/ionouser/ionozond_data2//2026-08-15/cdetections-DOB-1786826700.h5
reading /home/ionouser/chirpsounder2/my_station.ini
/dev/shm/hf25
found  330  files
block 1786826700 writing 326 detections /home/ionouser/ionozond_data2//2026-08-15/cdetections-DOB-1786826700.h5
reading /home/ionouser/chirpsounder2/my_station.ini
/dev/shm/hf25
found  330  files
block 1786826700 writing 326 detections /home/ionouser/ionozond_data2//2026-08-15/cdetections-DOB-1786826700.h5
reading /home/ionouser/chirpsounder2/my_station.ini
/dev/shm/hf25
found  330  files
block 1786826700 writing 326 detections /home/ionouser/ionozond_data2//2026-08-15/cdetections-DOB-1786826700.h5
reading /home/ionouser/chirpsounder2/my_station.ini
/dev/shm/hf25
found  330  files
block 1786826700 writing 326 detections /home/ionouser/ionozond_data2//2026-08-15/cdetections-DOB-1786826700.h5
reading /home/ionouser/chirpsounder2/my_station.ini
/dev/shm/hf25
found  330  files
block 1786826700 writing 326 detections /home/ionouser/ionozond_data2//2026-08-15/cdetections-DOB-1786826700.h5
reading /home/ionouser/chirpsounder2/my_station.ini
/dev/shm/hf25
found  330  files
block 1786826700 writing 326 detections /home/ionouser/ionozond_data2//2026-08-15/cdetections-DOB-1786826700.h5
reading /home/ionouser/chirpsounder2/my_station.ini
/dev/shm/hf25
found  330  files
block 1786826700 writing 326 detections /home/ionouser/ionozond_data2//2026-08-15/cdetections-DOB-1786826700.h5
reading /home/ionouser/chirpsounder2/my_station.ini
/dev/shm/hf25
found  330  files
block 1786826700 writing 326 detections /home/ionouser/ionozond_data2//2026-08-15/cdetections-DOB-1786826700.h5
reading /home/ionouser/chirpsounder2/my_station.ini
/dev/shm/hf25
found  330  files
block 1786826700 writing 326 detections /home/ionouser/ionozond_data2//2026-08-15/cdetections-DOB-1786826700.h5
reading /home/ionouser/chirpsounder2/my_station.ini
/dev/shm/hf25
found  330  files
block 1786826700 writing 326 detections /home/ionouser/ionozond_data2//2026-08-15/cdetections-DOB-1786826700.h5
reading /home/ionouser/chirpsounder2/my_station.ini
/dev/shm/hf25
found  330  files
block 1786826700 writing 326 detections /home/ionouser/ionozond_data2//2026-08-15/cdetections-DOB-1786826700.h5
reading /home/ionouser/chirpsounder2/my_station.ini
/dev/shm/hf25
found  330  files
block 1786826700 writing 326 detections /home/ionouser/ionozond_data2//2026-08-15/cdetections-DOB-1786826700.h5
reading /home/ionouser/chirpsounder2/my_station.ini
/dev/shm/hf25
found  330  files
block 1786826700 writing 326 detections /home/ionouser/ionozond_data2//2026-08-15/cdetections-DOB-1786826700.h5
reading /home/ionouser/chirpsounder2/my_station.ini
/dev/shm/hf25
found  330  files
block 1786826700 writing 326 detections /home/ionouser/ionozond_data2//2026-08-15/cdetections-DOB-1786826700.h5
reading /home/ionouser/chirpsounder2/my_station.ini
/dev/shm/hf25
found  330  files
block 1786826700 writing 326 detections /home/ionouser/ionozond_data2//2026-08-15/cdetections-DOB-1786826700.h5
reading /home/ionouser/chirpsounder2/my_station.ini
/dev/shm/hf25
found  330  files
block 1786826700 writing 326 detections /home/ionouser/ionozond_data2//2026-08-15/cdetections-DOB-1786826700.h5
reading /home/ionouser/chirpsounder2/my_station.ini
/dev/shm/hf25
found  330  files
block 1786826700 writing 326 detections /home/ionouser/ionozond_data2//2026-08-15/cdetections-DOB-1786826700.h5
reading /home/ionouser/chirpsounder2/my_station.ini
/dev/shm/hf25
found  330  files
block 1786826700 writing 326 detections /home/ionouser/ionozond_data2//2026-08-15/cdetections-DOB-1786826700.h5
reading /home/ionouser/chirpsounder2/my_station.ini
/dev/shm/hf25
found  330  files
block 1786826700 writing 326 detections /home/ionouser/ionozond_data2//2026-08-15/cdetections-DOB-1786826700.h5
reading /home/ionouser/chirpsounder2/my_station.ini
/dev/shm/hf25
found  330  files
block 1786826700 writing 326 detections /home/ionouser/ionozond_data2//2026-08-15/cdetections-DOB-1786826700.h5
reading /home/ionouser/chirpsounder2/my_station.ini
/dev/shm/hf25
found  330  files
block 1786826700 writing 326 detections /home/ionouser/ionozond_data2//2026-08-15/cdetections-DOB-1786826700.h5
reading /home/ionouser/chirpsounder2/my_station.ini
/dev/shm/hf25
found  330  files
block 1786826700 writing 326 detections /home/ionouser/ionozond_data2//2026-08-15/cdetections-DOB-1786826700.h5
reading /home/ionouser/chirpsounder2/my_station.ini
/dev/shm/hf25
found  330  files
block 1786826700 writing 326 detections /home/ionouser/ionozond_data2//2026-08-15/cdetections-DOB-1786826700.h5
reading /home/ionouser/chirpsounder2/my_station.ini
/dev/shm/hf25
found  330  files
block 1786826700 writing 326 detections /home/ionouser/ionozond_data2//2026-08-15/cdetections-DOB-1786826700.h5
reading /home/ionouser/chirpsounder2/my_station.ini
/dev/shm/hf25
found  330  files
block 1786826700 writing 326 detections /home/ionouser/ionozond_data2//2026-08-15/cdetections-DOB-1786826700.h5
reading /home/ionouser/chirpsounder2/my_station.ini
/dev/shm/hf25
found  330  files
block 1786826700 writing 326 detections /home/ionouser/ionozond_data2//2026-08-15/cdetections-DOB-1786826700.h5
reading /home/ionouser/chirpsounder2/my_station.ini
/dev/shm/hf25
found  330  files
block 1786826700 writing 326 detections /home/ionouser/ionozond_data2//2026-08-15/cdetections-DOB-1786826700.h5
reading /home/ionouser/chirpsounder2/my_station.ini
/dev/shm/hf25
found  330  files
block 1786826700 writing 326 detections /home/ionouser/ionozond_data2//2026-08-15/cdetections-DOB-1786826700.h5
reading /home/ionouser/chirpsounder2/my_station.ini
/dev/shm/hf25
found  330  files
block 1786826700 writing 326 detections /home/ionouser/ionozond_data2//2026-08-15/cdetections-DOB-1786826700.h5
reading /home/ionouser/chirpsounder2/my_station.ini
/dev/shm/hf25
found  330  files
block 1786826700 writing 326 detections /home/ionouser/ionozond_data2//2026-08-15/cdetections-DOB-1786826700.h5
reading /home/ionouser/chirpsounder2/my_station.ini
/dev/shm/hf25
found  330  files
block 1786826700 writing 326 detections /home/ionouser/ionozond_data2//2026-08-15/cdetections-DOB-1786826700.h5
reading /home/ionouser/chirpsounder2/my_station.ini
/dev/shm/hf25
found  330  files
block 1786826700 writing 326 detections /home/ionouser/ionozond_data2//2026-08-15/cdetections-DOB-1786826700.h5
reading /home/ionouser/chirpsounder2/my_station.ini
/dev/shm/hf25
found  330  files
block 1786826700 writing 326 detections /home/ionouser/ionozond_data2//2026-08-15/cdetections-DOB-1786826700.h5
reading /home/ionouser/chirpsounder2/my_station.ini
/dev/shm/hf25
found  330  files
block 1786826700 writing 326 detections /home/ionouser/ionozond_data2//2026-08-15/cdetections-DOB-1786826700.h5
reading /home/ionouser/chirpsounder2/my_station.ini
/dev/shm/hf25
found  330  files
block 1786826700 writing 326 detections /home/ionouser/ionozond_data2//2026-08-15/cdetections-DOB-1786826700.h5
reading /home/ionouser/chirpsounder2/my_station.ini
/dev/shm/hf25
found  330  files
block 1786826700 writing 326 detections /home/ionouser/ionozond_data2//2026-08-15/cdetections-DOB-1786826700.h5
reading /home/ionouser/chirpsounder2/my_station.ini
/dev/shm/hf25
found  330  files
block 1786826700 writing 326 detections /home/ionouser/ionozond_data2//2026-08-15/cdetections-DOB-1786826700.h5
reading /home/ionouser/chirpsounder2/my_station.ini
/dev/shm/hf25
found  330  files
block 1786826700 writing 326 detections /home/ionouser/ionozond_data2//2026-08-15/cdetections-DOB-1786826700.h5
reading /home/ionouser/chirpsounder2/my_station.ini
/dev/shm/hf25
found  330  files
block 1786826700 writing 326 detections /home/ionouser/ionozond_data2//2026-08-15/cdetections-DOB-1786826700.h5
reading /home/ionouser/chirpsounder2/my_station.ini
/dev/shm/hf25
found  330  files
block 1786826700 writing 326 detections /home/ionouser/ionozond_data2//2026-08-15/cdetections-DOB-1786826700.h5
reading /home/ionouser/chirpsounder2/my_station.ini
/dev/shm/hf25
found  330  files
block 1786826700 writing 326 detections /home/ionouser/ionozond_data2//2026-08-15/cdetections-DOB-1786826700.h5
reading /home/ionouser/chirpsounder2/my_station.ini
/dev/shm/hf25
found  330  files
block 1786826700 writing 326 detections /home/ionouser/ionozond_data2//2026-08-15/cdetections-DOB-1786826700.h5
reading /home/ionouser/chirpsounder2/my_station.ini
/dev/shm/hf25
found  330  files
block 1786826700 writing 326 detections /home/ionouser/ionozond_data2//2026-08-15/cdetections-DOB-1786826700.h5
reading /home/ionouser/chirpsounder2/my_station.ini
/dev/shm/hf25
found  330  files
block 1786826700 writing 326 detections /home/ionouser/ionozond_data2//2026-08-15/cdetections-DOB-1786826700.h5
reading /home/ionouser/chirpsounder2/my_station.ini
/dev/shm/hf25
found  330  files
block 1786826700 writing 326 detections /home/ionouser/ionozond_data2//2026-08-15/cdetections-DOB-1786826700.h5
reading /home/ionouser/chirpsounder2/my_station.ini
/dev/shm/hf25
found  330  files
block 1786826700 writing 326 detections /home/ionouser/ionozond_data2//2026-08-15/cdetections-DOB-1786826700.h5
reading /home/ionouser/chirpsounder2/my_station.ini
/dev/shm/hf25
found  330  files
block 1786826700 writing 326 detections /home/ionouser/ionozond_data2//2026-08-15/cdetections-DOB-1786826700.h5
reading /home/ionouser/chirpsounder2/my_station.ini
/dev/shm/hf25
found  330  files
block 1786826700 writing 326 detections /home/ionouser/ionozond_data2//2026-08-15/cdetections-DOB-1786826700.h5
reading /home/ionouser/chirpsounder2/my_station.ini
/dev/shm/hf25
found  330  files
block 1786826700 writing 326 detections /home/ionouser/ionozond_data2//2026-08-15/cdetections-DOB-1786826700.h5
reading /home/ionouser/chirpsounder2/my_station.ini
/dev/shm/hf25
found  330  files
block 1786826700 writing 326 detections /home/ionouser/ionozond_data2//2026-08-15/cdetections-DOB-1786826700.h5
reading /home/ionouser/chirpsounder2/my_station.ini
/dev/shm/hf25
found  330  files
block 1786826700 writing 326 detections /home/ionouser/ionozond_data2//2026-08-15/cdetections-DOB-1786826700.h5
reading /home/ionouser/chirpsounder2/my_station.ini
/dev/shm/hf25
found  330  files
block 1786826700 writing 326 detections /home/ionouser/ionozond_data2//2026-08-15/cdetections-DOB-1786826700.h5
reading /home/ionouser/chirpsounder2/my_station.ini
/dev/shm/hf25
found  330  files
block 1786826700 writing 326 detections /home/ionouser/ionozond_data2//2026-08-15/cdetections-DOB-1786826700.h5
reading /home/ionouser/chirpsounder2/my_station.ini
/dev/shm/hf25
found  330  files
block 1786826700 writing 326 detections /home/ionouser/ionozond_data2//2026-08-15/cdetections-DOB-1786826700.h5
reading /home/ionouser/chirpsounder2/my_station.ini
/dev/shm/hf25
found  330  files
block 1786826700 writing 326 detections /home/ionouser/ionozond_data2//2026-08-15/cdetections-DOB-1786826700.h5
reading /home/ionouser/chirpsounder2/my_station.ini
/dev/shm/hf25
found  330  files
block 1786826700 writing 326 detections /home/ionouser/ionozond_data2//2026-08-15/cdetections-DOB-1786826700.h5
reading /home/ionouser/chirpsounder2/my_station.ini
/dev/shm/hf25
found  330  files
block 1786826700 writing 326 detections /home/ionouser/ionozond_data2//2026-08-15/cdetections-DOB-1786826700.h5
reading /home/ionouser/chirpsounder2/my_station.ini
/dev/shm/hf25
found  330  files
block 1786826700 writing 326 detections /home/ionouser/ionozond_data2//2026-08-15/cdetections-DOB-1786826700.h5
reading /home/ionouser/chirpsounder2/my_station.ini
/dev/shm/hf25
found  330  files
block 1786826700 writing 326 detections /home/ionouser/ionozond_data2//2026-08-15/cdetections-DOB-1786826700.h5
reading /home/ionouser/chirpsounder2/my_station.ini
/dev/shm/hf25
found  330  files
block 1786826700 writing 326 detections /home/ionouser/ionozond_data2//2026-08-15/cdetections-DOB-1786826700.h5
reading /home/ionouser/chirpsounder2/my_station.ini
/dev/shm/hf25
found  330  files
block 1786826700 writing 326 detections /home/ionouser/ionozond_data2//2026-08-15/cdetections-DOB-1786826700.h5
reading /home/ionouser/chirpsounder2/my_station.ini
/dev/shm/hf25
found  330  files
block 1786826700 writing 326 detections /home/ionouser/ionozond_data2//2026-08-15/cdetections-DOB-1786826700.h5
reading /home/ionouser/chirpsounder2/my_station.ini
/dev/shm/hf25
found  330  files
block 1786826700 writing 326 detections /home/ionouser/ionozond_data2//2026-08-15/cdetections-DOB-1786826700.h5
reading /home/ionouser/chirpsounder2/my_station.ini
/dev/shm/hf25
found  330  files
block 1786826700 writing 326 detections /home/ionouser/ionozond_data2//2026-08-15/cdetections-DOB-1786826700.h5
reading /home/ionouser/chirpsounder2/my_station.ini
/dev/shm/hf25
found  330  files
block 1786826700 writing 326 detections /home/ionouser/ionozond_data2//2026-08-15/cdetections-DOB-1786826700.h5
reading /home/ionouser/chirpsounder2/my_station.ini
/dev/shm/hf25
found  330  files
block 1786826700 writing 326 detections /home/ionouser/ionozond_data2//2026-08-15/cdetections-DOB-1786826700.h5
reading /home/ionouser/chirpsounder2/my_station.ini
/dev/shm/hf25
found  330  files
block 1786826700 writing 326 detections /home/ionouser/ionozond_data2//2026-08-15/cdetections-DOB-1786826700.h5
reading /home/ionouser/chirpsounder2/my_station.ini
/dev/shm/hf25
found  330  files
block 1786826700 writing 326 detections /home/ionouser/ionozond_data2//2026-08-15/cdetections-DOB-1786826700.h5
reading /home/ionouser/chirpsounder2/my_station.ini
/dev/shm/hf25
found  330  files
block 1786826700 writing 326 detections /home/ionouser/ionozond_data2//2026-08-15/cdetections-DOB-1786826700.h5
reading /home/ionouser/chirpsounder2/my_station.ini
/dev/shm/hf25
found  330  files
block 1786826700 writing 326 detections /home/ionouser/ionozond_data2//2026-08-15/cdetections-DOB-1786826700.h5
reading /home/ionouser/chirpsounder2/my_station.ini
/dev/shm/hf25
found  330  files
block 1786826700 writing 326 detections /home/ionouser/ionozond_data2//2026-08-15/cdetections-DOB-1786826700.h5
reading /home/ionouser/chirpsounder2/my_station.ini
/dev/shm/hf25
found  330  files
block 1786826700 writing 326 detections /home/ionouser/ionozond_data2//2026-08-15/cdetections-DOB-1786826700.h5
reading /home/ionouser/chirpsounder2/my_station.ini
/dev/shm/hf25
found  330  files
block 1786826700 writing 326 detections /home/ionouser/ionozond_data2//2026-08-15/cdetections-DOB-1786826700.h5
reading /home/ionouser/chirpsounder2/my_station.ini
/dev/shm/hf25
found  330  files
block 1786826700 writing 326 detections /home/ionouser/ionozond_data2//2026-08-15/cdetections-DOB-1786826700.h5
reading /home/ionouser/chirpsounder2/my_station.ini
/dev/shm/hf25
found  330  files
block 1786826700 writing 326 detections /home/ionouser/ionozond_data2//2026-08-15/cdetections-DOB-1786826700.h5
reading /home/ionouser/chirpsounder2/my_station.ini
/dev/shm/hf25
found  330  files
block 1786826700 writing 326 detections /home/ionouser/ionozond_data2//2026-08-15/cdetections-DOB-1786826700.h5
reading /home/ionouser/chirpsounder2/my_station.ini
/dev/shm/hf25
found  330  files
block 1786826700 writing 326 detections /home/ionouser/ionozond_data2//2026-08-15/cdetections-DOB-1786826700.h5
reading /home/ionouser/chirpsounder2/my_station.ini
/dev/shm/hf25
found  330  files
block 1786826700 writing 326 detections /home/ionouser/ionozond_data2//2026-08-15/cdetections-DOB-1786826700.h5
reading /home/ionouser/chirpsounder2/my_station.ini
/dev/shm/hf25
found  330  files
block 1786826700 writing 326 detections /home/ionouser/ionozond_data2//2026-08-15/cdetections-DOB-1786826700.h5
reading /home/ionouser/chirpsounder2/my_station.ini
/dev/shm/hf25
found  330  files
block 1786826700 writing 326 detections /home/ionouser/ionozond_data2//2026-08-15/cdetections-DOB-1786826700.h5
reading /home/ionouser/chirpsounder2/my_station.ini
/dev/shm/hf25
found  330  files
block 1786826700 writing 326 detections /home/ionouser/ionozond_data2//2026-08-15/cdetections-DOB-1786826700.h5
reading /home/ionouser/chirpsounder2/my_station.ini
/dev/shm/hf25
found  330  files
block 1786826700 writing 326 detections /home/ionouser/ionozond_data2//2026-08-15/cdetections-DOB-1786826700.h5
reading /home/ionouser/chirpsounder2/my_station.ini
/dev/shm/hf25
found  330  files
block 1786826700 writing 326 detections /home/ionouser/ionozond_data2//2026-08-15/cdetections-DOB-1786826700.h5
reading /home/ionouser/chirpsounder2/my_station.ini
/dev/shm/hf25
found  330  files
block 1786826700 writing 326 detections /home/ionouser/ionozond_data2//2026-08-15/cdetections-DOB-1786826700.h5
reading /home/ionouser/chirpsounder2/my_station.ini
/dev/shm/hf25
found  330  files
block 1786826700 writing 326 detections /home/ionouser/ionozond_data2//2026-08-15/cdetections-DOB-1786826700.h5
reading /home/ionouser/chirpsounder2/my_station.ini
/dev/shm/hf25
found  330  files
block 1786826700 writing 326 detections /home/ionouser/ionozond_data2//2026-08-15/cdetections-DOB-1786826700.h5
reading /home/ionouser/chirpsounder2/my_station.ini
/dev/shm/hf25
found  330  files
block 1786826700 writing 326 detections /home/ionouser/ionozond_data2//2026-08-15/cdetections-DOB-1786826700.h5
reading /home/ionouser/chirpsounder2/my_station.ini
/dev/shm/hf25
found  330  files
block 1786826700 writing 326 detections /home/ionouser/ionozond_data2//2026-08-15/cdetections-DOB-1786826700.h5
reading /home/ionouser/chirpsounder2/my_station.ini
/dev/shm/hf25
found  330  files
block 1786826700 writing 326 detections /home/ionouser/ionozond_data2//2026-08-15/cdetections-DOB-1786826700.h5
reading /home/ionouser/chirpsounder2/my_station.ini
/dev/shm/hf25
found  330  files
block 1786826700 writing 326 detections /home/ionouser/ionozond_data2//2026-08-15/cdetections-DOB-1786826700.h5
reading /home/ionouser/chirpsounder2/my_station.ini
/dev/shm/hf25
found  330  files
block 1786826700 writing 326 detections /home/ionouser/ionozond_data2//2026-08-15/cdetections-DOB-1786826700.h5
reading /home/ionouser/chirpsounder2/my_station.ini
/dev/shm/hf25
found  330  files
block 1786826700 writing 326 detections /home/ionouser/ionozond_data2//2026-08-15/cdetections-DOB-1786826700.h5
reading /home/ionouser/chirpsounder2/my_station.ini
/dev/shm/hf25
found  330  files
block 1786826700 writing 326 detections /home/ionouser/ionozond_data2//2026-08-15/cdetections-DOB-1786826700.h5
reading /home/ionouser/chirpsounder2/my_station.ini
/dev/shm/hf25
found  330  files
block 1786826700 writing 326 detections /home/ionouser/ionozond_data2//2026-08-15/cdetections-DOB-1786826700.h5
reading /home/ionouser/chirpsounder2/my_station.ini
/dev/shm/hf25
found  330  files
block 1786826700 writing 326 detections /home/ionouser/ionozond_data2//2026-08-15/cdetections-DOB-1786826700.h5
reading /home/ionouser/chirpsounder2/my_station.ini
/dev/shm/hf25
found  330  files
block 1786826700 writing 326 detections /home/ionouser/ionozond_data2//2026-08-15/cdetections-DOB-1786826700.h5
reading /home/ionouser/chirpsounder2/my_station.ini
/dev/shm/hf25
found  330  files
block 1786826700 writing 326 detections /home/ionouser/ionozond_data2//2026-08-15/cdetections-DOB-1786826700.h5
reading /home/ionouser/chirpsounder2/my_station.ini
/dev/shm/hf25
found  330  files
block 1786826700 writing 326 detections /home/ionouser/ionozond_data2//2026-08-15/cdetections-DOB-1786826700.h5
reading /home/ionouser/chirpsounder2/my_station.ini
/dev/shm/hf25
found  330  files
block 1786826700 writing 326 detections /home/ionouser/ionozond_data2//2026-08-15/cdetections-DOB-1786826700.h5
reading /home/ionouser/chirpsounder2/my_station.ini
/dev/shm/hf25
found  330  files
block 1786826700 writing 326 detections /home/ionouser/ionozond_data2//2026-08-15/cdetections-DOB-1786826700.h5
reading /home/ionouser/chirpsounder2/my_station.ini
/dev/shm/hf25
found  330  files
block 1786826700 writing 326 detections /home/ionouser/ionozond_data2//2026-08-15/cdetections-DOB-1786826700.h5
reading /home/ionouser/chirpsounder2/my_station.ini
/dev/shm/hf25
found  330  files
block 1786826700 writing 326 detections /home/ionouser/ionozond_data2//2026-08-15/cdetections-DOB-1786826700.h5
reading /home/ionouser/chirpsounder2/my_station.ini
/dev/shm/hf25
found  330  files
block 1786826700 writing 326 detections /home/ionouser/ionozond_data2//2026-08-15/cdetections-DOB-1786826700.h5
reading /home/ionouser/chirpsounder2/my_station.ini
/dev/shm/hf25
found  330  files
block 1786826700 writing 326 detections /home/ionouser/ionozond_data2//2026-08-15/cdetections-DOB-1786826700.h5
reading /home/ionouser/chirpsounder2/my_station.ini
/dev/shm/hf25
found  330  files
block 1786826700 writing 326 detections /home/ionouser/ionozond_data2//2026-08-15/cdetections-DOB-1786826700.h5
reading /home/ionouser/chirpsounder2/my_station.ini
/dev/shm/hf25
found  330  files
block 1786826700 writing 326 detections /home/ionouser/ionozond_data2//2026-08-15/cdetections-DOB-1786826700.h5
reading /home/ionouser/chirpsounder2/my_station.ini
/dev/shm/hf25
found  330  files
block 1786826700 writing 326 detections /home/ionouser/ionozond_data2//2026-08-15/cdetections-DOB-1786826700.h5
reading /home/ionouser/chirpsounder2/my_station.ini
/dev/shm/hf25
found  330  files
block 1786826700 writing 326 detections /home/ionouser/ionozond_data2//2026-08-15/cdetections-DOB-1786826700.h5
reading /home/ionouser/chirpsounder2/my_station.ini
/dev/shm/hf25
found  330  files
block 1786826700 writing 326 detections /home/ionouser/ionozond_data2//2026-08-15/cdetections-DOB-1786826700.h5
reading /home/ionouser/chirpsounder2/my_station.ini
/dev/shm/hf25
found  330  files
block 1786826700 writing 326 detections /home/ionouser/ionozond_data2//2026-08-15/cdetections-DOB-1786826700.h5
reading /home/ionouser/chirpsounder2/my_station.ini
/dev/shm/hf25
found  330  files
block 1786826700 writing 326 detections /home/ionouser/ionozond_data2//2026-08-15/cdetections-DOB-1786826700.h5
reading /home/ionouser/chirpsounder2/my_station.ini
/dev/shm/hf25
found  330  files
block 1786826700 writing 326 detections /home/ionouser/ionozond_data2//2026-08-15/cdetections-DOB-1786826700.h5
reading /home/ionouser/chirpsounder2/my_station.ini
/dev/shm/hf25
found  330  files
block 1786826700 writing 326 detections /home/ionouser/ionozond_data2//2026-08-15/cdetections-DOB-1786826700.h5
reading /home/ionouser/chirpsounder2/my_station.ini
/dev/shm/hf25
found  330  files
block 1786826700 writing 326 detections /home/ionouser/ionozond_data2//2026-08-15/cdetections-DOB-1786826700.h5
reading /home/ionouser/chirpsounder2/my_station.ini
/dev/shm/hf25
found  330  files
block 1786826700 writing 326 detections /home/ionouser/ionozond_data2//2026-08-15/cdetections-DOB-1786826700.h5
reading /home/ionouser/chirpsounder2/my_station.ini
/dev/shm/hf25
found  330  files
block 1786826700 writing 326 detections /home/ionouser/ionozond_data2//2026-08-15/cdetections-DOB-1786826700.h5
reading /home/ionouser/chirpsounder2/my_station.ini
/dev/shm/hf25
found  330  files
block 1786826700 writing 326 detections /home/ionouser/ionozond_data2//2026-08-15/cdetections-DOB-1786826700.h5
reading /home/ionouser/chirpsounder2/my_station.ini
/dev/shm/hf25
found  330  files
block 1786826700 writing 326 detections /home/ionouser/ionozond_data2//2026-08-15/cdetections-DOB-1786826700.h5
reading /home/ionouser/chirpsounder2/my_station.ini
/dev/shm/hf25
found  330  files
block 1786826700 writing 326 detections /home/ionouser/ionozond_data2//2026-08-15/cdetections-DOB-1786826700.h5
reading /home/ionouser/chirpsounder2/my_station.ini
/dev/shm/hf25
found  330  files
block 1786826700 writing 326 detections /home/ionouser/ionozond_data2//2026-08-15/cdetections-DOB-1786826700.h5
reading /home/ionouser/chirpsounder2/my_station.ini
/dev/shm/hf25
found  330  files
block 1786826700 writing 326 detections /home/ionouser/ionozond_data2//2026-08-15/cdetections-DOB-1786826700.h5
reading /home/ionouser/chirpsounder2/my_station.ini
/dev/shm/hf25
found  330  files
block 1786826700 writing 326 detections /home/ionouser/ionozond_data2//2026-08-15/cdetections-DOB-1786826700.h5
reading /home/ionouser/chirpsounder2/my_station.ini
/dev/shm/hf25
found  330  files
block 1786826700 writing 326 detections /home/ionouser/ionozond_data2//2026-08-15/cdetections-DOB-1786826700.h5
reading /home/ionouser/chirpsounder2/my_station.ini
/dev/shm/hf25
found  330  files
block 1786826700 writing 326 detections /home/ionouser/ionozond_data2//2026-08-15/cdetections-DOB-1786826700.h5
reading /home/ionouser/chirpsounder2/my_station.ini
/dev/shm/hf25
found  330  files
block 1786826700 writing 326 detections /home/ionouser/ionozond_data2//2026-08-15/cdetections-DOB-1786826700.h5
reading /home/ionouser/chirpsounder2/my_station.ini
/dev/shm/hf25
found  330  files
block 1786826700 writing 326 detections /home/ionouser/ionozond_data2//2026-08-15/cdetections-DOB-1786826700.h5
reading /home/ionouser/chirpsounder2/my_station.ini
/dev/shm/hf25
found  330  files
block 1786826700 writing 326 detections /home/ionouser/ionozond_data2//2026-08-15/cdetections-DOB-1786826700.h5
reading /home/ionouser/chirpsounder2/my_station.ini
/dev/shm/hf25
found  330  files
block 1786826700 writing 326 detections /home/ionouser/ionozond_data2//2026-08-15/cdetections-DOB-1786826700.h5
reading /home/ionouser/chirpsounder2/my_station.ini
/dev/shm/hf25
found  330  files
block 1786826700 writing 326 detections /home/ionouser/ionozond_data2//2026-08-15/cdetections-DOB-1786826700.h5
reading /home/ionouser/chirpsounder2/my_station.ini
/dev/shm/hf25
found  330  files
block 1786826700 writing 326 detections /home/ionouser/ionozond_data2//2026-08-15/cdetections-DOB-1786826700.h5
reading /home/ionouser/chirpsounder2/my_station.ini
/dev/shm/hf25
found  330  files
block 1786826700 writing 326 detections /home/ionouser/ionozond_data2//2026-08-15/cdetections-DOB-1786826700.h5
reading /home/ionouser/chirpsounder2/my_station.ini
/dev/shm/hf25
found  330  files
block 1786826700 writing 326 detections /home/ionouser/ionozond_data2//2026-08-15/cdetections-DOB-1786826700.h5
reading /home/ionouser/chirpsounder2/my_station.ini
/dev/shm/hf25
found  330  files
block 1786826700 writing 326 detections /home/ionouser/ionozond_data2//2026-08-15/cdetections-DOB-1786826700.h5
reading /home/ionouser/chirpsounder2/my_station.ini
/dev/shm/hf25
found  330  files
block 1786826700 writing 326 detections /home/ionouser/ionozond_data2//2026-08-15/cdetections-DOB-1786826700.h5
reading /home/ionouser/chirpsounder2/my_station.ini
/dev/shm/hf25
found  330  files
block 1786826700 writing 326 detections /home/ionouser/ionozond_data2//2026-08-15/cdetections-DOB-1786826700.h5
reading /home/ionouser/chirpsounder2/my_station.ini
/dev/shm/hf25
found  330  files
block 1786826700 writing 326 detections /home/ionouser/ionozond_data2//2026-08-15/cdetections-DOB-1786826700.h5
reading /home/ionouser/chirpsounder2/my_station.ini
/dev/shm/hf25
found  330  files
block 1786826700 writing 326 detections /home/ionouser/ionozond_data2//2026-08-15/cdetections-DOB-1786826700.h5
reading /home/ionouser/chirpsounder2/my_station.ini
/dev/shm/hf25
found  330  files
block 1786826700 writing 326 detections /home/ionouser/ionozond_data2//2026-08-15/cdetections-DOB-1786826700.h5
reading /home/ionouser/chirpsounder2/my_station.ini
/dev/shm/hf25
found  330  files
block 1786826700 writing 326 detections /home/ionouser/ionozond_data2//2026-08-15/cdetections-DOB-1786826700.h5
reading /home/ionouser/chirpsounder2/my_station.ini
/dev/shm/hf25
found  330  files
block 1786826700 writing 326 detections /home/ionouser/ionozond_data2//2026-08-15/cdetections-DOB-1786826700.h5
reading /home/ionouser/chirpsounder2/my_station.ini
/dev/shm/hf25
found  330  files
block 1786826700 writing 326 detections /home/ionouser/ionozond_data2//2026-08-15/cdetections-DOB-1786826700.h5
reading /home/ionouser/chirpsounder2/my_station.ini
/dev/shm/hf25
found  330  files
block 1786826700 writing 326 detections /home/ionouser/ionozond_data2//2026-08-15/cdetections-DOB-1786826700.h5
reading /home/ionouser/chirpsounder2/my_station.ini
/dev/shm/hf25
found  330  files
block 1786826700 writing 326 detections /home/ionouser/ionozond_data2//2026-08-15/cdetections-DOB-1786826700.h5
reading /home/ionouser/chirpsounder2/my_station.ini
/dev/shm/hf25
found  330  files
block 1786826700 writing 326 detections /home/ionouser/ionozond_data2//2026-08-15/cdetections-DOB-1786826700.h5
reading /home/ionouser/chirpsounder2/my_station.ini
/dev/shm/hf25
found  330  files
block 1786826700 writing 326 detections /home/ionouser/ionozond_data2//2026-08-15/cdetections-DOB-1786826700.h5
reading /home/ionouser/chirpsounder2/my_station.ini
/dev/shm/hf25
found  330  files
block 1786826700 writing 326 detections /home/ionouser/ionozond_data2//2026-08-15/cdetections-DOB-1786826700.h5
reading /home/ionouser/chirpsounder2/my_station.ini
/dev/shm/hf25
found  330  files
block 1786826700 writing 326 detections /home/ionouser/ionozond_data2//2026-08-15/cdetections-DOB-1786826700.h5
reading /home/ionouser/chirpsounder2/my_station.ini
/dev/shm/hf25
found  330  files
block 1786826700 writing 326 detections /home/ionouser/ionozond_data2//2026-08-15/cdetections-DOB-1786826700.h5
reading /home/ionouser/chirpsounder2/my_station.ini
/dev/shm/hf25
found  330  files
block 1786826700 writing 326 detections /home/ionouser/ionozond_data2//2026-08-15/cdetections-DOB-1786826700.h5
reading /home/ionouser/chirpsounder2/my_station.ini
/dev/shm/hf25
found  330  files
block 1786826700 writing 326 detections /home/ionouser/ionozond_data2//2026-08-15/cdetections-DOB-1786826700.h5
reading /home/ionouser/chirpsounder2/my_station.ini
/dev/shm/hf25
found  330  files
block 1786826700 writing 326 detections /home/ionouser/ionozond_data2//2026-08-15/cdetections-DOB-1786826700.h5
reading /home/ionouser/chirpsounder2/my_station.ini
/dev/shm/hf25
found  330  files
block 1786826700 writing 326 detections /home/ionouser/ionozond_data2//2026-08-15/cdetections-DOB-1786826700.h5
reading /home/ionouser/chirpsounder2/my_station.ini
/dev/shm/hf25
found  330  files
block 1786826700 writing 326 detections /home/ionouser/ionozond_data2//2026-08-15/cdetections-DOB-1786826700.h5
reading /home/ionouser/chirpsounder2/my_station.ini
/dev/shm/hf25
found  330  files
block 1786826700 writing 326 detections /home/ionouser/ionozond_data2//2026-08-15/cdetections-DOB-1786826700.h5
reading /home/ionouser/chirpsounder2/my_station.ini
/dev/shm/hf25
found  330  files
block 1786826700 writing 326 detections /home/ionouser/ionozond_data2//2026-08-15/cdetections-DOB-1786826700.h5
reading /home/ionouser/chirpsounder2/my_station.ini
/dev/shm/hf25
found  330  files
block 1786826700 writing 326 detections /home/ionouser/ionozond_data2//2026-08-15/cdetections-DOB-1786826700.h5
reading /home/ionouser/chirpsounder2/my_station.ini
/dev/shm/hf25
found  330  files
block 1786826700 writing 326 detections /home/ionouser/ionozond_data2//2026-08-15/cdetections-DOB-1786826700.h5
reading /home/ionouser/chirpsounder2/my_station.ini
/dev/shm/hf25
found  330  files
block 1786826700 writing 326 detections /home/ionouser/ionozond_data2//2026-08-15/cdetections-DOB-1786826700.h5
reading /home/ionouser/chirpsounder2/my_station.ini
/dev/shm/hf25
found  330  files
block 1786826700 writing 326 detections /home/ionouser/ionozond_data2//2026-08-15/cdetections-DOB-1786826700.h5
reading /home/ionouser/chirpsounder2/my_station.ini
/dev/shm/hf25
found  330  files
block 1786826700 writing 326 detections /home/ionouser/ionozond_data2//2026-08-15/cdetections-DOB-1786826700.h5
reading /home/ionouser/chirpsounder2/my_station.ini
/dev/shm/hf25
found  330  files
block 1786826700 writing 326 detections /home/ionouser/ionozond_data2//2026-08-15/cdetections-DOB-1786826700.h5
reading /home/ionouser/chirpsounder2/my_station.ini
/dev/shm/hf25
found  330  files
block 1786826700 writing 326 detections /home/ionouser/ionozond_data2//2026-08-15/cdetections-DOB-1786826700.h5
reading /home/ionouser/chirpsounder2/my_station.ini
/dev/shm/hf25
found  330  files
block 1786826700 writing 326 detections /home/ionouser/ionozond_data2//2026-08-15/cdetections-DOB-1786826700.h5
reading /home/ionouser/chirpsounder2/my_station.ini
/dev/shm/hf25
found  330  files
block 1786826700 writing 326 detections /home/ionouser/ionozond_data2//2026-08-15/cdetections-DOB-1786826700.h5
reading /home/ionouser/chirpsounder2/my_station.ini
/dev/shm/hf25
found  330  files
block 1786826700 writing 326 detections /home/ionouser/ionozond_data2//2026-08-15/cdetections-DOB-1786826700.h5
reading /home/ionouser/chirpsounder2/my_station.ini
/dev/shm/hf25
found  330  files
block 1786826700 writing 326 detections /home/ionouser/ionozond_data2//2026-08-15/cdetections-DOB-1786826700.h5
reading /home/ionouser/chirpsounder2/my_station.ini
/dev/shm/hf25
found  330  files
block 1786826700 writing 326 detections /home/ionouser/ionozond_data2//2026-08-15/cdetections-DOB-1786826700.h5
reading /home/ionouser/chirpsounder2/my_station.ini
/dev/shm/hf25
found  330  files
block 1786826700 writing 326 detections /home/ionouser/ionozond_data2//2026-08-15/cdetections-DOB-1786826700.h5
reading /home/ionouser/chirpsounder2/my_station.ini
/dev/shm/hf25
found  330  files
block 1786826700 writing 326 detections /home/ionouser/ionozond_data2//2026-08-15/cdetections-DOB-1786826700.h5
reading /home/ionouser/chirpsounder2/my_station.ini
/dev/shm/hf25
found  330  files
block 1786826700 writing 326 detections /home/ionouser/ionozond_data2//2026-08-15/cdetections-DOB-1786826700.h5
reading /home/ionouser/chirpsounder2/my_station.ini
/dev/shm/hf25
found  330  files
block 1786826700 writing 326 detections /home/ionouser/ionozond_data2//2026-08-15/cdetections-DOB-1786826700.h5
reading /home/ionouser/chirpsounder2/my_station.ini
/dev/shm/hf25
found  330  files
block 1786826700 writing 326 detections /home/ionouser/ionozond_data2//2026-08-15/cdetections-DOB-1786826700.h5
reading /home/ionouser/chirpsounder2/my_station.ini
/dev/shm/hf25
found  410  files
block 1786873500 writing 406 detections /home/ionouser/ionozond_data2//2026-08-16/cdetections-DOB-1786873500.h5
reading /home/ionouser/chirpsounder2/my_station.ini
/dev/shm/hf25
found  545  files
block 1786873500 writing 541 detections /home/ionouser/ionozond_data2//2026-08-16/cdetections-DOB-1786873500.h5
reading /home/ionouser/chirpsounder2/my_station.ini
/dev/shm/hf25
found  647  files
block 1786873500 writing 643 detections /home/ionouser/ionozond_data2//2026-08-16/cdetections-DOB-1786873500.h5
reading /home/ionouser/chirpsounder2/my_station.ini
/dev/shm/hf25
found  706  files
block 1786873500 writing 702 detections /home/ionouser/ionozond_data2//2026-08-16/cdetections-DOB-1786873500.h5
reading /home/ionouser/chirpsounder2/my_station.ini
/dev/shm/hf25
found  728  files
block 1786826700 writing 330 detections /home/ionouser/ionozond_data2//2026-08-15/cdetections-DOB-1786826700.h5
deleting files 330 from previous block, which is now finished
block 1786873500 writing 394 detections /home/ionouser/ionozond_data2//2026-08-16/cdetections-DOB-1786873500.h5
