using pyfftw
{'ringbuffer_dir': '/dev/shm/hf25', 'output_dir': '/home/ionouser/ionozond_data2/', 'channel': 'ch0', 'receiver': 'DOB', 'sr': 25000000, 'cf': 12500000.0, 'transmitter': 'Juliusruh', 'snr_threshold': 2, 'sounding_interval': 300, 'start_offset': 196, 'sum_ox': True, 'filter_strategy': 'fir', 'use_c_downconvert': True, 'sounding_hrs': [5.5, 18], 'dec': 250, 'freq0': 1010000, 'freq1': 14000000, 'dfreq': 50000, 'ipp': 10000, 'n_ipp': 16, 'offset_us': 2000, 'wait_for_data': True, 'copy_to_server': True}
waiting for more data (245.01 seconds)
waiting for more data (243.01 seconds)
waiting for more data (242.01 seconds)
waiting for more data (241.01 seconds)
waiting for more data (240.01 seconds)
waiting for more data (239.01 seconds)
waiting for more data (238.01 seconds)
waiting for more data (237.01 seconds)
waiting for more data (235.01 seconds)
waiting for more data (234.01 seconds)
waiting for more data (233.01 seconds)
waiting for more data (231.01 seconds)
waiting for more data (230.01 seconds)
waiting for more data (229.01 seconds)
waiting for more data (228.01 seconds)
waiting for more data (227.01 seconds)
waiting for more data (225.01 seconds)
waiting for more data (224.01 seconds)
waiting for more data (223.01 seconds)
waiting for more data (222.01 seconds)
waiting for more data (221.01 seconds)
waiting for more data (220.01 seconds)
waiting for more data (219.01 seconds)
waiting for more data (218.01 seconds)
waiting for more data (217.01 seconds)
waiting for more data (216.01 seconds)
waiting for more data (215.01 seconds)
waiting for more data (214.01 seconds)
waiting for more data (213.01 seconds)
waiting for more data (213.01 seconds)
waiting for more data (212.01 seconds)
waiting for more data (211.01 seconds)
waiting for more data (210.01 seconds)
waiting for more data (209.01 seconds)
waiting for more data (208.01 seconds)
waiting for more data (207.01 seconds)
waiting for more data (206.01 seconds)
waiting for more data (205.01 seconds)
waiting for more data (204.01 seconds)
waiting for more data (202.01 seconds)
waiting for more data (201.01 seconds)
waiting for more data (200.01 seconds)
waiting for more data (199.01 seconds)
waiting for more data (198.01 seconds)
waiting for more data (197.01 seconds)
waiting for more data (196.01 seconds)
waiting for more data (195.01 seconds)
waiting for more data (194.01 seconds)
waiting for more data (193.01 seconds)
waiting for more data (192.01 seconds)
waiting for more data (191.01 seconds)
waiting for more data (190.01 seconds)
waiting for more data (189.01 seconds)
waiting for more data (188.01 seconds)
waiting for more data (187.01 seconds)
waiting for more data (186.01 seconds)
waiting for more data (186.01 seconds)
waiting for more data (185.01 seconds)
waiting for more data (184.01 seconds)
waiting for more data (183.01 seconds)
waiting for more data (183.01 seconds)
waiting for more data (182.01 seconds)
waiting for more data (181.01 seconds)
waiting for more data (180.01 seconds)
waiting for more data (179.01 seconds)
waiting for more data (178.01 seconds)
waiting for more data (177.01 seconds)
waiting for more data (176.01 seconds)
waiting for more data (174.01 seconds)
waiting for more data (173.01 seconds)
waiting for more data (172.01 seconds)
waiting for more data (170.01 seconds)
waiting for more data (169.01 seconds)
waiting for more data (168.01 seconds)
waiting for more data (167.01 seconds)
waiting for more data (166.01 seconds)
waiting for more data (166.01 seconds)
waiting for more data (165.01 seconds)
waiting for more data (164.01 seconds)
waiting for more data (164.01 seconds)
waiting for more data (163.01 seconds)
waiting for more data (162.01 seconds)
waiting for more data (161.01 seconds)
waiting for more data (160.01 seconds)
waiting for more data (159.01 seconds)
waiting for more data (158.01 seconds)
waiting for more data (156.01 seconds)
waiting for more data (155.01 seconds)
waiting for more data (154.01 seconds)
waiting for more data (153.01 seconds)
waiting for more data (152.01 seconds)
waiting for more data (151.01 seconds)
waiting for more data (150.01 seconds)
waiting for more data (150.01 seconds)
waiting for more data (148.01 seconds)
waiting for more data (147.01 seconds)
waiting for more data (146.01 seconds)
waiting for more data (145.01 seconds)
waiting for more data (143.01 seconds)
waiting for more data (142.01 seconds)
waiting for more data (141.01 seconds)
waiting for more data (140.01 seconds)
waiting for more data (139.01 seconds)
waiting for more data (138.01 seconds)
waiting for more data (137.01 seconds)
waiting for more data (137.01 seconds)
waiting for more data (136.01 seconds)
waiting for more data (134.01 seconds)
waiting for more data (133.01 seconds)
waiting for more data (132.01 seconds)
waiting for more data (131.01 seconds)
waiting for more data (130.01 seconds)
waiting for more data (128.01 seconds)
waiting for more data (127.01 seconds)
waiting for more data (126.01 seconds)
waiting for more data (125.01 seconds)
waiting for more data (124.01 seconds)
waiting for more data (123.01 seconds)
waiting for more data (122.01 seconds)
waiting for more data (121.01 seconds)
waiting for more data (120.01 seconds)
waiting for more data (119.01 seconds)
waiting for more data (118.01 seconds)
waiting for more data (117.01 seconds)
waiting for more data (116.01 seconds)
waiting for more data (115.01 seconds)
waiting for more data (114.01 seconds)
waiting for more data (113.01 seconds)
waiting for more data (112.01 seconds)
waiting for more data (111.01 seconds)
waiting for more data (110.01 seconds)
waiting for more data (109.01 seconds)
waiting for more data (108.01 seconds)
waiting for more data (107.01 seconds)
waiting for more data (106.01 seconds)
waiting for more data (105.01 seconds)
waiting for more data (104.01 seconds)
waiting for more data (103.01 seconds)
waiting for more data (102.01 seconds)
waiting for more data (102.01 seconds)
waiting for more data (101.01 seconds)
waiting for more data (101.01 seconds)
waiting for more data (100.01 seconds)
waiting for more data (99.01 seconds)
waiting for more data (98.01 seconds)
waiting for more data (97.01 seconds)
waiting for more data (96.01 seconds)
waiting for more data (95.01 seconds)
waiting for more data (94.01 seconds)
waiting for more data (93.01 seconds)
waiting for more data (92.01 seconds)
waiting for more data (91.01 seconds)
waiting for more data (89.01 seconds)
waiting for more data (88.01 seconds)
waiting for more data (87.01 seconds)
waiting for more data (86.01 seconds)
waiting for more data (85.01 seconds)
waiting for more data (84.01 seconds)
waiting for more data (83.01 seconds)
waiting for more data (82.01 seconds)
waiting for more data (82.01 seconds)
waiting for more data (81.01 seconds)
waiting for more data (80.01 seconds)
waiting for more data (79.01 seconds)
waiting for more data (78.01 seconds)
waiting for more data (77.01 seconds)
waiting for more data (76.01 seconds)
waiting for more data (75.01 seconds)
waiting for more data (74.01 seconds)
waiting for more data (73.01 seconds)
waiting for more data (72.01 seconds)
waiting for more data (71.01 seconds)
waiting for more data (70.01 seconds)
waiting for more data (69.01 seconds)
waiting for more data (67.01 seconds)
waiting for more data (66.01 seconds)
waiting for more data (65.01 seconds)
waiting for more data (64.01 seconds)
waiting for more data (62.01 seconds)
waiting for more data (61.01 seconds)
waiting for more data (60.01 seconds)
waiting for more data (58.01 seconds)
waiting for more data (57.01 seconds)
waiting for more data (56.01 seconds)
waiting for more data (55.01 seconds)
waiting for more data (54.01 seconds)
waiting for more data (53.01 seconds)
waiting for more data (53.01 seconds)
waiting for more data (52.01 seconds)
waiting for more data (51.01 seconds)
waiting for more data (50.01 seconds)
waiting for more data (48.01 seconds)
waiting for more data (47.01 seconds)
waiting for more data (46.01 seconds)
waiting for more data (45.01 seconds)
waiting for more data (44.01 seconds)
waiting for more data (43.01 seconds)
waiting for more data (42.01 seconds)
waiting for more data (41.01 seconds)
waiting for more data (41.01 seconds)
waiting for more data (40.01 seconds)
waiting for more data (39.01 seconds)
waiting for more data (38.01 seconds)
waiting for more data (37.01 seconds)
waiting for more data (36.01 seconds)
waiting for more data (35.01 seconds)
waiting for more data (35.01 seconds)
waiting for more data (34.01 seconds)
waiting for more data (33.01 seconds)
waiting for more data (33.01 seconds)
waiting for more data (32.01 seconds)
waiting for more data (31.01 seconds)
waiting for more data (30.01 seconds)
waiting for more data (29.01 seconds)
waiting for more data (28.01 seconds)
waiting for more data (27.01 seconds)
waiting for more data (26.01 seconds)
waiting for more data (25.01 seconds)
waiting for more data (24.01 seconds)
waiting for more data (23.01 seconds)
waiting for more data (22.01 seconds)
waiting for more data (21.01 seconds)
waiting for more data (20.01 seconds)
waiting for more data (20.01 seconds)
waiting for more data (19.01 seconds)
waiting for more data (18.01 seconds)
waiting for more data (17.01 seconds)
waiting for more data (17.01 seconds)
waiting for more data (16.01 seconds)
waiting for more data (15.01 seconds)
waiting for more data (14.01 seconds)
waiting for more data (13.01 seconds)
waiting for more data (12.01 seconds)
waiting for more data (11.01 seconds)
waiting for more data (10.01 seconds)
waiting for more data (10.01 seconds)
waiting for more data (9.01 seconds)
waiting for more data (8.01 seconds)
waiting for more data (7.01 seconds)
waiting for more data (6.01 seconds)
waiting for more data (5.01 seconds)
waiting for more data (4.01 seconds)
waiting for more data (3.01 seconds)
waiting for more data (3.01 seconds)
waiting for more data (2.01 seconds)
waiting for more data (1.01 seconds)
waiting for more data (0.01 seconds)
/home/ionouser/chirpsounder2/.venv38/lib/python3.8/site-packages/digital_rf/digital_rf_hdf5.py:1588: FutureWarning: The read_vector_c81d method is deprecated and will be removed in digital_rf version 3. Use read_vector_1d instead and append `.astype('c8', casting='unsafe', copy=False)` if a strict return dtype of complex64 is desired.
  warnings.warn(
0 compute time 250.29 (s) data time 0.16 (s), 0.00 x realtime (data time/compute time)
1 compute time 0.34 (s) data time 0.16 (s), 0.47 x realtime (data time/compute time)
2 compute time 0.56 (s) data time 0.16 (s), 0.29 x realtime (data time/compute time)
3 compute time 0.45 (s) data time 0.16 (s), 0.35 x realtime (data time/compute time)
4 compute time 0.48 (s) data time 0.16 (s), 0.33 x realtime (data time/compute time)
5 compute time 0.34 (s) data time 0.16 (s), 0.47 x realtime (data time/compute time)
6 compute time 0.35 (s) data time 0.16 (s), 0.46 x realtime (data time/compute time)
7 compute time 0.42 (s) data time 0.16 (s), 0.38 x realtime (data time/compute time)
8 compute time 0.58 (s) data time 0.16 (s), 0.28 x realtime (data time/compute time)
9 compute time 0.68 (s) data time 0.16 (s), 0.23 x realtime (data time/compute time)
10 compute time 0.52 (s) data time 0.16 (s), 0.31 x realtime (data time/compute time)
11 compute time 0.30 (s) data time 0.16 (s), 0.53 x realtime (data time/compute time)
12 compute time 0.44 (s) data time 0.16 (s), 0.37 x realtime (data time/compute time)
13 compute time 0.33 (s) data time 0.16 (s), 0.48 x realtime (data time/compute time)
14 compute time 0.35 (s) data time 0.16 (s), 0.46 x realtime (data time/compute time)
15 compute time 0.37 (s) data time 0.16 (s), 0.43 x realtime (data time/compute time)
16 compute time 0.31 (s) data time 0.16 (s), 0.52 x realtime (data time/compute time)
17 compute time 0.30 (s) data time 0.16 (s), 0.53 x realtime (data time/compute time)
18 compute time 0.29 (s) data time 0.16 (s), 0.55 x realtime (data time/compute time)
19 compute time 0.75 (s) data time 0.16 (s), 0.21 x realtime (data time/compute time)
20 compute time 0.37 (s) data time 0.16 (s), 0.43 x realtime (data time/compute time)
21 compute time 0.51 (s) data time 0.16 (s), 0.31 x realtime (data time/compute time)
22 compute time 0.51 (s) data time 0.16 (s), 0.31 x realtime (data time/compute time)
23 compute time 0.61 (s) data time 0.16 (s), 0.26 x realtime (data time/compute time)
24 compute time 0.56 (s) data time 0.16 (s), 0.29 x realtime (data time/compute time)
25 compute time 0.43 (s) data time 0.16 (s), 0.37 x realtime (data time/compute time)
26 compute time 0.45 (s) data time 0.16 (s), 0.36 x realtime (data time/compute time)
27 compute time 0.40 (s) data time 0.16 (s), 0.40 x realtime (data time/compute time)
28 compute time 0.43 (s) data time 0.16 (s), 0.37 x realtime (data time/compute time)
29 compute time 0.51 (s) data time 0.16 (s), 0.31 x realtime (data time/compute time)
30 compute time 0.39 (s) data time 0.16 (s), 0.41 x realtime (data time/compute time)
31 compute time 0.35 (s) data time 0.16 (s), 0.46 x realtime (data time/compute time)
32 compute time 0.43 (s) data time 0.16 (s), 0.37 x realtime (data time/compute time)
33 compute time 0.41 (s) data time 0.16 (s), 0.39 x realtime (data time/compute time)
34 compute time 0.39 (s) data time 0.16 (s), 0.41 x realtime (data time/compute time)
35 compute time 0.40 (s) data time 0.16 (s), 0.40 x realtime (data time/compute time)
36 compute time 0.41 (s) data time 0.16 (s), 0.39 x realtime (data time/compute time)
37 compute time 0.43 (s) data time 0.16 (s), 0.38 x realtime (data time/compute time)
38 compute time 0.45 (s) data time 0.16 (s), 0.36 x realtime (data time/compute time)
39 compute time 0.45 (s) data time 0.16 (s), 0.36 x realtime (data time/compute time)
40 compute time 0.57 (s) data time 0.16 (s), 0.28 x realtime (data time/compute time)
41 compute time 0.48 (s) data time 0.16 (s), 0.33 x realtime (data time/compute time)
42 compute time 0.42 (s) data time 0.16 (s), 0.38 x realtime (data time/compute time)
43 compute time 0.43 (s) data time 0.16 (s), 0.37 x realtime (data time/compute time)
44 compute time 0.52 (s) data time 0.16 (s), 0.31 x realtime (data time/compute time)
45 compute time 0.39 (s) data time 0.16 (s), 0.41 x realtime (data time/compute time)
46 compute time 0.48 (s) data time 0.16 (s), 0.34 x realtime (data time/compute time)
47 compute time 0.52 (s) data time 0.16 (s), 0.31 x realtime (data time/compute time)
48 compute time 0.42 (s) data time 0.16 (s), 0.38 x realtime (data time/compute time)
49 compute time 0.39 (s) data time 0.16 (s), 0.41 x realtime (data time/compute time)
50 compute time 0.43 (s) data time 0.16 (s), 0.38 x realtime (data time/compute time)
51 compute time 0.42 (s) data time 0.16 (s), 0.39 x realtime (data time/compute time)
52 compute time 0.44 (s) data time 0.16 (s), 0.37 x realtime (data time/compute time)
53 compute time 0.33 (s) data time 0.16 (s), 0.48 x realtime (data time/compute time)
54 compute time 0.33 (s) data time 0.16 (s), 0.49 x realtime (data time/compute time)
55 compute time 0.41 (s) data time 0.16 (s), 0.39 x realtime (data time/compute time)
56 compute time 0.40 (s) data time 0.16 (s), 0.40 x realtime (data time/compute time)
57 compute time 0.46 (s) data time 0.16 (s), 0.35 x realtime (data time/compute time)
58 compute time 0.48 (s) data time 0.16 (s), 0.33 x realtime (data time/compute time)
59 compute time 0.45 (s) data time 0.16 (s), 0.36 x realtime (data time/compute time)
60 compute time 0.42 (s) data time 0.16 (s), 0.38 x realtime (data time/compute time)
61 compute time 0.42 (s) data time 0.16 (s), 0.38 x realtime (data time/compute time)
62 compute time 0.44 (s) data time 0.16 (s), 0.36 x realtime (data time/compute time)
63 compute time 0.42 (s) data time 0.16 (s), 0.38 x realtime (data time/compute time)
64 compute time 0.44 (s) data time 0.16 (s), 0.36 x realtime (data time/compute time)
65 compute time 0.64 (s) data time 0.16 (s), 0.25 x realtime (data time/compute time)
66 compute time 0.46 (s) data time 0.16 (s), 0.35 x realtime (data time/compute time)
67 compute time 0.43 (s) data time 0.16 (s), 0.38 x realtime (data time/compute time)
68 compute time 0.41 (s) data time 0.16 (s), 0.39 x realtime (data time/compute time)
69 compute time 0.48 (s) data time 0.16 (s), 0.33 x realtime (data time/compute time)
70 compute time 0.42 (s) data time 0.16 (s), 0.38 x realtime (data time/compute time)
71 compute time 0.36 (s) data time 0.16 (s), 0.45 x realtime (data time/compute time)
72 compute time 0.46 (s) data time 0.16 (s), 0.35 x realtime (data time/compute time)
73 compute time 0.42 (s) data time 0.16 (s), 0.38 x realtime (data time/compute time)
74 compute time 0.39 (s) data time 0.16 (s), 0.41 x realtime (data time/compute time)
75 compute time 0.41 (s) data time 0.16 (s), 0.39 x realtime (data time/compute time)
76 compute time 0.42 (s) data time 0.16 (s), 0.38 x realtime (data time/compute time)
77 compute time 0.35 (s) data time 0.16 (s), 0.45 x realtime (data time/compute time)
78 compute time 0.69 (s) data time 0.16 (s), 0.23 x realtime (data time/compute time)
79 compute time 1.02 (s) data time 0.16 (s), 0.16 x realtime (data time/compute time)
80 compute time 0.48 (s) data time 0.16 (s), 0.33 x realtime (data time/compute time)
81 compute time 0.54 (s) data time 0.16 (s), 0.30 x realtime (data time/compute time)
82 compute time 0.44 (s) data time 0.16 (s), 0.36 x realtime (data time/compute time)
83 compute time 0.39 (s) data time 0.16 (s), 0.41 x realtime (data time/compute time)
84 compute time 0.41 (s) data time 0.16 (s), 0.39 x realtime (data time/compute time)
85 compute time 0.46 (s) data time 0.16 (s), 0.35 x realtime (data time/compute time)
86 compute time 0.52 (s) data time 0.16 (s), 0.31 x realtime (data time/compute time)
87 compute time 0.54 (s) data time 0.16 (s), 0.29 x realtime (data time/compute time)
88 compute time 0.37 (s) data time 0.16 (s), 0.43 x realtime (data time/compute time)
89 compute time 0.40 (s) data time 0.16 (s), 0.40 x realtime (data time/compute time)
90 compute time 0.34 (s) data time 0.16 (s), 0.48 x realtime (data time/compute time)
91 compute time 0.53 (s) data time 0.16 (s), 0.30 x realtime (data time/compute time)
92 compute time 0.46 (s) data time 0.16 (s), 0.34 x realtime (data time/compute time)
93 compute time 0.43 (s) data time 0.16 (s), 0.37 x realtime (data time/compute time)
94 compute time 0.39 (s) data time 0.16 (s), 0.41 x realtime (data time/compute time)
95 compute time 0.70 (s) data time 0.16 (s), 0.23 x realtime (data time/compute time)
96 compute time 0.56 (s) data time 0.16 (s), 0.29 x realtime (data time/compute time)
97 compute time 0.59 (s) data time 0.16 (s), 0.27 x realtime (data time/compute time)
98 compute time 0.35 (s) data time 0.16 (s), 0.46 x realtime (data time/compute time)
99 compute time 0.42 (s) data time 0.16 (s), 0.38 x realtime (data time/compute time)
100 compute time 0.32 (s) data time 0.16 (s), 0.50 x realtime (data time/compute time)
101 compute time 0.29 (s) data time 0.16 (s), 0.54 x realtime (data time/compute time)
102 compute time 0.40 (s) data time 0.16 (s), 0.40 x realtime (data time/compute time)
103 compute time 0.47 (s) data time 0.16 (s), 0.34 x realtime (data time/compute time)
104 compute time 0.36 (s) data time 0.16 (s), 0.45 x realtime (data time/compute time)
105 compute time 0.40 (s) data time 0.16 (s), 0.40 x realtime (data time/compute time)
106 compute time 0.44 (s) data time 0.16 (s), 0.36 x realtime (data time/compute time)
107 compute time 0.43 (s) data time 0.16 (s), 0.37 x realtime (data time/compute time)
108 compute time 0.42 (s) data time 0.16 (s), 0.38 x realtime (data time/compute time)
109 compute time 0.80 (s) data time 0.16 (s), 0.20 x realtime (data time/compute time)
110 compute time 0.44 (s) data time 0.16 (s), 0.37 x realtime (data time/compute time)
111 compute time 0.98 (s) data time 0.16 (s), 0.16 x realtime (data time/compute time)
112 compute time 0.90 (s) data time 0.16 (s), 0.18 x realtime (data time/compute time)
113 compute time 0.46 (s) data time 0.16 (s), 0.35 x realtime (data time/compute time)
114 compute time 0.37 (s) data time 0.16 (s), 0.43 x realtime (data time/compute time)
115 compute time 0.50 (s) data time 0.16 (s), 0.32 x realtime (data time/compute time)
116 compute time 0.37 (s) data time 0.16 (s), 0.43 x realtime (data time/compute time)
117 compute time 0.32 (s) data time 0.16 (s), 0.49 x realtime (data time/compute time)
118 compute time 0.47 (s) data time 0.16 (s), 0.34 x realtime (data time/compute time)
119 compute time 0.29 (s) data time 0.16 (s), 0.55 x realtime (data time/compute time)
120 compute time 0.33 (s) data time 0.16 (s), 0.48 x realtime (data time/compute time)
121 compute time 0.30 (s) data time 0.16 (s), 0.53 x realtime (data time/compute time)
122 compute time 0.40 (s) data time 0.16 (s), 0.40 x realtime (data time/compute time)
123 compute time 0.45 (s) data time 0.16 (s), 0.36 x realtime (data time/compute time)
124 compute time 0.59 (s) data time 0.16 (s), 0.27 x realtime (data time/compute time)
125 compute time 0.35 (s) data time 0.16 (s), 0.45 x realtime (data time/compute time)
126 compute time 0.51 (s) data time 0.16 (s), 0.31 x realtime (data time/compute time)
127 compute time 0.48 (s) data time 0.16 (s), 0.33 x realtime (data time/compute time)
128 compute time 0.51 (s) data time 0.16 (s), 0.32 x realtime (data time/compute time)
129 compute time 0.54 (s) data time 0.16 (s), 0.30 x realtime (data time/compute time)
130 compute time 0.49 (s) data time 0.16 (s), 0.33 x realtime (data time/compute time)
131 compute time 0.56 (s) data time 0.16 (s), 0.29 x realtime (data time/compute time)
132 compute time 0.54 (s) data time 0.16 (s), 0.29 x realtime (data time/compute time)
133 compute time 0.47 (s) data time 0.16 (s), 0.34 x realtime (data time/compute time)
134 compute time 0.41 (s) data time 0.16 (s), 0.39 x realtime (data time/compute time)
135 compute time 0.38 (s) data time 0.16 (s), 0.43 x realtime (data time/compute time)
136 compute time 0.43 (s) data time 0.16 (s), 0.37 x realtime (data time/compute time)
137 compute time 0.41 (s) data time 0.16 (s), 0.39 x realtime (data time/compute time)
138 compute time 0.40 (s) data time 0.16 (s), 0.40 x realtime (data time/compute time)
139 compute time 0.34 (s) data time 0.16 (s), 0.47 x realtime (data time/compute time)
140 compute time 0.38 (s) data time 0.16 (s), 0.42 x realtime (data time/compute time)
141 compute time 0.47 (s) data time 0.16 (s), 0.34 x realtime (data time/compute time)
142 compute time 0.42 (s) data time 0.16 (s), 0.38 x realtime (data time/compute time)
143 compute time 0.34 (s) data time 0.16 (s), 0.47 x realtime (data time/compute time)
144 compute time 0.39 (s) data time 0.16 (s), 0.41 x realtime (data time/compute time)
145 compute time 0.35 (s) data time 0.16 (s), 0.46 x realtime (data time/compute time)
146 compute time 0.55 (s) data time 0.16 (s), 0.29 x realtime (data time/compute time)
147 compute time 0.39 (s) data time 0.16 (s), 0.41 x realtime (data time/compute time)
148 compute time 0.40 (s) data time 0.16 (s), 0.40 x realtime (data time/compute time)
149 compute time 0.52 (s) data time 0.16 (s), 0.31 x realtime (data time/compute time)
150 compute time 0.66 (s) data time 0.16 (s), 0.24 x realtime (data time/compute time)
151 compute time 0.45 (s) data time 0.16 (s), 0.36 x realtime (data time/compute time)
152 compute time 0.43 (s) data time 0.16 (s), 0.37 x realtime (data time/compute time)
153 compute time 0.35 (s) data time 0.16 (s), 0.45 x realtime (data time/compute time)
154 compute time 0.36 (s) data time 0.16 (s), 0.45 x realtime (data time/compute time)
155 compute time 0.46 (s) data time 0.16 (s), 0.35 x realtime (data time/compute time)
156 compute time 0.48 (s) data time 0.16 (s), 0.33 x realtime (data time/compute time)
157 compute time 0.54 (s) data time 0.16 (s), 0.29 x realtime (data time/compute time)
158 compute time 0.36 (s) data time 0.16 (s), 0.44 x realtime (data time/compute time)
159 compute time 0.35 (s) data time 0.16 (s), 0.45 x realtime (data time/compute time)
160 compute time 0.35 (s) data time 0.16 (s), 0.46 x realtime (data time/compute time)
161 compute time 0.37 (s) data time 0.16 (s), 0.43 x realtime (data time/compute time)
162 compute time 0.41 (s) data time 0.16 (s), 0.39 x realtime (data time/compute time)
163 compute time 0.67 (s) data time 0.16 (s), 0.24 x realtime (data time/compute time)
164 compute time 0.41 (s) data time 0.16 (s), 0.39 x realtime (data time/compute time)
165 compute time 0.49 (s) data time 0.16 (s), 0.32 x realtime (data time/compute time)
166 compute time 0.52 (s) data time 0.16 (s), 0.31 x realtime (data time/compute time)
167 compute time 0.48 (s) data time 0.16 (s), 0.33 x realtime (data time/compute time)
168 compute time 0.47 (s) data time 0.16 (s), 0.34 x realtime (data time/compute time)
169 compute time 0.46 (s) data time 0.16 (s), 0.35 x realtime (data time/compute time)
170 compute time 0.43 (s) data time 0.16 (s), 0.37 x realtime (data time/compute time)
171 compute time 0.44 (s) data time 0.16 (s), 0.37 x realtime (data time/compute time)
172 compute time 0.43 (s) data time 0.16 (s), 0.38 x realtime (data time/compute time)
173 compute time 0.37 (s) data time 0.16 (s), 0.43 x realtime (data time/compute time)
174 compute time 0.63 (s) data time 0.16 (s), 0.25 x realtime (data time/compute time)
175 compute time 0.68 (s) data time 0.16 (s), 0.23 x realtime (data time/compute time)
176 compute time 0.39 (s) data time 0.16 (s), 0.41 x realtime (data time/compute time)
177 compute time 0.31 (s) data time 0.16 (s), 0.52 x realtime (data time/compute time)
178 compute time 0.31 (s) data time 0.16 (s), 0.51 x realtime (data time/compute time)
179 compute time 0.27 (s) data time 0.16 (s), 0.60 x realtime (data time/compute time)
180 compute time 0.34 (s) data time 0.16 (s), 0.48 x realtime (data time/compute time)
181 compute time 0.39 (s) data time 0.16 (s), 0.41 x realtime (data time/compute time)
182 compute time 0.45 (s) data time 0.16 (s), 0.35 x realtime (data time/compute time)
183 compute time 0.68 (s) data time 0.16 (s), 0.23 x realtime (data time/compute time)
184 compute time 0.51 (s) data time 0.16 (s), 0.31 x realtime (data time/compute time)
185 compute time 0.60 (s) data time 0.16 (s), 0.27 x realtime (data time/compute time)
186 compute time 0.55 (s) data time 0.16 (s), 0.29 x realtime (data time/compute time)
187 compute time 0.55 (s) data time 0.16 (s), 0.29 x realtime (data time/compute time)
188 compute time 0.51 (s) data time 0.16 (s), 0.31 x realtime (data time/compute time)
189 compute time 0.50 (s) data time 0.16 (s), 0.32 x realtime (data time/compute time)
190 compute time 0.39 (s) data time 0.16 (s), 0.41 x realtime (data time/compute time)
191 compute time 0.65 (s) data time 0.16 (s), 0.25 x realtime (data time/compute time)
192 compute time 0.33 (s) data time 0.16 (s), 0.49 x realtime (data time/compute time)
193 compute time 0.30 (s) data time 0.16 (s), 0.53 x realtime (data time/compute time)
194 compute time 0.29 (s) data time 0.16 (s), 0.55 x realtime (data time/compute time)
195 compute time 0.31 (s) data time 0.16 (s), 0.52 x realtime (data time/compute time)
196 compute time 0.30 (s) data time 0.16 (s), 0.53 x realtime (data time/compute time)
197 compute time 0.48 (s) data time 0.16 (s), 0.33 x realtime (data time/compute time)
198 compute time 0.46 (s) data time 0.16 (s), 0.34 x realtime (data time/compute time)
199 compute time 0.66 (s) data time 0.16 (s), 0.24 x realtime (data time/compute time)
200 compute time 0.38 (s) data time 0.16 (s), 0.42 x realtime (data time/compute time)
201 compute time 0.60 (s) data time 0.16 (s), 0.27 x realtime (data time/compute time)
202 compute time 0.66 (s) data time 0.16 (s), 0.24 x realtime (data time/compute time)
203 compute time 0.43 (s) data time 0.16 (s), 0.37 x realtime (data time/compute time)
204 compute time 0.45 (s) data time 0.16 (s), 0.36 x realtime (data time/compute time)
205 compute time 0.36 (s) data time 0.16 (s), 0.45 x realtime (data time/compute time)
206 compute time 0.49 (s) data time 0.16 (s), 0.33 x realtime (data time/compute time)
207 compute time 0.76 (s) data time 0.16 (s), 0.21 x realtime (data time/compute time)
208 compute time 0.29 (s) data time 0.16 (s), 0.56 x realtime (data time/compute time)
209 compute time 0.58 (s) data time 0.16 (s), 0.28 x realtime (data time/compute time)
210 compute time 0.39 (s) data time 0.16 (s), 0.41 x realtime (data time/compute time)
211 compute time 0.44 (s) data time 0.16 (s), 0.37 x realtime (data time/compute time)
212 compute time 0.41 (s) data time 0.16 (s), 0.39 x realtime (data time/compute time)
213 compute time 0.41 (s) data time 0.16 (s), 0.39 x realtime (data time/compute time)
214 compute time 0.58 (s) data time 0.16 (s), 0.28 x realtime (data time/compute time)
215 compute time 0.77 (s) data time 0.16 (s), 0.21 x realtime (data time/compute time)
216 compute time 0.80 (s) data time 0.16 (s), 0.20 x realtime (data time/compute time)
217 compute time 0.54 (s) data time 0.16 (s), 0.29 x realtime (data time/compute time)
218 compute time 0.63 (s) data time 0.16 (s), 0.25 x realtime (data time/compute time)
219 compute time 0.87 (s) data time 0.16 (s), 0.18 x realtime (data time/compute time)
220 compute time 0.38 (s) data time 0.16 (s), 0.42 x realtime (data time/compute time)
221 compute time 0.40 (s) data time 0.16 (s), 0.40 x realtime (data time/compute time)
222 compute time 0.39 (s) data time 0.16 (s), 0.41 x realtime (data time/compute time)
223 compute time 0.37 (s) data time 0.16 (s), 0.44 x realtime (data time/compute time)
224 compute time 0.52 (s) data time 0.16 (s), 0.30 x realtime (data time/compute time)
225 compute time 0.36 (s) data time 0.16 (s), 0.45 x realtime (data time/compute time)
226 compute time 0.38 (s) data time 0.16 (s), 0.42 x realtime (data time/compute time)
227 compute time 0.47 (s) data time 0.16 (s), 0.34 x realtime (data time/compute time)
228 compute time 0.39 (s) data time 0.16 (s), 0.41 x realtime (data time/compute time)
229 compute time 0.40 (s) data time 0.16 (s), 0.40 x realtime (data time/compute time)
230 compute time 0.46 (s) data time 0.16 (s), 0.35 x realtime (data time/compute time)
231 compute time 0.40 (s) data time 0.16 (s), 0.40 x realtime (data time/compute time)
232 compute time 0.66 (s) data time 0.16 (s), 0.24 x realtime (data time/compute time)
233 compute time 0.41 (s) data time 0.16 (s), 0.39 x realtime (data time/compute time)
234 compute time 0.33 (s) data time 0.16 (s), 0.48 x realtime (data time/compute time)
235 compute time 0.38 (s) data time 0.16 (s), 0.42 x realtime (data time/compute time)
236 compute time 0.46 (s) data time 0.16 (s), 0.35 x realtime (data time/compute time)
237 compute time 0.51 (s) data time 0.16 (s), 0.31 x realtime (data time/compute time)
238 compute time 0.57 (s) data time 0.16 (s), 0.28 x realtime (data time/compute time)
239 compute time 0.53 (s) data time 0.16 (s), 0.30 x realtime (data time/compute time)
240 compute time 0.63 (s) data time 0.16 (s), 0.25 x realtime (data time/compute time)
241 compute time 0.57 (s) data time 0.16 (s), 0.28 x realtime (data time/compute time)
242 compute time 0.46 (s) data time 0.16 (s), 0.35 x realtime (data time/compute time)
243 compute time 0.45 (s) data time 0.16 (s), 0.36 x realtime (data time/compute time)
244 compute time 0.36 (s) data time 0.16 (s), 0.45 x realtime (data time/compute time)
245 compute time 0.56 (s) data time 0.16 (s), 0.29 x realtime (data time/compute time)
246 compute time 0.40 (s) data time 0.16 (s), 0.40 x realtime (data time/compute time)
247 compute time 0.35 (s) data time 0.16 (s), 0.46 x realtime (data time/compute time)
248 compute time 0.58 (s) data time 0.16 (s), 0.28 x realtime (data time/compute time)
249 compute time 0.59 (s) data time 0.16 (s), 0.27 x realtime (data time/compute time)
250 compute time 0.48 (s) data time 0.16 (s), 0.34 x realtime (data time/compute time)
251 compute time 0.48 (s) data time 0.16 (s), 0.33 x realtime (data time/compute time)
252 compute time 0.63 (s) data time 0.16 (s), 0.25 x realtime (data time/compute time)
253 compute time 0.51 (s) data time 0.16 (s), 0.32 x realtime (data time/compute time)
254 compute time 0.37 (s) data time 0.16 (s), 0.43 x realtime (data time/compute time)
255 compute time 0.39 (s) data time 0.16 (s), 0.42 x realtime (data time/compute time)
256 compute time 0.38 (s) data time 0.16 (s), 0.42 x realtime (data time/compute time)
257 compute time 0.38 (s) data time 0.16 (s), 0.42 x realtime (data time/compute time)
258 compute time 0.36 (s) data time 0.16 (s), 0.45 x realtime (data time/compute time)
saved /home/ionouser/ionozond_data2//2026-08-12/digisonde_ionogram-Juliusruh-DOB-1786549096.00.h5.png
saving /home/ionouser/ionozond_data2//2026-08-12/digisonde_ionogram-Juliusruh-DOB-1786549096.00.h5
{'ringbuffer_dir': '/dev/shm/hf25', 'output_dir': '/home/ionouser/ionozond_data2/', 'channel': 'ch0', 'receiver': 'DOB', 'sr': 25000000, 'cf': 12500000.0, 'transmitter': 'Juliusruh', 'snr_threshold': 2, 'sounding_interval': 300, 'start_offset': 196, 'sum_ox': True, 'filter_strategy': 'fir', 'use_c_downconvert': True, 'sounding_hrs': [5.5, 18], 'dec': 250, 'freq0': 1010000, 'freq1': 14000000, 'dfreq': 50000, 'ipp': 10000, 'n_ipp': 16, 'offset_us': 2000, 'wait_for_data': True, 'copy_to_server': True}
waiting for more data (203.01 seconds)
waiting for more data (202.01 seconds)
waiting for more data (201.01 seconds)
waiting for more data (200.01 seconds)
waiting for more data (199.01 seconds)
waiting for more data (198.01 seconds)
waiting for more data (197.01 seconds)
waiting for more data (196.01 seconds)
waiting for more data (195.01 seconds)
waiting for more data (194.01 seconds)
waiting for more data (193.01 seconds)
waiting for more data (192.01 seconds)
waiting for more data (191.01 seconds)
waiting for more data (191.01 seconds)
waiting for more data (190.01 seconds)
waiting for more data (190.01 seconds)
waiting for more data (189.01 seconds)
waiting for more data (189.01 seconds)
waiting for more data (188.01 seconds)
waiting for more data (187.01 seconds)
waiting for more data (186.01 seconds)
waiting for more data (186.01 seconds)
waiting for more data (185.01 seconds)
waiting for more data (185.01 seconds)
waiting for more data (184.01 seconds)
waiting for more data (183.01 seconds)
waiting for more data (183.01 seconds)
waiting for more data (182.01 seconds)
waiting for more data (181.01 seconds)
waiting for more data (180.01 seconds)
waiting for more data (180.01 seconds)
waiting for more data (179.01 seconds)
waiting for more data (178.01 seconds)
waiting for more data (178.01 seconds)
waiting for more data (177.01 seconds)
waiting for more data (176.01 seconds)
waiting for more data (175.01 seconds)
waiting for more data (175.01 seconds)
waiting for more data (174.01 seconds)
waiting for more data (173.01 seconds)
waiting for more data (173.01 seconds)
waiting for more data (172.01 seconds)
waiting for more data (171.01 seconds)
waiting for more data (171.01 seconds)
waiting for more data (170.01 seconds)
waiting for more data (169.01 seconds)
waiting for more data (168.01 seconds)
waiting for more data (167.01 seconds)
waiting for more data (166.01 seconds)
waiting for more data (165.01 seconds)
waiting for more data (165.01 seconds)
waiting for more data (164.01 seconds)
waiting for more data (163.01 seconds)
waiting for more data (162.01 seconds)
waiting for more data (162.01 seconds)
waiting for more data (161.01 seconds)
waiting for more data (160.01 seconds)
waiting for more data (160.01 seconds)
waiting for more data (159.01 seconds)
waiting for more data (158.01 seconds)
waiting for more data (157.01 seconds)
waiting for more data (156.01 seconds)
waiting for more data (155.01 seconds)
waiting for more data (155.01 seconds)
waiting for more data (154.01 seconds)
waiting for more data (153.01 seconds)
waiting for more data (153.01 seconds)
waiting for more data (152.01 seconds)
waiting for more data (151.01 seconds)
waiting for more data (150.01 seconds)
waiting for more data (149.01 seconds)
waiting for more data (149.01 seconds)
waiting for more data (148.01 seconds)
waiting for more data (147.01 seconds)
waiting for more data (147.01 seconds)
waiting for more data (146.01 seconds)
waiting for more data (145.01 seconds)
waiting for more data (144.01 seconds)
waiting for more data (143.01 seconds)
waiting for more data (143.01 seconds)
waiting for more data (142.01 seconds)
waiting for more data (141.01 seconds)
waiting for more data (141.01 seconds)
waiting for more data (139.01 seconds)
waiting for more data (138.01 seconds)
waiting for more data (137.01 seconds)
waiting for more data (137.01 seconds)
waiting for more data (136.01 seconds)
waiting for more data (135.01 seconds)
waiting for more data (135.01 seconds)
waiting for more data (134.01 seconds)
waiting for more data (133.01 seconds)
waiting for more data (133.01 seconds)
waiting for more data (132.01 seconds)
waiting for more data (131.01 seconds)
waiting for more data (130.01 seconds)
waiting for more data (130.01 seconds)
waiting for more data (129.01 seconds)
waiting for more data (128.01 seconds)
waiting for more data (127.01 seconds)
waiting for more data (126.01 seconds)
waiting for more data (126.01 seconds)
waiting for more data (125.01 seconds)
waiting for more data (124.01 seconds)
waiting for more data (124.01 seconds)
waiting for more data (123.01 seconds)
waiting for more data (122.01 seconds)
waiting for more data (122.01 seconds)
waiting for more data (121.01 seconds)
waiting for more data (120.01 seconds)
waiting for more data (119.01 seconds)
waiting for more data (119.01 seconds)
waiting for more data (118.01 seconds)
waiting for more data (117.01 seconds)
waiting for more data (117.01 seconds)
waiting for more data (116.01 seconds)
waiting for more data (115.01 seconds)
waiting for more data (114.01 seconds)
waiting for more data (113.01 seconds)
waiting for more data (113.01 seconds)
waiting for more data (112.01 seconds)
waiting for more data (111.01 seconds)
waiting for more data (110.01 seconds)
waiting for more data (110.01 seconds)
waiting for more data (109.01 seconds)
waiting for more data (109.01 seconds)
waiting for more data (108.01 seconds)
waiting for more data (107.01 seconds)
waiting for more data (106.01 seconds)
waiting for more data (106.01 seconds)
waiting for more data (105.01 seconds)
waiting for more data (104.01 seconds)
waiting for more data (103.01 seconds)
waiting for more data (102.01 seconds)
waiting for more data (101.01 seconds)
waiting for more data (101.01 seconds)
waiting for more data (100.01 seconds)
waiting for more data (99.01 seconds)
waiting for more data (98.01 seconds)
waiting for more data (97.01 seconds)
waiting for more data (96.01 seconds)
waiting for more data (96.01 seconds)
waiting for more data (95.01 seconds)
waiting for more data (95.01 seconds)
waiting for more data (94.01 seconds)
waiting for more data (94.01 seconds)
waiting for more data (93.01 seconds)
waiting for more data (92.01 seconds)
waiting for more data (92.01 seconds)
waiting for more data (91.01 seconds)
waiting for more data (90.01 seconds)
waiting for more data (89.01 seconds)
waiting for more data (89.01 seconds)
waiting for more data (88.01 seconds)
waiting for more data (87.01 seconds)
waiting for more data (86.01 seconds)
waiting for more data (85.01 seconds)
waiting for more data (84.01 seconds)
waiting for more data (83.01 seconds)
waiting for more data (82.01 seconds)
waiting for more data (82.01 seconds)
waiting for more data (81.01 seconds)
waiting for more data (80.01 seconds)
waiting for more data (80.01 seconds)
waiting for more data (79.01 seconds)
waiting for more data (78.01 seconds)
waiting for more data (77.01 seconds)
waiting for more data (77.01 seconds)
waiting for more data (76.01 seconds)
waiting for more data (76.01 seconds)
waiting for more data (75.01 seconds)
waiting for more data (74.01 seconds)
waiting for more data (74.01 seconds)
waiting for more data (72.01 seconds)
waiting for more data (72.01 seconds)
waiting for more data (71.01 seconds)
waiting for more data (70.01 seconds)
waiting for more data (69.01 seconds)
waiting for more data (68.01 seconds)
waiting for more data (67.01 seconds)
waiting for more data (66.01 seconds)
waiting for more data (65.01 seconds)
waiting for more data (64.01 seconds)
waiting for more data (64.01 seconds)
waiting for more data (63.01 seconds)
waiting for more data (62.01 seconds)
waiting for more data (61.01 seconds)
waiting for more data (60.01 seconds)
waiting for more data (59.01 seconds)
waiting for more data (58.01 seconds)
waiting for more data (57.01 seconds)
waiting for more data (56.01 seconds)
waiting for more data (55.01 seconds)
waiting for more data (54.01 seconds)
waiting for more data (53.01 seconds)
waiting for more data (53.01 seconds)
waiting for more data (52.01 seconds)
waiting for more data (51.01 seconds)
waiting for more data (50.01 seconds)
waiting for more data (50.01 seconds)
waiting for more data (49.01 seconds)
waiting for more data (49.01 seconds)
waiting for more data (48.01 seconds)
waiting for more data (47.01 seconds)
waiting for more data (47.01 seconds)
waiting for more data (46.01 seconds)
waiting for more data (45.01 seconds)
waiting for more data (44.01 seconds)
waiting for more data (44.01 seconds)
waiting for more data (42.01 seconds)
waiting for more data (42.01 seconds)
waiting for more data (41.01 seconds)
waiting for more data (40.01 seconds)
waiting for more data (39.01 seconds)
waiting for more data (38.01 seconds)
waiting for more data (37.01 seconds)
waiting for more data (36.01 seconds)
waiting for more data (36.01 seconds)
waiting for more data (35.01 seconds)
waiting for more data (35.01 seconds)
waiting for more data (34.01 seconds)
waiting for more data (33.01 seconds)
waiting for more data (32.01 seconds)
waiting for more data (31.01 seconds)
waiting for more data (30.01 seconds)
waiting for more data (29.01 seconds)
waiting for more data (28.01 seconds)
waiting for more data (28.01 seconds)
waiting for more data (27.01 seconds)
waiting for more data (25.01 seconds)
waiting for more data (24.01 seconds)
waiting for more data (23.01 seconds)
waiting for more data (22.01 seconds)
waiting for more data (21.01 seconds)
waiting for more data (20.01 seconds)
waiting for more data (19.01 seconds)
waiting for more data (18.01 seconds)
waiting for more data (17.01 seconds)
waiting for more data (16.01 seconds)
waiting for more data (15.01 seconds)
waiting for more data (14.01 seconds)
waiting for more data (13.01 seconds)
waiting for more data (12.01 seconds)
waiting for more data (12.01 seconds)
waiting for more data (11.01 seconds)
waiting for more data (10.01 seconds)
waiting for more data (9.01 seconds)
waiting for more data (7.01 seconds)
waiting for more data (6.01 seconds)
waiting for more data (4.01 seconds)
waiting for more data (3.01 seconds)
waiting for more data (2.01 seconds)
waiting for more data (1.01 seconds)
/home/ionouser/chirpsounder2/.venv38/lib/python3.8/site-packages/digital_rf/digital_rf_hdf5.py:1588: FutureWarning: The read_vector_c81d method is deprecated and will be removed in digital_rf version 3. Use read_vector_1d instead and append `.astype('c8', casting='unsafe', copy=False)` if a strict return dtype of complex64 is desired.
  warnings.warn(
0 compute time 256.89 (s) data time 0.16 (s), 0.00 x realtime (data time/compute time)
1 compute time 0.36 (s) data time 0.16 (s), 0.44 x realtime (data time/compute time)
2 compute time 0.31 (s) data time 0.16 (s), 0.51 x realtime (data time/compute time)
3 compute time 0.56 (s) data time 0.16 (s), 0.28 x realtime (data time/compute time)
4 compute time 0.41 (s) data time 0.16 (s), 0.39 x realtime (data time/compute time)
5 compute time 0.26 (s) data time 0.16 (s), 0.61 x realtime (data time/compute time)
6 compute time 0.38 (s) data time 0.16 (s), 0.42 x realtime (data time/compute time)
7 compute time 0.35 (s) data time 0.16 (s), 0.46 x realtime (data time/compute time)
8 compute time 0.45 (s) data time 0.16 (s), 0.36 x realtime (data time/compute time)
9 compute time 0.52 (s) data time 0.16 (s), 0.31 x realtime (data time/compute time)
10 compute time 0.47 (s) data time 0.16 (s), 0.34 x realtime (data time/compute time)
11 compute time 0.54 (s) data time 0.16 (s), 0.30 x realtime (data time/compute time)
12 compute time 0.48 (s) data time 0.16 (s), 0.33 x realtime (data time/compute time)
13 compute time 0.37 (s) data time 0.16 (s), 0.43 x realtime (data time/compute time)
14 compute time 0.46 (s) data time 0.16 (s), 0.35 x realtime (data time/compute time)
15 compute time 0.52 (s) data time 0.16 (s), 0.31 x realtime (data time/compute time)
16 compute time 0.40 (s) data time 0.16 (s), 0.40 x realtime (data time/compute time)
17 compute time 0.27 (s) data time 0.16 (s), 0.59 x realtime (data time/compute time)
18 compute time 0.39 (s) data time 0.16 (s), 0.41 x realtime (data time/compute time)
19 compute time 0.36 (s) data time 0.16 (s), 0.44 x realtime (data time/compute time)
20 compute time 0.28 (s) data time 0.16 (s), 0.57 x realtime (data time/compute time)
21 compute time 0.26 (s) data time 0.16 (s), 0.61 x realtime (data time/compute time)
22 compute time 0.33 (s) data time 0.16 (s), 0.48 x realtime (data time/compute time)
23 compute time 0.28 (s) data time 0.16 (s), 0.56 x realtime (data time/compute time)
24 compute time 0.62 (s) data time 0.16 (s), 0.26 x realtime (data time/compute time)
25 compute time 0.45 (s) data time 0.16 (s), 0.36 x realtime (data time/compute time)
26 compute time 0.36 (s) data time 0.16 (s), 0.45 x realtime (data time/compute time)
27 compute time 0.36 (s) data time 0.16 (s), 0.44 x realtime (data time/compute time)
28 compute time 0.32 (s) data time 0.16 (s), 0.50 x realtime (data time/compute time)
29 compute time 0.34 (s) data time 0.16 (s), 0.47 x realtime (data time/compute time)
30 compute time 0.65 (s) data time 0.16 (s), 0.25 x realtime (data time/compute time)
31 compute time 0.43 (s) data time 0.16 (s), 0.37 x realtime (data time/compute time)
32 compute time 0.40 (s) data time 0.16 (s), 0.40 x realtime (data time/compute time)
33 compute time 0.36 (s) data time 0.16 (s), 0.45 x realtime (data time/compute time)
34 compute time 0.39 (s) data time 0.16 (s), 0.41 x realtime (data time/compute time)
35 compute time 0.31 (s) data time 0.16 (s), 0.52 x realtime (data time/compute time)
36 compute time 0.36 (s) data time 0.16 (s), 0.45 x realtime (data time/compute time)
37 compute time 0.47 (s) data time 0.16 (s), 0.34 x realtime (data time/compute time)
38 compute time 0.38 (s) data time 0.16 (s), 0.42 x realtime (data time/compute time)
39 compute time 0.40 (s) data time 0.16 (s), 0.40 x realtime (data time/compute time)
40 compute time 0.28 (s) data time 0.16 (s), 0.57 x realtime (data time/compute time)
41 compute time 0.27 (s) data time 0.16 (s), 0.60 x realtime (data time/compute time)
42 compute time 0.31 (s) data time 0.16 (s), 0.52 x realtime (data time/compute time)
43 compute time 0.37 (s) data time 0.16 (s), 0.44 x realtime (data time/compute time)
44 compute time 0.39 (s) data time 0.16 (s), 0.41 x realtime (data time/compute time)
45 compute time 0.38 (s) data time 0.16 (s), 0.43 x realtime (data time/compute time)
46 compute time 0.37 (s) data time 0.16 (s), 0.44 x realtime (data time/compute time)
47 compute time 0.31 (s) data time 0.16 (s), 0.52 x realtime (data time/compute time)
48 compute time 0.37 (s) data time 0.16 (s), 0.43 x realtime (data time/compute time)
49 compute time 0.34 (s) data time 0.16 (s), 0.47 x realtime (data time/compute time)
50 compute time 0.47 (s) data time 0.16 (s), 0.34 x realtime (data time/compute time)
51 compute time 0.47 (s) data time 0.16 (s), 0.34 x realtime (data time/compute time)
52 compute time 0.41 (s) data time 0.16 (s), 0.39 x realtime (data time/compute time)
53 compute time 0.45 (s) data time 0.16 (s), 0.36 x realtime (data time/compute time)
54 compute time 0.36 (s) data time 0.16 (s), 0.45 x realtime (data time/compute time)
55 compute time 0.38 (s) data time 0.16 (s), 0.42 x realtime (data time/compute time)
56 compute time 0.40 (s) data time 0.16 (s), 0.40 x realtime (data time/compute time)
57 compute time 0.50 (s) data time 0.16 (s), 0.32 x realtime (data time/compute time)
58 compute time 0.41 (s) data time 0.16 (s), 0.39 x realtime (data time/compute time)
59 compute time 0.37 (s) data time 0.16 (s), 0.43 x realtime (data time/compute time)
60 compute time 0.42 (s) data time 0.16 (s), 0.39 x realtime (data time/compute time)
61 compute time 0.50 (s) data time 0.16 (s), 0.32 x realtime (data time/compute time)
62 compute time 0.59 (s) data time 0.16 (s), 0.27 x realtime (data time/compute time)
63 compute time 0.38 (s) data time 0.16 (s), 0.43 x realtime (data time/compute time)
64 compute time 0.40 (s) data time 0.16 (s), 0.40 x realtime (data time/compute time)
65 compute time 0.43 (s) data time 0.16 (s), 0.37 x realtime (data time/compute time)
66 compute time 0.30 (s) data time 0.16 (s), 0.53 x realtime (data time/compute time)
67 compute time 0.31 (s) data time 0.16 (s), 0.52 x realtime (data time/compute time)
68 compute time 0.37 (s) data time 0.16 (s), 0.43 x realtime (data time/compute time)
69 compute time 0.45 (s) data time 0.16 (s), 0.35 x realtime (data time/compute time)
70 compute time 0.69 (s) data time 0.16 (s), 0.23 x realtime (data time/compute time)
71 compute time 0.41 (s) data time 0.16 (s), 0.39 x realtime (data time/compute time)
72 compute time 0.45 (s) data time 0.16 (s), 0.36 x realtime (data time/compute time)
73 compute time 0.34 (s) data time 0.16 (s), 0.47 x realtime (data time/compute time)
74 compute time 0.44 (s) data time 0.16 (s), 0.36 x realtime (data time/compute time)
75 compute time 0.50 (s) data time 0.16 (s), 0.32 x realtime (data time/compute time)
76 compute time 0.43 (s) data time 0.16 (s), 0.37 x realtime (data time/compute time)
77 compute time 0.31 (s) data time 0.16 (s), 0.51 x realtime (data time/compute time)
78 compute time 0.28 (s) data time 0.16 (s), 0.57 x realtime (data time/compute time)
79 compute time 0.32 (s) data time 0.16 (s), 0.50 x realtime (data time/compute time)
80 compute time 0.25 (s) data time 0.16 (s), 0.63 x realtime (data time/compute time)
81 compute time 0.37 (s) data time 0.16 (s), 0.44 x realtime (data time/compute time)
82 compute time 0.37 (s) data time 0.16 (s), 0.43 x realtime (data time/compute time)
83 compute time 0.57 (s) data time 0.16 (s), 0.28 x realtime (data time/compute time)
84 compute time 0.43 (s) data time 0.16 (s), 0.37 x realtime (data time/compute time)
85 compute time 0.41 (s) data time 0.16 (s), 0.39 x realtime (data time/compute time)
86 compute time 0.37 (s) data time 0.16 (s), 0.43 x realtime (data time/compute time)
87 compute time 0.30 (s) data time 0.16 (s), 0.53 x realtime (data time/compute time)
88 compute time 0.33 (s) data time 0.16 (s), 0.49 x realtime (data time/compute time)
89 compute time 0.40 (s) data time 0.16 (s), 0.40 x realtime (data time/compute time)
90 compute time 0.36 (s) data time 0.16 (s), 0.44 x realtime (data time/compute time)
91 compute time 0.38 (s) data time 0.16 (s), 0.42 x realtime (data time/compute time)
92 compute time 0.42 (s) data time 0.16 (s), 0.38 x realtime (data time/compute time)
93 compute time 0.49 (s) data time 0.16 (s), 0.33 x realtime (data time/compute time)
94 compute time 0.44 (s) data time 0.16 (s), 0.37 x realtime (data time/compute time)
95 compute time 0.46 (s) data time 0.16 (s), 0.35 x realtime (data time/compute time)
96 compute time 0.38 (s) data time 0.16 (s), 0.42 x realtime (data time/compute time)
97 compute time 0.45 (s) data time 0.16 (s), 0.35 x realtime (data time/compute time)
98 compute time 0.43 (s) data time 0.16 (s), 0.37 x realtime (data time/compute time)
99 compute time 0.46 (s) data time 0.16 (s), 0.35 x realtime (data time/compute time)
100 compute time 0.40 (s) data time 0.16 (s), 0.40 x realtime (data time/compute time)
101 compute time 0.53 (s) data time 0.16 (s), 0.30 x realtime (data time/compute time)
102 compute time 0.31 (s) data time 0.16 (s), 0.52 x realtime (data time/compute time)
103 compute time 0.28 (s) data time 0.16 (s), 0.58 x realtime (data time/compute time)
104 compute time 0.25 (s) data time 0.16 (s), 0.63 x realtime (data time/compute time)
105 compute time 0.30 (s) data time 0.16 (s), 0.53 x realtime (data time/compute time)
106 compute time 0.30 (s) data time 0.16 (s), 0.53 x realtime (data time/compute time)
107 compute time 0.33 (s) data time 0.16 (s), 0.49 x realtime (data time/compute time)
108 compute time 0.29 (s) data time 0.16 (s), 0.56 x realtime (data time/compute time)
109 compute time 0.39 (s) data time 0.16 (s), 0.41 x realtime (data time/compute time)
110 compute time 0.37 (s) data time 0.16 (s), 0.43 x realtime (data time/compute time)
111 compute time 0.35 (s) data time 0.16 (s), 0.45 x realtime (data time/compute time)
112 compute time 0.39 (s) data time 0.16 (s), 0.41 x realtime (data time/compute time)
113 compute time 0.50 (s) data time 0.16 (s), 0.32 x realtime (data time/compute time)
114 compute time 0.45 (s) data time 0.16 (s), 0.36 x realtime (data time/compute time)
115 compute time 0.42 (s) data time 0.16 (s), 0.38 x realtime (data time/compute time)
116 compute time 0.41 (s) data time 0.16 (s), 0.39 x realtime (data time/compute time)
117 compute time 0.43 (s) data time 0.16 (s), 0.37 x realtime (data time/compute time)
118 compute time 0.37 (s) data time 0.16 (s), 0.43 x realtime (data time/compute time)
119 compute time 0.36 (s) data time 0.16 (s), 0.44 x realtime (data time/compute time)
120 compute time 0.36 (s) data time 0.16 (s), 0.45 x realtime (data time/compute time)
121 compute time 0.43 (s) data time 0.16 (s), 0.37 x realtime (data time/compute time)
122 compute time 0.59 (s) data time 0.16 (s), 0.27 x realtime (data time/compute time)
123 compute time 0.42 (s) data time 0.16 (s), 0.39 x realtime (data time/compute time)
124 compute time 0.30 (s) data time 0.16 (s), 0.54 x realtime (data time/compute time)
125 compute time 0.34 (s) data time 0.16 (s), 0.47 x realtime (data time/compute time)
126 compute time 0.42 (s) data time 0.16 (s), 0.38 x realtime (data time/compute time)
127 compute time 0.50 (s) data time 0.16 (s), 0.32 x realtime (data time/compute time)
128 compute time 0.45 (s) data time 0.16 (s), 0.36 x realtime (data time/compute time)
129 compute time 0.45 (s) data time 0.16 (s), 0.35 x realtime (data time/compute time)
130 compute time 0.38 (s) data time 0.16 (s), 0.43 x realtime (data time/compute time)
131 compute time 0.45 (s) data time 0.16 (s), 0.35 x realtime (data time/compute time)
132 compute time 0.35 (s) data time 0.16 (s), 0.46 x realtime (data time/compute time)
133 compute time 0.43 (s) data time 0.16 (s), 0.37 x realtime (data time/compute time)
134 compute time 0.62 (s) data time 0.16 (s), 0.26 x realtime (data time/compute time)
135 compute time 0.47 (s) data time 0.16 (s), 0.34 x realtime (data time/compute time)
136 compute time 0.39 (s) data time 0.16 (s), 0.41 x realtime (data time/compute time)
137 compute time 0.44 (s) data time 0.16 (s), 0.36 x realtime (data time/compute time)
138 compute time 0.38 (s) data time 0.16 (s), 0.43 x realtime (data time/compute time)
139 compute time 0.41 (s) data time 0.16 (s), 0.39 x realtime (data time/compute time)
140 compute time 0.41 (s) data time 0.16 (s), 0.39 x realtime (data time/compute time)
141 compute time 0.36 (s) data time 0.16 (s), 0.44 x realtime (data time/compute time)
142 compute time 0.38 (s) data time 0.16 (s), 0.43 x realtime (data time/compute time)
143 compute time 0.33 (s) data time 0.16 (s), 0.49 x realtime (data time/compute time)
144 compute time 0.38 (s) data time 0.16 (s), 0.42 x realtime (data time/compute time)
145 compute time 0.40 (s) data time 0.16 (s), 0.40 x realtime (data time/compute time)
146 compute time 0.42 (s) data time 0.16 (s), 0.38 x realtime (data time/compute time)
147 compute time 0.72 (s) data time 0.16 (s), 0.22 x realtime (data time/compute time)
148 compute time 0.48 (s) data time 0.16 (s), 0.34 x realtime (data time/compute time)
149 compute time 0.35 (s) data time 0.16 (s), 0.45 x realtime (data time/compute time)
150 compute time 0.39 (s) data time 0.16 (s), 0.41 x realtime (data time/compute time)
151 compute time 0.53 (s) data time 0.16 (s), 0.30 x realtime (data time/compute time)
152 compute time 0.33 (s) data time 0.16 (s), 0.48 x realtime (data time/compute time)
153 compute time 0.37 (s) data time 0.16 (s), 0.43 x realtime (data time/compute time)
154 compute time 0.37 (s) data time 0.16 (s), 0.44 x realtime (data time/compute time)
155 compute time 0.43 (s) data time 0.16 (s), 0.37 x realtime (data time/compute time)
156 compute time 0.37 (s) data time 0.16 (s), 0.43 x realtime (data time/compute time)
157 compute time 0.35 (s) data time 0.16 (s), 0.46 x realtime (data time/compute time)
158 compute time 0.34 (s) data time 0.16 (s), 0.47 x realtime (data time/compute time)
159 compute time 0.35 (s) data time 0.16 (s), 0.46 x realtime (data time/compute time)
160 compute time 0.38 (s) data time 0.16 (s), 0.42 x realtime (data time/compute time)
161 compute time 0.33 (s) data time 0.16 (s), 0.48 x realtime (data time/compute time)
162 compute time 0.33 (s) data time 0.16 (s), 0.48 x realtime (data time/compute time)
163 compute time 0.29 (s) data time 0.16 (s), 0.55 x realtime (data time/compute time)
164 compute time 0.36 (s) data time 0.16 (s), 0.44 x realtime (data time/compute time)
165 compute time 0.31 (s) data time 0.16 (s), 0.52 x realtime (data time/compute time)
166 compute time 0.29 (s) data time 0.16 (s), 0.55 x realtime (data time/compute time)
167 compute time 0.38 (s) data time 0.16 (s), 0.42 x realtime (data time/compute time)
168 compute time 0.37 (s) data time 0.16 (s), 0.43 x realtime (data time/compute time)
169 compute time 0.42 (s) data time 0.16 (s), 0.38 x realtime (data time/compute time)
170 compute time 0.62 (s) data time 0.16 (s), 0.26 x realtime (data time/compute time)
171 compute time 0.41 (s) data time 0.16 (s), 0.39 x realtime (data time/compute time)
172 compute time 0.39 (s) data time 0.16 (s), 0.41 x realtime (data time/compute time)
173 compute time 0.41 (s) data time 0.16 (s), 0.39 x realtime (data time/compute time)
174 compute time 0.42 (s) data time 0.16 (s), 0.38 x realtime (data time/compute time)
175 compute time 0.42 (s) data time 0.16 (s), 0.38 x realtime (data time/compute time)
176 compute time 0.54 (s) data time 0.16 (s), 0.30 x realtime (data time/compute time)
177 compute time 0.45 (s) data time 0.16 (s), 0.35 x realtime (data time/compute time)
178 compute time 0.46 (s) data time 0.16 (s), 0.35 x realtime (data time/compute time)
179 compute time 0.34 (s) data time 0.16 (s), 0.47 x realtime (data time/compute time)
180 compute time 0.28 (s) data time 0.16 (s), 0.58 x realtime (data time/compute time)
181 compute time 0.31 (s) data time 0.16 (s), 0.51 x realtime (data time/compute time)
182 compute time 0.37 (s) data time 0.16 (s), 0.43 x realtime (data time/compute time)
183 compute time 0.53 (s) data time 0.16 (s), 0.30 x realtime (data time/compute time)
184 compute time 0.51 (s) data time 0.16 (s), 0.31 x realtime (data time/compute time)
185 compute time 0.47 (s) data time 0.16 (s), 0.34 x realtime (data time/compute time)
186 compute time 0.31 (s) data time 0.16 (s), 0.51 x realtime (data time/compute time)
187 compute time 0.36 (s) data time 0.16 (s), 0.44 x realtime (data time/compute time)
188 compute time 0.38 (s) data time 0.16 (s), 0.42 x realtime (data time/compute time)
189 compute time 0.48 (s) data time 0.16 (s), 0.33 x realtime (data time/compute time)
190 compute time 0.48 (s) data time 0.16 (s), 0.33 x realtime (data time/compute time)
191 compute time 0.43 (s) data time 0.16 (s), 0.38 x realtime (data time/compute time)
192 compute time 0.41 (s) data time 0.16 (s), 0.39 x realtime (data time/compute time)
193 compute time 0.37 (s) data time 0.16 (s), 0.43 x realtime (data time/compute time)
194 compute time 0.36 (s) data time 0.16 (s), 0.44 x realtime (data time/compute time)
195 compute time 0.62 (s) data time 0.16 (s), 0.26 x realtime (data time/compute time)
196 compute time 0.49 (s) data time 0.16 (s), 0.33 x realtime (data time/compute time)
197 compute time 0.65 (s) data time 0.16 (s), 0.25 x realtime (data time/compute time)
198 compute time 0.37 (s) data time 0.16 (s), 0.43 x realtime (data time/compute time)
199 compute time 0.31 (s) data time 0.16 (s), 0.51 x realtime (data time/compute time)
200 compute time 0.64 (s) data time 0.16 (s), 0.25 x realtime (data time/compute time)
201 compute time 0.31 (s) data time 0.16 (s), 0.52 x realtime (data time/compute time)
202 compute time 0.31 (s) data time 0.16 (s), 0.52 x realtime (data time/compute time)
203 compute time 0.30 (s) data time 0.16 (s), 0.53 x realtime (data time/compute time)
204 compute time 0.31 (s) data time 0.16 (s), 0.51 x realtime (data time/compute time)
205 compute time 0.44 (s) data time 0.16 (s), 0.37 x realtime (data time/compute time)
206 compute time 0.33 (s) data time 0.16 (s), 0.48 x realtime (data time/compute time)
207 compute time 0.39 (s) data time 0.16 (s), 0.42 x realtime (data time/compute time)
208 compute time 0.52 (s) data time 0.16 (s), 0.31 x realtime (data time/compute time)
209 compute time 0.41 (s) data time 0.16 (s), 0.39 x realtime (data time/compute time)
210 compute time 0.34 (s) data time 0.16 (s), 0.47 x realtime (data time/compute time)
211 compute time 0.36 (s) data time 0.16 (s), 0.45 x realtime (data time/compute time)
212 compute time 0.54 (s) data time 0.16 (s), 0.29 x realtime (data time/compute time)
213 compute time 0.46 (s) data time 0.16 (s), 0.35 x realtime (data time/compute time)
214 compute time 0.38 (s) data time 0.16 (s), 0.42 x realtime (data time/compute time)
215 compute time 0.37 (s) data time 0.16 (s), 0.43 x realtime (data time/compute time)
216 compute time 0.50 (s) data time 0.16 (s), 0.32 x realtime (data time/compute time)
217 compute time 0.48 (s) data time 0.16 (s), 0.33 x realtime (data time/compute time)
218 compute time 0.47 (s) data time 0.16 (s), 0.34 x realtime (data time/compute time)
219 compute time 0.45 (s) data time 0.16 (s), 0.36 x realtime (data time/compute time)
220 compute time 0.48 (s) data time 0.16 (s), 0.33 x realtime (data time/compute time)
221 compute time 0.37 (s) data time 0.16 (s), 0.43 x realtime (data time/compute time)
222 compute time 0.46 (s) data time 0.16 (s), 0.35 x realtime (data time/compute time)
223 compute time 0.40 (s) data time 0.16 (s), 0.40 x realtime (data time/compute time)
224 compute time 0.38 (s) data time 0.16 (s), 0.42 x realtime (data time/compute time)
225 compute time 0.40 (s) data time 0.16 (s), 0.40 x realtime (data time/compute time)
226 compute time 0.42 (s) data time 0.16 (s), 0.38 x realtime (data time/compute time)
227 compute time 0.35 (s) data time 0.16 (s), 0.46 x realtime (data time/compute time)
228 compute time 0.34 (s) data time 0.16 (s), 0.46 x realtime (data time/compute time)
229 compute time 0.47 (s) data time 0.16 (s), 0.34 x realtime (data time/compute time)
230 compute time 0.33 (s) data time 0.16 (s), 0.48 x realtime (data time/compute time)
231 compute time 0.34 (s) data time 0.16 (s), 0.47 x realtime (data time/compute time)
232 compute time 0.32 (s) data time 0.16 (s), 0.50 x realtime (data time/compute time)
233 compute time 0.34 (s) data time 0.16 (s), 0.46 x realtime (data time/compute time)
234 compute time 0.47 (s) data time 0.16 (s), 0.34 x realtime (data time/compute time)
235 compute time 0.53 (s) data time 0.16 (s), 0.30 x realtime (data time/compute time)
236 compute time 0.39 (s) data time 0.16 (s), 0.41 x realtime (data time/compute time)
237 compute time 0.33 (s) data time 0.16 (s), 0.48 x realtime (data time/compute time)
238 compute time 0.39 (s) data time 0.16 (s), 0.41 x realtime (data time/compute time)
239 compute time 0.36 (s) data time 0.16 (s), 0.44 x realtime (data time/compute time)
240 compute time 0.45 (s) data time 0.16 (s), 0.36 x realtime (data time/compute time)
241 compute time 0.50 (s) data time 0.16 (s), 0.32 x realtime (data time/compute time)
242 compute time 0.67 (s) data time 0.16 (s), 0.24 x realtime (data time/compute time)
243 compute time 0.44 (s) data time 0.16 (s), 0.37 x realtime (data time/compute time)
244 compute time 0.55 (s) data time 0.16 (s), 0.29 x realtime (data time/compute time)
245 compute time 0.75 (s) data time 0.16 (s), 0.21 x realtime (data time/compute time)
246 compute time 0.78 (s) data time 0.16 (s), 0.21 x realtime (data time/compute time)
247 compute time 0.66 (s) data time 0.16 (s), 0.24 x realtime (data time/compute time)
248 compute time 0.92 (s) data time 0.16 (s), 0.17 x realtime (data time/compute time)
249 compute time 0.60 (s) data time 0.16 (s), 0.27 x realtime (data time/compute time)
250 compute time 0.51 (s) data time 0.16 (s), 0.31 x realtime (data time/compute time)
251 compute time 0.60 (s) data time 0.16 (s), 0.27 x realtime (data time/compute time)
252 compute time 0.53 (s) data time 0.16 (s), 0.30 x realtime (data time/compute time)
253 compute time 0.54 (s) data time 0.16 (s), 0.29 x realtime (data time/compute time)
254 compute time 0.61 (s) data time 0.16 (s), 0.26 x realtime (data time/compute time)
255 compute time 0.45 (s) data time 0.16 (s), 0.36 x realtime (data time/compute time)
256 compute time 0.58 (s) data time 0.16 (s), 0.28 x realtime (data time/compute time)
257 compute time 0.51 (s) data time 0.16 (s), 0.31 x realtime (data time/compute time)
258 compute time 0.45 (s) data time 0.16 (s), 0.35 x realtime (data time/compute time)
saved /home/ionouser/ionozond_data2//2026-08-12/digisonde_ionogram-Juliusruh-DOB-1786549396.00.h5.png
saving /home/ionouser/ionozond_data2//2026-08-12/digisonde_ionogram-Juliusruh-DOB-1786549396.00.h5
{'ringbuffer_dir': '/dev/shm/hf25', 'output_dir': '/home/ionouser/ionozond_data2/', 'channel': 'ch0', 'receiver': 'DOB', 'sr': 25000000, 'cf': 12500000.0, 'transmitter': 'Juliusruh', 'snr_threshold': 2, 'sounding_interval': 300, 'start_offset': 196, 'sum_ox': True, 'filter_strategy': 'fir', 'use_c_downconvert': True, 'sounding_hrs': [5.5, 18], 'dec': 250, 'freq0': 1010000, 'freq1': 14000000, 'dfreq': 50000, 'ipp': 10000, 'n_ipp': 16, 'offset_us': 2000, 'wait_for_data': True, 'copy_to_server': True}
waiting for more data (194.01 seconds)
waiting for more data (193.01 seconds)
waiting for more data (192.01 seconds)
waiting for more data (192.01 seconds)
waiting for more data (191.01 seconds)
waiting for more data (190.01 seconds)
waiting for more data (189.01 seconds)
waiting for more data (188.01 seconds)
waiting for more data (187.01 seconds)
waiting for more data (187.01 seconds)
waiting for more data (186.01 seconds)
waiting for more data (186.01 seconds)
waiting for more data (185.01 seconds)
waiting for more data (184.01 seconds)
waiting for more data (183.01 seconds)
waiting for more data (183.01 seconds)
waiting for more data (182.01 seconds)
waiting for more data (181.01 seconds)
waiting for more data (180.01 seconds)
waiting for more data (179.01 seconds)
waiting for more data (179.01 seconds)
waiting for more data (178.01 seconds)
waiting for more data (177.01 seconds)
waiting for more data (176.01 seconds)
waiting for more data (175.01 seconds)
waiting for more data (174.01 seconds)
waiting for more data (173.01 seconds)
waiting for more data (172.01 seconds)
waiting for more data (171.01 seconds)
waiting for more data (170.01 seconds)
waiting for more data (169.01 seconds)
waiting for more data (169.01 seconds)
waiting for more data (168.01 seconds)
waiting for more data (168.01 seconds)
waiting for more data (167.01 seconds)
waiting for more data (166.01 seconds)
waiting for more data (166.01 seconds)
waiting for more data (165.01 seconds)
waiting for more data (164.01 seconds)
waiting for more data (163.01 seconds)
waiting for more data (163.01 seconds)
waiting for more data (162.01 seconds)
waiting for more data (161.01 seconds)
waiting for more data (160.01 seconds)
waiting for more data (159.01 seconds)
waiting for more data (158.01 seconds)
waiting for more data (157.01 seconds)
waiting for more data (157.01 seconds)
waiting for more data (156.01 seconds)
waiting for more data (155.01 seconds)
waiting for more data (153.01 seconds)
waiting for more data (152.01 seconds)
waiting for more data (151.01 seconds)
waiting for more data (151.01 seconds)
waiting for more data (150.01 seconds)
waiting for more data (149.01 seconds)
waiting for more data (148.01 seconds)
waiting for more data (148.01 seconds)
waiting for more data (147.01 seconds)
waiting for more data (146.01 seconds)
waiting for more data (145.01 seconds)
waiting for more data (144.01 seconds)
waiting for more data (143.01 seconds)
waiting for more data (142.01 seconds)
waiting for more data (142.01 seconds)
waiting for more data (141.01 seconds)
waiting for more data (140.01 seconds)
waiting for more data (140.01 seconds)
waiting for more data (139.01 seconds)
waiting for more data (138.01 seconds)
waiting for more data (137.01 seconds)
waiting for more data (136.01 seconds)
waiting for more data (135.01 seconds)
waiting for more data (135.01 seconds)
waiting for more data (134.01 seconds)
waiting for more data (133.01 seconds)
waiting for more data (132.01 seconds)
waiting for more data (131.01 seconds)
waiting for more data (130.01 seconds)
waiting for more data (129.01 seconds)
waiting for more data (128.01 seconds)
waiting for more data (127.01 seconds)
waiting for more data (126.01 seconds)
waiting for more data (125.01 seconds)
waiting for more data (124.01 seconds)
waiting for more data (123.01 seconds)
waiting for more data (123.01 seconds)
waiting for more data (122.01 seconds)
waiting for more data (121.01 seconds)
waiting for more data (120.01 seconds)
waiting for more data (119.01 seconds)
waiting for more data (118.01 seconds)
waiting for more data (118.01 seconds)
waiting for more data (117.01 seconds)
waiting for more data (116.01 seconds)
waiting for more data (115.01 seconds)
waiting for more data (115.01 seconds)
waiting for more data (114.01 seconds)
waiting for more data (113.01 seconds)
waiting for more data (112.01 seconds)
waiting for more data (111.01 seconds)
waiting for more data (110.01 seconds)
waiting for more data (109.01 seconds)
waiting for more data (108.01 seconds)
waiting for more data (107.01 seconds)
waiting for more data (106.01 seconds)
waiting for more data (104.01 seconds)
waiting for more data (103.01 seconds)
waiting for more data (103.01 seconds)
waiting for more data (102.01 seconds)
waiting for more data (100.01 seconds)
waiting for more data (100.01 seconds)
waiting for more data (99.01 seconds)
waiting for more data (98.01 seconds)
waiting for more data (97.01 seconds)
waiting for more data (96.01 seconds)
waiting for more data (95.01 seconds)
waiting for more data (94.01 seconds)
waiting for more data (93.01 seconds)
waiting for more data (92.01 seconds)
waiting for more data (92.01 seconds)
waiting for more data (91.01 seconds)
waiting for more data (90.01 seconds)
waiting for more data (89.01 seconds)
waiting for more data (88.01 seconds)
waiting for more data (87.01 seconds)
waiting for more data (86.01 seconds)
waiting for more data (85.01 seconds)
waiting for more data (84.01 seconds)
waiting for more data (84.01 seconds)
waiting for more data (83.01 seconds)
waiting for more data (82.01 seconds)
waiting for more data (81.01 seconds)
waiting for more data (80.01 seconds)
waiting for more data (79.01 seconds)
waiting for more data (78.01 seconds)
waiting for more data (77.01 seconds)
waiting for more data (76.01 seconds)
waiting for more data (76.01 seconds)
waiting for more data (75.01 seconds)
waiting for more data (74.01 seconds)
waiting for more data (73.01 seconds)
waiting for more data (72.01 seconds)
waiting for more data (71.01 seconds)
waiting for more data (70.01 seconds)
waiting for more data (69.01 seconds)
waiting for more data (69.01 seconds)
waiting for more data (68.01 seconds)
waiting for more data (67.01 seconds)
waiting for more data (66.01 seconds)
waiting for more data (65.01 seconds)
waiting for more data (64.01 seconds)
waiting for more data (63.01 seconds)
waiting for more data (62.01 seconds)
waiting for more data (61.01 seconds)
waiting for more data (60.01 seconds)
waiting for more data (59.01 seconds)
waiting for more data (58.01 seconds)
waiting for more data (57.01 seconds)
waiting for more data (56.01 seconds)
waiting for more data (55.01 seconds)
waiting for more data (55.01 seconds)
waiting for more data (54.01 seconds)
waiting for more data (53.01 seconds)
waiting for more data (52.01 seconds)
waiting for more data (50.01 seconds)
waiting for more data (49.01 seconds)
waiting for more data (48.01 seconds)
waiting for more data (48.01 seconds)
waiting for more data (47.01 seconds)
waiting for more data (46.01 seconds)
waiting for more data (45.01 seconds)
waiting for more data (44.01 seconds)
waiting for more data (43.01 seconds)
waiting for more data (42.01 seconds)
waiting for more data (41.01 seconds)
waiting for more data (41.01 seconds)
waiting for more data (40.01 seconds)
waiting for more data (39.01 seconds)
waiting for more data (38.01 seconds)
waiting for more data (37.01 seconds)
waiting for more data (36.01 seconds)
waiting for more data (34.01 seconds)
waiting for more data (33.01 seconds)
waiting for more data (32.01 seconds)
waiting for more data (31.01 seconds)
waiting for more data (31.01 seconds)
waiting for more data (30.01 seconds)
waiting for more data (28.01 seconds)
waiting for more data (27.01 seconds)
waiting for more data (26.01 seconds)
waiting for more data (25.01 seconds)
waiting for more data (24.01 seconds)
waiting for more data (23.01 seconds)
waiting for more data (22.01 seconds)
waiting for more data (21.01 seconds)
waiting for more data (20.01 seconds)
waiting for more data (19.01 seconds)
waiting for more data (17.01 seconds)
waiting for more data (16.01 seconds)
waiting for more data (15.01 seconds)
waiting for more data (14.01 seconds)
waiting for more data (13.01 seconds)
waiting for more data (12.01 seconds)
waiting for more data (10.01 seconds)
waiting for more data (9.01 seconds)
waiting for more data (8.01 seconds)
waiting for more data (7.01 seconds)
waiting for more data (6.01 seconds)
waiting for more data (5.01 seconds)
waiting for more data (4.01 seconds)
waiting for more data (2.01 seconds)
waiting for more data (1.01 seconds)
waiting for more data (0.01 seconds)
0 compute time 217.59 (s) data time 0.16 (s), 0.00 x realtime (data time/compute time)
1 compute time 0.51 (s) data time 0.16 (s), 0.31 x realtime (data time/compute time)
2 compute time 0.59 (s) data time 0.16 (s), 0.27 x realtime (data time/compute time)
3 compute time 0.45 (s) data time 0.16 (s), 0.36 x realtime (data time/compute time)
4 compute time 0.42 (s) data time 0.16 (s), 0.38 x realtime (data time/compute time)
5 compute time 0.65 (s) data time 0.16 (s), 0.25 x realtime (data time/compute time)
6 compute time 0.66 (s) data time 0.16 (s), 0.24 x realtime (data time/compute time)
7 compute time 0.41 (s) data time 0.16 (s), 0.39 x realtime (data time/compute time)
8 compute time 0.54 (s) data time 0.16 (s), 0.30 x realtime (data time/compute time)
9 compute time 0.60 (s) data time 0.16 (s), 0.27 x realtime (data time/compute time)
10 compute time 0.37 (s) data time 0.16 (s), 0.43 x realtime (data time/compute time)
11 compute time 0.44 (s) data time 0.16 (s), 0.36 x realtime (data time/compute time)
12 compute time 0.41 (s) data time 0.16 (s), 0.39 x realtime (data time/compute time)
13 compute time 0.47 (s) data time 0.16 (s), 0.34 x realtime (data time/compute time)
14 compute time 0.56 (s) data time 0.16 (s), 0.29 x realtime (data time/compute time)
15 compute time 0.54 (s) data time 0.16 (s), 0.30 x realtime (data time/compute time)
16 compute time 0.50 (s) data time 0.16 (s), 0.32 x realtime (data time/compute time)
17 compute time 0.45 (s) data time 0.16 (s), 0.36 x realtime (data time/compute time)
18 compute time 0.62 (s) data time 0.16 (s), 0.26 x realtime (data time/compute time)
19 compute time 0.52 (s) data time 0.16 (s), 0.31 x realtime (data time/compute time)
20 compute time 0.47 (s) data time 0.16 (s), 0.34 x realtime (data time/compute time)
21 compute time 0.40 (s) data time 0.16 (s), 0.40 x realtime (data time/compute time)
22 compute time 0.36 (s) data time 0.16 (s), 0.45 x realtime (data time/compute time)
23 compute time 0.56 (s) data time 0.16 (s), 0.29 x realtime (data time/compute time)
24 compute time 0.43 (s) data time 0.16 (s), 0.38 x realtime (data time/compute time)
25 compute time 0.30 (s) data time 0.16 (s), 0.54 x realtime (data time/compute time)
26 compute time 0.46 (s) data time 0.16 (s), 0.35 x realtime (data time/compute time)
27 compute time 0.37 (s) data time 0.16 (s), 0.44 x realtime (data time/compute time)
28 compute time 0.44 (s) data time 0.16 (s), 0.36 x realtime (data time/compute time)
29 compute time 0.39 (s) data time 0.16 (s), 0.41 x realtime (data time/compute time)
30 compute time 0.65 (s) data time 0.16 (s), 0.25 x realtime (data time/compute time)
31 compute time 0.47 (s) data time 0.16 (s), 0.34 x realtime (data time/compute time)
32 compute time 0.38 (s) data time 0.16 (s), 0.42 x realtime (data time/compute time)
33 compute time 0.47 (s) data time 0.16 (s), 0.34 x realtime (data time/compute time)
34 compute time 0.42 (s) data time 0.16 (s), 0.38 x realtime (data time/compute time)
35 compute time 0.49 (s) data time 0.16 (s), 0.33 x realtime (data time/compute time)
36 compute time 0.47 (s) data time 0.16 (s), 0.34 x realtime (data time/compute time)
37 compute time 0.40 (s) data time 0.16 (s), 0.40 x realtime (data time/compute time)
38 compute time 0.36 (s) data time 0.16 (s), 0.45 x realtime (data time/compute time)
39 compute time 0.43 (s) data time 0.16 (s), 0.37 x realtime (data time/compute time)
40 compute time 0.48 (s) data time 0.16 (s), 0.34 x realtime (data time/compute time)
41 compute time 0.43 (s) data time 0.16 (s), 0.37 x realtime (data time/compute time)
42 compute time 0.61 (s) data time 0.16 (s), 0.26 x realtime (data time/compute time)
43 compute time 0.31 (s) data time 0.16 (s), 0.51 x realtime (data time/compute time)
44 compute time 0.33 (s) data time 0.16 (s), 0.49 x realtime (data time/compute time)
45 compute time 0.39 (s) data time 0.16 (s), 0.41 x realtime (data time/compute time)
46 compute time 0.36 (s) data time 0.16 (s), 0.44 x realtime (data time/compute time)
47 compute time 0.32 (s) data time 0.16 (s), 0.50 x realtime (data time/compute time)
48 compute time 0.26 (s) data time 0.16 (s), 0.61 x realtime (data time/compute time)
49 compute time 0.41 (s) data time 0.16 (s), 0.39 x realtime (data time/compute time)
50 compute time 0.45 (s) data time 0.16 (s), 0.35 x realtime (data time/compute time)
51 compute time 0.41 (s) data time 0.16 (s), 0.39 x realtime (data time/compute time)
52 compute time 0.46 (s) data time 0.16 (s), 0.34 x realtime (data time/compute time)
53 compute time 0.44 (s) data time 0.16 (s), 0.37 x realtime (data time/compute time)
54 compute time 0.42 (s) data time 0.16 (s), 0.38 x realtime (data time/compute time)
55 compute time 0.52 (s) data time 0.16 (s), 0.31 x realtime (data time/compute time)
56 compute time 0.45 (s) data time 0.16 (s), 0.35 x realtime (data time/compute time)
57 compute time 0.43 (s) data time 0.16 (s), 0.38 x realtime (data time/compute time)
58 compute time 0.46 (s) data time 0.16 (s), 0.35 x realtime (data time/compute time)
59 compute time 0.45 (s) data time 0.16 (s), 0.36 x realtime (data time/compute time)
60 compute time 0.50 (s) data time 0.16 (s), 0.32 x realtime (data time/compute time)
61 compute time 0.62 (s) data time 0.16 (s), 0.26 x realtime (data time/compute time)
62 compute time 0.79 (s) data time 0.16 (s), 0.20 x realtime (data time/compute time)
63 compute time 0.44 (s) data time 0.16 (s), 0.36 x realtime (data time/compute time)
64 compute time 0.37 (s) data time 0.16 (s), 0.44 x realtime (data time/compute time)
65 compute time 0.68 (s) data time 0.16 (s), 0.24 x realtime (data time/compute time)
66 compute time 0.57 (s) data time 0.16 (s), 0.28 x realtime (data time/compute time)
67 compute time 0.46 (s) data time 0.16 (s), 0.35 x realtime (data time/compute time)
68 compute time 0.51 (s) data time 0.16 (s), 0.31 x realtime (data time/compute time)
69 compute time 0.43 (s) data time 0.16 (s), 0.37 x realtime (data time/compute time)
70 compute time 0.44 (s) data time 0.16 (s), 0.36 x realtime (data time/compute time)
71 compute time 0.52 (s) data time 0.16 (s), 0.31 x realtime (data time/compute time)
72 compute time 0.60 (s) data time 0.16 (s), 0.26 x realtime (data time/compute time)
73 compute time 0.52 (s) data time 0.16 (s), 0.31 x realtime (data time/compute time)
74 compute time 0.38 (s) data time 0.16 (s), 0.42 x realtime (data time/compute time)
75 compute time 0.43 (s) data time 0.16 (s), 0.37 x realtime (data time/compute time)
76 compute time 0.49 (s) data time 0.16 (s), 0.33 x realtime (data time/compute time)
77 compute time 0.68 (s) data time 0.16 (s), 0.24 x realtime (data time/compute time)
78 compute time 0.37 (s) data time 0.16 (s), 0.43 x realtime (data time/compute time)
79 compute time 0.33 (s) data time 0.16 (s), 0.48 x realtime (data time/compute time)
80 compute time 0.40 (s) data time 0.16 (s), 0.40 x realtime (data time/compute time)
81 compute time 0.54 (s) data time 0.16 (s), 0.29 x realtime (data time/compute time)
82 compute time 0.67 (s) data time 0.16 (s), 0.24 x realtime (data time/compute time)
83 compute time 0.43 (s) data time 0.16 (s), 0.37 x realtime (data time/compute time)
84 compute time 0.40 (s) data time 0.16 (s), 0.40 x realtime (data time/compute time)
85 compute time 0.55 (s) data time 0.16 (s), 0.29 x realtime (data time/compute time)
86 compute time 0.41 (s) data time 0.16 (s), 0.39 x realtime (data time/compute time)
87 compute time 0.47 (s) data time 0.16 (s), 0.34 x realtime (data time/compute time)
88 compute time 0.43 (s) data time 0.16 (s), 0.38 x realtime (data time/compute time)
89 compute time 0.40 (s) data time 0.16 (s), 0.40 x realtime (data time/compute time)
90 compute time 0.41 (s) data time 0.16 (s), 0.39 x realtime (data time/compute time)
91 compute time 0.40 (s) data time 0.16 (s), 0.40 x realtime (data time/compute time)
92 compute time 0.33 (s) data time 0.16 (s), 0.49 x realtime (data time/compute time)
93 compute time 0.39 (s) data time 0.16 (s), 0.41 x realtime (data time/compute time)
94 compute time 0.40 (s) data time 0.16 (s), 0.40 x realtime (data time/compute time)
95 compute time 0.49 (s) data time 0.16 (s), 0.32 x realtime (data time/compute time)
96 compute time 0.39 (s) data time 0.16 (s), 0.42 x realtime (data time/compute time)
97 compute time 0.42 (s) data time 0.16 (s), 0.38 x realtime (data time/compute time)
98 compute time 0.42 (s) data time 0.16 (s), 0.38 x realtime (data time/compute time)
99 compute time 0.38 (s) data time 0.16 (s), 0.42 x realtime (data time/compute time)
100 compute time 0.36 (s) data time 0.16 (s), 0.45 x realtime (data time/compute time)
101 compute time 0.34 (s) data time 0.16 (s), 0.47 x realtime (data time/compute time)
102 compute time 0.46 (s) data time 0.16 (s), 0.35 x realtime (data time/compute time)
103 compute time 0.42 (s) data time 0.16 (s), 0.38 x realtime (data time/compute time)
104 compute time 0.35 (s) data time 0.16 (s), 0.45 x realtime (data time/compute time)
105 compute time 0.46 (s) data time 0.16 (s), 0.35 x realtime (data time/compute time)
106 compute time 0.39 (s) data time 0.16 (s), 0.41 x realtime (data time/compute time)
107 compute time 0.44 (s) data time 0.16 (s), 0.37 x realtime (data time/compute time)
108 compute time 0.44 (s) data time 0.16 (s), 0.36 x realtime (data time/compute time)
109 compute time 0.47 (s) data time 0.16 (s), 0.34 x realtime (data time/compute time)
110 compute time 0.46 (s) data time 0.16 (s), 0.35 x realtime (data time/compute time)
111 compute time 0.41 (s) data time 0.16 (s), 0.39 x realtime (data time/compute time)
112 compute time 0.34 (s) data time 0.16 (s), 0.46 x realtime (data time/compute time)
113 compute time 0.36 (s) data time 0.16 (s), 0.44 x realtime (data time/compute time)
114 compute time 0.47 (s) data time 0.16 (s), 0.34 x realtime (data time/compute time)
115 compute time 0.37 (s) data time 0.16 (s), 0.43 x realtime (data time/compute time)
116 compute time 0.39 (s) data time 0.16 (s), 0.41 x realtime (data time/compute time)
117 compute time 0.39 (s) data time 0.16 (s), 0.41 x realtime (data time/compute time)
118 compute time 0.37 (s) data time 0.16 (s), 0.43 x realtime (data time/compute time)
119 compute time 0.36 (s) data time 0.16 (s), 0.45 x realtime (data time/compute time)
120 compute time 0.42 (s) data time 0.16 (s), 0.38 x realtime (data time/compute time)
121 compute time 0.44 (s) data time 0.16 (s), 0.37 x realtime (data time/compute time)
122 compute time 0.46 (s) data time 0.16 (s), 0.35 x realtime (data time/compute time)
123 compute time 0.47 (s) data time 0.16 (s), 0.34 x realtime (data time/compute time)
124 compute time 0.46 (s) data time 0.16 (s), 0.35 x realtime (data time/compute time)
125 compute time 0.49 (s) data time 0.16 (s), 0.32 x realtime (data time/compute time)
126 compute time 0.45 (s) data time 0.16 (s), 0.35 x realtime (data time/compute time)
127 compute time 0.48 (s) data time 0.16 (s), 0.33 x realtime (data time/compute time)
128 compute time 0.59 (s) data time 0.16 (s), 0.27 x realtime (data time/compute time)
129 compute time 0.44 (s) data time 0.16 (s), 0.36 x realtime (data time/compute time)
130 compute time 0.38 (s) data time 0.16 (s), 0.42 x realtime (data time/compute time)
131 compute time 0.39 (s) data time 0.16 (s), 0.42 x realtime (data time/compute time)
132 compute time 0.32 (s) data time 0.16 (s), 0.50 x realtime (data time/compute time)
133 compute time 0.36 (s) data time 0.16 (s), 0.44 x realtime (data time/compute time)
134 compute time 0.43 (s) data time 0.16 (s), 0.37 x realtime (data time/compute time)
135 compute time 0.40 (s) data time 0.16 (s), 0.40 x realtime (data time/compute time)
136 compute time 0.36 (s) data time 0.16 (s), 0.45 x realtime (data time/compute time)
137 compute time 0.35 (s) data time 0.16 (s), 0.46 x realtime (data time/compute time)
138 compute time 0.31 (s) data time 0.16 (s), 0.52 x realtime (data time/compute time)
139 compute time 0.42 (s) data time 0.16 (s), 0.38 x realtime (data time/compute time)
140 compute time 0.44 (s) data time 0.16 (s), 0.37 x realtime (data time/compute time)
141 compute time 0.71 (s) data time 0.16 (s), 0.22 x realtime (data time/compute time)
142 compute time 0.49 (s) data time 0.16 (s), 0.32 x realtime (data time/compute time)
143 compute time 0.44 (s) data time 0.16 (s), 0.37 x realtime (data time/compute time)
144 compute time 0.50 (s) data time 0.16 (s), 0.32 x realtime (data time/compute time)
145 compute time 0.48 (s) data time 0.16 (s), 0.34 x realtime (data time/compute time)
146 compute time 0.46 (s) data time 0.16 (s), 0.35 x realtime (data time/compute time)
147 compute time 0.39 (s) data time 0.16 (s), 0.42 x realtime (data time/compute time)
148 compute time 0.37 (s) data time 0.16 (s), 0.43 x realtime (data time/compute time)
149 compute time 0.31 (s) data time 0.16 (s), 0.52 x realtime (data time/compute time)
150 compute time 0.40 (s) data time 0.16 (s), 0.40 x realtime (data time/compute time)
151 compute time 0.43 (s) data time 0.16 (s), 0.37 x realtime (data time/compute time)
152 compute time 0.39 (s) data time 0.16 (s), 0.41 x realtime (data time/compute time)
153 compute time 0.43 (s) data time 0.16 (s), 0.38 x realtime (data time/compute time)
154 compute time 0.32 (s) data time 0.16 (s), 0.50 x realtime (data time/compute time)
155 compute time 0.32 (s) data time 0.16 (s), 0.50 x realtime (data time/compute time)
156 compute time 0.33 (s) data time 0.16 (s), 0.49 x realtime (data time/compute time)
157 compute time 0.44 (s) data time 0.16 (s), 0.37 x realtime (data time/compute time)
158 compute time 0.45 (s) data time 0.16 (s), 0.36 x realtime (data time/compute time)
159 compute time 0.47 (s) data time 0.16 (s), 0.34 x realtime (data time/compute time)
160 compute time 0.31 (s) data time 0.16 (s), 0.52 x realtime (data time/compute time)
161 compute time 0.28 (s) data time 0.16 (s), 0.57 x realtime (data time/compute time)
162 compute time 0.31 (s) data time 0.16 (s), 0.52 x realtime (data time/compute time)
163 compute time 0.52 (s) data time 0.16 (s), 0.31 x realtime (data time/compute time)
164 compute time 0.50 (s) data time 0.16 (s), 0.32 x realtime (data time/compute time)
165 compute time 0.55 (s) data time 0.16 (s), 0.29 x realtime (data time/compute time)
166 compute time 0.53 (s) data time 0.16 (s), 0.30 x realtime (data time/compute time)
167 compute time 0.44 (s) data time 0.16 (s), 0.37 x realtime (data time/compute time)
168 compute time 0.35 (s) data time 0.16 (s), 0.45 x realtime (data time/compute time)
169 compute time 0.60 (s) data time 0.16 (s), 0.27 x realtime (data time/compute time)
170 compute time 0.38 (s) data time 0.16 (s), 0.42 x realtime (data time/compute time)
171 compute time 0.32 (s) data time 0.16 (s), 0.49 x realtime (data time/compute time)
172 compute time 0.32 (s) data time 0.16 (s), 0.50 x realtime (data time/compute time)
173 compute time 0.27 (s) data time 0.16 (s), 0.59 x realtime (data time/compute time)
174 compute time 0.35 (s) data time 0.16 (s), 0.46 x realtime (data time/compute time)
175 compute time 0.36 (s) data time 0.16 (s), 0.44 x realtime (data time/compute time)
176 compute time 0.44 (s) data time 0.16 (s), 0.37 x realtime (data time/compute time)
177 compute time 0.31 (s) data time 0.16 (s), 0.51 x realtime (data time/compute time)
178 compute time 0.39 (s) data time 0.16 (s), 0.41 x realtime (data time/compute time)
179 compute time 0.48 (s) data time 0.16 (s), 0.33 x realtime (data time/compute time)
180 compute time 0.31 (s) data time 0.16 (s), 0.51 x realtime (data time/compute time)
181 compute time 0.34 (s) data time 0.16 (s), 0.47 x realtime (data time/compute time)
182 compute time 0.38 (s) data time 0.16 (s), 0.42 x realtime (data time/compute time)
183 compute time 0.48 (s) data time 0.16 (s), 0.33 x realtime (data time/compute time)
184 compute time 0.46 (s) data time 0.16 (s), 0.35 x realtime (data time/compute time)
185 compute time 0.56 (s) data time 0.16 (s), 0.29 x realtime (data time/compute time)
186 compute time 0.42 (s) data time 0.16 (s), 0.38 x realtime (data time/compute time)
187 compute time 0.32 (s) data time 0.16 (s), 0.49 x realtime (data time/compute time)
188 compute time 0.44 (s) data time 0.16 (s), 0.36 x realtime (data time/compute time)
189 compute time 0.39 (s) data time 0.16 (s), 0.41 x realtime (data time/compute time)
190 compute time 0.46 (s) data time 0.16 (s), 0.35 x realtime (data time/compute time)
191 compute time 0.46 (s) data time 0.16 (s), 0.35 x realtime (data time/compute time)
192 compute time 0.42 (s) data time 0.16 (s), 0.38 x realtime (data time/compute time)
193 compute time 0.42 (s) data time 0.16 (s), 0.38 x realtime (data time/compute time)
194 compute time 0.36 (s) data time 0.16 (s), 0.44 x realtime (data time/compute time)
195 compute time 0.36 (s) data time 0.16 (s), 0.44 x realtime (data time/compute time)
196 compute time 0.37 (s) data time 0.16 (s), 0.44 x realtime (data time/compute time)
197 compute time 0.50 (s) data time 0.16 (s), 0.32 x realtime (data time/compute time)
198 compute time 0.45 (s) data time 0.16 (s), 0.35 x realtime (data time/compute time)
199 compute time 0.47 (s) data time 0.16 (s), 0.34 x realtime (data time/compute time)
200 compute time 0.51 (s) data time 0.16 (s), 0.32 x realtime (data time/compute time)
201 compute time 0.42 (s) data time 0.16 (s), 0.38 x realtime (data time/compute time)
202 compute time 0.48 (s) data time 0.16 (s), 0.33 x realtime (data time/compute time)
203 compute time 0.61 (s) data time 0.16 (s), 0.26 x realtime (data time/compute time)
204 compute time 0.47 (s) data time 0.16 (s), 0.34 x realtime (data time/compute time)
205 compute time 0.54 (s) data time 0.16 (s), 0.29 x realtime (data time/compute time)
206 compute time 0.43 (s) data time 0.16 (s), 0.37 x realtime (data time/compute time)
207 compute time 0.44 (s) data time 0.16 (s), 0.36 x realtime (data time/compute time)
208 compute time 0.38 (s) data time 0.16 (s), 0.42 x realtime (data time/compute time)
209 compute time 0.78 (s) data time 0.16 (s), 0.20 x realtime (data time/compute time)
210 compute time 0.49 (s) data time 0.16 (s), 0.33 x realtime (data time/compute time)
211 compute time 0.47 (s) data time 0.16 (s), 0.34 x realtime (data time/compute time)
212 compute time 0.43 (s) data time 0.16 (s), 0.37 x realtime (data time/compute time)
213 compute time 0.43 (s) data time 0.16 (s), 0.37 x realtime (data time/compute time)
214 compute time 0.36 (s) data time 0.16 (s), 0.45 x realtime (data time/compute time)
215 compute time 0.36 (s) data time 0.16 (s), 0.45 x realtime (data time/compute time)
216 compute time 0.42 (s) data time 0.16 (s), 0.38 x realtime (data time/compute time)
217 compute time 0.47 (s) data time 0.16 (s), 0.34 x realtime (data time/compute time)
218 compute time 0.32 (s) data time 0.16 (s), 0.50 x realtime (data time/compute time)
219 compute time 0.34 (s) data time 0.16 (s), 0.48 x realtime (data time/compute time)
220 compute time 0.31 (s) data time 0.16 (s), 0.52 x realtime (data time/compute time)
221 compute time 0.34 (s) data time 0.16 (s), 0.47 x realtime (data time/compute time)
222 compute time 0.42 (s) data time 0.16 (s), 0.38 x realtime (data time/compute time)
223 compute time 0.39 (s) data time 0.16 (s), 0.41 x realtime (data time/compute time)
224 compute time 0.37 (s) data time 0.16 (s), 0.44 x realtime (data time/compute time)
225 compute time 0.32 (s) data time 0.16 (s), 0.50 x realtime (data time/compute time)
226 compute time 0.37 (s) data time 0.16 (s), 0.43 x realtime (data time/compute time)
227 compute time 0.43 (s) data time 0.16 (s), 0.37 x realtime (data time/compute time)
228 compute time 0.41 (s) data time 0.16 (s), 0.39 x realtime (data time/compute time)
229 compute time 0.47 (s) data time 0.16 (s), 0.34 x realtime (data time/compute time)
230 compute time 0.45 (s) data time 0.16 (s), 0.36 x realtime (data time/compute time)
231 compute time 0.44 (s) data time 0.16 (s), 0.36 x realtime (data time/compute time)
232 compute time 0.37 (s) data time 0.16 (s), 0.43 x realtime (data time/compute time)
233 compute time 0.28 (s) data time 0.16 (s), 0.57 x realtime (data time/compute time)
234 compute time 0.35 (s) data time 0.16 (s), 0.46 x realtime (data time/compute time)
235 compute time 0.39 (s) data time 0.16 (s), 0.41 x realtime (data time/compute time)
236 compute time 0.59 (s) data time 0.16 (s), 0.27 x realtime (data time/compute time)
237 compute time 0.64 (s) data time 0.16 (s), 0.25 x realtime (data time/compute time)
238 compute time 0.57 (s) data time 0.16 (s), 0.28 x realtime (data time/compute time)
239 compute time 0.56 (s) data time 0.16 (s), 0.29 x realtime (data time/compute time)
240 compute time 0.75 (s) data time 0.16 (s), 0.21 x realtime (data time/compute time)
241 compute time 0.73 (s) data time 0.16 (s), 0.22 x realtime (data time/compute time)
242 compute time 0.56 (s) data time 0.16 (s), 0.28 x realtime (data time/compute time)
243 compute time 0.53 (s) data time 0.16 (s), 0.30 x realtime (data time/compute time)
244 compute time 0.50 (s) data time 0.16 (s), 0.32 x realtime (data time/compute time)
245 compute time 0.44 (s) data time 0.16 (s), 0.36 x realtime (data time/compute time)
246 compute time 0.55 (s) data time 0.16 (s), 0.29 x realtime (data time/compute time)
247 compute time 0.43 (s) data time 0.16 (s), 0.38 x realtime (data time/compute time)
248 compute time 0.80 (s) data time 0.16 (s), 0.20 x realtime (data time/compute time)
249 compute time 0.59 (s) data time 0.16 (s), 0.27 x realtime (data time/compute time)
250 compute time 0.51 (s) data time 0.16 (s), 0.31 x realtime (data time/compute time)
251 compute time 0.36 (s) data time 0.16 (s), 0.45 x realtime (data time/compute time)
252 compute time 0.36 (s) data time 0.16 (s), 0.44 x realtime (data time/compute time)
253 compute time 0.36 (s) data time 0.16 (s), 0.44 x realtime (data time/compute time)
254 compute time 0.49 (s) data time 0.16 (s), 0.32 x realtime (data time/compute time)
255 compute time 0.57 (s) data time 0.16 (s), 0.28 x realtime (data time/compute time)
256 compute time 0.41 (s) data time 0.16 (s), 0.39 x realtime (data time/compute time)
257 compute time 0.45 (s) data time 0.16 (s), 0.35 x realtime (data time/compute time)
258 compute time 0.48 (s) data time 0.16 (s), 0.33 x realtime (data time/compute time)
saved /home/ionouser/ionozond_data2//2026-08-12/digisonde_ionogram-Juliusruh-DOB-1786549696.00.h5.png
saving /home/ionouser/ionozond_data2//2026-08-12/digisonde_ionogram-Juliusruh-DOB-1786549696.00.h5
{'ringbuffer_dir': '/dev/shm/hf25', 'output_dir': '/home/ionouser/ionozond_data2/', 'channel': 'ch0', 'receiver': 'DOB', 'sr': 25000000, 'cf': 12500000.0, 'transmitter': 'Juliusruh', 'snr_threshold': 2, 'sounding_interval': 300, 'start_offset': 196, 'sum_ox': True, 'filter_strategy': 'fir', 'use_c_downconvert': True, 'sounding_hrs': [5.5, 18], 'dec': 250, 'freq0': 1010000, 'freq1': 14000000, 'dfreq': 50000, 'ipp': 10000, 'n_ipp': 16, 'offset_us': 2000, 'wait_for_data': True, 'copy_to_server': True}
waiting for more data (182.01 seconds)
waiting for more data (181.01 seconds)
waiting for more data (180.01 seconds)
waiting for more data (179.01 seconds)
waiting for more data (178.01 seconds)
waiting for more data (177.01 seconds)
waiting for more data (176.01 seconds)
waiting for more data (175.01 seconds)
waiting for more data (174.01 seconds)
waiting for more data (172.01 seconds)
waiting for more data (171.01 seconds)
waiting for more data (170.01 seconds)
waiting for more data (169.01 seconds)
waiting for more data (168.01 seconds)
waiting for more data (167.01 seconds)
waiting for more data (166.01 seconds)
waiting for more data (165.01 seconds)
waiting for more data (164.01 seconds)
waiting for more data (163.01 seconds)
waiting for more data (161.01 seconds)
waiting for more data (160.01 seconds)
waiting for more data (159.01 seconds)
waiting for more data (158.01 seconds)
waiting for more data (157.01 seconds)
waiting for more data (156.01 seconds)
waiting for more data (155.01 seconds)
waiting for more data (154.01 seconds)
waiting for more data (153.01 seconds)
waiting for more data (151.01 seconds)
waiting for more data (150.01 seconds)
waiting for more data (149.01 seconds)
waiting for more data (148.01 seconds)
waiting for more data (147.01 seconds)
waiting for more data (146.01 seconds)
waiting for more data (145.01 seconds)
waiting for more data (144.01 seconds)
waiting for more data (143.01 seconds)
waiting for more data (143.01 seconds)
waiting for more data (142.01 seconds)
waiting for more data (141.01 seconds)
waiting for more data (140.01 seconds)
waiting for more data (139.01 seconds)
waiting for more data (138.01 seconds)
waiting for more data (137.01 seconds)
waiting for more data (136.01 seconds)
waiting for more data (135.01 seconds)
waiting for more data (135.01 seconds)
waiting for more data (133.01 seconds)
waiting for more data (132.01 seconds)
waiting for more data (131.01 seconds)
waiting for more data (130.01 seconds)
waiting for more data (129.01 seconds)
waiting for more data (128.01 seconds)
waiting for more data (127.01 seconds)
waiting for more data (126.01 seconds)
waiting for more data (125.01 seconds)
waiting for more data (124.01 seconds)
waiting for more data (124.01 seconds)
waiting for more data (123.01 seconds)
waiting for more data (122.01 seconds)
waiting for more data (121.01 seconds)
waiting for more data (120.01 seconds)
waiting for more data (119.01 seconds)
waiting for more data (118.01 seconds)
waiting for more data (117.01 seconds)
waiting for more data (117.01 seconds)
waiting for more data (116.01 seconds)
waiting for more data (115.01 seconds)
waiting for more data (113.01 seconds)
waiting for more data (112.01 seconds)
waiting for more data (111.01 seconds)
waiting for more data (110.01 seconds)
waiting for more data (109.01 seconds)
waiting for more data (108.01 seconds)
waiting for more data (106.01 seconds)
waiting for more data (105.01 seconds)
waiting for more data (104.01 seconds)
waiting for more data (103.01 seconds)
waiting for more data (102.01 seconds)
waiting for more data (101.01 seconds)
waiting for more data (101.01 seconds)
waiting for more data (100.01 seconds)
waiting for more data (99.01 seconds)
waiting for more data (99.01 seconds)
waiting for more data (98.01 seconds)
waiting for more data (97.01 seconds)
waiting for more data (96.01 seconds)
waiting for more data (95.01 seconds)
waiting for more data (94.01 seconds)
waiting for more data (93.01 seconds)
waiting for more data (91.01 seconds)
waiting for more data (90.01 seconds)
waiting for more data (89.01 seconds)
waiting for more data (88.01 seconds)
waiting for more data (88.01 seconds)
waiting for more data (86.01 seconds)
waiting for more data (85.01 seconds)
waiting for more data (84.01 seconds)
waiting for more data (83.01 seconds)
waiting for more data (82.01 seconds)
waiting for more data (81.01 seconds)
waiting for more data (80.01 seconds)
waiting for more data (79.01 seconds)
waiting for more data (78.01 seconds)
waiting for more data (77.01 seconds)
waiting for more data (76.01 seconds)
waiting for more data (75.01 seconds)
waiting for more data (74.01 seconds)
waiting for more data (73.01 seconds)
waiting for more data (71.01 seconds)
waiting for more data (70.01 seconds)
waiting for more data (69.01 seconds)
waiting for more data (68.01 seconds)
waiting for more data (67.01 seconds)
waiting for more data (66.01 seconds)
waiting for more data (65.01 seconds)
waiting for more data (65.01 seconds)
waiting for more data (64.01 seconds)
waiting for more data (63.01 seconds)
waiting for more data (62.01 seconds)
waiting for more data (61.01 seconds)
waiting for more data (60.01 seconds)
waiting for more data (59.01 seconds)
waiting for more data (58.01 seconds)
waiting for more data (57.01 seconds)
waiting for more data (56.01 seconds)
waiting for more data (55.01 seconds)
waiting for more data (54.01 seconds)
waiting for more data (53.01 seconds)
waiting for more data (52.01 seconds)
waiting for more data (51.01 seconds)
waiting for more data (50.01 seconds)
waiting for more data (48.01 seconds)
waiting for more data (47.01 seconds)
waiting for more data (46.01 seconds)
waiting for more data (45.01 seconds)
waiting for more data (44.01 seconds)
waiting for more data (43.01 seconds)
waiting for more data (43.01 seconds)
waiting for more data (42.01 seconds)
waiting for more data (40.01 seconds)
waiting for more data (40.01 seconds)
waiting for more data (39.01 seconds)
waiting for more data (38.01 seconds)
waiting for more data (37.01 seconds)
waiting for more data (36.01 seconds)
waiting for more data (35.01 seconds)
waiting for more data (34.01 seconds)
waiting for more data (33.01 seconds)
waiting for more data (32.01 seconds)
waiting for more data (31.01 seconds)
waiting for more data (31.01 seconds)
waiting for more data (30.01 seconds)
waiting for more data (29.01 seconds)
waiting for more data (28.01 seconds)
waiting for more data (27.01 seconds)
waiting for more data (26.01 seconds)
waiting for more data (25.01 seconds)
waiting for more data (24.01 seconds)
waiting for more data (23.01 seconds)
waiting for more data (22.01 seconds)
waiting for more data (21.01 seconds)
waiting for more data (20.01 seconds)
waiting for more data (19.01 seconds)
waiting for more data (18.01 seconds)
waiting for more data (17.01 seconds)
waiting for more data (16.01 seconds)
waiting for more data (14.01 seconds)
waiting for more data (14.01 seconds)
waiting for more data (13.01 seconds)
waiting for more data (12.01 seconds)
waiting for more data (10.01 seconds)
waiting for more data (9.01 seconds)
waiting for more data (8.01 seconds)
waiting for more data (7.01 seconds)
waiting for more data (6.01 seconds)
waiting for more data (5.01 seconds)
waiting for more data (4.01 seconds)
waiting for more data (3.01 seconds)
waiting for more data (2.01 seconds)
waiting for more data (1.01 seconds)
waiting for more data (0.01 seconds)
0 compute time 184.52 (s) data time 0.16 (s), 0.00 x realtime (data time/compute time)
1 compute time 0.50 (s) data time 0.16 (s), 0.32 x realtime (data time/compute time)
2 compute time 0.59 (s) data time 0.16 (s), 0.27 x realtime (data time/compute time)
3 compute time 0.55 (s) data time 0.16 (s), 0.29 x realtime (data time/compute time)
4 compute time 0.55 (s) data time 0.16 (s), 0.29 x realtime (data time/compute time)
5 compute time 0.45 (s) data time 0.16 (s), 0.36 x realtime (data time/compute time)
6 compute time 0.43 (s) data time 0.16 (s), 0.37 x realtime (data time/compute time)
7 compute time 0.34 (s) data time 0.16 (s), 0.47 x realtime (data time/compute time)
8 compute time 0.34 (s) data time 0.16 (s), 0.46 x realtime (data time/compute time)
9 compute time 0.54 (s) data time 0.16 (s), 0.30 x realtime (data time/compute time)
10 compute time 0.46 (s) data time 0.16 (s), 0.35 x realtime (data time/compute time)
11 compute time 0.35 (s) data time 0.16 (s), 0.46 x realtime (data time/compute time)
12 compute time 0.43 (s) data time 0.16 (s), 0.37 x realtime (data time/compute time)
13 compute time 0.31 (s) data time 0.16 (s), 0.52 x realtime (data time/compute time)
14 compute time 0.32 (s) data time 0.16 (s), 0.51 x realtime (data time/compute time)
15 compute time 0.31 (s) data time 0.16 (s), 0.51 x realtime (data time/compute time)
16 compute time 0.32 (s) data time 0.16 (s), 0.50 x realtime (data time/compute time)
17 compute time 0.46 (s) data time 0.16 (s), 0.35 x realtime (data time/compute time)
18 compute time 0.47 (s) data time 0.16 (s), 0.34 x realtime (data time/compute time)
19 compute time 0.42 (s) data time 0.16 (s), 0.38 x realtime (data time/compute time)
20 compute time 0.36 (s) data time 0.16 (s), 0.44 x realtime (data time/compute time)
21 compute time 0.44 (s) data time 0.16 (s), 0.36 x realtime (data time/compute time)
22 compute time 0.62 (s) data time 0.16 (s), 0.26 x realtime (data time/compute time)
23 compute time 0.60 (s) data time 0.16 (s), 0.27 x realtime (data time/compute time)
24 compute time 0.55 (s) data time 0.16 (s), 0.29 x realtime (data time/compute time)
25 compute time 0.43 (s) data time 0.16 (s), 0.37 x realtime (data time/compute time)
26 compute time 0.37 (s) data time 0.16 (s), 0.44 x realtime (data time/compute time)
27 compute time 0.49 (s) data time 0.16 (s), 0.33 x realtime (data time/compute time)
28 compute time 0.47 (s) data time 0.16 (s), 0.34 x realtime (data time/compute time)
29 compute time 1.05 (s) data time 0.16 (s), 0.15 x realtime (data time/compute time)
30 compute time 0.49 (s) data time 0.16 (s), 0.33 x realtime (data time/compute time)
31 compute time 0.28 (s) data time 0.16 (s), 0.57 x realtime (data time/compute time)
32 compute time 0.45 (s) data time 0.16 (s), 0.36 x realtime (data time/compute time)
33 compute time 0.40 (s) data time 0.16 (s), 0.40 x realtime (data time/compute time)
34 compute time 0.44 (s) data time 0.16 (s), 0.37 x realtime (data time/compute time)
35 compute time 0.61 (s) data time 0.16 (s), 0.26 x realtime (data time/compute time)
36 compute time 0.53 (s) data time 0.16 (s), 0.30 x realtime (data time/compute time)
37 compute time 0.49 (s) data time 0.16 (s), 0.33 x realtime (data time/compute time)
38 compute time 0.47 (s) data time 0.16 (s), 0.34 x realtime (data time/compute time)
39 compute time 0.49 (s) data time 0.16 (s), 0.33 x realtime (data time/compute time)
40 compute time 0.54 (s) data time 0.16 (s), 0.30 x realtime (data time/compute time)
41 compute time 0.46 (s) data time 0.16 (s), 0.35 x realtime (data time/compute time)
42 compute time 0.39 (s) data time 0.16 (s), 0.41 x realtime (data time/compute time)
43 compute time 0.47 (s) data time 0.16 (s), 0.34 x realtime (data time/compute time)
44 compute time 0.37 (s) data time 0.16 (s), 0.43 x realtime (data time/compute time)
45 compute time 0.36 (s) data time 0.16 (s), 0.45 x realtime (data time/compute time)
46 compute time 0.37 (s) data time 0.16 (s), 0.43 x realtime (data time/compute time)
47 compute time 0.44 (s) data time 0.16 (s), 0.36 x realtime (data time/compute time)
48 compute time 0.54 (s) data time 0.16 (s), 0.30 x realtime (data time/compute time)
49 compute time 0.45 (s) data time 0.16 (s), 0.36 x realtime (data time/compute time)
50 compute time 0.51 (s) data time 0.16 (s), 0.31 x realtime (data time/compute time)
51 compute time 0.76 (s) data time 0.16 (s), 0.21 x realtime (data time/compute time)
52 compute time 0.55 (s) data time 0.16 (s), 0.29 x realtime (data time/compute time)
53 compute time 0.37 (s) data time 0.16 (s), 0.44 x realtime (data time/compute time)
54 compute time 0.32 (s) data time 0.16 (s), 0.49 x realtime (data time/compute time)
55 compute time 0.51 (s) data time 0.16 (s), 0.32 x realtime (data time/compute time)
56 compute time 0.49 (s) data time 0.16 (s), 0.33 x realtime (data time/compute time)
57 compute time 0.69 (s) data time 0.16 (s), 0.23 x realtime (data time/compute time)
58 compute time 0.46 (s) data time 0.16 (s), 0.35 x realtime (data time/compute time)
59 compute time 0.45 (s) data time 0.16 (s), 0.36 x realtime (data time/compute time)
60 compute time 0.58 (s) data time 0.16 (s), 0.28 x realtime (data time/compute time)
61 compute time 0.35 (s) data time 0.16 (s), 0.46 x realtime (data time/compute time)
62 compute time 0.33 (s) data time 0.16 (s), 0.48 x realtime (data time/compute time)
63 compute time 0.38 (s) data time 0.16 (s), 0.42 x realtime (data time/compute time)
64 compute time 0.51 (s) data time 0.16 (s), 0.31 x realtime (data time/compute time)
65 compute time 0.46 (s) data time 0.16 (s), 0.35 x realtime (data time/compute time)
66 compute time 0.46 (s) data time 0.16 (s), 0.35 x realtime (data time/compute time)
67 compute time 0.53 (s) data time 0.16 (s), 0.30 x realtime (data time/compute time)
68 compute time 0.46 (s) data time 0.16 (s), 0.35 x realtime (data time/compute time)
69 compute time 0.42 (s) data time 0.16 (s), 0.38 x realtime (data time/compute time)
70 compute time 0.47 (s) data time 0.16 (s), 0.34 x realtime (data time/compute time)
71 compute time 0.38 (s) data time 0.16 (s), 0.42 x realtime (data time/compute time)
72 compute time 0.36 (s) data time 0.16 (s), 0.44 x realtime (data time/compute time)
73 compute time 0.68 (s) data time 0.16 (s), 0.24 x realtime (data time/compute time)
74 compute time 0.54 (s) data time 0.16 (s), 0.29 x realtime (data time/compute time)
75 compute time 0.48 (s) data time 0.16 (s), 0.34 x realtime (data time/compute time)
76 compute time 0.44 (s) data time 0.16 (s), 0.36 x realtime (data time/compute time)
77 compute time 0.44 (s) data time 0.16 (s), 0.37 x realtime (data time/compute time)
78 compute time 0.59 (s) data time 0.16 (s), 0.27 x realtime (data time/compute time)
79 compute time 0.61 (s) data time 0.16 (s), 0.26 x realtime (data time/compute time)
80 compute time 0.52 (s) data time 0.16 (s), 0.31 x realtime (data time/compute time)
81 compute time 0.69 (s) data time 0.16 (s), 0.23 x realtime (data time/compute time)
82 compute time 0.40 (s) data time 0.16 (s), 0.40 x realtime (data time/compute time)
83 compute time 0.45 (s) data time 0.16 (s), 0.35 x realtime (data time/compute time)
84 compute time 0.50 (s) data time 0.16 (s), 0.32 x realtime (data time/compute time)
85 compute time 0.47 (s) data time 0.16 (s), 0.34 x realtime (data time/compute time)
86 compute time 0.39 (s) data time 0.16 (s), 0.41 x realtime (data time/compute time)
87 compute time 0.71 (s) data time 0.16 (s), 0.22 x realtime (data time/compute time)
88 compute time 0.49 (s) data time 0.16 (s), 0.33 x realtime (data time/compute time)
89 compute time 0.41 (s) data time 0.16 (s), 0.39 x realtime (data time/compute time)
90 compute time 0.39 (s) data time 0.16 (s), 0.41 x realtime (data time/compute time)
91 compute time 0.40 (s) data time 0.16 (s), 0.40 x realtime (data time/compute time)
92 compute time 0.36 (s) data time 0.16 (s), 0.45 x realtime (data time/compute time)
93 compute time 0.51 (s) data time 0.16 (s), 0.31 x realtime (data time/compute time)
94 compute time 0.41 (s) data time 0.16 (s), 0.39 x realtime (data time/compute time)
95 compute time 0.51 (s) data time 0.16 (s), 0.31 x realtime (data time/compute time)
96 compute time 0.41 (s) data time 0.16 (s), 0.39 x realtime (data time/compute time)
97 compute time 0.39 (s) data time 0.16 (s), 0.41 x realtime (data time/compute time)
98 compute time 0.52 (s) data time 0.16 (s), 0.31 x realtime (data time/compute time)
99 compute time 0.39 (s) data time 0.16 (s), 0.41 x realtime (data time/compute time)
100 compute time 0.48 (s) data time 0.16 (s), 0.34 x realtime (data time/compute time)
101 compute time 0.35 (s) data time 0.16 (s), 0.46 x realtime (data time/compute time)
102 compute time 0.50 (s) data time 0.16 (s), 0.32 x realtime (data time/compute time)
103 compute time 0.49 (s) data time 0.16 (s), 0.33 x realtime (data time/compute time)
104 compute time 0.46 (s) data time 0.16 (s), 0.35 x realtime (data time/compute time)
105 compute time 0.58 (s) data time 0.16 (s), 0.27 x realtime (data time/compute time)
106 compute time 0.50 (s) data time 0.16 (s), 0.32 x realtime (data time/compute time)
107 compute time 0.47 (s) data time 0.16 (s), 0.34 x realtime (data time/compute time)
108 compute time 0.64 (s) data time 0.16 (s), 0.25 x realtime (data time/compute time)
109 compute time 0.51 (s) data time 0.16 (s), 0.32 x realtime (data time/compute time)
110 compute time 0.58 (s) data time 0.16 (s), 0.27 x realtime (data time/compute time)
111 compute time 0.50 (s) data time 0.16 (s), 0.32 x realtime (data time/compute time)
112 compute time 0.46 (s) data time 0.16 (s), 0.34 x realtime (data time/compute time)
113 compute time 0.39 (s) data time 0.16 (s), 0.41 x realtime (data time/compute time)
114 compute time 0.38 (s) data time 0.16 (s), 0.42 x realtime (data time/compute time)
115 compute time 0.48 (s) data time 0.16 (s), 0.34 x realtime (data time/compute time)
116 compute time 0.48 (s) data time 0.16 (s), 0.33 x realtime (data time/compute time)
117 compute time 0.55 (s) data time 0.16 (s), 0.29 x realtime (data time/compute time)
118 compute time 0.52 (s) data time 0.16 (s), 0.31 x realtime (data time/compute time)
119 compute time 0.33 (s) data time 0.16 (s), 0.48 x realtime (data time/compute time)
120 compute time 0.29 (s) data time 0.16 (s), 0.55 x realtime (data time/compute time)
121 compute time 0.37 (s) data time 0.16 (s), 0.44 x realtime (data time/compute time)
122 compute time 0.67 (s) data time 0.16 (s), 0.24 x realtime (data time/compute time)
123 compute time 0.60 (s) data time 0.16 (s), 0.27 x realtime (data time/compute time)
124 compute time 0.56 (s) data time 0.16 (s), 0.29 x realtime (data time/compute time)
125 compute time 0.46 (s) data time 0.16 (s), 0.35 x realtime (data time/compute time)
126 compute time 0.56 (s) data time 0.16 (s), 0.28 x realtime (data time/compute time)
127 compute time 0.57 (s) data time 0.16 (s), 0.28 x realtime (data time/compute time)
128 compute time 0.52 (s) data time 0.16 (s), 0.31 x realtime (data time/compute time)
129 compute time 0.36 (s) data time 0.16 (s), 0.44 x realtime (data time/compute time)
130 compute time 0.40 (s) data time 0.16 (s), 0.40 x realtime (data time/compute time)
131 compute time 0.50 (s) data time 0.16 (s), 0.32 x realtime (data time/compute time)
132 compute time 0.34 (s) data time 0.16 (s), 0.47 x realtime (data time/compute time)
133 compute time 0.33 (s) data time 0.16 (s), 0.48 x realtime (data time/compute time)
134 compute time 0.40 (s) data time 0.16 (s), 0.40 x realtime (data time/compute time)
135 compute time 0.47 (s) data time 0.16 (s), 0.34 x realtime (data time/compute time)
136 compute time 0.52 (s) data time 0.16 (s), 0.31 x realtime (data time/compute time)
137 compute time 0.54 (s) data time 0.16 (s), 0.30 x realtime (data time/compute time)
138 compute time 0.52 (s) data time 0.16 (s), 0.31 x realtime (data time/compute time)
139 compute time 0.52 (s) data time 0.16 (s), 0.31 x realtime (data time/compute time)
140 compute time 0.49 (s) data time 0.16 (s), 0.33 x realtime (data time/compute time)
141 compute time 0.50 (s) data time 0.16 (s), 0.32 x realtime (data time/compute time)
142 compute time 0.41 (s) data time 0.16 (s), 0.39 x realtime (data time/compute time)
143 compute time 0.39 (s) data time 0.16 (s), 0.41 x realtime (data time/compute time)
144 compute time 0.38 (s) data time 0.16 (s), 0.42 x realtime (data time/compute time)
145 compute time 0.36 (s) data time 0.16 (s), 0.44 x realtime (data time/compute time)
146 compute time 0.49 (s) data time 0.16 (s), 0.32 x realtime (data time/compute time)
147 compute time 0.59 (s) data time 0.16 (s), 0.27 x realtime (data time/compute time)
148 compute time 0.78 (s) data time 0.16 (s), 0.21 x realtime (data time/compute time)
149 compute time 0.35 (s) data time 0.16 (s), 0.45 x realtime (data time/compute time)
150 compute time 0.72 (s) data time 0.16 (s), 0.22 x realtime (data time/compute time)
151 compute time 0.63 (s) data time 0.16 (s), 0.25 x realtime (data time/compute time)
152 compute time 0.50 (s) data time 0.16 (s), 0.32 x realtime (data time/compute time)
153 compute time 0.54 (s) data time 0.16 (s), 0.30 x realtime (data time/compute time)
154 compute time 0.55 (s) data time 0.16 (s), 0.29 x realtime (data time/compute time)
155 compute time 0.51 (s) data time 0.16 (s), 0.32 x realtime (data time/compute time)
156 compute time 0.43 (s) data time 0.16 (s), 0.37 x realtime (data time/compute time)
157 compute time 0.56 (s) data time 0.16 (s), 0.29 x realtime (data time/compute time)
158 compute time 0.46 (s) data time 0.16 (s), 0.35 x realtime (data time/compute time)
159 compute time 0.44 (s) data time 0.16 (s), 0.36 x realtime (data time/compute time)
160 compute time 0.61 (s) data time 0.16 (s), 0.26 x realtime (data time/compute time)
161 compute time 0.43 (s) data time 0.16 (s), 0.38 x realtime (data time/compute time)
162 compute time 0.38 (s) data time 0.16 (s), 0.42 x realtime (data time/compute time)
163 compute time 0.27 (s) data time 0.16 (s), 0.59 x realtime (data time/compute time)
164 compute time 0.28 (s) data time 0.16 (s), 0.57 x realtime (data time/compute time)
165 compute time 0.28 (s) data time 0.16 (s), 0.57 x realtime (data time/compute time)
166 compute time 0.36 (s) data time 0.16 (s), 0.44 x realtime (data time/compute time)
167 compute time 0.31 (s) data time 0.16 (s), 0.52 x realtime (data time/compute time)
168 compute time 0.34 (s) data time 0.16 (s), 0.48 x realtime (data time/compute time)
169 compute time 0.44 (s) data time 0.16 (s), 0.36 x realtime (data time/compute time)
170 compute time 0.35 (s) data time 0.16 (s), 0.46 x realtime (data time/compute time)
171 compute time 0.33 (s) data time 0.16 (s), 0.49 x realtime (data time/compute time)
172 compute time 0.32 (s) data time 0.16 (s), 0.50 x realtime (data time/compute time)
173 compute time 0.43 (s) data time 0.16 (s), 0.38 x realtime (data time/compute time)
174 compute time 0.41 (s) data time 0.16 (s), 0.39 x realtime (data time/compute time)
175 compute time 0.91 (s) data time 0.16 (s), 0.18 x realtime (data time/compute time)
176 compute time 0.63 (s) data time 0.16 (s), 0.25 x realtime (data time/compute time)
177 compute time 0.39 (s) data time 0.16 (s), 0.41 x realtime (data time/compute time)
178 compute time 0.40 (s) data time 0.16 (s), 0.40 x realtime (data time/compute time)
179 compute time 0.40 (s) data time 0.16 (s), 0.40 x realtime (data time/compute time)
180 compute time 0.52 (s) data time 0.16 (s), 0.31 x realtime (data time/compute time)
181 compute time 0.59 (s) data time 0.16 (s), 0.27 x realtime (data time/compute time)
182 compute time 0.98 (s) data time 0.16 (s), 0.16 x realtime (data time/compute time)
183 compute time 0.42 (s) data time 0.16 (s), 0.38 x realtime (data time/compute time)
184 compute time 0.35 (s) data time 0.16 (s), 0.45 x realtime (data time/compute time)
185 compute time 0.37 (s) data time 0.16 (s), 0.44 x realtime (data time/compute time)
186 compute time 0.46 (s) data time 0.16 (s), 0.35 x realtime (data time/compute time)
187 compute time 0.49 (s) data time 0.16 (s), 0.33 x realtime (data time/compute time)
188 compute time 0.50 (s) data time 0.16 (s), 0.32 x realtime (data time/compute time)
189 compute time 0.47 (s) data time 0.16 (s), 0.34 x realtime (data time/compute time)
190 compute time 0.49 (s) data time 0.16 (s), 0.32 x realtime (data time/compute time)
191 compute time 0.59 (s) data time 0.16 (s), 0.27 x realtime (data time/compute time)
192 compute time 0.48 (s) data time 0.16 (s), 0.34 x realtime (data time/compute time)
193 compute time 0.53 (s) data time 0.16 (s), 0.30 x realtime (data time/compute time)
194 compute time 0.44 (s) data time 0.16 (s), 0.37 x realtime (data time/compute time)
195 compute time 0.53 (s) data time 0.16 (s), 0.30 x realtime (data time/compute time)
196 compute time 0.40 (s) data time 0.16 (s), 0.40 x realtime (data time/compute time)
197 compute time 0.44 (s) data time 0.16 (s), 0.36 x realtime (data time/compute time)
198 compute time 0.40 (s) data time 0.16 (s), 0.40 x realtime (data time/compute time)
199 compute time 0.44 (s) data time 0.16 (s), 0.36 x realtime (data time/compute time)
200 compute time 0.36 (s) data time 0.16 (s), 0.44 x realtime (data time/compute time)
201 compute time 0.39 (s) data time 0.16 (s), 0.41 x realtime (data time/compute time)
202 compute time 0.44 (s) data time 0.16 (s), 0.36 x realtime (data time/compute time)
203 compute time 0.44 (s) data time 0.16 (s), 0.36 x realtime (data time/compute time)
204 compute time 0.49 (s) data time 0.16 (s), 0.33 x realtime (data time/compute time)
205 compute time 0.56 (s) data time 0.16 (s), 0.29 x realtime (data time/compute time)
206 compute time 0.49 (s) data time 0.16 (s), 0.33 x realtime (data time/compute time)
207 compute time 0.48 (s) data time 0.16 (s), 0.33 x realtime (data time/compute time)
208 compute time 0.45 (s) data time 0.16 (s), 0.35 x realtime (data time/compute time)
209 compute time 0.54 (s) data time 0.16 (s), 0.30 x realtime (data time/compute time)
210 compute time 0.53 (s) data time 0.16 (s), 0.30 x realtime (data time/compute time)
211 compute time 0.66 (s) data time 0.16 (s), 0.24 x realtime (data time/compute time)
212 compute time 0.67 (s) data time 0.16 (s), 0.24 x realtime (data time/compute time)
213 compute time 0.45 (s) data time 0.16 (s), 0.36 x realtime (data time/compute time)
214 compute time 0.39 (s) data time 0.16 (s), 0.41 x realtime (data time/compute time)
215 compute time 0.34 (s) data time 0.16 (s), 0.47 x realtime (data time/compute time)
216 compute time 0.33 (s) data time 0.16 (s), 0.49 x realtime (data time/compute time)
217 compute time 0.43 (s) data time 0.16 (s), 0.37 x realtime (data time/compute time)
218 compute time 0.70 (s) data time 0.16 (s), 0.23 x realtime (data time/compute time)
219 compute time 0.69 (s) data time 0.16 (s), 0.23 x realtime (data time/compute time)
220 compute time 0.50 (s) data time 0.16 (s), 0.32 x realtime (data time/compute time)
221 compute time 0.59 (s) data time 0.16 (s), 0.27 x realtime (data time/compute time)
222 compute time 0.53 (s) data time 0.16 (s), 0.30 x realtime (data time/compute time)
223 compute time 0.48 (s) data time 0.16 (s), 0.34 x realtime (data time/compute time)
224 compute time 0.56 (s) data time 0.16 (s), 0.29 x realtime (data time/compute time)
225 compute time 0.54 (s) data time 0.16 (s), 0.30 x realtime (data time/compute time)
226 compute time 0.61 (s) data time 0.16 (s), 0.26 x realtime (data time/compute time)
227 compute time 0.52 (s) data time 0.16 (s), 0.31 x realtime (data time/compute time)
228 compute time 0.51 (s) data time 0.16 (s), 0.31 x realtime (data time/compute time)
229 compute time 0.44 (s) data time 0.16 (s), 0.37 x realtime (data time/compute time)
230 compute time 0.42 (s) data time 0.16 (s), 0.38 x realtime (data time/compute time)
231 compute time 0.71 (s) data time 0.16 (s), 0.22 x realtime (data time/compute time)
232 compute time 0.33 (s) data time 0.16 (s), 0.48 x realtime (data time/compute time)
233 compute time 0.50 (s) data time 0.16 (s), 0.32 x realtime (data time/compute time)
234 compute time 0.67 (s) data time 0.16 (s), 0.24 x realtime (data time/compute time)
235 compute time 0.83 (s) data time 0.16 (s), 0.19 x realtime (data time/compute time)
236 compute time 0.59 (s) data time 0.16 (s), 0.27 x realtime (data time/compute time)
237 compute time 0.75 (s) data time 0.16 (s), 0.21 x realtime (data time/compute time)
238 compute time 0.71 (s) data time 0.16 (s), 0.23 x realtime (data time/compute time)
239 compute time 0.74 (s) data time 0.16 (s), 0.22 x realtime (data time/compute time)
240 compute time 0.57 (s) data time 0.16 (s), 0.28 x realtime (data time/compute time)
241 compute time 0.62 (s) data time 0.16 (s), 0.26 x realtime (data time/compute time)
242 compute time 0.37 (s) data time 0.16 (s), 0.43 x realtime (data time/compute time)
243 compute time 0.41 (s) data time 0.16 (s), 0.39 x realtime (data time/compute time)
244 compute time 0.43 (s) data time 0.16 (s), 0.37 x realtime (data time/compute time)
245 compute time 0.32 (s) data time 0.16 (s), 0.49 x realtime (data time/compute time)
246 compute time 0.39 (s) data time 0.16 (s), 0.41 x realtime (data time/compute time)
247 compute time 0.40 (s) data time 0.16 (s), 0.40 x realtime (data time/compute time)
248 compute time 0.46 (s) data time 0.16 (s), 0.35 x realtime (data time/compute time)
249 compute time 0.63 (s) data time 0.16 (s), 0.25 x realtime (data time/compute time)
250 compute time 0.58 (s) data time 0.16 (s), 0.28 x realtime (data time/compute time)
251 compute time 0.54 (s) data time 0.16 (s), 0.30 x realtime (data time/compute time)
252 compute time 0.48 (s) data time 0.16 (s), 0.33 x realtime (data time/compute time)
253 compute time 0.48 (s) data time 0.16 (s), 0.33 x realtime (data time/compute time)
254 compute time 0.49 (s) data time 0.16 (s), 0.33 x realtime (data time/compute time)
255 compute time 0.50 (s) data time 0.16 (s), 0.32 x realtime (data time/compute time)
256 compute time 0.48 (s) data time 0.16 (s), 0.34 x realtime (data time/compute time)
257 compute time 0.42 (s) data time 0.16 (s), 0.38 x realtime (data time/compute time)
258 compute time 0.59 (s) data time 0.16 (s), 0.27 x realtime (data time/compute time)
saved /home/ionouser/ionozond_data2//2026-08-12/digisonde_ionogram-Juliusruh-DOB-1786549996.00.h5.png
saving /home/ionouser/ionozond_data2//2026-08-12/digisonde_ionogram-Juliusruh-DOB-1786549996.00.h5
{'ringbuffer_dir': '/dev/shm/hf25', 'output_dir': '/home/ionouser/ionozond_data2/', 'channel': 'ch0', 'receiver': 'DOB', 'sr': 25000000, 'cf': 12500000.0, 'transmitter': 'Juliusruh', 'snr_threshold': 2, 'sounding_interval': 300, 'start_offset': 196, 'sum_ox': True, 'filter_strategy': 'fir', 'use_c_downconvert': True, 'sounding_hrs': [5.5, 18], 'dec': 250, 'freq0': 1010000, 'freq1': 14000000, 'dfreq': 50000, 'ipp': 10000, 'n_ipp': 16, 'offset_us': 2000, 'wait_for_data': True, 'copy_to_server': True}
waiting for more data (187.01 seconds)
waiting for more data (186.01 seconds)
waiting for more data (186.01 seconds)
waiting for more data (185.01 seconds)
waiting for more data (184.01 seconds)
waiting for more data (183.01 seconds)
waiting for more data (181.01 seconds)
waiting for more data (180.01 seconds)
waiting for more data (179.01 seconds)
waiting for more data (178.01 seconds)
waiting for more data (177.01 seconds)
waiting for more data (176.01 seconds)
waiting for more data (175.01 seconds)
waiting for more data (174.01 seconds)
waiting for more data (173.01 seconds)
waiting for more data (172.01 seconds)
waiting for more data (171.01 seconds)
waiting for more data (171.01 seconds)
waiting for more data (170.01 seconds)
waiting for more data (169.01 seconds)
waiting for more data (168.01 seconds)
waiting for more data (168.01 seconds)
waiting for more data (166.01 seconds)
waiting for more data (166.01 seconds)
waiting for more data (165.01 seconds)
waiting for more data (164.01 seconds)
waiting for more data (163.01 seconds)
waiting for more data (162.01 seconds)
waiting for more data (160.01 seconds)
waiting for more data (159.01 seconds)
waiting for more data (158.01 seconds)
waiting for more data (157.01 seconds)
waiting for more data (156.01 seconds)
waiting for more data (154.01 seconds)
waiting for more data (153.01 seconds)
waiting for more data (153.01 seconds)
waiting for more data (152.01 seconds)
waiting for more data (151.01 seconds)
waiting for more data (150.01 seconds)
waiting for more data (150.01 seconds)
waiting for more data (148.01 seconds)
waiting for more data (147.01 seconds)
waiting for more data (146.01 seconds)
waiting for more data (145.01 seconds)
waiting for more data (144.01 seconds)
waiting for more data (143.01 seconds)
waiting for more data (142.01 seconds)
waiting for more data (142.01 seconds)
waiting for more data (141.01 seconds)
waiting for more data (140.01 seconds)
waiting for more data (139.01 seconds)
waiting for more data (138.01 seconds)
waiting for more data (137.01 seconds)
waiting for more data (136.01 seconds)
waiting for more data (135.01 seconds)
waiting for more data (134.01 seconds)
waiting for more data (132.01 seconds)
waiting for more data (131.01 seconds)
waiting for more data (130.01 seconds)
waiting for more data (129.01 seconds)
waiting for more data (128.01 seconds)
waiting for more data (127.01 seconds)
waiting for more data (126.01 seconds)
waiting for more data (126.01 seconds)
waiting for more data (125.01 seconds)
waiting for more data (124.01 seconds)
waiting for more data (124.01 seconds)
waiting for more data (123.01 seconds)
waiting for more data (123.01 seconds)
waiting for more data (122.01 seconds)
waiting for more data (121.01 seconds)
waiting for more data (120.01 seconds)
waiting for more data (119.01 seconds)
waiting for more data (118.01 seconds)
waiting for more data (117.01 seconds)
waiting for more data (117.01 seconds)
waiting for more data (116.01 seconds)
waiting for more data (115.01 seconds)
waiting for more data (114.01 seconds)
waiting for more data (113.01 seconds)
waiting for more data (112.01 seconds)
waiting for more data (111.01 seconds)
waiting for more data (110.01 seconds)
waiting for more data (108.01 seconds)
waiting for more data (107.01 seconds)
waiting for more data (106.01 seconds)
waiting for more data (105.01 seconds)
waiting for more data (104.01 seconds)
waiting for more data (103.01 seconds)
waiting for more data (102.01 seconds)
waiting for more data (101.01 seconds)
waiting for more data (100.01 seconds)
waiting for more data (100.01 seconds)
waiting for more data (99.01 seconds)
waiting for more data (98.01 seconds)
waiting for more data (97.01 seconds)
waiting for more data (96.01 seconds)
waiting for more data (95.01 seconds)
waiting for more data (94.01 seconds)
waiting for more data (93.01 seconds)
waiting for more data (92.01 seconds)
waiting for more data (91.01 seconds)
waiting for more data (90.01 seconds)
waiting for more data (90.01 seconds)
waiting for more data (88.01 seconds)
waiting for more data (87.01 seconds)
waiting for more data (86.01 seconds)
waiting for more data (85.01 seconds)
waiting for more data (83.01 seconds)
waiting for more data (82.01 seconds)
waiting for more data (80.01 seconds)
waiting for more data (79.01 seconds)
waiting for more data (77.01 seconds)
waiting for more data (76.01 seconds)
waiting for more data (75.01 seconds)
waiting for more data (73.01 seconds)
waiting for more data (72.01 seconds)
waiting for more data (71.01 seconds)
waiting for more data (70.01 seconds)
waiting for more data (69.01 seconds)
waiting for more data (68.01 seconds)
waiting for more data (67.01 seconds)
waiting for more data (66.01 seconds)
waiting for more data (66.01 seconds)
waiting for more data (64.01 seconds)
waiting for more data (63.01 seconds)
waiting for more data (62.01 seconds)
waiting for more data (61.01 seconds)
waiting for more data (59.01 seconds)
waiting for more data (58.01 seconds)
waiting for more data (56.01 seconds)
waiting for more data (55.01 seconds)
waiting for more data (53.01 seconds)
waiting for more data (52.01 seconds)
waiting for more data (51.01 seconds)
waiting for more data (50.01 seconds)
waiting for more data (49.01 seconds)
waiting for more data (48.01 seconds)
waiting for more data (47.01 seconds)
waiting for more data (46.01 seconds)
waiting for more data (46.01 seconds)
waiting for more data (45.01 seconds)
waiting for more data (43.01 seconds)
waiting for more data (43.01 seconds)
waiting for more data (41.01 seconds)
waiting for more data (39.01 seconds)
waiting for more data (38.01 seconds)
waiting for more data (37.01 seconds)
waiting for more data (36.01 seconds)
waiting for more data (34.01 seconds)
waiting for more data (33.01 seconds)
waiting for more data (32.01 seconds)
waiting for more data (31.01 seconds)
waiting for more data (29.01 seconds)
waiting for more data (28.01 seconds)
waiting for more data (27.01 seconds)
waiting for more data (25.01 seconds)
waiting for more data (24.01 seconds)
waiting for more data (24.01 seconds)
waiting for more data (23.01 seconds)
waiting for more data (22.01 seconds)
waiting for more data (21.01 seconds)
waiting for more data (20.01 seconds)
waiting for more data (19.01 seconds)
waiting for more data (18.01 seconds)
waiting for more data (17.01 seconds)
waiting for more data (16.01 seconds)
waiting for more data (15.01 seconds)
waiting for more data (13.01 seconds)
waiting for more data (12.01 seconds)
waiting for more data (11.01 seconds)
waiting for more data (9.01 seconds)
waiting for more data (8.01 seconds)
waiting for more data (7.01 seconds)
waiting for more data (5.01 seconds)
waiting for more data (4.01 seconds)
waiting for more data (3.01 seconds)
waiting for more data (2.01 seconds)
waiting for more data (1.01 seconds)
waiting for more data (0.01 seconds)
0 compute time 183.41 (s) data time 0.16 (s), 0.00 x realtime (data time/compute time)
1 compute time 0.51 (s) data time 0.16 (s), 0.31 x realtime (data time/compute time)
2 compute time 0.57 (s) data time 0.16 (s), 0.28 x realtime (data time/compute time)
3 compute time 0.38 (s) data time 0.16 (s), 0.42 x realtime (data time/compute time)
4 compute time 0.36 (s) data time 0.16 (s), 0.44 x realtime (data time/compute time)
5 compute time 0.33 (s) data time 0.16 (s), 0.49 x realtime (data time/compute time)
6 compute time 0.42 (s) data time 0.16 (s), 0.38 x realtime (data time/compute time)
7 compute time 0.44 (s) data time 0.16 (s), 0.36 x realtime (data time/compute time)
8 compute time 0.43 (s) data time 0.16 (s), 0.37 x realtime (data time/compute time)
9 compute time 0.45 (s) data time 0.16 (s), 0.36 x realtime (data time/compute time)
10 compute time 0.36 (s) data time 0.16 (s), 0.44 x realtime (data time/compute time)
11 compute time 0.35 (s) data time 0.16 (s), 0.46 x realtime (data time/compute time)
12 compute time 0.52 (s) data time 0.16 (s), 0.31 x realtime (data time/compute time)
13 compute time 0.44 (s) data time 0.16 (s), 0.36 x realtime (data time/compute time)
14 compute time 0.47 (s) data time 0.16 (s), 0.34 x realtime (data time/compute time)
15 compute time 0.41 (s) data time 0.16 (s), 0.39 x realtime (data time/compute time)
16 compute time 0.30 (s) data time 0.16 (s), 0.53 x realtime (data time/compute time)
17 compute time 0.25 (s) data time 0.16 (s), 0.65 x realtime (data time/compute time)
18 compute time 0.30 (s) data time 0.16 (s), 0.53 x realtime (data time/compute time)
19 compute time 0.47 (s) data time 0.16 (s), 0.34 x realtime (data time/compute time)
20 compute time 0.38 (s) data time 0.16 (s), 0.42 x realtime (data time/compute time)
21 compute time 0.35 (s) data time 0.16 (s), 0.46 x realtime (data time/compute time)
22 compute time 0.43 (s) data time 0.16 (s), 0.37 x realtime (data time/compute time)
23 compute time 0.44 (s) data time 0.16 (s), 0.37 x realtime (data time/compute time)
24 compute time 0.51 (s) data time 0.16 (s), 0.32 x realtime (data time/compute time)
25 compute time 0.51 (s) data time 0.16 (s), 0.31 x realtime (data time/compute time)
26 compute time 0.63 (s) data time 0.16 (s), 0.25 x realtime (data time/compute time)
27 compute time 0.33 (s) data time 0.16 (s), 0.49 x realtime (data time/compute time)
28 compute time 0.42 (s) data time 0.16 (s), 0.38 x realtime (data time/compute time)
29 compute time 0.34 (s) data time 0.16 (s), 0.47 x realtime (data time/compute time)
30 compute time 0.30 (s) data time 0.16 (s), 0.54 x realtime (data time/compute time)
31 compute time 0.39 (s) data time 0.16 (s), 0.41 x realtime (data time/compute time)
32 compute time 0.70 (s) data time 0.16 (s), 0.23 x realtime (data time/compute time)
33 compute time 0.40 (s) data time 0.16 (s), 0.40 x realtime (data time/compute time)
34 compute time 0.49 (s) data time 0.16 (s), 0.33 x realtime (data time/compute time)
35 compute time 0.33 (s) data time 0.16 (s), 0.48 x realtime (data time/compute time)
36 compute time 0.32 (s) data time 0.16 (s), 0.50 x realtime (data time/compute time)
37 compute time 0.32 (s) data time 0.16 (s), 0.51 x realtime (data time/compute time)
38 compute time 0.47 (s) data time 0.16 (s), 0.34 x realtime (data time/compute time)
39 compute time 0.50 (s) data time 0.16 (s), 0.32 x realtime (data time/compute time)
40 compute time 0.57 (s) data time 0.16 (s), 0.28 x realtime (data time/compute time)
41 compute time 0.48 (s) data time 0.16 (s), 0.33 x realtime (data time/compute time)
42 compute time 0.37 (s) data time 0.16 (s), 0.43 x realtime (data time/compute time)
43 compute time 0.31 (s) data time 0.16 (s), 0.52 x realtime (data time/compute time)
44 compute time 0.35 (s) data time 0.16 (s), 0.45 x realtime (data time/compute time)
45 compute time 0.75 (s) data time 0.16 (s), 0.21 x realtime (data time/compute time)
46 compute time 0.49 (s) data time 0.16 (s), 0.32 x realtime (data time/compute time)
47 compute time 0.40 (s) data time 0.16 (s), 0.40 x realtime (data time/compute time)
48 compute time 0.41 (s) data time 0.16 (s), 0.39 x realtime (data time/compute time)
49 compute time 0.38 (s) data time 0.16 (s), 0.42 x realtime (data time/compute time)
50 compute time 0.43 (s) data time 0.16 (s), 0.37 x realtime (data time/compute time)
51 compute time 0.74 (s) data time 0.16 (s), 0.22 x realtime (data time/compute time)
52 compute time 0.55 (s) data time 0.16 (s), 0.29 x realtime (data time/compute time)
53 compute time 0.50 (s) data time 0.16 (s), 0.32 x realtime (data time/compute time)
54 compute time 0.33 (s) data time 0.16 (s), 0.48 x realtime (data time/compute time)
55 compute time 0.36 (s) data time 0.16 (s), 0.44 x realtime (data time/compute time)
56 compute time 0.48 (s) data time 0.16 (s), 0.33 x realtime (data time/compute time)
57 compute time 0.36 (s) data time 0.16 (s), 0.45 x realtime (data time/compute time)
58 compute time 0.47 (s) data time 0.16 (s), 0.34 x realtime (data time/compute time)
59 compute time 0.54 (s) data time 0.16 (s), 0.29 x realtime (data time/compute time)
60 compute time 0.34 (s) data time 0.16 (s), 0.47 x realtime (data time/compute time)
61 compute time 0.35 (s) data time 0.16 (s), 0.45 x realtime (data time/compute time)
62 compute time 0.38 (s) data time 0.16 (s), 0.42 x realtime (data time/compute time)
63 compute time 0.67 (s) data time 0.16 (s), 0.24 x realtime (data time/compute time)
64 compute time 0.55 (s) data time 0.16 (s), 0.29 x realtime (data time/compute time)
65 compute time 0.48 (s) data time 0.16 (s), 0.33 x realtime (data time/compute time)
66 compute time 0.41 (s) data time 0.16 (s), 0.39 x realtime (data time/compute time)
67 compute time 0.44 (s) data time 0.16 (s), 0.36 x realtime (data time/compute time)
68 compute time 0.56 (s) data time 0.16 (s), 0.29 x realtime (data time/compute time)
69 compute time 0.54 (s) data time 0.16 (s), 0.30 x realtime (data time/compute time)
70 compute time 0.46 (s) data time 0.16 (s), 0.35 x realtime (data time/compute time)
71 compute time 0.33 (s) data time 0.16 (s), 0.48 x realtime (data time/compute time)
72 compute time 0.36 (s) data time 0.16 (s), 0.44 x realtime (data time/compute time)
73 compute time 0.36 (s) data time 0.16 (s), 0.45 x realtime (data time/compute time)
74 compute time 0.38 (s) data time 0.16 (s), 0.42 x realtime (data time/compute time)
75 compute time 0.37 (s) data time 0.16 (s), 0.44 x realtime (data time/compute time)
76 compute time 0.34 (s) data time 0.16 (s), 0.47 x realtime (data time/compute time)
77 compute time 0.48 (s) data time 0.16 (s), 0.33 x realtime (data time/compute time)
78 compute time 0.45 (s) data time 0.16 (s), 0.35 x realtime (data time/compute time)
79 compute time 0.36 (s) data time 0.16 (s), 0.45 x realtime (data time/compute time)
80 compute time 0.37 (s) data time 0.16 (s), 0.43 x realtime (data time/compute time)
81 compute time 0.43 (s) data time 0.16 (s), 0.37 x realtime (data time/compute time)
82 compute time 0.52 (s) data time 0.16 (s), 0.31 x realtime (data time/compute time)
83 compute time 0.50 (s) data time 0.16 (s), 0.32 x realtime (data time/compute time)
84 compute time 0.42 (s) data time 0.16 (s), 0.38 x realtime (data time/compute time)
85 compute time 0.47 (s) data time 0.16 (s), 0.34 x realtime (data time/compute time)
86 compute time 0.33 (s) data time 0.16 (s), 0.49 x realtime (data time/compute time)
87 compute time 0.41 (s) data time 0.16 (s), 0.39 x realtime (data time/compute time)
88 compute time 0.57 (s) data time 0.16 (s), 0.28 x realtime (data time/compute time)
89 compute time 0.48 (s) data time 0.16 (s), 0.33 x realtime (data time/compute time)
90 compute time 0.39 (s) data time 0.16 (s), 0.41 x realtime (data time/compute time)
91 compute time 0.36 (s) data time 0.16 (s), 0.45 x realtime (data time/compute time)
92 compute time 0.44 (s) data time 0.16 (s), 0.37 x realtime (data time/compute time)
93 compute time 0.38 (s) data time 0.16 (s), 0.43 x realtime (data time/compute time)
94 compute time 0.44 (s) data time 0.16 (s), 0.36 x realtime (data time/compute time)
95 compute time 0.45 (s) data time 0.16 (s), 0.36 x realtime (data time/compute time)
96 compute time 0.36 (s) data time 0.16 (s), 0.44 x realtime (data time/compute time)
97 compute time 0.45 (s) data time 0.16 (s), 0.35 x realtime (data time/compute time)
98 compute time 0.28 (s) data time 0.16 (s), 0.57 x realtime (data time/compute time)
99 compute time 0.28 (s) data time 0.16 (s), 0.57 x realtime (data time/compute time)
100 compute time 0.33 (s) data time 0.16 (s), 0.49 x realtime (data time/compute time)
101 compute time 0.49 (s) data time 0.16 (s), 0.33 x realtime (data time/compute time)
102 compute time 0.42 (s) data time 0.16 (s), 0.38 x realtime (data time/compute time)
103 compute time 0.46 (s) data time 0.16 (s), 0.35 x realtime (data time/compute time)
104 compute time 0.50 (s) data time 0.16 (s), 0.32 x realtime (data time/compute time)
105 compute time 0.50 (s) data time 0.16 (s), 0.32 x realtime (data time/compute time)
106 compute time 0.43 (s) data time 0.16 (s), 0.38 x realtime (data time/compute time)
107 compute time 0.44 (s) data time 0.16 (s), 0.36 x realtime (data time/compute time)
108 compute time 0.52 (s) data time 0.16 (s), 0.31 x realtime (data time/compute time)
109 compute time 0.45 (s) data time 0.16 (s), 0.35 x realtime (data time/compute time)
110 compute time 0.43 (s) data time 0.16 (s), 0.37 x realtime (data time/compute time)
111 compute time 0.34 (s) data time 0.16 (s), 0.47 x realtime (data time/compute time)
112 compute time 0.37 (s) data time 0.16 (s), 0.43 x realtime (data time/compute time)
113 compute time 0.49 (s) data time 0.16 (s), 0.33 x realtime (data time/compute time)
114 compute time 0.32 (s) data time 0.16 (s), 0.51 x realtime (data time/compute time)
115 compute time 0.35 (s) data time 0.16 (s), 0.46 x realtime (data time/compute time)
116 compute time 0.49 (s) data time 0.16 (s), 0.33 x realtime (data time/compute time)
117 compute time 0.34 (s) data time 0.16 (s), 0.47 x realtime (data time/compute time)
118 compute time 0.57 (s) data time 0.16 (s), 0.28 x realtime (data time/compute time)
119 compute time 0.53 (s) data time 0.16 (s), 0.30 x realtime (data time/compute time)
120 compute time 0.37 (s) data time 0.16 (s), 0.43 x realtime (data time/compute time)
121 compute time 0.33 (s) data time 0.16 (s), 0.48 x realtime (data time/compute time)
122 compute time 0.45 (s) data time 0.16 (s), 0.36 x realtime (data time/compute time)
123 compute time 0.45 (s) data time 0.16 (s), 0.35 x realtime (data time/compute time)
124 compute time 0.47 (s) data time 0.16 (s), 0.34 x realtime (data time/compute time)
125 compute time 0.47 (s) data time 0.16 (s), 0.34 x realtime (data time/compute time)
126 compute time 0.44 (s) data time 0.16 (s), 0.36 x realtime (data time/compute time)
127 compute time 0.51 (s) data time 0.16 (s), 0.31 x realtime (data time/compute time)
128 compute time 0.43 (s) data time 0.16 (s), 0.37 x realtime (data time/compute time)
129 compute time 0.36 (s) data time 0.16 (s), 0.44 x realtime (data time/compute time)
130 compute time 0.37 (s) data time 0.16 (s), 0.43 x realtime (data time/compute time)
131 compute time 0.39 (s) data time 0.16 (s), 0.41 x realtime (data time/compute time)
132 compute time 0.34 (s) data time 0.16 (s), 0.47 x realtime (data time/compute time)
133 compute time 0.33 (s) data time 0.16 (s), 0.49 x realtime (data time/compute time)
134 compute time 0.31 (s) data time 0.16 (s), 0.51 x realtime (data time/compute time)
135 compute time 0.32 (s) data time 0.16 (s), 0.50 x realtime (data time/compute time)
136 compute time 0.49 (s) data time 0.16 (s), 0.32 x realtime (data time/compute time)
137 compute time 0.41 (s) data time 0.16 (s), 0.39 x realtime (data time/compute time)
138 compute time 0.40 (s) data time 0.16 (s), 0.40 x realtime (data time/compute time)
139 compute time 0.46 (s) data time 0.16 (s), 0.35 x realtime (data time/compute time)
140 compute time 0.51 (s) data time 0.16 (s), 0.31 x realtime (data time/compute time)
141 compute time 0.51 (s) data time 0.16 (s), 0.31 x realtime (data time/compute time)
142 compute time 0.49 (s) data time 0.16 (s), 0.33 x realtime (data time/compute time)
143 compute time 0.55 (s) data time 0.16 (s), 0.29 x realtime (data time/compute time)
144 compute time 0.56 (s) data time 0.16 (s), 0.29 x realtime (data time/compute time)
145 compute time 0.60 (s) data time 0.16 (s), 0.27 x realtime (data time/compute time)
146 compute time 0.55 (s) data time 0.16 (s), 0.29 x realtime (data time/compute time)
147 compute time 0.44 (s) data time 0.16 (s), 0.37 x realtime (data time/compute time)
148 compute time 0.45 (s) data time 0.16 (s), 0.36 x realtime (data time/compute time)
149 compute time 0.43 (s) data time 0.16 (s), 0.37 x realtime (data time/compute time)
150 compute time 0.36 (s) data time 0.16 (s), 0.45 x realtime (data time/compute time)
151 compute time 0.30 (s) data time 0.16 (s), 0.54 x realtime (data time/compute time)
152 compute time 0.31 (s) data time 0.16 (s), 0.52 x realtime (data time/compute time)
153 compute time 0.39 (s) data time 0.16 (s), 0.41 x realtime (data time/compute time)
154 compute time 0.38 (s) data time 0.16 (s), 0.42 x realtime (data time/compute time)
155 compute time 0.31 (s) data time 0.16 (s), 0.52 x realtime (data time/compute time)
156 compute time 0.29 (s) data time 0.16 (s), 0.54 x realtime (data time/compute time)
157 compute time 0.35 (s) data time 0.16 (s), 0.45 x realtime (data time/compute time)
158 compute time 0.54 (s) data time 0.16 (s), 0.29 x realtime (data time/compute time)
159 compute time 0.31 (s) data time 0.16 (s), 0.52 x realtime (data time/compute time)
160 compute time 0.48 (s) data time 0.16 (s), 0.33 x realtime (data time/compute time)
161 compute time 0.35 (s) data time 0.16 (s), 0.46 x realtime (data time/compute time)
162 compute time 0.51 (s) data time 0.16 (s), 0.31 x realtime (data time/compute time)
163 compute time 0.47 (s) data time 0.16 (s), 0.34 x realtime (data time/compute time)
164 compute time 0.55 (s) data time 0.16 (s), 0.29 x realtime (data time/compute time)
165 compute time 0.51 (s) data time 0.16 (s), 0.32 x realtime (data time/compute time)
166 compute time 0.32 (s) data time 0.16 (s), 0.51 x realtime (data time/compute time)
167 compute time 0.34 (s) data time 0.16 (s), 0.47 x realtime (data time/compute time)
168 compute time 0.40 (s) data time 0.16 (s), 0.40 x realtime (data time/compute time)
169 compute time 0.45 (s) data time 0.16 (s), 0.36 x realtime (data time/compute time)
170 compute time 0.36 (s) data time 0.16 (s), 0.45 x realtime (data time/compute time)
171 compute time 0.38 (s) data time 0.16 (s), 0.42 x realtime (data time/compute time)
172 compute time 0.36 (s) data time 0.16 (s), 0.45 x realtime (data time/compute time)
173 compute time 0.38 (s) data time 0.16 (s), 0.42 x realtime (data time/compute time)
174 compute time 0.37 (s) data time 0.16 (s), 0.44 x realtime (data time/compute time)
175 compute time 0.41 (s) data time 0.16 (s), 0.39 x realtime (data time/compute time)
176 compute time 0.39 (s) data time 0.16 (s), 0.41 x realtime (data time/compute time)
177 compute time 0.54 (s) data time 0.16 (s), 0.30 x realtime (data time/compute time)
178 compute time 0.41 (s) data time 0.16 (s), 0.39 x realtime (data time/compute time)
179 compute time 0.73 (s) data time 0.16 (s), 0.22 x realtime (data time/compute time)
180 compute time 0.40 (s) data time 0.16 (s), 0.40 x realtime (data time/compute time)
181 compute time 0.52 (s) data time 0.16 (s), 0.31 x realtime (data time/compute time)
182 compute time 0.46 (s) data time 0.16 (s), 0.34 x realtime (data time/compute time)
183 compute time 0.43 (s) data time 0.16 (s), 0.37 x realtime (data time/compute time)
184 compute time 0.48 (s) data time 0.16 (s), 0.33 x realtime (data time/compute time)
185 compute time 0.41 (s) data time 0.16 (s), 0.39 x realtime (data time/compute time)
186 compute time 0.34 (s) data time 0.16 (s), 0.47 x realtime (data time/compute time)
187 compute time 0.38 (s) data time 0.16 (s), 0.42 x realtime (data time/compute time)
188 compute time 0.36 (s) data time 0.16 (s), 0.45 x realtime (data time/compute time)
189 compute time 0.35 (s) data time 0.16 (s), 0.45 x realtime (data time/compute time)
190 compute time 0.39 (s) data time 0.16 (s), 0.41 x realtime (data time/compute time)
191 compute time 0.40 (s) data time 0.16 (s), 0.40 x realtime (data time/compute time)
192 compute time 0.31 (s) data time 0.16 (s), 0.51 x realtime (data time/compute time)
193 compute time 0.40 (s) data time 0.16 (s), 0.40 x realtime (data time/compute time)
194 compute time 0.41 (s) data time 0.16 (s), 0.39 x realtime (data time/compute time)
195 compute time 0.41 (s) data time 0.16 (s), 0.39 x realtime (data time/compute time)
196 compute time 0.38 (s) data time 0.16 (s), 0.42 x realtime (data time/compute time)
197 compute time 0.41 (s) data time 0.16 (s), 0.39 x realtime (data time/compute time)
198 compute time 0.39 (s) data time 0.16 (s), 0.42 x realtime (data time/compute time)
199 compute time 0.42 (s) data time 0.16 (s), 0.38 x realtime (data time/compute time)
200 compute time 0.34 (s) data time 0.16 (s), 0.47 x realtime (data time/compute time)
201 compute time 0.49 (s) data time 0.16 (s), 0.33 x realtime (data time/compute time)
202 compute time 0.46 (s) data time 0.16 (s), 0.34 x realtime (data time/compute time)
203 compute time 0.40 (s) data time 0.16 (s), 0.40 x realtime (data time/compute time)
204 compute time 0.44 (s) data time 0.16 (s), 0.36 x realtime (data time/compute time)
205 compute time 0.37 (s) data time 0.16 (s), 0.43 x realtime (data time/compute time)
206 compute time 0.44 (s) data time 0.16 (s), 0.36 x realtime (data time/compute time)
207 compute time 0.40 (s) data time 0.16 (s), 0.40 x realtime (data time/compute time)
208 compute time 0.34 (s) data time 0.16 (s), 0.47 x realtime (data time/compute time)
209 compute time 0.36 (s) data time 0.16 (s), 0.45 x realtime (data time/compute time)
210 compute time 0.37 (s) data time 0.16 (s), 0.43 x realtime (data time/compute time)
211 compute time 0.41 (s) data time 0.16 (s), 0.39 x realtime (data time/compute time)
212 compute time 0.67 (s) data time 0.16 (s), 0.24 x realtime (data time/compute time)
213 compute time 0.51 (s) data time 0.16 (s), 0.31 x realtime (data time/compute time)
214 compute time 0.64 (s) data time 0.16 (s), 0.25 x realtime (data time/compute time)
215 compute time 0.59 (s) data time 0.16 (s), 0.27 x realtime (data time/compute time)
216 compute time 0.49 (s) data time 0.16 (s), 0.32 x realtime (data time/compute time)
217 compute time 0.58 (s) data time 0.16 (s), 0.28 x realtime (data time/compute time)
218 compute time 0.52 (s) data time 0.16 (s), 0.31 x realtime (data time/compute time)
219 compute time 0.37 (s) data time 0.16 (s), 0.43 x realtime (data time/compute time)
220 compute time 0.55 (s) data time 0.16 (s), 0.29 x realtime (data time/compute time)
221 compute time 0.33 (s) data time 0.16 (s), 0.48 x realtime (data time/compute time)
222 compute time 0.31 (s) data time 0.16 (s), 0.52 x realtime (data time/compute time)
223 compute time 0.29 (s) data time 0.16 (s), 0.56 x realtime (data time/compute time)
224 compute time 0.34 (s) data time 0.16 (s), 0.48 x realtime (data time/compute time)
225 compute time 0.28 (s) data time 0.16 (s), 0.57 x realtime (data time/compute time)
226 compute time 0.31 (s) data time 0.16 (s), 0.51 x realtime (data time/compute time)
227 compute time 0.25 (s) data time 0.16 (s), 0.64 x realtime (data time/compute time)
228 compute time 0.30 (s) data time 0.16 (s), 0.53 x realtime (data time/compute time)
229 compute time 0.34 (s) data time 0.16 (s), 0.47 x realtime (data time/compute time)
230 compute time 0.38 (s) data time 0.16 (s), 0.42 x realtime (data time/compute time)
231 compute time 0.38 (s) data time 0.16 (s), 0.42 x realtime (data time/compute time)
232 compute time 0.38 (s) data time 0.16 (s), 0.42 x realtime (data time/compute time)
233 compute time 0.39 (s) data time 0.16 (s), 0.41 x realtime (data time/compute time)
234 compute time 0.48 (s) data time 0.16 (s), 0.33 x realtime (data time/compute time)
235 compute time 1.02 (s) data time 0.16 (s), 0.16 x realtime (data time/compute time)
236 compute time 0.62 (s) data time 0.16 (s), 0.26 x realtime (data time/compute time)
237 compute time 0.61 (s) data time 0.16 (s), 0.26 x realtime (data time/compute time)
238 compute time 0.56 (s) data time 0.16 (s), 0.29 x realtime (data time/compute time)
239 compute time 0.96 (s) data time 0.16 (s), 0.17 x realtime (data time/compute time)
240 compute time 0.59 (s) data time 0.16 (s), 0.27 x realtime (data time/compute time)
241 compute time 0.50 (s) data time 0.16 (s), 0.32 x realtime (data time/compute time)
242 compute time 0.42 (s) data time 0.16 (s), 0.38 x realtime (data time/compute time)
243 compute time 0.64 (s) data time 0.16 (s), 0.25 x realtime (data time/compute time)
244 compute time 0.73 (s) data time 0.16 (s), 0.22 x realtime (data time/compute time)
245 compute time 0.54 (s) data time 0.16 (s), 0.30 x realtime (data time/compute time)
246 compute time 0.58 (s) data time 0.16 (s), 0.27 x realtime (data time/compute time)
247 compute time 0.47 (s) data time 0.16 (s), 0.34 x realtime (data time/compute time)
248 compute time 0.56 (s) data time 0.16 (s), 0.29 x realtime (data time/compute time)
249 compute time 0.83 (s) data time 0.16 (s), 0.19 x realtime (data time/compute time)
250 compute time 0.57 (s) data time 0.16 (s), 0.28 x realtime (data time/compute time)
251 compute time 0.46 (s) data time 0.16 (s), 0.35 x realtime (data time/compute time)
252 compute time 0.60 (s) data time 0.16 (s), 0.27 x realtime (data time/compute time)
253 compute time 0.45 (s) data time 0.16 (s), 0.36 x realtime (data time/compute time)
254 compute time 0.35 (s) data time 0.16 (s), 0.46 x realtime (data time/compute time)
255 compute time 0.45 (s) data time 0.16 (s), 0.35 x realtime (data time/compute time)
256 compute time 0.55 (s) data time 0.16 (s), 0.29 x realtime (data time/compute time)
257 compute time 0.66 (s) data time 0.16 (s), 0.24 x realtime (data time/compute time)
258 compute time 0.55 (s) data time 0.16 (s), 0.29 x realtime (data time/compute time)
saved /home/ionouser/ionozond_data2//2026-08-12/digisonde_ionogram-Juliusruh-DOB-1786550296.00.h5.png
saving /home/ionouser/ionozond_data2//2026-08-12/digisonde_ionogram-Juliusruh-DOB-1786550296.00.h5
{'ringbuffer_dir': '/dev/shm/hf25', 'output_dir': '/home/ionouser/ionozond_data2/', 'channel': 'ch0', 'receiver': 'DOB', 'sr': 25000000, 'cf': 12500000.0, 'transmitter': 'Juliusruh', 'snr_threshold': 2, 'sounding_interval': 300, 'start_offset': 196, 'sum_ox': True, 'filter_strategy': 'fir', 'use_c_downconvert': True, 'sounding_hrs': [5.5, 18], 'dec': 250, 'freq0': 1010000, 'freq1': 14000000, 'dfreq': 50000, 'ipp': 10000, 'n_ipp': 16, 'offset_us': 2000, 'wait_for_data': True, 'copy_to_server': True}
waiting for more data (182.01 seconds)
waiting for more data (182.01 seconds)
waiting for more data (181.01 seconds)
waiting for more data (180.01 seconds)
waiting for more data (180.01 seconds)
waiting for more data (178.01 seconds)
waiting for more data (178.01 seconds)
waiting for more data (177.01 seconds)
waiting for more data (177.01 seconds)
waiting for more data (176.01 seconds)
waiting for more data (175.01 seconds)
waiting for more data (174.01 seconds)
waiting for more data (174.01 seconds)
waiting for more data (173.01 seconds)
waiting for more data (173.01 seconds)
waiting for more data (172.01 seconds)
waiting for more data (171.01 seconds)
waiting for more data (170.01 seconds)
waiting for more data (169.01 seconds)
waiting for more data (168.01 seconds)
waiting for more data (168.01 seconds)
waiting for more data (167.01 seconds)
waiting for more data (167.01 seconds)
waiting for more data (166.01 seconds)
waiting for more data (165.01 seconds)
waiting for more data (164.01 seconds)
waiting for more data (164.01 seconds)
waiting for more data (163.01 seconds)
waiting for more data (162.01 seconds)
waiting for more data (162.01 seconds)
waiting for more data (161.01 seconds)
waiting for more data (160.01 seconds)
waiting for more data (159.01 seconds)
waiting for more data (158.01 seconds)
waiting for more data (157.01 seconds)
waiting for more data (157.01 seconds)
waiting for more data (156.01 seconds)
waiting for more data (155.01 seconds)
waiting for more data (154.01 seconds)
waiting for more data (153.01 seconds)
waiting for more data (152.01 seconds)
waiting for more data (151.01 seconds)
waiting for more data (151.01 seconds)
waiting for more data (150.01 seconds)
waiting for more data (149.01 seconds)
waiting for more data (148.01 seconds)
waiting for more data (147.01 seconds)
waiting for more data (146.01 seconds)
waiting for more data (145.01 seconds)
waiting for more data (144.01 seconds)
waiting for more data (143.01 seconds)
waiting for more data (142.01 seconds)
waiting for more data (142.01 seconds)
waiting for more data (141.01 seconds)
waiting for more data (141.01 seconds)
waiting for more data (140.01 seconds)
waiting for more data (139.01 seconds)
waiting for more data (139.01 seconds)
waiting for more data (138.01 seconds)
waiting for more data (137.01 seconds)
waiting for more data (136.01 seconds)
waiting for more data (136.01 seconds)
waiting for more data (135.01 seconds)
waiting for more data (134.01 seconds)
waiting for more data (133.01 seconds)
waiting for more data (132.01 seconds)
waiting for more data (131.01 seconds)
waiting for more data (130.01 seconds)
waiting for more data (130.01 seconds)
waiting for more data (129.01 seconds)
waiting for more data (129.01 seconds)
waiting for more data (128.01 seconds)
waiting for more data (127.01 seconds)
waiting for more data (127.01 seconds)
waiting for more data (126.01 seconds)
waiting for more data (125.01 seconds)
waiting for more data (125.01 seconds)
waiting for more data (124.01 seconds)
waiting for more data (123.01 seconds)
waiting for more data (122.01 seconds)
waiting for more data (121.01 seconds)
waiting for more data (120.01 seconds)
waiting for more data (120.01 seconds)
waiting for more data (119.01 seconds)
waiting for more data (118.01 seconds)
waiting for more data (117.01 seconds)
waiting for more data (116.01 seconds)
waiting for more data (115.01 seconds)
waiting for more data (114.01 seconds)
waiting for more data (113.01 seconds)
waiting for more data (112.01 seconds)
waiting for more data (112.01 seconds)
waiting for more data (111.01 seconds)
waiting for more data (110.01 seconds)
waiting for more data (110.01 seconds)
waiting for more data (109.01 seconds)
waiting for more data (108.01 seconds)
waiting for more data (108.01 seconds)
waiting for more data (107.01 seconds)
waiting for more data (106.01 seconds)
waiting for more data (105.01 seconds)
waiting for more data (104.01 seconds)
waiting for more data (103.01 seconds)
waiting for more data (102.01 seconds)
waiting for more data (101.01 seconds)
waiting for more data (101.01 seconds)
waiting for more data (100.01 seconds)
waiting for more data (99.01 seconds)
waiting for more data (98.01 seconds)
waiting for more data (97.01 seconds)
waiting for more data (96.01 seconds)
waiting for more data (95.01 seconds)
waiting for more data (94.01 seconds)
waiting for more data (93.01 seconds)
waiting for more data (93.01 seconds)
waiting for more data (92.01 seconds)
waiting for more data (91.01 seconds)
waiting for more data (90.01 seconds)
waiting for more data (89.01 seconds)
waiting for more data (88.01 seconds)
waiting for more data (87.01 seconds)
waiting for more data (87.01 seconds)
waiting for more data (86.01 seconds)
waiting for more data (85.01 seconds)
waiting for more data (84.01 seconds)
waiting for more data (83.01 seconds)
waiting for more data (82.01 seconds)
waiting for more data (81.01 seconds)
waiting for more data (80.01 seconds)
waiting for more data (79.01 seconds)
waiting for more data (78.01 seconds)
waiting for more data (77.01 seconds)
waiting for more data (77.01 seconds)
waiting for more data (76.01 seconds)
waiting for more data (75.01 seconds)
waiting for more data (74.01 seconds)
waiting for more data (73.01 seconds)
waiting for more data (73.01 seconds)
waiting for more data (72.01 seconds)
waiting for more data (71.01 seconds)
waiting for more data (70.01 seconds)
waiting for more data (70.01 seconds)
waiting for more data (69.01 seconds)
waiting for more data (68.01 seconds)
waiting for more data (67.01 seconds)
waiting for more data (66.01 seconds)
waiting for more data (65.01 seconds)
waiting for more data (65.01 seconds)
waiting for more data (63.01 seconds)
waiting for more data (62.01 seconds)
waiting for more data (61.01 seconds)
waiting for more data (60.01 seconds)
waiting for more data (59.01 seconds)
waiting for more data (59.01 seconds)
waiting for more data (58.01 seconds)
waiting for more data (57.01 seconds)
waiting for more data (56.01 seconds)
waiting for more data (55.01 seconds)
waiting for more data (55.01 seconds)
waiting for more data (54.01 seconds)
waiting for more data (53.01 seconds)
waiting for more data (52.01 seconds)
waiting for more data (51.01 seconds)
waiting for more data (50.01 seconds)
waiting for more data (50.01 seconds)
waiting for more data (49.01 seconds)
waiting for more data (48.01 seconds)
waiting for more data (48.01 seconds)
waiting for more data (47.01 seconds)
waiting for more data (46.01 seconds)
waiting for more data (44.01 seconds)
waiting for more data (43.01 seconds)
waiting for more data (42.01 seconds)
waiting for more data (42.01 seconds)
waiting for more data (41.01 seconds)
waiting for more data (40.01 seconds)
waiting for more data (39.01 seconds)
waiting for more data (37.01 seconds)
waiting for more data (36.01 seconds)
waiting for more data (35.01 seconds)
waiting for more data (34.01 seconds)
waiting for more data (33.01 seconds)
waiting for more data (33.01 seconds)
waiting for more data (32.01 seconds)
waiting for more data (31.01 seconds)
waiting for more data (30.01 seconds)
waiting for more data (29.01 seconds)
waiting for more data (28.01 seconds)
waiting for more data (27.01 seconds)
waiting for more data (26.01 seconds)
waiting for more data (25.01 seconds)
waiting for more data (25.01 seconds)
waiting for more data (23.01 seconds)
waiting for more data (22.01 seconds)
waiting for more data (21.01 seconds)
waiting for more data (20.01 seconds)
waiting for more data (20.01 seconds)
waiting for more data (19.01 seconds)
waiting for more data (18.01 seconds)
waiting for more data (17.01 seconds)
waiting for more data (16.01 seconds)
waiting for more data (15.01 seconds)
waiting for more data (14.01 seconds)
waiting for more data (13.01 seconds)
waiting for more data (12.01 seconds)
waiting for more data (11.01 seconds)
waiting for more data (11.01 seconds)
waiting for more data (10.01 seconds)
waiting for more data (9.01 seconds)
waiting for more data (8.01 seconds)
waiting for more data (7.01 seconds)
waiting for more data (6.01 seconds)
waiting for more data (5.01 seconds)
waiting for more data (4.01 seconds)
waiting for more data (3.01 seconds)
waiting for more data (3.01 seconds)
waiting for more data (2.01 seconds)
waiting for more data (0.01 seconds)
0 compute time 220.94 (s) data time 0.16 (s), 0.00 x realtime (data time/compute time)
1 compute time 0.35 (s) data time 0.16 (s), 0.45 x realtime (data time/compute time)
2 compute time 0.40 (s) data time 0.16 (s), 0.40 x realtime (data time/compute time)
3 compute time 0.81 (s) data time 0.16 (s), 0.20 x realtime (data time/compute time)
4 compute time 0.56 (s) data time 0.16 (s), 0.29 x realtime (data time/compute time)
5 compute time 0.37 (s) data time 0.16 (s), 0.43 x realtime (data time/compute time)
6 compute time 0.38 (s) data time 0.16 (s), 0.42 x realtime (data time/compute time)
7 compute time 0.53 (s) data time 0.16 (s), 0.30 x realtime (data time/compute time)
8 compute time 0.53 (s) data time 0.16 (s), 0.30 x realtime (data time/compute time)
9 compute time 0.31 (s) data time 0.16 (s), 0.52 x realtime (data time/compute time)
10 compute time 0.30 (s) data time 0.16 (s), 0.53 x realtime (data time/compute time)
11 compute time 0.30 (s) data time 0.16 (s), 0.53 x realtime (data time/compute time)
12 compute time 0.35 (s) data time 0.16 (s), 0.46 x realtime (data time/compute time)
13 compute time 0.38 (s) data time 0.16 (s), 0.42 x realtime (data time/compute time)
14 compute time 0.35 (s) data time 0.16 (s), 0.46 x realtime (data time/compute time)
15 compute time 0.33 (s) data time 0.16 (s), 0.48 x realtime (data time/compute time)
16 compute time 0.30 (s) data time 0.16 (s), 0.53 x realtime (data time/compute time)
17 compute time 0.28 (s) data time 0.16 (s), 0.57 x realtime (data time/compute time)
18 compute time 0.28 (s) data time 0.16 (s), 0.57 x realtime (data time/compute time)
19 compute time 0.38 (s) data time 0.16 (s), 0.42 x realtime (data time/compute time)
20 compute time 0.32 (s) data time 0.16 (s), 0.49 x realtime (data time/compute time)
21 compute time 0.35 (s) data time 0.16 (s), 0.46 x realtime (data time/compute time)
22 compute time 0.40 (s) data time 0.16 (s), 0.40 x realtime (data time/compute time)
23 compute time 0.48 (s) data time 0.16 (s), 0.33 x realtime (data time/compute time)
24 compute time 0.41 (s) data time 0.16 (s), 0.39 x realtime (data time/compute time)
25 compute time 0.38 (s) data time 0.16 (s), 0.42 x realtime (data time/compute time)
26 compute time 0.37 (s) data time 0.16 (s), 0.43 x realtime (data time/compute time)
27 compute time 0.32 (s) data time 0.16 (s), 0.50 x realtime (data time/compute time)
28 compute time 0.37 (s) data time 0.16 (s), 0.44 x realtime (data time/compute time)
29 compute time 0.42 (s) data time 0.16 (s), 0.38 x realtime (data time/compute time)
30 compute time 0.38 (s) data time 0.16 (s), 0.42 x realtime (data time/compute time)
31 compute time 0.35 (s) data time 0.16 (s), 0.46 x realtime (data time/compute time)
32 compute time 0.33 (s) data time 0.16 (s), 0.48 x realtime (data time/compute time)
33 compute time 0.27 (s) data time 0.16 (s), 0.59 x realtime (data time/compute time)
34 compute time 0.28 (s) data time 0.16 (s), 0.56 x realtime (data time/compute time)
35 compute time 0.28 (s) data time 0.16 (s), 0.57 x realtime (data time/compute time)
36 compute time 0.29 (s) data time 0.16 (s), 0.56 x realtime (data time/compute time)
37 compute time 0.28 (s) data time 0.16 (s), 0.58 x realtime (data time/compute time)
38 compute time 0.26 (s) data time 0.16 (s), 0.62 x realtime (data time/compute time)
39 compute time 0.38 (s) data time 0.16 (s), 0.42 x realtime (data time/compute time)
40 compute time 0.33 (s) data time 0.16 (s), 0.48 x realtime (data time/compute time)
41 compute time 0.31 (s) data time 0.16 (s), 0.52 x realtime (data time/compute time)
42 compute time 0.31 (s) data time 0.16 (s), 0.52 x realtime (data time/compute time)
43 compute time 0.33 (s) data time 0.16 (s), 0.49 x realtime (data time/compute time)
44 compute time 0.36 (s) data time 0.16 (s), 0.44 x realtime (data time/compute time)
45 compute time 0.55 (s) data time 0.16 (s), 0.29 x realtime (data time/compute time)
46 compute time 0.41 (s) data time 0.16 (s), 0.39 x realtime (data time/compute time)
47 compute time 0.37 (s) data time 0.16 (s), 0.44 x realtime (data time/compute time)
48 compute time 0.37 (s) data time 0.16 (s), 0.44 x realtime (data time/compute time)
49 compute time 0.36 (s) data time 0.16 (s), 0.44 x realtime (data time/compute time)
50 compute time 0.34 (s) data time 0.16 (s), 0.47 x realtime (data time/compute time)
51 compute time 0.37 (s) data time 0.16 (s), 0.43 x realtime (data time/compute time)
52 compute time 0.36 (s) data time 0.16 (s), 0.45 x realtime (data time/compute time)
53 compute time 0.34 (s) data time 0.16 (s), 0.47 x realtime (data time/compute time)
54 compute time 0.37 (s) data time 0.16 (s), 0.43 x realtime (data time/compute time)
55 compute time 0.31 (s) data time 0.16 (s), 0.51 x realtime (data time/compute time)
56 compute time 0.32 (s) data time 0.16 (s), 0.51 x realtime (data time/compute time)
57 compute time 0.35 (s) data time 0.16 (s), 0.46 x realtime (data time/compute time)
58 compute time 0.32 (s) data time 0.16 (s), 0.50 x realtime (data time/compute time)
59 compute time 0.32 (s) data time 0.16 (s), 0.50 x realtime (data time/compute time)
60 compute time 0.38 (s) data time 0.16 (s), 0.42 x realtime (data time/compute time)
61 compute time 0.32 (s) data time 0.16 (s), 0.51 x realtime (data time/compute time)
62 compute time 0.35 (s) data time 0.16 (s), 0.46 x realtime (data time/compute time)
63 compute time 0.33 (s) data time 0.16 (s), 0.49 x realtime (data time/compute time)
64 compute time 0.33 (s) data time 0.16 (s), 0.49 x realtime (data time/compute time)
65 compute time 0.31 (s) data time 0.16 (s), 0.52 x realtime (data time/compute time)
66 compute time 0.34 (s) data time 0.16 (s), 0.47 x realtime (data time/compute time)
67 compute time 0.40 (s) data time 0.16 (s), 0.40 x realtime (data time/compute time)
68 compute time 0.37 (s) data time 0.16 (s), 0.43 x realtime (data time/compute time)
69 compute time 0.38 (s) data time 0.16 (s), 0.42 x realtime (data time/compute time)
70 compute time 0.39 (s) data time 0.16 (s), 0.41 x realtime (data time/compute time)
71 compute time 0.61 (s) data time 0.16 (s), 0.26 x realtime (data time/compute time)
72 compute time 0.40 (s) data time 0.16 (s), 0.40 x realtime (data time/compute time)
73 compute time 0.42 (s) data time 0.16 (s), 0.38 x realtime (data time/compute time)
74 compute time 0.58 (s) data time 0.16 (s), 0.28 x realtime (data time/compute time)
75 compute time 0.35 (s) data time 0.16 (s), 0.45 x realtime (data time/compute time)
76 compute time 0.28 (s) data time 0.16 (s), 0.57 x realtime (data time/compute time)
77 compute time 0.28 (s) data time 0.16 (s), 0.58 x realtime (data time/compute time)
78 compute time 0.28 (s) data time 0.16 (s), 0.58 x realtime (data time/compute time)
79 compute time 0.29 (s) data time 0.16 (s), 0.56 x realtime (data time/compute time)
80 compute time 0.33 (s) data time 0.16 (s), 0.48 x realtime (data time/compute time)
81 compute time 0.32 (s) data time 0.16 (s), 0.50 x realtime (data time/compute time)
82 compute time 0.30 (s) data time 0.16 (s), 0.54 x realtime (data time/compute time)
83 compute time 0.39 (s) data time 0.16 (s), 0.41 x realtime (data time/compute time)
84 compute time 0.34 (s) data time 0.16 (s), 0.48 x realtime (data time/compute time)
85 compute time 0.37 (s) data time 0.16 (s), 0.43 x realtime (data time/compute time)
86 compute time 0.26 (s) data time 0.16 (s), 0.60 x realtime (data time/compute time)
87 compute time 0.38 (s) data time 0.16 (s), 0.43 x realtime (data time/compute time)
88 compute time 0.50 (s) data time 0.16 (s), 0.32 x realtime (data time/compute time)
89 compute time 0.41 (s) data time 0.16 (s), 0.39 x realtime (data time/compute time)
90 compute time 0.42 (s) data time 0.16 (s), 0.38 x realtime (data time/compute time)
91 compute time 0.45 (s) data time 0.16 (s), 0.36 x realtime (data time/compute time)
92 compute time 0.41 (s) data time 0.16 (s), 0.39 x realtime (data time/compute time)
93 compute time 0.39 (s) data time 0.16 (s), 0.41 x realtime (data time/compute time)
94 compute time 0.46 (s) data time 0.16 (s), 0.35 x realtime (data time/compute time)
95 compute time 0.35 (s) data time 0.16 (s), 0.46 x realtime (data time/compute time)
96 compute time 0.45 (s) data time 0.16 (s), 0.36 x realtime (data time/compute time)
97 compute time 0.53 (s) data time 0.16 (s), 0.30 x realtime (data time/compute time)
98 compute time 0.40 (s) data time 0.16 (s), 0.40 x realtime (data time/compute time)
99 compute time 0.40 (s) data time 0.16 (s), 0.40 x realtime (data time/compute time)
100 compute time 0.47 (s) data time 0.16 (s), 0.34 x realtime (data time/compute time)
101 compute time 0.34 (s) data time 0.16 (s), 0.47 x realtime (data time/compute time)
102 compute time 0.31 (s) data time 0.16 (s), 0.52 x realtime (data time/compute time)
103 compute time 0.34 (s) data time 0.16 (s), 0.47 x realtime (data time/compute time)
104 compute time 0.33 (s) data time 0.16 (s), 0.48 x realtime (data time/compute time)
105 compute time 0.40 (s) data time 0.16 (s), 0.40 x realtime (data time/compute time)
106 compute time 0.51 (s) data time 0.16 (s), 0.31 x realtime (data time/compute time)
107 compute time 0.60 (s) data time 0.16 (s), 0.27 x realtime (data time/compute time)
108 compute time 0.44 (s) data time 0.16 (s), 0.37 x realtime (data time/compute time)
109 compute time 0.37 (s) data time 0.16 (s), 0.43 x realtime (data time/compute time)
110 compute time 0.46 (s) data time 0.16 (s), 0.35 x realtime (data time/compute time)
111 compute time 0.54 (s) data time 0.16 (s), 0.29 x realtime (data time/compute time)
112 compute time 0.40 (s) data time 0.16 (s), 0.40 x realtime (data time/compute time)
113 compute time 0.31 (s) data time 0.16 (s), 0.52 x realtime (data time/compute time)
114 compute time 0.54 (s) data time 0.16 (s), 0.29 x realtime (data time/compute time)
115 compute time 0.40 (s) data time 0.16 (s), 0.40 x realtime (data time/compute time)
116 compute time 0.35 (s) data time 0.16 (s), 0.45 x realtime (data time/compute time)
117 compute time 0.32 (s) data time 0.16 (s), 0.50 x realtime (data time/compute time)
118 compute time 0.38 (s) data time 0.16 (s), 0.42 x realtime (data time/compute time)
119 compute time 0.35 (s) data time 0.16 (s), 0.46 x realtime (data time/compute time)
120 compute time 0.36 (s) data time 0.16 (s), 0.45 x realtime (data time/compute time)
121 compute time 0.36 (s) data time 0.16 (s), 0.44 x realtime (data time/compute time)
122 compute time 0.39 (s) data time 0.16 (s), 0.41 x realtime (data time/compute time)
123 compute time 0.33 (s) data time 0.16 (s), 0.48 x realtime (data time/compute time)
124 compute time 0.45 (s) data time 0.16 (s), 0.36 x realtime (data time/compute time)
125 compute time 0.47 (s) data time 0.16 (s), 0.34 x realtime (data time/compute time)
126 compute time 0.52 (s) data time 0.16 (s), 0.31 x realtime (data time/compute time)
127 compute time 0.40 (s) data time 0.16 (s), 0.40 x realtime (data time/compute time)
128 compute time 0.44 (s) data time 0.16 (s), 0.37 x realtime (data time/compute time)
129 compute time 0.48 (s) data time 0.16 (s), 0.33 x realtime (data time/compute time)
130 compute time 0.35 (s) data time 0.16 (s), 0.46 x realtime (data time/compute time)
131 compute time 0.36 (s) data time 0.16 (s), 0.45 x realtime (data time/compute time)
132 compute time 0.36 (s) data time 0.16 (s), 0.45 x realtime (data time/compute time)
133 compute time 0.33 (s) data time 0.16 (s), 0.48 x realtime (data time/compute time)
134 compute time 0.32 (s) data time 0.16 (s), 0.50 x realtime (data time/compute time)
135 compute time 0.36 (s) data time 0.16 (s), 0.45 x realtime (data time/compute time)
136 compute time 0.41 (s) data time 0.16 (s), 0.39 x realtime (data time/compute time)
137 compute time 0.44 (s) data time 0.16 (s), 0.37 x realtime (data time/compute time)
138 compute time 0.35 (s) data time 0.16 (s), 0.46 x realtime (data time/compute time)
139 compute time 0.36 (s) data time 0.16 (s), 0.45 x realtime (data time/compute time)
140 compute time 0.33 (s) data time 0.16 (s), 0.49 x realtime (data time/compute time)
141 compute time 0.34 (s) data time 0.16 (s), 0.47 x realtime (data time/compute time)
142 compute time 0.36 (s) data time 0.16 (s), 0.45 x realtime (data time/compute time)
143 compute time 0.33 (s) data time 0.16 (s), 0.48 x realtime (data time/compute time)
144 compute time 0.51 (s) data time 0.16 (s), 0.32 x realtime (data time/compute time)
145 compute time 0.32 (s) data time 0.16 (s), 0.50 x realtime (data time/compute time)
146 compute time 0.33 (s) data time 0.16 (s), 0.49 x realtime (data time/compute time)
147 compute time 0.32 (s) data time 0.16 (s), 0.49 x realtime (data time/compute time)
148 compute time 0.45 (s) data time 0.16 (s), 0.35 x realtime (data time/compute time)
149 compute time 0.51 (s) data time 0.16 (s), 0.31 x realtime (data time/compute time)
150 compute time 0.31 (s) data time 0.16 (s), 0.52 x realtime (data time/compute time)
151 compute time 0.31 (s) data time 0.16 (s), 0.52 x realtime (data time/compute time)
152 compute time 0.73 (s) data time 0.16 (s), 0.22 x realtime (data time/compute time)
153 compute time 0.31 (s) data time 0.16 (s), 0.51 x realtime (data time/compute time)
154 compute time 0.35 (s) data time 0.16 (s), 0.46 x realtime (data time/compute time)
155 compute time 0.51 (s) data time 0.16 (s), 0.32 x realtime (data time/compute time)
156 compute time 0.42 (s) data time 0.16 (s), 0.39 x realtime (data time/compute time)
157 compute time 0.32 (s) data time 0.16 (s), 0.51 x realtime (data time/compute time)
158 compute time 0.30 (s) data time 0.16 (s), 0.53 x realtime (data time/compute time)
159 compute time 0.30 (s) data time 0.16 (s), 0.53 x realtime (data time/compute time)
160 compute time 0.30 (s) data time 0.16 (s), 0.54 x realtime (data time/compute time)
161 compute time 0.32 (s) data time 0.16 (s), 0.50 x realtime (data time/compute time)
162 compute time 0.30 (s) data time 0.16 (s), 0.53 x realtime (data time/compute time)
163 compute time 0.37 (s) data time 0.16 (s), 0.43 x realtime (data time/compute time)
164 compute time 0.28 (s) data time 0.16 (s), 0.57 x realtime (data time/compute time)
165 compute time 0.29 (s) data time 0.16 (s), 0.56 x realtime (data time/compute time)
166 compute time 0.30 (s) data time 0.16 (s), 0.53 x realtime (data time/compute time)
167 compute time 0.28 (s) data time 0.16 (s), 0.56 x realtime (data time/compute time)
168 compute time 0.32 (s) data time 0.16 (s), 0.50 x realtime (data time/compute time)
169 compute time 0.31 (s) data time 0.16 (s), 0.52 x realtime (data time/compute time)
170 compute time 0.28 (s) data time 0.16 (s), 0.57 x realtime (data time/compute time)
171 compute time 0.35 (s) data time 0.16 (s), 0.46 x realtime (data time/compute time)
172 compute time 0.34 (s) data time 0.16 (s), 0.47 x realtime (data time/compute time)
173 compute time 0.37 (s) data time 0.16 (s), 0.43 x realtime (data time/compute time)
174 compute time 0.35 (s) data time 0.16 (s), 0.46 x realtime (data time/compute time)
175 compute time 0.35 (s) data time 0.16 (s), 0.46 x realtime (data time/compute time)
176 compute time 0.41 (s) data time 0.16 (s), 0.39 x realtime (data time/compute time)
177 compute time 0.36 (s) data time 0.16 (s), 0.45 x realtime (data time/compute time)
178 compute time 0.29 (s) data time 0.16 (s), 0.56 x realtime (data time/compute time)
179 compute time 0.31 (s) data time 0.16 (s), 0.52 x realtime (data time/compute time)
180 compute time 0.34 (s) data time 0.16 (s), 0.47 x realtime (data time/compute time)
181 compute time 0.28 (s) data time 0.16 (s), 0.57 x realtime (data time/compute time)
182 compute time 0.28 (s) data time 0.16 (s), 0.58 x realtime (data time/compute time)
183 compute time 0.27 (s) data time 0.16 (s), 0.60 x realtime (data time/compute time)
184 compute time 0.31 (s) data time 0.16 (s), 0.52 x realtime (data time/compute time)
185 compute time 0.24 (s) data time 0.16 (s), 0.66 x realtime (data time/compute time)
186 compute time 0.27 (s) data time 0.16 (s), 0.59 x realtime (data time/compute time)
187 compute time 0.26 (s) data time 0.16 (s), 0.61 x realtime (data time/compute time)
188 compute time 0.25 (s) data time 0.16 (s), 0.65 x realtime (data time/compute time)
189 compute time 0.25 (s) data time 0.16 (s), 0.63 x realtime (data time/compute time)
190 compute time 0.31 (s) data time 0.16 (s), 0.51 x realtime (data time/compute time)
191 compute time 0.34 (s) data time 0.16 (s), 0.48 x realtime (data time/compute time)
192 compute time 0.30 (s) data time 0.16 (s), 0.54 x realtime (data time/compute time)
193 compute time 0.26 (s) data time 0.16 (s), 0.63 x realtime (data time/compute time)
194 compute time 0.29 (s) data time 0.16 (s), 0.54 x realtime (data time/compute time)
195 compute time 0.29 (s) data time 0.16 (s), 0.55 x realtime (data time/compute time)
196 compute time 0.32 (s) data time 0.16 (s), 0.50 x realtime (data time/compute time)
197 compute time 0.34 (s) data time 0.16 (s), 0.47 x realtime (data time/compute time)
198 compute time 0.27 (s) data time 0.16 (s), 0.59 x realtime (data time/compute time)
199 compute time 0.33 (s) data time 0.16 (s), 0.48 x realtime (data time/compute time)
200 compute time 0.28 (s) data time 0.16 (s), 0.57 x realtime (data time/compute time)
201 compute time 0.31 (s) data time 0.16 (s), 0.51 x realtime (data time/compute time)
202 compute time 0.34 (s) data time 0.16 (s), 0.46 x realtime (data time/compute time)
203 compute time 0.34 (s) data time 0.16 (s), 0.47 x realtime (data time/compute time)
204 compute time 0.33 (s) data time 0.16 (s), 0.49 x realtime (data time/compute time)
205 compute time 0.34 (s) data time 0.16 (s), 0.47 x realtime (data time/compute time)
206 compute time 0.36 (s) data time 0.16 (s), 0.45 x realtime (data time/compute time)
207 compute time 0.35 (s) data time 0.16 (s), 0.46 x realtime (data time/compute time)
208 compute time 0.35 (s) data time 0.16 (s), 0.45 x realtime (data time/compute time)
209 compute time 0.32 (s) data time 0.16 (s), 0.50 x realtime (data time/compute time)
210 compute time 0.35 (s) data time 0.16 (s), 0.46 x realtime (data time/compute time)
211 compute time 0.23 (s) data time 0.16 (s), 0.68 x realtime (data time/compute time)
212 compute time 0.28 (s) data time 0.16 (s), 0.58 x realtime (data time/compute time)
213 compute time 0.31 (s) data time 0.16 (s), 0.52 x realtime (data time/compute time)
214 compute time 0.30 (s) data time 0.16 (s), 0.54 x realtime (data time/compute time)
215 compute time 0.28 (s) data time 0.16 (s), 0.58 x realtime (data time/compute time)
216 compute time 0.28 (s) data time 0.16 (s), 0.57 x realtime (data time/compute time)
217 compute time 0.26 (s) data time 0.16 (s), 0.60 x realtime (data time/compute time)
218 compute time 0.26 (s) data time 0.16 (s), 0.61 x realtime (data time/compute time)
219 compute time 0.32 (s) data time 0.16 (s), 0.51 x realtime (data time/compute time)
220 compute time 0.26 (s) data time 0.16 (s), 0.62 x realtime (data time/compute time)
221 compute time 0.27 (s) data time 0.16 (s), 0.60 x realtime (data time/compute time)
222 compute time 0.24 (s) data time 0.16 (s), 0.67 x realtime (data time/compute time)
223 compute time 0.31 (s) data time 0.16 (s), 0.52 x realtime (data time/compute time)
224 compute time 0.37 (s) data time 0.16 (s), 0.44 x realtime (data time/compute time)
225 compute time 0.35 (s) data time 0.16 (s), 0.46 x realtime (data time/compute time)
226 compute time 0.35 (s) data time 0.16 (s), 0.46 x realtime (data time/compute time)
227 compute time 0.34 (s) data time 0.16 (s), 0.47 x realtime (data time/compute time)
228 compute time 0.36 (s) data time 0.16 (s), 0.44 x realtime (data time/compute time)
229 compute time 0.36 (s) data time 0.16 (s), 0.45 x realtime (data time/compute time)
230 compute time 0.25 (s) data time 0.16 (s), 0.64 x realtime (data time/compute time)
231 compute time 0.33 (s) data time 0.16 (s), 0.49 x realtime (data time/compute time)
232 compute time 0.31 (s) data time 0.16 (s), 0.52 x realtime (data time/compute time)
233 compute time 0.35 (s) data time 0.16 (s), 0.45 x realtime (data time/compute time)
234 compute time 0.34 (s) data time 0.16 (s), 0.48 x realtime (data time/compute time)
235 compute time 0.34 (s) data time 0.16 (s), 0.47 x realtime (data time/compute time)
236 compute time 0.35 (s) data time 0.16 (s), 0.46 x realtime (data time/compute time)
237 compute time 0.35 (s) data time 0.16 (s), 0.45 x realtime (data time/compute time)
238 compute time 0.32 (s) data time 0.16 (s), 0.49 x realtime (data time/compute time)
239 compute time 0.31 (s) data time 0.16 (s), 0.51 x realtime (data time/compute time)
240 compute time 0.31 (s) data time 0.16 (s), 0.52 x realtime (data time/compute time)
241 compute time 0.32 (s) data time 0.16 (s), 0.50 x realtime (data time/compute time)
242 compute time 0.32 (s) data time 0.16 (s), 0.50 x realtime (data time/compute time)
243 compute time 0.33 (s) data time 0.16 (s), 0.49 x realtime (data time/compute time)
244 compute time 0.32 (s) data time 0.16 (s), 0.50 x realtime (data time/compute time)
245 compute time 0.40 (s) data time 0.16 (s), 0.40 x realtime (data time/compute time)
246 compute time 0.30 (s) data time 0.16 (s), 0.54 x realtime (data time/compute time)
247 compute time 0.33 (s) data time 0.16 (s), 0.48 x realtime (data time/compute time)
248 compute time 0.40 (s) data time 0.16 (s), 0.40 x realtime (data time/compute time)
249 compute time 0.38 (s) data time 0.16 (s), 0.42 x realtime (data time/compute time)
250 compute time 0.35 (s) data time 0.16 (s), 0.45 x realtime (data time/compute time)
251 compute time 0.36 (s) data time 0.16 (s), 0.44 x realtime (data time/compute time)
252 compute time 0.37 (s) data time 0.16 (s), 0.44 x realtime (data time/compute time)
253 compute time 0.34 (s) data time 0.16 (s), 0.47 x realtime (data time/compute time)
254 compute time 0.32 (s) data time 0.16 (s), 0.50 x realtime (data time/compute time)
255 compute time 0.26 (s) data time 0.16 (s), 0.61 x realtime (data time/compute time)
256 compute time 0.37 (s) data time 0.16 (s), 0.43 x realtime (data time/compute time)
257 compute time 0.32 (s) data time 0.16 (s), 0.50 x realtime (data time/compute time)
258 compute time 0.25 (s) data time 0.16 (s), 0.63 x realtime (data time/compute time)
saved /home/ionouser/ionozond_data2//2026-08-12/digisonde_ionogram-Juliusruh-DOB-1786550596.00.h5.png
saving /home/ionouser/ionozond_data2//2026-08-12/digisonde_ionogram-Juliusruh-DOB-1786550596.00.h5
{'ringbuffer_dir': '/dev/shm/hf25', 'output_dir': '/home/ionouser/ionozond_data2/', 'channel': 'ch0', 'receiver': 'DOB', 'sr': 25000000, 'cf': 12500000.0, 'transmitter': 'Juliusruh', 'snr_threshold': 2, 'sounding_interval': 300, 'start_offset': 196, 'sum_ox': True, 'filter_strategy': 'fir', 'use_c_downconvert': True, 'sounding_hrs': [5.5, 18], 'dec': 250, 'freq0': 1010000, 'freq1': 14000000, 'dfreq': 50000, 'ipp': 10000, 'n_ipp': 16, 'offset_us': 2000, 'wait_for_data': True, 'copy_to_server': True}
waiting for more data (182.01 seconds)
waiting for more data (180.01 seconds)
waiting for more data (178.01 seconds)
waiting for more data (176.01 seconds)
waiting for more data (175.01 seconds)
waiting for more data (173.01 seconds)
waiting for more data (171.01 seconds)
waiting for more data (170.01 seconds)
waiting for more data (168.01 seconds)
waiting for more data (166.01 seconds)
waiting for more data (164.01 seconds)
waiting for more data (162.01 seconds)
waiting for more data (160.01 seconds)
waiting for more data (158.01 seconds)
waiting for more data (157.01 seconds)
waiting for more data (155.01 seconds)
waiting for more data (153.01 seconds)
waiting for more data (151.01 seconds)
waiting for more data (150.01 seconds)
waiting for more data (147.01 seconds)
waiting for more data (145.01 seconds)
waiting for more data (143.01 seconds)
waiting for more data (142.01 seconds)
waiting for more data (140.01 seconds)
waiting for more data (138.01 seconds)
waiting for more data (136.01 seconds)
waiting for more data (135.01 seconds)
waiting for more data (134.01 seconds)
waiting for more data (133.01 seconds)
waiting for more data (132.01 seconds)
waiting for more data (130.01 seconds)
waiting for more data (129.01 seconds)
waiting for more data (127.01 seconds)
waiting for more data (125.01 seconds)
waiting for more data (124.01 seconds)
waiting for more data (122.01 seconds)
waiting for more data (120.01 seconds)
waiting for more data (118.01 seconds)
waiting for more data (116.01 seconds)
waiting for more data (115.01 seconds)
waiting for more data (113.01 seconds)
waiting for more data (112.01 seconds)
waiting for more data (110.01 seconds)
waiting for more data (108.01 seconds)
waiting for more data (106.01 seconds)
waiting for more data (105.01 seconds)
waiting for more data (104.01 seconds)
waiting for more data (102.01 seconds)
waiting for more data (100.01 seconds)
waiting for more data (99.01 seconds)
waiting for more data (97.01 seconds)
waiting for more data (95.01 seconds)
waiting for more data (93.01 seconds)
waiting for more data (91.01 seconds)
waiting for more data (90.01 seconds)
waiting for more data (88.01 seconds)
waiting for more data (87.01 seconds)
waiting for more data (85.01 seconds)
waiting for more data (83.01 seconds)
waiting for more data (82.01 seconds)
waiting for more data (80.01 seconds)
waiting for more data (78.01 seconds)
waiting for more data (77.01 seconds)
waiting for more data (76.01 seconds)
waiting for more data (74.01 seconds)
waiting for more data (73.01 seconds)
waiting for more data (71.01 seconds)
waiting for more data (69.01 seconds)
waiting for more data (68.01 seconds)
waiting for more data (66.01 seconds)
waiting for more data (64.01 seconds)
waiting for more data (62.01 seconds)
waiting for more data (59.01 seconds)
waiting for more data (57.01 seconds)
waiting for more data (56.01 seconds)
waiting for more data (54.01 seconds)
waiting for more data (52.01 seconds)
waiting for more data (51.01 seconds)
waiting for more data (50.01 seconds)
waiting for more data (49.01 seconds)
waiting for more data (48.01 seconds)
waiting for more data (46.01 seconds)
waiting for more data (45.01 seconds)
waiting for more data (44.01 seconds)
waiting for more data (42.01 seconds)
waiting for more data (41.01 seconds)
waiting for more data (40.01 seconds)
waiting for more data (39.01 seconds)
waiting for more data (38.01 seconds)
waiting for more data (37.01 seconds)
waiting for more data (35.01 seconds)
waiting for more data (34.01 seconds)
waiting for more data (32.01 seconds)
waiting for more data (31.01 seconds)
waiting for more data (30.01 seconds)
waiting for more data (29.01 seconds)
waiting for more data (27.01 seconds)
waiting for more data (26.01 seconds)
waiting for more data (25.01 seconds)
waiting for more data (24.01 seconds)
waiting for more data (23.01 seconds)
waiting for more data (22.01 seconds)
waiting for more data (21.01 seconds)
waiting for more data (19.01 seconds)
waiting for more data (18.01 seconds)
waiting for more data (17.01 seconds)
waiting for more data (16.01 seconds)
waiting for more data (15.01 seconds)
waiting for more data (14.01 seconds)
waiting for more data (12.01 seconds)
waiting for more data (11.01 seconds)
waiting for more data (10.01 seconds)
waiting for more data (8.01 seconds)
waiting for more data (7.01 seconds)
waiting for more data (5.01 seconds)
waiting for more data (3.01 seconds)
waiting for more data (2.01 seconds)
waiting for more data (0.01 seconds)
0 compute time 119.53 (s) data time 0.16 (s), 0.00 x realtime (data time/compute time)
1 compute time 0.46 (s) data time 0.16 (s), 0.35 x realtime (data time/compute time)
2 compute time 0.49 (s) data time 0.16 (s), 0.33 x realtime (data time/compute time)
3 compute time 0.53 (s) data time 0.16 (s), 0.30 x realtime (data time/compute time)
4 compute time 0.52 (s) data time 0.16 (s), 0.31 x realtime (data time/compute time)
5 compute time 0.66 (s) data time 0.16 (s), 0.24 x realtime (data time/compute time)
6 compute time 0.79 (s) data time 0.16 (s), 0.20 x realtime (data time/compute time)
7 compute time 0.59 (s) data time 0.16 (s), 0.27 x realtime (data time/compute time)
8 compute time 0.76 (s) data time 0.16 (s), 0.21 x realtime (data time/compute time)
9 compute time 0.64 (s) data time 0.16 (s), 0.25 x realtime (data time/compute time)
10 compute time 0.67 (s) data time 0.16 (s), 0.24 x realtime (data time/compute time)
11 compute time 0.63 (s) data time 0.16 (s), 0.25 x realtime (data time/compute time)
12 compute time 0.55 (s) data time 0.16 (s), 0.29 x realtime (data time/compute time)
13 compute time 0.48 (s) data time 0.16 (s), 0.33 x realtime (data time/compute time)
14 compute time 0.58 (s) data time 0.16 (s), 0.27 x realtime (data time/compute time)
15 compute time 0.59 (s) data time 0.16 (s), 0.27 x realtime (data time/compute time)
16 compute time 0.43 (s) data time 0.16 (s), 0.37 x realtime (data time/compute time)
17 compute time 0.58 (s) data time 0.16 (s), 0.28 x realtime (data time/compute time)
18 compute time 0.71 (s) data time 0.16 (s), 0.23 x realtime (data time/compute time)
19 compute time 0.35 (s) data time 0.16 (s), 0.46 x realtime (data time/compute time)
20 compute time 0.37 (s) data time 0.16 (s), 0.43 x realtime (data time/compute time)
21 compute time 0.49 (s) data time 0.16 (s), 0.33 x realtime (data time/compute time)
22 compute time 0.56 (s) data time 0.16 (s), 0.29 x realtime (data time/compute time)
23 compute time 0.80 (s) data time 0.16 (s), 0.20 x realtime (data time/compute time)
24 compute time 0.50 (s) data time 0.16 (s), 0.32 x realtime (data time/compute time)
25 compute time 0.64 (s) data time 0.16 (s), 0.25 x realtime (data time/compute time)
26 compute time 0.57 (s) data time 0.16 (s), 0.28 x realtime (data time/compute time)
27 compute time 0.64 (s) data time 0.16 (s), 0.25 x realtime (data time/compute time)
28 compute time 0.54 (s) data time 0.16 (s), 0.29 x realtime (data time/compute time)
29 compute time 0.43 (s) data time 0.16 (s), 0.37 x realtime (data time/compute time)
30 compute time 0.36 (s) data time 0.16 (s), 0.45 x realtime (data time/compute time)
31 compute time 0.54 (s) data time 0.16 (s), 0.30 x realtime (data time/compute time)
32 compute time 0.41 (s) data time 0.16 (s), 0.39 x realtime (data time/compute time)
33 compute time 0.40 (s) data time 0.16 (s), 0.40 x realtime (data time/compute time)
34 compute time 0.39 (s) data time 0.16 (s), 0.41 x realtime (data time/compute time)
35 compute time 0.40 (s) data time 0.16 (s), 0.40 x realtime (data time/compute time)
36 compute time 0.45 (s) data time 0.16 (s), 0.36 x realtime (data time/compute time)
37 compute time 0.49 (s) data time 0.16 (s), 0.33 x realtime (data time/compute time)
38 compute time 0.36 (s) data time 0.16 (s), 0.44 x realtime (data time/compute time)
39 compute time 0.50 (s) data time 0.16 (s), 0.32 x realtime (data time/compute time)
40 compute time 0.39 (s) data time 0.16 (s), 0.41 x realtime (data time/compute time)
41 compute time 0.36 (s) data time 0.16 (s), 0.44 x realtime (data time/compute time)
42 compute time 0.43 (s) data time 0.16 (s), 0.38 x realtime (data time/compute time)
43 compute time 0.48 (s) data time 0.16 (s), 0.34 x realtime (data time/compute time)
44 compute time 0.47 (s) data time 0.16 (s), 0.34 x realtime (data time/compute time)
45 compute time 0.42 (s) data time 0.16 (s), 0.38 x realtime (data time/compute time)
46 compute time 0.51 (s) data time 0.16 (s), 0.31 x realtime (data time/compute time)
47 compute time 0.71 (s) data time 0.16 (s), 0.22 x realtime (data time/compute time)
48 compute time 0.43 (s) data time 0.16 (s), 0.37 x realtime (data time/compute time)
49 compute time 0.44 (s) data time 0.16 (s), 0.36 x realtime (data time/compute time)
50 compute time 0.76 (s) data time 0.16 (s), 0.21 x realtime (data time/compute time)
51 compute time 0.46 (s) data time 0.16 (s), 0.34 x realtime (data time/compute time)
52 compute time 0.70 (s) data time 0.16 (s), 0.23 x realtime (data time/compute time)
53 compute time 0.52 (s) data time 0.16 (s), 0.31 x realtime (data time/compute time)
54 compute time 0.47 (s) data time 0.16 (s), 0.34 x realtime (data time/compute time)
55 compute time 0.48 (s) data time 0.16 (s), 0.33 x realtime (data time/compute time)
56 compute time 0.54 (s) data time 0.16 (s), 0.29 x realtime (data time/compute time)
57 compute time 0.50 (s) data time 0.16 (s), 0.32 x realtime (data time/compute time)
58 compute time 0.57 (s) data time 0.16 (s), 0.28 x realtime (data time/compute time)
59 compute time 0.70 (s) data time 0.16 (s), 0.23 x realtime (data time/compute time)
60 compute time 0.58 (s) data time 0.16 (s), 0.28 x realtime (data time/compute time)
61 compute time 0.54 (s) data time 0.16 (s), 0.30 x realtime (data time/compute time)
62 compute time 0.67 (s) data time 0.16 (s), 0.24 x realtime (data time/compute time)
63 compute time 0.55 (s) data time 0.16 (s), 0.29 x realtime (data time/compute time)
64 compute time 0.48 (s) data time 0.16 (s), 0.33 x realtime (data time/compute time)
65 compute time 0.33 (s) data time 0.16 (s), 0.48 x realtime (data time/compute time)
66 compute time 0.29 (s) data time 0.16 (s), 0.55 x realtime (data time/compute time)
67 compute time 0.41 (s) data time 0.16 (s), 0.39 x realtime (data time/compute time)
68 compute time 0.41 (s) data time 0.16 (s), 0.39 x realtime (data time/compute time)
69 compute time 0.36 (s) data time 0.16 (s), 0.44 x realtime (data time/compute time)
70 compute time 0.34 (s) data time 0.16 (s), 0.47 x realtime (data time/compute time)
71 compute time 0.32 (s) data time 0.16 (s), 0.51 x realtime (data time/compute time)
72 compute time 0.34 (s) data time 0.16 (s), 0.48 x realtime (data time/compute time)
73 compute time 0.47 (s) data time 0.16 (s), 0.34 x realtime (data time/compute time)
74 compute time 0.39 (s) data time 0.16 (s), 0.41 x realtime (data time/compute time)
75 compute time 0.38 (s) data time 0.16 (s), 0.42 x realtime (data time/compute time)
76 compute time 0.41 (s) data time 0.16 (s), 0.39 x realtime (data time/compute time)
77 compute time 0.49 (s) data time 0.16 (s), 0.33 x realtime (data time/compute time)
78 compute time 0.39 (s) data time 0.16 (s), 0.41 x realtime (data time/compute time)
79 compute time 0.39 (s) data time 0.16 (s), 0.41 x realtime (data time/compute time)
80 compute time 0.59 (s) data time 0.16 (s), 0.27 x realtime (data time/compute time)
81 compute time 0.31 (s) data time 0.16 (s), 0.51 x realtime (data time/compute time)
82 compute time 0.35 (s) data time 0.16 (s), 0.45 x realtime (data time/compute time)
83 compute time 0.39 (s) data time 0.16 (s), 0.41 x realtime (data time/compute time)
84 compute time 0.35 (s) data time 0.16 (s), 0.45 x realtime (data time/compute time)
85 compute time 0.33 (s) data time 0.16 (s), 0.49 x realtime (data time/compute time)
86 compute time 0.32 (s) data time 0.16 (s), 0.51 x realtime (data time/compute time)
87 compute time 0.62 (s) data time 0.16 (s), 0.26 x realtime (data time/compute time)
88 compute time 0.35 (s) data time 0.16 (s), 0.45 x realtime (data time/compute time)
89 compute time 0.44 (s) data time 0.16 (s), 0.37 x realtime (data time/compute time)
90 compute time 0.42 (s) data time 0.16 (s), 0.38 x realtime (data time/compute time)
91 compute time 0.34 (s) data time 0.16 (s), 0.47 x realtime (data time/compute time)
92 compute time 0.45 (s) data time 0.16 (s), 0.36 x realtime (data time/compute time)
93 compute time 0.38 (s) data time 0.16 (s), 0.42 x realtime (data time/compute time)
94 compute time 0.46 (s) data time 0.16 (s), 0.35 x realtime (data time/compute time)
95 compute time 0.38 (s) data time 0.16 (s), 0.42 x realtime (data time/compute time)
96 compute time 0.45 (s) data time 0.16 (s), 0.35 x realtime (data time/compute time)
97 compute time 0.43 (s) data time 0.16 (s), 0.38 x realtime (data time/compute time)
98 compute time 0.43 (s) data time 0.16 (s), 0.37 x realtime (data time/compute time)
99 compute time 0.40 (s) data time 0.16 (s), 0.40 x realtime (data time/compute time)
100 compute time 0.40 (s) data time 0.16 (s), 0.40 x realtime (data time/compute time)
101 compute time 0.46 (s) data time 0.16 (s), 0.35 x realtime (data time/compute time)
102 compute time 0.41 (s) data time 0.16 (s), 0.39 x realtime (data time/compute time)
103 compute time 0.48 (s) data time 0.16 (s), 0.33 x realtime (data time/compute time)
104 compute time 0.50 (s) data time 0.16 (s), 0.32 x realtime (data time/compute time)
105 compute time 0.34 (s) data time 0.16 (s), 0.47 x realtime (data time/compute time)
106 compute time 0.41 (s) data time 0.16 (s), 0.39 x realtime (data time/compute time)
107 compute time 0.45 (s) data time 0.16 (s), 0.36 x realtime (data time/compute time)
108 compute time 0.33 (s) data time 0.16 (s), 0.48 x realtime (data time/compute time)
109 compute time 0.35 (s) data time 0.16 (s), 0.46 x realtime (data time/compute time)
110 compute time 0.40 (s) data time 0.16 (s), 0.40 x realtime (data time/compute time)
111 compute time 0.38 (s) data time 0.16 (s), 0.42 x realtime (data time/compute time)
112 compute time 0.39 (s) data time 0.16 (s), 0.41 x realtime (data time/compute time)
113 compute time 0.41 (s) data time 0.16 (s), 0.39 x realtime (data time/compute time)
114 compute time 0.41 (s) data time 0.16 (s), 0.39 x realtime (data time/compute time)
115 compute time 0.44 (s) data time 0.16 (s), 0.37 x realtime (data time/compute time)
116 compute time 0.39 (s) data time 0.16 (s), 0.41 x realtime (data time/compute time)
117 compute time 0.37 (s) data time 0.16 (s), 0.43 x realtime (data time/compute time)
118 compute time 0.38 (s) data time 0.16 (s), 0.42 x realtime (data time/compute time)
119 compute time 0.43 (s) data time 0.16 (s), 0.37 x realtime (data time/compute time)
120 compute time 0.46 (s) data time 0.16 (s), 0.34 x realtime (data time/compute time)
121 compute time 0.42 (s) data time 0.16 (s), 0.38 x realtime (data time/compute time)
122 compute time 0.45 (s) data time 0.16 (s), 0.35 x realtime (data time/compute time)
123 compute time 0.52 (s) data time 0.16 (s), 0.31 x realtime (data time/compute time)
124 compute time 0.50 (s) data time 0.16 (s), 0.32 x realtime (data time/compute time)
125 compute time 0.44 (s) data time 0.16 (s), 0.36 x realtime (data time/compute time)
126 compute time 0.40 (s) data time 0.16 (s), 0.40 x realtime (data time/compute time)
127 compute time 0.35 (s) data time 0.16 (s), 0.46 x realtime (data time/compute time)
128 compute time 0.26 (s) data time 0.16 (s), 0.60 x realtime (data time/compute time)
129 compute time 0.28 (s) data time 0.16 (s), 0.57 x realtime (data time/compute time)
130 compute time 0.28 (s) data time 0.16 (s), 0.58 x realtime (data time/compute time)
131 compute time 0.39 (s) data time 0.16 (s), 0.41 x realtime (data time/compute time)
132 compute time 0.34 (s) data time 0.16 (s), 0.48 x realtime (data time/compute time)
133 compute time 0.34 (s) data time 0.16 (s), 0.47 x realtime (data time/compute time)
134 compute time 0.32 (s) data time 0.16 (s), 0.50 x realtime (data time/compute time)
135 compute time 0.39 (s) data time 0.16 (s), 0.41 x realtime (data time/compute time)
136 compute time 0.35 (s) data time 0.16 (s), 0.45 x realtime (data time/compute time)
137 compute time 0.28 (s) data time 0.16 (s), 0.57 x realtime (data time/compute time)
138 compute time 0.38 (s) data time 0.16 (s), 0.42 x realtime (data time/compute time)
139 compute time 0.56 (s) data time 0.16 (s), 0.29 x realtime (data time/compute time)
140 compute time 0.40 (s) data time 0.16 (s), 0.40 x realtime (data time/compute time)
141 compute time 0.41 (s) data time 0.16 (s), 0.39 x realtime (data time/compute time)
142 compute time 0.48 (s) data time 0.16 (s), 0.33 x realtime (data time/compute time)
143 compute time 0.53 (s) data time 0.16 (s), 0.30 x realtime (data time/compute time)
144 compute time 0.50 (s) data time 0.16 (s), 0.32 x realtime (data time/compute time)
145 compute time 0.45 (s) data time 0.16 (s), 0.36 x realtime (data time/compute time)
146 compute time 0.33 (s) data time 0.16 (s), 0.49 x realtime (data time/compute time)
147 compute time 0.30 (s) data time 0.16 (s), 0.53 x realtime (data time/compute time)
148 compute time 0.32 (s) data time 0.16 (s), 0.50 x realtime (data time/compute time)
149 compute time 0.35 (s) data time 0.16 (s), 0.46 x realtime (data time/compute time)
150 compute time 0.45 (s) data time 0.16 (s), 0.36 x realtime (data time/compute time)
151 compute time 0.38 (s) data time 0.16 (s), 0.43 x realtime (data time/compute time)
152 compute time 0.36 (s) data time 0.16 (s), 0.45 x realtime (data time/compute time)
153 compute time 0.37 (s) data time 0.16 (s), 0.43 x realtime (data time/compute time)
154 compute time 0.41 (s) data time 0.16 (s), 0.39 x realtime (data time/compute time)
155 compute time 0.40 (s) data time 0.16 (s), 0.40 x realtime (data time/compute time)
156 compute time 0.39 (s) data time 0.16 (s), 0.41 x realtime (data time/compute time)
157 compute time 0.44 (s) data time 0.16 (s), 0.36 x realtime (data time/compute time)
158 compute time 0.38 (s) data time 0.16 (s), 0.42 x realtime (data time/compute time)
159 compute time 0.36 (s) data time 0.16 (s), 0.45 x realtime (data time/compute time)
160 compute time 0.33 (s) data time 0.16 (s), 0.48 x realtime (data time/compute time)
161 compute time 0.42 (s) data time 0.16 (s), 0.38 x realtime (data time/compute time)
162 compute time 0.37 (s) data time 0.16 (s), 0.43 x realtime (data time/compute time)
163 compute time 0.34 (s) data time 0.16 (s), 0.47 x realtime (data time/compute time)
164 compute time 0.35 (s) data time 0.16 (s), 0.46 x realtime (data time/compute time)
165 compute time 0.37 (s) data time 0.16 (s), 0.43 x realtime (data time/compute time)
166 compute time 0.36 (s) data time 0.16 (s), 0.45 x realtime (data time/compute time)
167 compute time 0.29 (s) data time 0.16 (s), 0.54 x realtime (data time/compute time)
168 compute time 0.33 (s) data time 0.16 (s), 0.48 x realtime (data time/compute time)
169 compute time 0.33 (s) data time 0.16 (s), 0.49 x realtime (data time/compute time)
170 compute time 0.35 (s) data time 0.16 (s), 0.46 x realtime (data time/compute time)
171 compute time 0.32 (s) data time 0.16 (s), 0.50 x realtime (data time/compute time)
172 compute time 0.34 (s) data time 0.16 (s), 0.47 x realtime (data time/compute time)
173 compute time 0.35 (s) data time 0.16 (s), 0.45 x realtime (data time/compute time)
174 compute time 0.37 (s) data time 0.16 (s), 0.43 x realtime (data time/compute time)
175 compute time 0.52 (s) data time 0.16 (s), 0.31 x realtime (data time/compute time)
176 compute time 0.36 (s) data time 0.16 (s), 0.45 x realtime (data time/compute time)
177 compute time 0.41 (s) data time 0.16 (s), 0.39 x realtime (data time/compute time)
178 compute time 0.41 (s) data time 0.16 (s), 0.39 x realtime (data time/compute time)
179 compute time 0.45 (s) data time 0.16 (s), 0.36 x realtime (data time/compute time)
180 compute time 0.36 (s) data time 0.16 (s), 0.44 x realtime (data time/compute time)
181 compute time 0.40 (s) data time 0.16 (s), 0.40 x realtime (data time/compute time)
182 compute time 0.37 (s) data time 0.16 (s), 0.43 x realtime (data time/compute time)
183 compute time 0.37 (s) data time 0.16 (s), 0.43 x realtime (data time/compute time)
184 compute time 0.34 (s) data time 0.16 (s), 0.47 x realtime (data time/compute time)
185 compute time 0.39 (s) data time 0.16 (s), 0.41 x realtime (data time/compute time)
186 compute time 0.37 (s) data time 0.16 (s), 0.44 x realtime (data time/compute time)
187 compute time 0.43 (s) data time 0.16 (s), 0.38 x realtime (data time/compute time)
188 compute time 0.35 (s) data time 0.16 (s), 0.46 x realtime (data time/compute time)
189 compute time 0.34 (s) data time 0.16 (s), 0.47 x realtime (data time/compute time)
190 compute time 0.46 (s) data time 0.16 (s), 0.35 x realtime (data time/compute time)
191 compute time 0.58 (s) data time 0.16 (s), 0.28 x realtime (data time/compute time)
192 compute time 0.39 (s) data time 0.16 (s), 0.41 x realtime (data time/compute time)
193 compute time 0.36 (s) data time 0.16 (s), 0.44 x realtime (data time/compute time)
194 compute time 0.43 (s) data time 0.16 (s), 0.38 x realtime (data time/compute time)
195 compute time 0.34 (s) data time 0.16 (s), 0.47 x realtime (data time/compute time)
196 compute time 0.32 (s) data time 0.16 (s), 0.50 x realtime (data time/compute time)
197 compute time 0.55 (s) data time 0.16 (s), 0.29 x realtime (data time/compute time)
198 compute time 0.46 (s) data time 0.16 (s), 0.35 x realtime (data time/compute time)
199 compute time 0.36 (s) data time 0.16 (s), 0.44 x realtime (data time/compute time)
200 compute time 0.44 (s) data time 0.16 (s), 0.37 x realtime (data time/compute time)
201 compute time 0.48 (s) data time 0.16 (s), 0.34 x realtime (data time/compute time)
202 compute time 0.34 (s) data time 0.16 (s), 0.48 x realtime (data time/compute time)
203 compute time 0.35 (s) data time 0.16 (s), 0.46 x realtime (data time/compute time)
204 compute time 0.41 (s) data time 0.16 (s), 0.39 x realtime (data time/compute time)
205 compute time 0.35 (s) data time 0.16 (s), 0.46 x realtime (data time/compute time)
206 compute time 0.36 (s) data time 0.16 (s), 0.45 x realtime (data time/compute time)
207 compute time 0.33 (s) data time 0.16 (s), 0.49 x realtime (data time/compute time)
208 compute time 0.31 (s) data time 0.16 (s), 0.51 x realtime (data time/compute time)
209 compute time 0.34 (s) data time 0.16 (s), 0.46 x realtime (data time/compute time)
210 compute time 0.30 (s) data time 0.16 (s), 0.53 x realtime (data time/compute time)
211 compute time 0.37 (s) data time 0.16 (s), 0.44 x realtime (data time/compute time)
212 compute time 0.34 (s) data time 0.16 (s), 0.46 x realtime (data time/compute time)
213 compute time 0.49 (s) data time 0.16 (s), 0.32 x realtime (data time/compute time)
214 compute time 0.40 (s) data time 0.16 (s), 0.40 x realtime (data time/compute time)
215 compute time 0.38 (s) data time 0.16 (s), 0.43 x realtime (data time/compute time)
216 compute time 0.40 (s) data time 0.16 (s), 0.40 x realtime (data time/compute time)
217 compute time 0.40 (s) data time 0.16 (s), 0.40 x realtime (data time/compute time)
218 compute time 0.46 (s) data time 0.16 (s), 0.35 x realtime (data time/compute time)
219 compute time 0.38 (s) data time 0.16 (s), 0.42 x realtime (data time/compute time)
220 compute time 0.43 (s) data time 0.16 (s), 0.38 x realtime (data time/compute time)
221 compute time 0.40 (s) data time 0.16 (s), 0.40 x realtime (data time/compute time)
222 compute time 0.42 (s) data time 0.16 (s), 0.38 x realtime (data time/compute time)
223 compute time 0.45 (s) data time 0.16 (s), 0.36 x realtime (data time/compute time)
224 compute time 0.45 (s) data time 0.16 (s), 0.36 x realtime (data time/compute time)
225 compute time 0.58 (s) data time 0.16 (s), 0.28 x realtime (data time/compute time)
226 compute time 0.41 (s) data time 0.16 (s), 0.39 x realtime (data time/compute time)
227 compute time 0.46 (s) data time 0.16 (s), 0.34 x realtime (data time/compute time)
228 compute time 0.35 (s) data time 0.16 (s), 0.46 x realtime (data time/compute time)
229 compute time 0.35 (s) data time 0.16 (s), 0.46 x realtime (data time/compute time)
230 compute time 0.41 (s) data time 0.16 (s), 0.39 x realtime (data time/compute time)
231 compute time 0.52 (s) data time 0.16 (s), 0.31 x realtime (data time/compute time)
232 compute time 0.35 (s) data time 0.16 (s), 0.45 x realtime (data time/compute time)
233 compute time 0.36 (s) data time 0.16 (s), 0.44 x realtime (data time/compute time)
234 compute time 0.41 (s) data time 0.16 (s), 0.39 x realtime (data time/compute time)
235 compute time 0.38 (s) data time 0.16 (s), 0.42 x realtime (data time/compute time)
236 compute time 0.34 (s) data time 0.16 (s), 0.47 x realtime (data time/compute time)
237 compute time 0.47 (s) data time 0.16 (s), 0.34 x realtime (data time/compute time)
238 compute time 0.87 (s) data time 0.16 (s), 0.18 x realtime (data time/compute time)
239 compute time 0.60 (s) data time 0.16 (s), 0.27 x realtime (data time/compute time)
240 compute time 0.75 (s) data time 0.16 (s), 0.21 x realtime (data time/compute time)
241 compute time 0.52 (s) data time 0.16 (s), 0.31 x realtime (data time/compute time)
242 compute time 0.69 (s) data time 0.16 (s), 0.23 x realtime (data time/compute time)
243 compute time 0.51 (s) data time 0.16 (s), 0.31 x realtime (data time/compute time)
244 compute time 0.51 (s) data time 0.16 (s), 0.31 x realtime (data time/compute time)
245 compute time 0.38 (s) data time 0.16 (s), 0.42 x realtime (data time/compute time)
246 compute time 0.43 (s) data time 0.16 (s), 0.37 x realtime (data time/compute time)
247 compute time 0.44 (s) data time 0.16 (s), 0.36 x realtime (data time/compute time)
248 compute time 0.38 (s) data time 0.16 (s), 0.42 x realtime (data time/compute time)
249 compute time 0.34 (s) data time 0.16 (s), 0.47 x realtime (data time/compute time)
250 compute time 0.36 (s) data time 0.16 (s), 0.45 x realtime (data time/compute time)
251 compute time 0.38 (s) data time 0.16 (s), 0.43 x realtime (data time/compute time)
252 compute time 0.33 (s) data time 0.16 (s), 0.48 x realtime (data time/compute time)
253 compute time 0.38 (s) data time 0.16 (s), 0.42 x realtime (data time/compute time)
254 compute time 0.82 (s) data time 0.16 (s), 0.20 x realtime (data time/compute time)
255 compute time 0.65 (s) data time 0.16 (s), 0.25 x realtime (data time/compute time)
256 compute time 0.81 (s) data time 0.16 (s), 0.20 x realtime (data time/compute time)
257 compute time 0.55 (s) data time 0.16 (s), 0.29 x realtime (data time/compute time)
258 compute time 0.54 (s) data time 0.16 (s), 0.30 x realtime (data time/compute time)
saved /home/ionouser/ionozond_data2//2026-08-12/digisonde_ionogram-Juliusruh-DOB-1786550896.00.h5.png
saving /home/ionouser/ionozond_data2//2026-08-12/digisonde_ionogram-Juliusruh-DOB-1786550896.00.h5
{'ringbuffer_dir': '/dev/shm/hf25', 'output_dir': '/home/ionouser/ionozond_data2/', 'channel': 'ch0', 'receiver': 'DOB', 'sr': 25000000, 'cf': 12500000.0, 'transmitter': 'Juliusruh', 'snr_threshold': 2, 'sounding_interval': 300, 'start_offset': 196, 'sum_ox': True, 'filter_strategy': 'fir', 'use_c_downconvert': True, 'sounding_hrs': [5.5, 18], 'dec': 250, 'freq0': 1010000, 'freq1': 14000000, 'dfreq': 50000, 'ipp': 10000, 'n_ipp': 16, 'offset_us': 2000, 'wait_for_data': True, 'copy_to_server': True}
waiting for more data (181.01 seconds)
waiting for more data (180.01 seconds)
waiting for more data (179.01 seconds)
waiting for more data (178.01 seconds)
waiting for more data (177.01 seconds)
waiting for more data (176.01 seconds)
waiting for more data (175.01 seconds)
waiting for more data (174.01 seconds)
waiting for more data (174.01 seconds)
waiting for more data (173.01 seconds)
waiting for more data (172.01 seconds)
waiting for more data (171.01 seconds)
waiting for more data (170.01 seconds)
waiting for more data (169.01 seconds)
waiting for more data (168.01 seconds)
waiting for more data (167.01 seconds)
waiting for more data (166.01 seconds)
waiting for more data (165.01 seconds)
waiting for more data (164.01 seconds)
waiting for more data (163.01 seconds)
waiting for more data (162.01 seconds)
waiting for more data (161.01 seconds)
waiting for more data (159.01 seconds)
waiting for more data (158.01 seconds)
waiting for more data (158.01 seconds)
waiting for more data (157.01 seconds)
waiting for more data (156.01 seconds)
waiting for more data (155.01 seconds)
waiting for more data (155.01 seconds)
waiting for more data (154.01 seconds)
waiting for more data (153.01 seconds)
waiting for more data (152.01 seconds)
waiting for more data (150.01 seconds)
waiting for more data (149.01 seconds)
waiting for more data (149.01 seconds)
waiting for more data (148.01 seconds)
waiting for more data (147.01 seconds)
waiting for more data (146.01 seconds)
waiting for more data (145.01 seconds)
waiting for more data (144.01 seconds)
waiting for more data (143.01 seconds)
waiting for more data (143.01 seconds)
waiting for more data (142.01 seconds)
waiting for more data (141.01 seconds)
waiting for more data (140.01 seconds)
waiting for more data (139.01 seconds)
waiting for more data (138.01 seconds)
waiting for more data (137.01 seconds)
waiting for more data (136.01 seconds)
waiting for more data (135.01 seconds)
waiting for more data (134.01 seconds)
waiting for more data (134.01 seconds)
waiting for more data (133.01 seconds)
waiting for more data (132.01 seconds)
waiting for more data (131.01 seconds)
waiting for more data (129.01 seconds)
waiting for more data (128.01 seconds)
waiting for more data (128.01 seconds)
waiting for more data (127.01 seconds)
waiting for more data (126.01 seconds)
waiting for more data (125.01 seconds)
waiting for more data (124.01 seconds)
waiting for more data (123.01 seconds)
waiting for more data (122.01 seconds)
waiting for more data (121.01 seconds)
waiting for more data (120.01 seconds)
waiting for more data (119.01 seconds)
waiting for more data (118.01 seconds)
waiting for more data (117.01 seconds)
waiting for more data (116.01 seconds)
waiting for more data (115.01 seconds)
waiting for more data (115.01 seconds)
waiting for more data (114.01 seconds)
waiting for more data (114.01 seconds)
waiting for more data (113.01 seconds)
waiting for more data (112.01 seconds)
waiting for more data (111.01 seconds)
waiting for more data (110.01 seconds)
waiting for more data (109.01 seconds)
waiting for more data (108.01 seconds)
waiting for more data (107.01 seconds)
waiting for more data (106.01 seconds)
waiting for more data (105.01 seconds)
waiting for more data (104.01 seconds)
waiting for more data (103.01 seconds)
waiting for more data (101.01 seconds)
waiting for more data (100.01 seconds)
waiting for more data (100.01 seconds)
waiting for more data (99.01 seconds)
waiting for more data (98.01 seconds)
waiting for more data (97.01 seconds)
waiting for more data (96.01 seconds)
waiting for more data (95.01 seconds)
waiting for more data (94.01 seconds)
waiting for more data (93.01 seconds)
waiting for more data (92.01 seconds)
waiting for more data (91.01 seconds)
waiting for more data (90.01 seconds)
waiting for more data (89.01 seconds)
waiting for more data (87.01 seconds)
waiting for more data (86.01 seconds)
waiting for more data (85.01 seconds)
waiting for more data (84.01 seconds)
waiting for more data (83.01 seconds)
waiting for more data (82.01 seconds)
waiting for more data (81.01 seconds)
waiting for more data (80.01 seconds)
waiting for more data (79.01 seconds)
waiting for more data (78.01 seconds)
waiting for more data (77.01 seconds)
waiting for more data (76.01 seconds)
waiting for more data (75.01 seconds)
waiting for more data (74.01 seconds)
waiting for more data (72.01 seconds)
waiting for more data (71.01 seconds)
waiting for more data (70.01 seconds)
waiting for more data (69.01 seconds)
waiting for more data (68.01 seconds)
waiting for more data (67.01 seconds)
waiting for more data (66.01 seconds)
waiting for more data (65.01 seconds)
waiting for more data (64.01 seconds)
waiting for more data (64.01 seconds)
waiting for more data (63.01 seconds)
waiting for more data (62.01 seconds)
waiting for more data (61.01 seconds)
waiting for more data (60.01 seconds)
waiting for more data (59.01 seconds)
waiting for more data (58.01 seconds)
waiting for more data (57.01 seconds)
waiting for more data (56.01 seconds)
waiting for more data (55.01 seconds)
waiting for more data (54.01 seconds)
waiting for more data (53.01 seconds)
waiting for more data (52.01 seconds)
waiting for more data (51.01 seconds)
waiting for more data (50.01 seconds)
waiting for more data (49.01 seconds)
waiting for more data (48.01 seconds)
waiting for more data (47.01 seconds)
waiting for more data (46.01 seconds)
waiting for more data (45.01 seconds)
waiting for more data (44.01 seconds)
waiting for more data (43.01 seconds)
waiting for more data (42.01 seconds)
waiting for more data (41.01 seconds)
waiting for more data (40.01 seconds)
waiting for more data (40.01 seconds)
waiting for more data (39.01 seconds)
waiting for more data (38.01 seconds)
waiting for more data (37.01 seconds)
waiting for more data (36.01 seconds)
waiting for more data (35.01 seconds)
waiting for more data (34.01 seconds)
waiting for more data (33.01 seconds)
waiting for more data (32.01 seconds)
waiting for more data (31.01 seconds)
waiting for more data (30.01 seconds)
waiting for more data (29.01 seconds)
waiting for more data (28.01 seconds)
waiting for more data (27.01 seconds)
waiting for more data (26.01 seconds)
waiting for more data (25.01 seconds)
waiting for more data (24.01 seconds)
waiting for more data (22.01 seconds)
waiting for more data (21.01 seconds)
waiting for more data (20.01 seconds)
waiting for more data (19.01 seconds)
waiting for more data (17.01 seconds)
waiting for more data (16.01 seconds)
waiting for more data (16.01 seconds)
waiting for more data (15.01 seconds)
waiting for more data (14.01 seconds)
waiting for more data (14.01 seconds)
waiting for more data (13.01 seconds)
waiting for more data (12.01 seconds)
waiting for more data (11.01 seconds)
waiting for more data (10.01 seconds)
waiting for more data (9.01 seconds)
waiting for more data (7.01 seconds)
waiting for more data (6.01 seconds)
waiting for more data (5.01 seconds)
waiting for more data (3.01 seconds)
waiting for more data (2.01 seconds)
waiting for more data (1.01 seconds)
0 compute time 188.26 (s) data time 0.16 (s), 0.00 x realtime (data time/compute time)
1 compute time 0.33 (s) data time 0.16 (s), 0.49 x realtime (data time/compute time)
2 compute time 0.59 (s) data time 0.16 (s), 0.27 x realtime (data time/compute time)
3 compute time 0.62 (s) data time 0.16 (s), 0.26 x realtime (data time/compute time)
4 compute time 0.43 (s) data time 0.16 (s), 0.37 x realtime (data time/compute time)
5 compute time 0.61 (s) data time 0.16 (s), 0.26 x realtime (data time/compute time)
6 compute time 0.42 (s) data time 0.16 (s), 0.38 x realtime (data time/compute time)
7 compute time 0.44 (s) data time 0.16 (s), 0.37 x realtime (data time/compute time)
8 compute time 1.05 (s) data time 0.16 (s), 0.15 x realtime (data time/compute time)
9 compute time 0.67 (s) data time 0.16 (s), 0.24 x realtime (data time/compute time)
10 compute time 0.72 (s) data time 0.16 (s), 0.22 x realtime (data time/compute time)
11 compute time 0.74 (s) data time 0.16 (s), 0.22 x realtime (data time/compute time)
12 compute time 0.78 (s) data time 0.16 (s), 0.21 x realtime (data time/compute time)
13 compute time 0.55 (s) data time 0.16 (s), 0.29 x realtime (data time/compute time)
14 compute time 0.47 (s) data time 0.16 (s), 0.34 x realtime (data time/compute time)
15 compute time 0.34 (s) data time 0.16 (s), 0.47 x realtime (data time/compute time)
16 compute time 0.72 (s) data time 0.16 (s), 0.22 x realtime (data time/compute time)
17 compute time 0.40 (s) data time 0.16 (s), 0.40 x realtime (data time/compute time)
18 compute time 0.33 (s) data time 0.16 (s), 0.49 x realtime (data time/compute time)
19 compute time 0.33 (s) data time 0.16 (s), 0.48 x realtime (data time/compute time)
20 compute time 0.57 (s) data time 0.16 (s), 0.28 x realtime (data time/compute time)
21 compute time 0.30 (s) data time 0.16 (s), 0.53 x realtime (data time/compute time)
22 compute time 0.26 (s) data time 0.16 (s), 0.61 x realtime (data time/compute time)
23 compute time 0.32 (s) data time 0.16 (s), 0.50 x realtime (data time/compute time)
24 compute time 0.36 (s) data time 0.16 (s), 0.44 x realtime (data time/compute time)
25 compute time 0.46 (s) data time 0.16 (s), 0.35 x realtime (data time/compute time)
26 compute time 0.40 (s) data time 0.16 (s), 0.40 x realtime (data time/compute time)
27 compute time 0.37 (s) data time 0.16 (s), 0.43 x realtime (data time/compute time)
28 compute time 0.42 (s) data time 0.16 (s), 0.38 x realtime (data time/compute time)
29 compute time 0.36 (s) data time 0.16 (s), 0.44 x realtime (data time/compute time)
30 compute time 0.32 (s) data time 0.16 (s), 0.50 x realtime (data time/compute time)
31 compute time 0.41 (s) data time 0.16 (s), 0.39 x realtime (data time/compute time)
32 compute time 0.48 (s) data time 0.16 (s), 0.33 x realtime (data time/compute time)
33 compute time 0.30 (s) data time 0.16 (s), 0.53 x realtime (data time/compute time)
34 compute time 0.29 (s) data time 0.16 (s), 0.55 x realtime (data time/compute time)
35 compute time 0.37 (s) data time 0.16 (s), 0.43 x realtime (data time/compute time)
36 compute time 0.51 (s) data time 0.16 (s), 0.31 x realtime (data time/compute time)
37 compute time 0.42 (s) data time 0.16 (s), 0.38 x realtime (data time/compute time)
38 compute time 0.45 (s) data time 0.16 (s), 0.36 x realtime (data time/compute time)
39 compute time 0.54 (s) data time 0.16 (s), 0.30 x realtime (data time/compute time)
40 compute time 0.43 (s) data time 0.16 (s), 0.38 x realtime (data time/compute time)
41 compute time 0.29 (s) data time 0.16 (s), 0.55 x realtime (data time/compute time)
42 compute time 0.29 (s) data time 0.16 (s), 0.56 x realtime (data time/compute time)
43 compute time 0.28 (s) data time 0.16 (s), 0.56 x realtime (data time/compute time)
44 compute time 0.45 (s) data time 0.16 (s), 0.36 x realtime (data time/compute time)
45 compute time 0.31 (s) data time 0.16 (s), 0.51 x realtime (data time/compute time)
46 compute time 0.32 (s) data time 0.16 (s), 0.51 x realtime (data time/compute time)
47 compute time 0.41 (s) data time 0.16 (s), 0.39 x realtime (data time/compute time)
48 compute time 0.44 (s) data time 0.16 (s), 0.37 x realtime (data time/compute time)
49 compute time 0.47 (s) data time 0.16 (s), 0.34 x realtime (data time/compute time)
50 compute time 0.37 (s) data time 0.16 (s), 0.43 x realtime (data time/compute time)
51 compute time 0.31 (s) data time 0.16 (s), 0.52 x realtime (data time/compute time)
52 compute time 0.64 (s) data time 0.16 (s), 0.25 x realtime (data time/compute time)
53 compute time 0.37 (s) data time 0.16 (s), 0.43 x realtime (data time/compute time)
54 compute time 0.35 (s) data time 0.16 (s), 0.46 x realtime (data time/compute time)
55 compute time 0.37 (s) data time 0.16 (s), 0.43 x realtime (data time/compute time)
56 compute time 0.51 (s) data time 0.16 (s), 0.31 x realtime (data time/compute time)
57 compute time 0.35 (s) data time 0.16 (s), 0.45 x realtime (data time/compute time)
58 compute time 0.43 (s) data time 0.16 (s), 0.37 x realtime (data time/compute time)
59 compute time 0.35 (s) data time 0.16 (s), 0.45 x realtime (data time/compute time)
60 compute time 0.36 (s) data time 0.16 (s), 0.44 x realtime (data time/compute time)
61 compute time 0.47 (s) data time 0.16 (s), 0.34 x realtime (data time/compute time)
62 compute time 0.40 (s) data time 0.16 (s), 0.40 x realtime (data time/compute time)
63 compute time 0.31 (s) data time 0.16 (s), 0.51 x realtime (data time/compute time)
64 compute time 0.27 (s) data time 0.16 (s), 0.59 x realtime (data time/compute time)
65 compute time 0.37 (s) data time 0.16 (s), 0.44 x realtime (data time/compute time)
66 compute time 0.50 (s) data time 0.16 (s), 0.32 x realtime (data time/compute time)
67 compute time 0.41 (s) data time 0.16 (s), 0.39 x realtime (data time/compute time)
68 compute time 0.33 (s) data time 0.16 (s), 0.49 x realtime (data time/compute time)
69 compute time 0.39 (s) data time 0.16 (s), 0.42 x realtime (data time/compute time)
70 compute time 0.37 (s) data time 0.16 (s), 0.43 x realtime (data time/compute time)
71 compute time 0.36 (s) data time 0.16 (s), 0.45 x realtime (data time/compute time)
72 compute time 0.38 (s) data time 0.16 (s), 0.42 x realtime (data time/compute time)
73 compute time 0.46 (s) data time 0.16 (s), 0.35 x realtime (data time/compute time)
74 compute time 0.45 (s) data time 0.16 (s), 0.36 x realtime (data time/compute time)
75 compute time 0.40 (s) data time 0.16 (s), 0.40 x realtime (data time/compute time)
76 compute time 0.41 (s) data time 0.16 (s), 0.39 x realtime (data time/compute time)
77 compute time 0.71 (s) data time 0.16 (s), 0.23 x realtime (data time/compute time)
78 compute time 0.51 (s) data time 0.16 (s), 0.31 x realtime (data time/compute time)
79 compute time 0.43 (s) data time 0.16 (s), 0.37 x realtime (data time/compute time)
80 compute time 0.33 (s) data time 0.16 (s), 0.48 x realtime (data time/compute time)
81 compute time 0.40 (s) data time 0.16 (s), 0.40 x realtime (data time/compute time)
82 compute time 0.44 (s) data time 0.16 (s), 0.36 x realtime (data time/compute time)
83 compute time 0.41 (s) data time 0.16 (s), 0.40 x realtime (data time/compute time)
84 compute time 0.48 (s) data time 0.16 (s), 0.33 x realtime (data time/compute time)
85 compute time 0.42 (s) data time 0.16 (s), 0.38 x realtime (data time/compute time)
86 compute time 0.40 (s) data time 0.16 (s), 0.40 x realtime (data time/compute time)
87 compute time 0.47 (s) data time 0.16 (s), 0.34 x realtime (data time/compute time)
88 compute time 0.31 (s) data time 0.16 (s), 0.51 x realtime (data time/compute time)
89 compute time 0.40 (s) data time 0.16 (s), 0.40 x realtime (data time/compute time)
90 compute time 0.34 (s) data time 0.16 (s), 0.47 x realtime (data time/compute time)
91 compute time 0.60 (s) data time 0.16 (s), 0.27 x realtime (data time/compute time)
92 compute time 0.49 (s) data time 0.16 (s), 0.33 x realtime (data time/compute time)
93 compute time 0.49 (s) data time 0.16 (s), 0.33 x realtime (data time/compute time)
94 compute time 0.41 (s) data time 0.16 (s), 0.39 x realtime (data time/compute time)
95 compute time 0.51 (s) data time 0.16 (s), 0.32 x realtime (data time/compute time)
96 compute time 0.49 (s) data time 0.16 (s), 0.32 x realtime (data time/compute time)
97 compute time 0.43 (s) data time 0.16 (s), 0.38 x realtime (data time/compute time)
98 compute time 0.49 (s) data time 0.16 (s), 0.33 x realtime (data time/compute time)
99 compute time 0.55 (s) data time 0.16 (s), 0.29 x realtime (data time/compute time)
100 compute time 0.32 (s) data time 0.16 (s), 0.50 x realtime (data time/compute time)
101 compute time 0.32 (s) data time 0.16 (s), 0.50 x realtime (data time/compute time)
102 compute time 0.34 (s) data time 0.16 (s), 0.47 x realtime (data time/compute time)
103 compute time 0.45 (s) data time 0.16 (s), 0.35 x realtime (data time/compute time)
104 compute time 0.34 (s) data time 0.16 (s), 0.48 x realtime (data time/compute time)
105 compute time 0.35 (s) data time 0.16 (s), 0.46 x realtime (data time/compute time)
106 compute time 0.35 (s) data time 0.16 (s), 0.45 x realtime (data time/compute time)
107 compute time 0.42 (s) data time 0.16 (s), 0.38 x realtime (data time/compute time)
108 compute time 0.35 (s) data time 0.16 (s), 0.45 x realtime (data time/compute time)
109 compute time 0.38 (s) data time 0.16 (s), 0.42 x realtime (data time/compute time)
110 compute time 0.42 (s) data time 0.16 (s), 0.38 x realtime (data time/compute time)
111 compute time 0.50 (s) data time 0.16 (s), 0.32 x realtime (data time/compute time)
112 compute time 0.44 (s) data time 0.16 (s), 0.37 x realtime (data time/compute time)
113 compute time 0.52 (s) data time 0.16 (s), 0.31 x realtime (data time/compute time)
114 compute time 0.36 (s) data time 0.16 (s), 0.44 x realtime (data time/compute time)
115 compute time 0.34 (s) data time 0.16 (s), 0.47 x realtime (data time/compute time)
116 compute time 0.38 (s) data time 0.16 (s), 0.43 x realtime (data time/compute time)
117 compute time 0.35 (s) data time 0.16 (s), 0.46 x realtime (data time/compute time)
118 compute time 0.35 (s) data time 0.16 (s), 0.46 x realtime (data time/compute time)
119 compute time 0.36 (s) data time 0.16 (s), 0.44 x realtime (data time/compute time)
120 compute time 0.41 (s) data time 0.16 (s), 0.39 x realtime (data time/compute time)
121 compute time 0.37 (s) data time 0.16 (s), 0.43 x realtime (data time/compute time)
122 compute time 0.44 (s) data time 0.16 (s), 0.37 x realtime (data time/compute time)
123 compute time 0.33 (s) data time 0.16 (s), 0.48 x realtime (data time/compute time)
124 compute time 0.27 (s) data time 0.16 (s), 0.59 x realtime (data time/compute time)
125 compute time 0.34 (s) data time 0.16 (s), 0.47 x realtime (data time/compute time)
126 compute time 0.41 (s) data time 0.16 (s), 0.39 x realtime (data time/compute time)
127 compute time 0.29 (s) data time 0.16 (s), 0.56 x realtime (data time/compute time)
128 compute time 0.32 (s) data time 0.16 (s), 0.50 x realtime (data time/compute time)
129 compute time 0.30 (s) data time 0.16 (s), 0.54 x realtime (data time/compute time)
130 compute time 0.53 (s) data time 0.16 (s), 0.30 x realtime (data time/compute time)
131 compute time 0.36 (s) data time 0.16 (s), 0.44 x realtime (data time/compute time)
132 compute time 0.41 (s) data time 0.16 (s), 0.39 x realtime (data time/compute time)
133 compute time 0.57 (s) data time 0.16 (s), 0.28 x realtime (data time/compute time)
134 compute time 0.44 (s) data time 0.16 (s), 0.36 x realtime (data time/compute time)
135 compute time 0.46 (s) data time 0.16 (s), 0.35 x realtime (data time/compute time)
136 compute time 0.41 (s) data time 0.16 (s), 0.39 x realtime (data time/compute time)
137 compute time 0.37 (s) data time 0.16 (s), 0.43 x realtime (data time/compute time)
138 compute time 0.36 (s) data time 0.16 (s), 0.45 x realtime (data time/compute time)
139 compute time 0.40 (s) data time 0.16 (s), 0.40 x realtime (data time/compute time)
140 compute time 0.42 (s) data time 0.16 (s), 0.38 x realtime (data time/compute time)
141 compute time 0.39 (s) data time 0.16 (s), 0.41 x realtime (data time/compute time)
142 compute time 0.29 (s) data time 0.16 (s), 0.55 x realtime (data time/compute time)
143 compute time 0.39 (s) data time 0.16 (s), 0.41 x realtime (data time/compute time)
144 compute time 0.31 (s) data time 0.16 (s), 0.51 x realtime (data time/compute time)
145 compute time 0.36 (s) data time 0.16 (s), 0.45 x realtime (data time/compute time)
146 compute time 0.36 (s) data time 0.16 (s), 0.44 x realtime (data time/compute time)
147 compute time 0.52 (s) data time 0.16 (s), 0.31 x realtime (data time/compute time)
148 compute time 0.31 (s) data time 0.16 (s), 0.51 x realtime (data time/compute time)
149 compute time 0.35 (s) data time 0.16 (s), 0.46 x realtime (data time/compute time)
150 compute time 0.33 (s) data time 0.16 (s), 0.48 x realtime (data time/compute time)
151 compute time 0.27 (s) data time 0.16 (s), 0.59 x realtime (data time/compute time)
152 compute time 0.35 (s) data time 0.16 (s), 0.45 x realtime (data time/compute time)
153 compute time 0.31 (s) data time 0.16 (s), 0.52 x realtime (data time/compute time)
154 compute time 0.36 (s) data time 0.16 (s), 0.44 x realtime (data time/compute time)
155 compute time 0.36 (s) data time 0.16 (s), 0.45 x realtime (data time/compute time)
156 compute time 0.27 (s) data time 0.16 (s), 0.59 x realtime (data time/compute time)
157 compute time 0.29 (s) data time 0.16 (s), 0.56 x realtime (data time/compute time)
158 compute time 0.42 (s) data time 0.16 (s), 0.38 x realtime (data time/compute time)
159 compute time 0.36 (s) data time 0.16 (s), 0.44 x realtime (data time/compute time)
160 compute time 0.29 (s) data time 0.16 (s), 0.56 x realtime (data time/compute time)
161 compute time 0.30 (s) data time 0.16 (s), 0.53 x realtime (data time/compute time)
162 compute time 0.46 (s) data time 0.16 (s), 0.35 x realtime (data time/compute time)
163 compute time 0.53 (s) data time 0.16 (s), 0.30 x realtime (data time/compute time)
164 compute time 0.41 (s) data time 0.16 (s), 0.39 x realtime (data time/compute time)
165 compute time 0.54 (s) data time 0.16 (s), 0.30 x realtime (data time/compute time)
166 compute time 0.44 (s) data time 0.16 (s), 0.36 x realtime (data time/compute time)
167 compute time 0.32 (s) data time 0.16 (s), 0.50 x realtime (data time/compute time)
168 compute time 0.29 (s) data time 0.16 (s), 0.56 x realtime (data time/compute time)
169 compute time 0.30 (s) data time 0.16 (s), 0.53 x realtime (data time/compute time)
170 compute time 0.31 (s) data time 0.16 (s), 0.52 x realtime (data time/compute time)
171 compute time 0.35 (s) data time 0.16 (s), 0.45 x realtime (data time/compute time)
172 compute time 0.28 (s) data time 0.16 (s), 0.57 x realtime (data time/compute time)
173 compute time 0.44 (s) data time 0.16 (s), 0.36 x realtime (data time/compute time)
174 compute time 0.39 (s) data time 0.16 (s), 0.41 x realtime (data time/compute time)
175 compute time 0.30 (s) data time 0.16 (s), 0.53 x realtime (data time/compute time)
176 compute time 0.39 (s) data time 0.16 (s), 0.41 x realtime (data time/compute time)
177 compute time 0.34 (s) data time 0.16 (s), 0.46 x realtime (data time/compute time)
178 compute time 0.30 (s) data time 0.16 (s), 0.54 x realtime (data time/compute time)
179 compute time 0.32 (s) data time 0.16 (s), 0.50 x realtime (data time/compute time)
180 compute time 0.45 (s) data time 0.16 (s), 0.36 x realtime (data time/compute time)
181 compute time 0.36 (s) data time 0.16 (s), 0.45 x realtime (data time/compute time)
182 compute time 0.30 (s) data time 0.16 (s), 0.54 x realtime (data time/compute time)
183 compute time 0.36 (s) data time 0.16 (s), 0.44 x realtime (data time/compute time)
184 compute time 0.37 (s) data time 0.16 (s), 0.44 x realtime (data time/compute time)
185 compute time 0.37 (s) data time 0.16 (s), 0.43 x realtime (data time/compute time)
186 compute time 0.33 (s) data time 0.16 (s), 0.48 x realtime (data time/compute time)
187 compute time 0.28 (s) data time 0.16 (s), 0.58 x realtime (data time/compute time)
188 compute time 0.55 (s) data time 0.16 (s), 0.29 x realtime (data time/compute time)
189 compute time 0.38 (s) data time 0.16 (s), 0.42 x realtime (data time/compute time)
190 compute time 0.41 (s) data time 0.16 (s), 0.39 x realtime (data time/compute time)
191 compute time 0.52 (s) data time 0.16 (s), 0.31 x realtime (data time/compute time)
192 compute time 0.37 (s) data time 0.16 (s), 0.43 x realtime (data time/compute time)
193 compute time 0.42 (s) data time 0.16 (s), 0.38 x realtime (data time/compute time)
194 compute time 0.44 (s) data time 0.16 (s), 0.36 x realtime (data time/compute time)
195 compute time 0.30 (s) data time 0.16 (s), 0.54 x realtime (data time/compute time)
196 compute time 0.34 (s) data time 0.16 (s), 0.47 x realtime (data time/compute time)
197 compute time 0.40 (s) data time 0.16 (s), 0.40 x realtime (data time/compute time)
198 compute time 0.41 (s) data time 0.16 (s), 0.39 x realtime (data time/compute time)
199 compute time 0.46 (s) data time 0.16 (s), 0.35 x realtime (data time/compute time)
200 compute time 0.50 (s) data time 0.16 (s), 0.32 x realtime (data time/compute time)
201 compute time 0.43 (s) data time 0.16 (s), 0.37 x realtime (data time/compute time)
202 compute time 0.31 (s) data time 0.16 (s), 0.52 x realtime (data time/compute time)
203 compute time 0.37 (s) data time 0.16 (s), 0.44 x realtime (data time/compute time)
204 compute time 0.45 (s) data time 0.16 (s), 0.35 x realtime (data time/compute time)
205 compute time 0.43 (s) data time 0.16 (s), 0.37 x realtime (data time/compute time)
206 compute time 0.32 (s) data time 0.16 (s), 0.49 x realtime (data time/compute time)
207 compute time 0.34 (s) data time 0.16 (s), 0.47 x realtime (data time/compute time)
208 compute time 0.33 (s) data time 0.16 (s), 0.49 x realtime (data time/compute time)
209 compute time 0.31 (s) data time 0.16 (s), 0.52 x realtime (data time/compute time)
210 compute time 0.31 (s) data time 0.16 (s), 0.52 x realtime (data time/compute time)
211 compute time 0.51 (s) data time 0.16 (s), 0.31 x realtime (data time/compute time)
212 compute time 0.32 (s) data time 0.16 (s), 0.50 x realtime (data time/compute time)
213 compute time 0.29 (s) data time 0.16 (s), 0.56 x realtime (data time/compute time)
214 compute time 0.28 (s) data time 0.16 (s), 0.56 x realtime (data time/compute time)
215 compute time 0.37 (s) data time 0.16 (s), 0.43 x realtime (data time/compute time)
216 compute time 0.27 (s) data time 0.16 (s), 0.60 x realtime (data time/compute time)
217 compute time 0.32 (s) data time 0.16 (s), 0.50 x realtime (data time/compute time)
218 compute time 0.37 (s) data time 0.16 (s), 0.44 x realtime (data time/compute time)
219 compute time 0.39 (s) data time 0.16 (s), 0.41 x realtime (data time/compute time)
220 compute time 0.32 (s) data time 0.16 (s), 0.50 x realtime (data time/compute time)
221 compute time 0.35 (s) data time 0.16 (s), 0.46 x realtime (data time/compute time)
222 compute time 0.35 (s) data time 0.16 (s), 0.45 x realtime (data time/compute time)
223 compute time 0.43 (s) data time 0.16 (s), 0.37 x realtime (data time/compute time)
224 compute time 0.31 (s) data time 0.16 (s), 0.51 x realtime (data time/compute time)
225 compute time 0.36 (s) data time 0.16 (s), 0.44 x realtime (data time/compute time)
226 compute time 0.40 (s) data time 0.16 (s), 0.40 x realtime (data time/compute time)
227 compute time 0.47 (s) data time 0.16 (s), 0.34 x realtime (data time/compute time)
228 compute time 0.35 (s) data time 0.16 (s), 0.46 x realtime (data time/compute time)
229 compute time 0.30 (s) data time 0.16 (s), 0.53 x realtime (data time/compute time)
230 compute time 0.31 (s) data time 0.16 (s), 0.52 x realtime (data time/compute time)
231 compute time 0.42 (s) data time 0.16 (s), 0.38 x realtime (data time/compute time)
232 compute time 0.40 (s) data time 0.16 (s), 0.40 x realtime (data time/compute time)
233 compute time 0.32 (s) data time 0.16 (s), 0.51 x realtime (data time/compute time)
234 compute time 0.31 (s) data time 0.16 (s), 0.52 x realtime (data time/compute time)
235 compute time 0.32 (s) data time 0.16 (s), 0.50 x realtime (data time/compute time)
236 compute time 0.29 (s) data time 0.16 (s), 0.54 x realtime (data time/compute time)
237 compute time 0.30 (s) data time 0.16 (s), 0.54 x realtime (data time/compute time)
238 compute time 0.28 (s) data time 0.16 (s), 0.58 x realtime (data time/compute time)
239 compute time 0.30 (s) data time 0.16 (s), 0.53 x realtime (data time/compute time)
240 compute time 0.47 (s) data time 0.16 (s), 0.34 x realtime (data time/compute time)
241 compute time 0.61 (s) data time 0.16 (s), 0.26 x realtime (data time/compute time)
242 compute time 0.44 (s) data time 0.16 (s), 0.36 x realtime (data time/compute time)
243 compute time 0.47 (s) data time 0.16 (s), 0.34 x realtime (data time/compute time)
244 compute time 0.39 (s) data time 0.16 (s), 0.41 x realtime (data time/compute time)
245 compute time 0.54 (s) data time 0.16 (s), 0.30 x realtime (data time/compute time)
246 compute time 0.47 (s) data time 0.16 (s), 0.34 x realtime (data time/compute time)
247 compute time 0.60 (s) data time 0.16 (s), 0.27 x realtime (data time/compute time)
248 compute time 0.47 (s) data time 0.16 (s), 0.34 x realtime (data time/compute time)
249 compute time 0.43 (s) data time 0.16 (s), 0.37 x realtime (data time/compute time)
250 compute time 0.74 (s) data time 0.16 (s), 0.22 x realtime (data time/compute time)
251 compute time 0.44 (s) data time 0.16 (s), 0.37 x realtime (data time/compute time)
252 compute time 0.43 (s) data time 0.16 (s), 0.38 x realtime (data time/compute time)
253 compute time 0.48 (s) data time 0.16 (s), 0.33 x realtime (data time/compute time)
254 compute time 0.47 (s) data time 0.16 (s), 0.34 x realtime (data time/compute time)
255 compute time 0.72 (s) data time 0.16 (s), 0.22 x realtime (data time/compute time)
256 compute time 0.93 (s) data time 0.16 (s), 0.17 x realtime (data time/compute time)
257 compute time 1.13 (s) data time 0.16 (s), 0.14 x realtime (data time/compute time)
258 compute time 0.60 (s) data time 0.16 (s), 0.26 x realtime (data time/compute time)
saved /home/ionouser/ionozond_data2//2026-08-12/digisonde_ionogram-Juliusruh-DOB-1786551196.00.h5.png
saving /home/ionouser/ionozond_data2//2026-08-12/digisonde_ionogram-Juliusruh-DOB-1786551196.00.h5
{'ringbuffer_dir': '/dev/shm/hf25', 'output_dir': '/home/ionouser/ionozond_data2/', 'channel': 'ch0', 'receiver': 'DOB', 'sr': 25000000, 'cf': 12500000.0, 'transmitter': 'Juliusruh', 'snr_threshold': 2, 'sounding_interval': 300, 'start_offset': 196, 'sum_ox': True, 'filter_strategy': 'fir', 'use_c_downconvert': True, 'sounding_hrs': [5.5, 18], 'dec': 250, 'freq0': 1010000, 'freq1': 14000000, 'dfreq': 50000, 'ipp': 10000, 'n_ipp': 16, 'offset_us': 2000, 'wait_for_data': True, 'copy_to_server': True}
waiting for more data (185.01 seconds)
waiting for more data (184.01 seconds)
waiting for more data (183.01 seconds)
waiting for more data (182.01 seconds)
waiting for more data (181.01 seconds)
waiting for more data (180.01 seconds)
waiting for more data (179.01 seconds)
waiting for more data (178.01 seconds)
waiting for more data (177.01 seconds)
waiting for more data (176.01 seconds)
waiting for more data (175.01 seconds)
waiting for more data (175.01 seconds)
waiting for more data (174.01 seconds)
waiting for more data (173.01 seconds)
waiting for more data (173.01 seconds)
waiting for more data (172.01 seconds)
waiting for more data (171.01 seconds)
waiting for more data (170.01 seconds)
waiting for more data (169.01 seconds)
waiting for more data (168.01 seconds)
waiting for more data (167.01 seconds)
waiting for more data (166.01 seconds)
waiting for more data (165.01 seconds)
waiting for more data (164.01 seconds)
waiting for more data (163.01 seconds)
waiting for more data (162.01 seconds)
waiting for more data (161.01 seconds)
waiting for more data (161.01 seconds)
waiting for more data (160.01 seconds)
waiting for more data (159.01 seconds)
waiting for more data (159.01 seconds)
waiting for more data (158.01 seconds)
waiting for more data (157.01 seconds)
waiting for more data (156.01 seconds)
waiting for more data (155.01 seconds)
waiting for more data (154.01 seconds)
waiting for more data (153.01 seconds)
waiting for more data (152.01 seconds)
waiting for more data (152.01 seconds)
waiting for more data (151.01 seconds)
waiting for more data (150.01 seconds)
waiting for more data (149.01 seconds)
waiting for more data (149.01 seconds)
waiting for more data (148.01 seconds)
waiting for more data (147.01 seconds)
waiting for more data (146.01 seconds)
waiting for more data (145.01 seconds)
waiting for more data (144.01 seconds)
waiting for more data (144.01 seconds)
waiting for more data (143.01 seconds)
waiting for more data (142.01 seconds)
waiting for more data (141.01 seconds)
waiting for more data (139.01 seconds)
waiting for more data (138.01 seconds)
waiting for more data (138.01 seconds)
waiting for more data (137.01 seconds)
waiting for more data (136.01 seconds)
waiting for more data (135.01 seconds)
waiting for more data (134.01 seconds)
waiting for more data (133.01 seconds)
waiting for more data (132.01 seconds)
waiting for more data (131.01 seconds)
waiting for more data (130.01 seconds)
waiting for more data (130.01 seconds)
waiting for more data (129.01 seconds)
waiting for more data (128.01 seconds)
waiting for more data (126.01 seconds)
waiting for more data (125.01 seconds)
waiting for more data (124.01 seconds)
waiting for more data (123.01 seconds)
waiting for more data (122.01 seconds)
waiting for more data (121.01 seconds)
waiting for more data (120.01 seconds)
waiting for more data (119.01 seconds)
waiting for more data (118.01 seconds)
waiting for more data (117.01 seconds)
waiting for more data (116.01 seconds)
waiting for more data (115.01 seconds)
waiting for more data (115.01 seconds)
waiting for more data (114.01 seconds)
waiting for more data (113.01 seconds)
waiting for more data (112.01 seconds)
waiting for more data (111.01 seconds)
waiting for more data (111.01 seconds)
waiting for more data (110.01 seconds)
waiting for more data (109.01 seconds)
waiting for more data (108.01 seconds)
waiting for more data (107.01 seconds)
waiting for more data (106.01 seconds)
waiting for more data (105.01 seconds)
waiting for more data (105.01 seconds)
waiting for more data (103.01 seconds)
waiting for more data (103.01 seconds)
waiting for more data (102.01 seconds)
waiting for more data (101.01 seconds)
waiting for more data (100.01 seconds)
waiting for more data (99.01 seconds)
waiting for more data (99.01 seconds)
waiting for more data (98.01 seconds)
waiting for more data (97.01 seconds)
waiting for more data (96.01 seconds)
waiting for more data (95.01 seconds)
waiting for more data (94.01 seconds)
waiting for more data (93.01 seconds)
waiting for more data (92.01 seconds)
waiting for more data (91.01 seconds)
waiting for more data (91.01 seconds)
waiting for more data (90.01 seconds)
waiting for more data (89.01 seconds)
waiting for more data (89.01 seconds)
waiting for more data (88.01 seconds)
waiting for more data (87.01 seconds)
waiting for more data (86.01 seconds)
waiting for more data (85.01 seconds)
waiting for more data (85.01 seconds)
waiting for more data (84.01 seconds)
waiting for more data (83.01 seconds)
waiting for more data (82.01 seconds)
waiting for more data (81.01 seconds)
waiting for more data (81.01 seconds)
waiting for more data (80.01 seconds)
waiting for more data (79.01 seconds)
waiting for more data (78.01 seconds)
waiting for more data (78.01 seconds)
waiting for more data (77.01 seconds)
waiting for more data (76.01 seconds)
waiting for more data (75.01 seconds)
waiting for more data (74.01 seconds)
waiting for more data (73.01 seconds)
waiting for more data (72.01 seconds)
waiting for more data (71.01 seconds)
waiting for more data (71.01 seconds)
waiting for more data (70.01 seconds)
waiting for more data (69.01 seconds)
waiting for more data (68.01 seconds)
waiting for more data (67.01 seconds)
waiting for more data (66.01 seconds)
waiting for more data (65.01 seconds)
waiting for more data (65.01 seconds)
waiting for more data (64.01 seconds)
waiting for more data (63.01 seconds)
waiting for more data (62.01 seconds)
waiting for more data (61.01 seconds)
waiting for more data (60.01 seconds)
waiting for more data (59.01 seconds)
waiting for more data (59.01 seconds)
waiting for more data (58.01 seconds)
waiting for more data (57.01 seconds)
waiting for more data (56.01 seconds)
waiting for more data (55.01 seconds)
waiting for more data (53.01 seconds)
waiting for more data (52.01 seconds)
waiting for more data (51.01 seconds)
waiting for more data (50.01 seconds)
waiting for more data (49.01 seconds)
waiting for more data (48.01 seconds)
waiting for more data (46.01 seconds)
waiting for more data (45.01 seconds)
waiting for more data (44.01 seconds)
waiting for more data (43.01 seconds)
waiting for more data (42.01 seconds)
waiting for more data (41.01 seconds)
waiting for more data (40.01 seconds)
waiting for more data (39.01 seconds)
waiting for more data (38.01 seconds)
waiting for more data (37.01 seconds)
waiting for more data (35.01 seconds)
waiting for more data (34.01 seconds)
waiting for more data (33.01 seconds)
waiting for more data (32.01 seconds)
waiting for more data (31.01 seconds)
waiting for more data (29.01 seconds)
waiting for more data (27.01 seconds)
waiting for more data (26.01 seconds)
waiting for more data (25.01 seconds)
waiting for more data (23.01 seconds)
waiting for more data (22.01 seconds)
waiting for more data (21.01 seconds)
waiting for more data (20.01 seconds)
waiting for more data (19.01 seconds)
waiting for more data (17.01 seconds)
waiting for more data (16.01 seconds)
waiting for more data (15.01 seconds)
waiting for more data (13.01 seconds)
waiting for more data (12.01 seconds)
waiting for more data (10.01 seconds)
waiting for more data (9.01 seconds)
waiting for more data (8.01 seconds)
waiting for more data (7.01 seconds)
waiting for more data (6.01 seconds)
waiting for more data (5.01 seconds)
waiting for more data (4.01 seconds)
waiting for more data (2.01 seconds)
waiting for more data (1.01 seconds)
waiting for more data (0.01 seconds)
0 compute time 198.31 (s) data time 0.16 (s), 0.00 x realtime (data time/compute time)
1 compute time 0.61 (s) data time 0.16 (s), 0.26 x realtime (data time/compute time)
2 compute time 0.56 (s) data time 0.16 (s), 0.29 x realtime (data time/compute time)
3 compute time 0.50 (s) data time 0.16 (s), 0.32 x realtime (data time/compute time)
4 compute time 0.43 (s) data time 0.16 (s), 0.37 x realtime (data time/compute time)
5 compute time 0.42 (s) data time 0.16 (s), 0.38 x realtime (data time/compute time)
6 compute time 0.54 (s) data time 0.16 (s), 0.30 x realtime (data time/compute time)
7 compute time 0.63 (s) data time 0.16 (s), 0.25 x realtime (data time/compute time)
8 compute time 0.53 (s) data time 0.16 (s), 0.30 x realtime (data time/compute time)
9 compute time 0.74 (s) data time 0.16 (s), 0.22 x realtime (data time/compute time)
10 compute time 0.63 (s) data time 0.16 (s), 0.25 x realtime (data time/compute time)
11 compute time 0.54 (s) data time 0.16 (s), 0.29 x realtime (data time/compute time)
12 compute time 0.48 (s) data time 0.16 (s), 0.33 x realtime (data time/compute time)
13 compute time 0.52 (s) data time 0.16 (s), 0.31 x realtime (data time/compute time)
14 compute time 0.33 (s) data time 0.16 (s), 0.48 x realtime (data time/compute time)
15 compute time 0.53 (s) data time 0.16 (s), 0.30 x realtime (data time/compute time)
16 compute time 0.39 (s) data time 0.16 (s), 0.42 x realtime (data time/compute time)
17 compute time 0.38 (s) data time 0.16 (s), 0.42 x realtime (data time/compute time)
18 compute time 0.50 (s) data time 0.16 (s), 0.32 x realtime (data time/compute time)
19 compute time 0.40 (s) data time 0.16 (s), 0.40 x realtime (data time/compute time)
20 compute time 0.35 (s) data time 0.16 (s), 0.45 x realtime (data time/compute time)
21 compute time 0.36 (s) data time 0.16 (s), 0.45 x realtime (data time/compute time)
22 compute time 0.31 (s) data time 0.16 (s), 0.52 x realtime (data time/compute time)
23 compute time 0.36 (s) data time 0.16 (s), 0.44 x realtime (data time/compute time)
24 compute time 0.44 (s) data time 0.16 (s), 0.37 x realtime (data time/compute time)
25 compute time 0.40 (s) data time 0.16 (s), 0.40 x realtime (data time/compute time)
26 compute time 0.35 (s) data time 0.16 (s), 0.46 x realtime (data time/compute time)
27 compute time 0.34 (s) data time 0.16 (s), 0.46 x realtime (data time/compute time)
28 compute time 0.37 (s) data time 0.16 (s), 0.43 x realtime (data time/compute time)
29 compute time 0.36 (s) data time 0.16 (s), 0.44 x realtime (data time/compute time)
30 compute time 0.32 (s) data time 0.16 (s), 0.50 x realtime (data time/compute time)
31 compute time 0.32 (s) data time 0.16 (s), 0.50 x realtime (data time/compute time)
32 compute time 0.35 (s) data time 0.16 (s), 0.46 x realtime (data time/compute time)
33 compute time 0.35 (s) data time 0.16 (s), 0.46 x realtime (data time/compute time)
34 compute time 0.38 (s) data time 0.16 (s), 0.42 x realtime (data time/compute time)
35 compute time 0.33 (s) data time 0.16 (s), 0.48 x realtime (data time/compute time)
36 compute time 0.37 (s) data time 0.16 (s), 0.44 x realtime (data time/compute time)
37 compute time 0.45 (s) data time 0.16 (s), 0.36 x realtime (data time/compute time)
38 compute time 0.37 (s) data time 0.16 (s), 0.43 x realtime (data time/compute time)
39 compute time 0.34 (s) data time 0.16 (s), 0.47 x realtime (data time/compute time)
40 compute time 0.37 (s) data time 0.16 (s), 0.43 x realtime (data time/compute time)
41 compute time 0.40 (s) data time 0.16 (s), 0.40 x realtime (data time/compute time)
42 compute time 0.38 (s) data time 0.16 (s), 0.42 x realtime (data time/compute time)
43 compute time 0.38 (s) data time 0.16 (s), 0.42 x realtime (data time/compute time)
44 compute time 0.37 (s) data time 0.16 (s), 0.43 x realtime (data time/compute time)
45 compute time 0.34 (s) data time 0.16 (s), 0.47 x realtime (data time/compute time)
46 compute time 0.34 (s) data time 0.16 (s), 0.47 x realtime (data time/compute time)
47 compute time 0.34 (s) data time 0.16 (s), 0.47 x realtime (data time/compute time)
48 compute time 0.42 (s) data time 0.16 (s), 0.38 x realtime (data time/compute time)
49 compute time 0.35 (s) data time 0.16 (s), 0.46 x realtime (data time/compute time)
50 compute time 0.32 (s) data time 0.16 (s), 0.49 x realtime (data time/compute time)
51 compute time 0.33 (s) data time 0.16 (s), 0.48 x realtime (data time/compute time)
52 compute time 0.39 (s) data time 0.16 (s), 0.41 x realtime (data time/compute time)
53 compute time 0.34 (s) data time 0.16 (s), 0.48 x realtime (data time/compute time)
54 compute time 0.32 (s) data time 0.16 (s), 0.50 x realtime (data time/compute time)
55 compute time 0.34 (s) data time 0.16 (s), 0.47 x realtime (data time/compute time)
56 compute time 0.37 (s) data time 0.16 (s), 0.44 x realtime (data time/compute time)
57 compute time 0.45 (s) data time 0.16 (s), 0.35 x realtime (data time/compute time)
58 compute time 0.43 (s) data time 0.16 (s), 0.37 x realtime (data time/compute time)
59 compute time 0.38 (s) data time 0.16 (s), 0.42 x realtime (data time/compute time)
60 compute time 0.41 (s) data time 0.16 (s), 0.39 x realtime (data time/compute time)
61 compute time 0.44 (s) data time 0.16 (s), 0.37 x realtime (data time/compute time)
62 compute time 0.37 (s) data time 0.16 (s), 0.43 x realtime (data time/compute time)
63 compute time 0.37 (s) data time 0.16 (s), 0.43 x realtime (data time/compute time)
64 compute time 0.42 (s) data time 0.16 (s), 0.38 x realtime (data time/compute time)
65 compute time 0.33 (s) data time 0.16 (s), 0.49 x realtime (data time/compute time)
66 compute time 0.29 (s) data time 0.16 (s), 0.54 x realtime (data time/compute time)
67 compute time 0.70 (s) data time 0.16 (s), 0.23 x realtime (data time/compute time)
68 compute time 0.38 (s) data time 0.16 (s), 0.42 x realtime (data time/compute time)
69 compute time 0.36 (s) data time 0.16 (s), 0.45 x realtime (data time/compute time)
70 compute time 0.48 (s) data time 0.16 (s), 0.34 x realtime (data time/compute time)
71 compute time 0.35 (s) data time 0.16 (s), 0.45 x realtime (data time/compute time)
72 compute time 0.43 (s) data time 0.16 (s), 0.37 x realtime (data time/compute time)
73 compute time 0.44 (s) data time 0.16 (s), 0.37 x realtime (data time/compute time)
74 compute time 0.41 (s) data time 0.16 (s), 0.39 x realtime (data time/compute time)
75 compute time 0.31 (s) data time 0.16 (s), 0.52 x realtime (data time/compute time)
76 compute time 0.40 (s) data time 0.16 (s), 0.40 x realtime (data time/compute time)
77 compute time 0.57 (s) data time 0.16 (s), 0.28 x realtime (data time/compute time)
78 compute time 0.52 (s) data time 0.16 (s), 0.31 x realtime (data time/compute time)
79 compute time 0.60 (s) data time 0.16 (s), 0.27 x realtime (data time/compute time)
80 compute time 0.53 (s) data time 0.16 (s), 0.30 x realtime (data time/compute time)
81 compute time 0.63 (s) data time 0.16 (s), 0.26 x realtime (data time/compute time)
82 compute time 0.53 (s) data time 0.16 (s), 0.30 x realtime (data time/compute time)
83 compute time 0.38 (s) data time 0.16 (s), 0.42 x realtime (data time/compute time)
84 compute time 0.40 (s) data time 0.16 (s), 0.40 x realtime (data time/compute time)
85 compute time 0.38 (s) data time 0.16 (s), 0.42 x realtime (data time/compute time)
86 compute time 0.59 (s) data time 0.16 (s), 0.27 x realtime (data time/compute time)
87 compute time 0.38 (s) data time 0.16 (s), 0.42 x realtime (data time/compute time)
88 compute time 0.34 (s) data time 0.16 (s), 0.47 x realtime (data time/compute time)
89 compute time 0.54 (s) data time 0.16 (s), 0.30 x realtime (data time/compute time)
90 compute time 0.41 (s) data time 0.16 (s), 0.39 x realtime (data time/compute time)
91 compute time 0.55 (s) data time 0.16 (s), 0.29 x realtime (data time/compute time)
92 compute time 0.69 (s) data time 0.16 (s), 0.23 x realtime (data time/compute time)
93 compute time 0.60 (s) data time 0.16 (s), 0.27 x realtime (data time/compute time)
94 compute time 0.81 (s) data time 0.16 (s), 0.20 x realtime (data time/compute time)
95 compute time 0.41 (s) data time 0.16 (s), 0.39 x realtime (data time/compute time)
96 compute time 0.35 (s) data time 0.16 (s), 0.45 x realtime (data time/compute time)
97 compute time 0.47 (s) data time 0.16 (s), 0.34 x realtime (data time/compute time)
98 compute time 0.35 (s) data time 0.16 (s), 0.46 x realtime (data time/compute time)
99 compute time 0.59 (s) data time 0.16 (s), 0.27 x realtime (data time/compute time)
100 compute time 0.40 (s) data time 0.16 (s), 0.40 x realtime (data time/compute time)
101 compute time 0.35 (s) data time 0.16 (s), 0.46 x realtime (data time/compute time)
102 compute time 0.36 (s) data time 0.16 (s), 0.45 x realtime (data time/compute time)
103 compute time 0.35 (s) data time 0.16 (s), 0.46 x realtime (data time/compute time)
104 compute time 0.42 (s) data time 0.16 (s), 0.38 x realtime (data time/compute time)
105 compute time 0.47 (s) data time 0.16 (s), 0.34 x realtime (data time/compute time)
106 compute time 0.28 (s) data time 0.16 (s), 0.57 x realtime (data time/compute time)
107 compute time 0.37 (s) data time 0.16 (s), 0.43 x realtime (data time/compute time)
108 compute time 0.37 (s) data time 0.16 (s), 0.43 x realtime (data time/compute time)
109 compute time 0.46 (s) data time 0.16 (s), 0.35 x realtime (data time/compute time)
110 compute time 0.91 (s) data time 0.16 (s), 0.18 x realtime (data time/compute time)
111 compute time 0.39 (s) data time 0.16 (s), 0.41 x realtime (data time/compute time)
112 compute time 0.35 (s) data time 0.16 (s), 0.46 x realtime (data time/compute time)
113 compute time 0.49 (s) data time 0.16 (s), 0.33 x realtime (data time/compute time)
114 compute time 0.76 (s) data time 0.16 (s), 0.21 x realtime (data time/compute time)
115 compute time 0.63 (s) data time 0.16 (s), 0.25 x realtime (data time/compute time)
116 compute time 0.45 (s) data time 0.16 (s), 0.36 x realtime (data time/compute time)
117 compute time 0.37 (s) data time 0.16 (s), 0.43 x realtime (data time/compute time)
118 compute time 0.37 (s) data time 0.16 (s), 0.43 x realtime (data time/compute time)
119 compute time 0.43 (s) data time 0.16 (s), 0.37 x realtime (data time/compute time)
120 compute time 0.39 (s) data time 0.16 (s), 0.41 x realtime (data time/compute time)
121 compute time 0.39 (s) data time 0.16 (s), 0.41 x realtime (data time/compute time)
122 compute time 0.35 (s) data time 0.16 (s), 0.46 x realtime (data time/compute time)
123 compute time 0.35 (s) data time 0.16 (s), 0.46 x realtime (data time/compute time)
124 compute time 0.35 (s) data time 0.16 (s), 0.45 x realtime (data time/compute time)
125 compute time 0.34 (s) data time 0.16 (s), 0.47 x realtime (data time/compute time)
126 compute time 0.40 (s) data time 0.16 (s), 0.40 x realtime (data time/compute time)
127 compute time 0.46 (s) data time 0.16 (s), 0.35 x realtime (data time/compute time)
128 compute time 0.47 (s) data time 0.16 (s), 0.34 x realtime (data time/compute time)
129 compute time 0.60 (s) data time 0.16 (s), 0.27 x realtime (data time/compute time)
130 compute time 0.54 (s) data time 0.16 (s), 0.29 x realtime (data time/compute time)
131 compute time 0.42 (s) data time 0.16 (s), 0.38 x realtime (data time/compute time)
132 compute time 0.37 (s) data time 0.16 (s), 0.43 x realtime (data time/compute time)
133 compute time 0.40 (s) data time 0.16 (s), 0.40 x realtime (data time/compute time)
134 compute time 0.42 (s) data time 0.16 (s), 0.39 x realtime (data time/compute time)
135 compute time 0.57 (s) data time 0.16 (s), 0.28 x realtime (data time/compute time)
136 compute time 0.35 (s) data time 0.16 (s), 0.46 x realtime (data time/compute time)
137 compute time 0.44 (s) data time 0.16 (s), 0.37 x realtime (data time/compute time)
138 compute time 0.40 (s) data time 0.16 (s), 0.40 x realtime (data time/compute time)
139 compute time 0.45 (s) data time 0.16 (s), 0.35 x realtime (data time/compute time)
140 compute time 0.49 (s) data time 0.16 (s), 0.33 x realtime (data time/compute time)
141 compute time 0.39 (s) data time 0.16 (s), 0.41 x realtime (data time/compute time)
142 compute time 0.33 (s) data time 0.16 (s), 0.48 x realtime (data time/compute time)
143 compute time 0.53 (s) data time 0.16 (s), 0.30 x realtime (data time/compute time)
144 compute time 0.34 (s) data time 0.16 (s), 0.47 x realtime (data time/compute time)
145 compute time 0.35 (s) data time 0.16 (s), 0.45 x realtime (data time/compute time)
146 compute time 0.43 (s) data time 0.16 (s), 0.37 x realtime (data time/compute time)
147 compute time 0.42 (s) data time 0.16 (s), 0.38 x realtime (data time/compute time)
148 compute time 0.44 (s) data time 0.16 (s), 0.37 x realtime (data time/compute time)
149 compute time 0.45 (s) data time 0.16 (s), 0.35 x realtime (data time/compute time)
150 compute time 0.41 (s) data time 0.16 (s), 0.39 x realtime (data time/compute time)
151 compute time 0.41 (s) data time 0.16 (s), 0.39 x realtime (data time/compute time)
152 compute time 0.44 (s) data time 0.16 (s), 0.36 x realtime (data time/compute time)
153 compute time 0.42 (s) data time 0.16 (s), 0.38 x realtime (data time/compute time)
154 compute time 0.39 (s) data time 0.16 (s), 0.41 x realtime (data time/compute time)
155 compute time 0.36 (s) data time 0.16 (s), 0.44 x realtime (data time/compute time)
156 compute time 0.39 (s) data time 0.16 (s), 0.41 x realtime (data time/compute time)
157 compute time 0.28 (s) data time 0.16 (s), 0.57 x realtime (data time/compute time)
158 compute time 0.30 (s) data time 0.16 (s), 0.54 x realtime (data time/compute time)
159 compute time 0.36 (s) data time 0.16 (s), 0.44 x realtime (data time/compute time)
160 compute time 0.47 (s) data time 0.16 (s), 0.34 x realtime (data time/compute time)
161 compute time 0.24 (s) data time 0.16 (s), 0.67 x realtime (data time/compute time)
162 compute time 0.44 (s) data time 0.16 (s), 0.37 x realtime (data time/compute time)
163 compute time 0.52 (s) data time 0.16 (s), 0.31 x realtime (data time/compute time)
164 compute time 0.31 (s) data time 0.16 (s), 0.52 x realtime (data time/compute time)
165 compute time 0.39 (s) data time 0.16 (s), 0.41 x realtime (data time/compute time)
166 compute time 0.27 (s) data time 0.16 (s), 0.58 x realtime (data time/compute time)
167 compute time 0.57 (s) data time 0.16 (s), 0.28 x realtime (data time/compute time)
168 compute time 0.53 (s) data time 0.16 (s), 0.30 x realtime (data time/compute time)
169 compute time 0.57 (s) data time 0.16 (s), 0.28 x realtime (data time/compute time)
170 compute time 0.49 (s) data time 0.16 (s), 0.33 x realtime (data time/compute time)
171 compute time 0.34 (s) data time 0.16 (s), 0.47 x realtime (data time/compute time)
172 compute time 0.43 (s) data time 0.16 (s), 0.37 x realtime (data time/compute time)
173 compute time 0.49 (s) data time 0.16 (s), 0.32 x realtime (data time/compute time)
174 compute time 0.43 (s) data time 0.16 (s), 0.37 x realtime (data time/compute time)
175 compute time 0.29 (s) data time 0.16 (s), 0.56 x realtime (data time/compute time)
176 compute time 0.33 (s) data time 0.16 (s), 0.49 x realtime (data time/compute time)
177 compute time 0.29 (s) data time 0.16 (s), 0.55 x realtime (data time/compute time)
178 compute time 0.38 (s) data time 0.16 (s), 0.43 x realtime (data time/compute time)
179 compute time 0.40 (s) data time 0.16 (s), 0.40 x realtime (data time/compute time)
180 compute time 0.35 (s) data time 0.16 (s), 0.45 x realtime (data time/compute time)
181 compute time 0.45 (s) data time 0.16 (s), 0.36 x realtime (data time/compute time)
182 compute time 0.36 (s) data time 0.16 (s), 0.45 x realtime (data time/compute time)
183 compute time 0.32 (s) data time 0.16 (s), 0.49 x realtime (data time/compute time)
184 compute time 0.30 (s) data time 0.16 (s), 0.54 x realtime (data time/compute time)
185 compute time 0.33 (s) data time 0.16 (s), 0.48 x realtime (data time/compute time)
186 compute time 0.32 (s) data time 0.16 (s), 0.51 x realtime (data time/compute time)
187 compute time 0.35 (s) data time 0.16 (s), 0.46 x realtime (data time/compute time)
188 compute time 0.33 (s) data time 0.16 (s), 0.48 x realtime (data time/compute time)
189 compute time 0.33 (s) data time 0.16 (s), 0.49 x realtime (data time/compute time)
190 compute time 0.48 (s) data time 0.16 (s), 0.34 x realtime (data time/compute time)
191 compute time 0.47 (s) data time 0.16 (s), 0.34 x realtime (data time/compute time)
192 compute time 0.57 (s) data time 0.16 (s), 0.28 x realtime (data time/compute time)
193 compute time 0.57 (s) data time 0.16 (s), 0.28 x realtime (data time/compute time)
194 compute time 0.46 (s) data time 0.16 (s), 0.35 x realtime (data time/compute time)
195 compute time 0.48 (s) data time 0.16 (s), 0.34 x realtime (data time/compute time)
196 compute time 0.32 (s) data time 0.16 (s), 0.49 x realtime (data time/compute time)
197 compute time 0.44 (s) data time 0.16 (s), 0.36 x realtime (data time/compute time)
198 compute time 0.35 (s) data time 0.16 (s), 0.46 x realtime (data time/compute time)
199 compute time 0.47 (s) data time 0.16 (s), 0.34 x realtime (data time/compute time)
200 compute time 0.30 (s) data time 0.16 (s), 0.54 x realtime (data time/compute time)
201 compute time 0.27 (s) data time 0.16 (s), 0.58 x realtime (data time/compute time)
202 compute time 0.31 (s) data time 0.16 (s), 0.52 x realtime (data time/compute time)
203 compute time 0.58 (s) data time 0.16 (s), 0.28 x realtime (data time/compute time)
204 compute time 0.35 (s) data time 0.16 (s), 0.46 x realtime (data time/compute time)
205 compute time 0.41 (s) data time 0.16 (s), 0.39 x realtime (data time/compute time)
206 compute time 0.55 (s) data time 0.16 (s), 0.29 x realtime (data time/compute time)
207 compute time 0.48 (s) data time 0.16 (s), 0.34 x realtime (data time/compute time)
208 compute time 0.43 (s) data time 0.16 (s), 0.37 x realtime (data time/compute time)
209 compute time 0.44 (s) data time 0.16 (s), 0.36 x realtime (data time/compute time)
210 compute time 0.37 (s) data time 0.16 (s), 0.43 x realtime (data time/compute time)
211 compute time 0.37 (s) data time 0.16 (s), 0.43 x realtime (data time/compute time)
212 compute time 0.55 (s) data time 0.16 (s), 0.29 x realtime (data time/compute time)
213 compute time 0.42 (s) data time 0.16 (s), 0.38 x realtime (data time/compute time)
214 compute time 0.35 (s) data time 0.16 (s), 0.46 x realtime (data time/compute time)
215 compute time 0.36 (s) data time 0.16 (s), 0.44 x realtime (data time/compute time)
216 compute time 0.36 (s) data time 0.16 (s), 0.45 x realtime (data time/compute time)
217 compute time 0.35 (s) data time 0.16 (s), 0.46 x realtime (data time/compute time)
218 compute time 0.41 (s) data time 0.16 (s), 0.40 x realtime (data time/compute time)
219 compute time 0.31 (s) data time 0.16 (s), 0.51 x realtime (data time/compute time)
220 compute time 0.32 (s) data time 0.16 (s), 0.50 x realtime (data time/compute time)
221 compute time 0.39 (s) data time 0.16 (s), 0.41 x realtime (data time/compute time)
222 compute time 0.31 (s) data time 0.16 (s), 0.52 x realtime (data time/compute time)
223 compute time 0.30 (s) data time 0.16 (s), 0.54 x realtime (data time/compute time)
224 compute time 0.39 (s) data time 0.16 (s), 0.41 x realtime (data time/compute time)
225 compute time 0.36 (s) data time 0.16 (s), 0.44 x realtime (data time/compute time)
226 compute time 0.27 (s) data time 0.16 (s), 0.58 x realtime (data time/compute time)
227 compute time 0.32 (s) data time 0.16 (s), 0.50 x realtime (data time/compute time)
228 compute time 0.38 (s) data time 0.16 (s), 0.42 x realtime (data time/compute time)
229 compute time 0.50 (s) data time 0.16 (s), 0.32 x realtime (data time/compute time)
230 compute time 0.38 (s) data time 0.16 (s), 0.43 x realtime (data time/compute time)
231 compute time 0.35 (s) data time 0.16 (s), 0.46 x realtime (data time/compute time)
232 compute time 0.40 (s) data time 0.16 (s), 0.40 x realtime (data time/compute time)
233 compute time 0.40 (s) data time 0.16 (s), 0.40 x realtime (data time/compute time)
234 compute time 0.37 (s) data time 0.16 (s), 0.43 x realtime (data time/compute time)
235 compute time 0.48 (s) data time 0.16 (s), 0.33 x realtime (data time/compute time)
236 compute time 0.51 (s) data time 0.16 (s), 0.32 x realtime (data time/compute time)
237 compute time 0.44 (s) data time 0.16 (s), 0.37 x realtime (data time/compute time)
238 compute time 0.38 (s) data time 0.16 (s), 0.42 x realtime (data time/compute time)
239 compute time 0.41 (s) data time 0.16 (s), 0.39 x realtime (data time/compute time)
240 compute time 0.48 (s) data time 0.16 (s), 0.33 x realtime (data time/compute time)
241 compute time 0.32 (s) data time 0.16 (s), 0.50 x realtime (data time/compute time)
242 compute time 0.48 (s) data time 0.16 (s), 0.34 x realtime (data time/compute time)
243 compute time 0.51 (s) data time 0.16 (s), 0.31 x realtime (data time/compute time)
244 compute time 0.55 (s) data time 0.16 (s), 0.29 x realtime (data time/compute time)
245 compute time 0.49 (s) data time 0.16 (s), 0.32 x realtime (data time/compute time)
246 compute time 0.50 (s) data time 0.16 (s), 0.32 x realtime (data time/compute time)
247 compute time 0.38 (s) data time 0.16 (s), 0.42 x realtime (data time/compute time)
248 compute time 0.35 (s) data time 0.16 (s), 0.46 x realtime (data time/compute time)
249 compute time 0.44 (s) data time 0.16 (s), 0.36 x realtime (data time/compute time)
250 compute time 0.41 (s) data time 0.16 (s), 0.39 x realtime (data time/compute time)
251 compute time 0.38 (s) data time 0.16 (s), 0.42 x realtime (data time/compute time)
252 compute time 0.42 (s) data time 0.16 (s), 0.38 x realtime (data time/compute time)
253 compute time 0.44 (s) data time 0.16 (s), 0.36 x realtime (data time/compute time)
254 compute time 0.51 (s) data time 0.16 (s), 0.31 x realtime (data time/compute time)
255 compute time 0.37 (s) data time 0.16 (s), 0.43 x realtime (data time/compute time)
256 compute time 0.48 (s) data time 0.16 (s), 0.33 x realtime (data time/compute time)
257 compute time 0.42 (s) data time 0.16 (s), 0.38 x realtime (data time/compute time)
258 compute time 0.43 (s) data time 0.16 (s), 0.37 x realtime (data time/compute time)
saved /home/ionouser/ionozond_data2//2026-08-12/digisonde_ionogram-Juliusruh-DOB-1786551496.00.h5.png
saving /home/ionouser/ionozond_data2//2026-08-12/digisonde_ionogram-Juliusruh-DOB-1786551496.00.h5
{'ringbuffer_dir': '/dev/shm/hf25', 'output_dir': '/home/ionouser/ionozond_data2/', 'channel': 'ch0', 'receiver': 'DOB', 'sr': 25000000, 'cf': 12500000.0, 'transmitter': 'Juliusruh', 'snr_threshold': 2, 'sounding_interval': 300, 'start_offset': 196, 'sum_ox': True, 'filter_strategy': 'fir', 'use_c_downconvert': True, 'sounding_hrs': [5.5, 18], 'dec': 250, 'freq0': 1010000, 'freq1': 14000000, 'dfreq': 50000, 'ipp': 10000, 'n_ipp': 16, 'offset_us': 2000, 'wait_for_data': True, 'copy_to_server': True}
waiting for more data (191.01 seconds)
waiting for more data (190.01 seconds)
waiting for more data (189.01 seconds)
waiting for more data (188.01 seconds)
waiting for more data (187.01 seconds)
waiting for more data (186.01 seconds)
waiting for more data (184.01 seconds)
waiting for more data (183.01 seconds)
waiting for more data (183.01 seconds)
waiting for more data (182.01 seconds)
waiting for more data (181.01 seconds)
waiting for more data (180.01 seconds)
waiting for more data (178.01 seconds)
waiting for more data (177.01 seconds)
waiting for more data (177.01 seconds)
waiting for more data (176.01 seconds)
waiting for more data (174.01 seconds)
waiting for more data (173.01 seconds)
waiting for more data (173.01 seconds)
waiting for more data (172.01 seconds)
waiting for more data (171.01 seconds)
waiting for more data (170.01 seconds)
waiting for more data (169.01 seconds)
waiting for more data (168.01 seconds)
waiting for more data (167.01 seconds)
waiting for more data (166.01 seconds)
waiting for more data (165.01 seconds)
waiting for more data (163.01 seconds)
waiting for more data (162.01 seconds)
waiting for more data (160.01 seconds)
waiting for more data (159.01 seconds)
waiting for more data (158.01 seconds)
waiting for more data (157.01 seconds)
waiting for more data (156.01 seconds)
waiting for more data (155.01 seconds)
waiting for more data (154.01 seconds)
waiting for more data (153.01 seconds)
waiting for more data (152.01 seconds)
waiting for more data (151.01 seconds)
waiting for more data (150.01 seconds)
waiting for more data (149.01 seconds)
waiting for more data (149.01 seconds)
waiting for more data (148.01 seconds)
waiting for more data (147.01 seconds)
waiting for more data (146.01 seconds)
waiting for more data (145.01 seconds)
waiting for more data (144.01 seconds)
waiting for more data (143.01 seconds)
waiting for more data (142.01 seconds)
waiting for more data (141.01 seconds)
waiting for more data (140.01 seconds)
waiting for more data (139.01 seconds)
waiting for more data (138.01 seconds)
waiting for more data (138.01 seconds)
waiting for more data (136.01 seconds)
waiting for more data (135.01 seconds)
waiting for more data (134.01 seconds)
waiting for more data (133.01 seconds)
waiting for more data (132.01 seconds)
waiting for more data (131.01 seconds)
waiting for more data (130.01 seconds)
waiting for more data (128.01 seconds)
waiting for more data (127.01 seconds)
waiting for more data (126.01 seconds)
waiting for more data (125.01 seconds)
waiting for more data (124.01 seconds)
waiting for more data (123.01 seconds)
waiting for more data (123.01 seconds)
waiting for more data (122.01 seconds)
waiting for more data (121.01 seconds)
waiting for more data (120.01 seconds)
waiting for more data (119.01 seconds)
waiting for more data (117.01 seconds)
waiting for more data (116.01 seconds)
waiting for more data (115.01 seconds)
waiting for more data (114.01 seconds)
waiting for more data (113.01 seconds)
waiting for more data (112.01 seconds)
waiting for more data (111.01 seconds)
waiting for more data (110.01 seconds)
waiting for more data (108.01 seconds)
waiting for more data (108.01 seconds)
waiting for more data (107.01 seconds)
waiting for more data (106.01 seconds)
waiting for more data (105.01 seconds)
waiting for more data (104.01 seconds)
waiting for more data (103.01 seconds)
waiting for more data (102.01 seconds)
waiting for more data (101.01 seconds)
waiting for more data (100.01 seconds)
waiting for more data (99.01 seconds)
waiting for more data (98.01 seconds)
waiting for more data (97.01 seconds)
waiting for more data (96.01 seconds)
waiting for more data (95.01 seconds)
waiting for more data (94.01 seconds)
waiting for more data (93.01 seconds)
waiting for more data (92.01 seconds)
waiting for more data (91.01 seconds)
waiting for more data (90.01 seconds)
waiting for more data (88.01 seconds)
waiting for more data (88.01 seconds)
waiting for more data (86.01 seconds)
waiting for more data (85.01 seconds)
waiting for more data (84.01 seconds)
waiting for more data (83.01 seconds)
waiting for more data (82.01 seconds)
waiting for more data (81.01 seconds)
waiting for more data (80.01 seconds)
waiting for more data (79.01 seconds)
waiting for more data (78.01 seconds)
waiting for more data (77.01 seconds)
waiting for more data (76.01 seconds)
waiting for more data (75.01 seconds)
waiting for more data (75.01 seconds)
waiting for more data (74.01 seconds)
waiting for more data (73.01 seconds)
waiting for more data (72.01 seconds)
waiting for more data (71.01 seconds)
waiting for more data (71.01 seconds)
waiting for more data (70.01 seconds)
waiting for more data (69.01 seconds)
waiting for more data (67.01 seconds)
waiting for more data (66.01 seconds)
waiting for more data (65.01 seconds)
waiting for more data (64.01 seconds)
waiting for more data (63.01 seconds)
waiting for more data (62.01 seconds)
waiting for more data (61.01 seconds)
waiting for more data (60.01 seconds)
waiting for more data (59.01 seconds)
waiting for more data (57.01 seconds)
waiting for more data (56.01 seconds)
waiting for more data (55.01 seconds)
waiting for more data (54.01 seconds)
waiting for more data (53.01 seconds)
waiting for more data (52.01 seconds)
waiting for more data (51.01 seconds)
waiting for more data (50.01 seconds)
waiting for more data (49.01 seconds)
waiting for more data (47.01 seconds)
waiting for more data (47.01 seconds)
waiting for more data (46.01 seconds)
waiting for more data (44.01 seconds)
waiting for more data (44.01 seconds)
waiting for more data (42.01 seconds)
waiting for more data (41.01 seconds)
waiting for more data (40.01 seconds)
waiting for more data (39.01 seconds)
waiting for more data (38.01 seconds)
waiting for more data (37.01 seconds)
waiting for more data (36.01 seconds)
waiting for more data (35.01 seconds)
waiting for more data (34.01 seconds)
waiting for more data (33.01 seconds)
waiting for more data (32.01 seconds)
waiting for more data (31.01 seconds)
waiting for more data (30.01 seconds)
waiting for more data (30.01 seconds)
waiting for more data (29.01 seconds)
waiting for more data (28.01 seconds)
waiting for more data (27.01 seconds)
waiting for more data (26.01 seconds)
waiting for more data (25.01 seconds)
waiting for more data (24.01 seconds)
waiting for more data (24.01 seconds)
waiting for more data (23.01 seconds)
waiting for more data (22.01 seconds)
waiting for more data (21.01 seconds)
waiting for more data (20.01 seconds)
waiting for more data (20.01 seconds)
waiting for more data (19.01 seconds)
waiting for more data (18.01 seconds)
waiting for more data (17.01 seconds)
waiting for more data (17.01 seconds)
waiting for more data (16.01 seconds)
waiting for more data (15.01 seconds)
waiting for more data (14.01 seconds)
waiting for more data (13.01 seconds)
waiting for more data (12.01 seconds)
waiting for more data (11.01 seconds)
waiting for more data (10.01 seconds)
waiting for more data (9.01 seconds)
waiting for more data (9.01 seconds)
waiting for more data (8.01 seconds)
waiting for more data (7.01 seconds)
waiting for more data (6.01 seconds)
waiting for more data (5.01 seconds)
waiting for more data (4.01 seconds)
waiting for more data (3.01 seconds)
waiting for more data (2.01 seconds)
waiting for more data (2.01 seconds)
waiting for more data (1.01 seconds)
waiting for more data (0.01 seconds)
0 compute time 197.50 (s) data time 0.16 (s), 0.00 x realtime (data time/compute time)
1 compute time 0.61 (s) data time 0.16 (s), 0.26 x realtime (data time/compute time)
2 compute time 0.40 (s) data time 0.16 (s), 0.40 x realtime (data time/compute time)
3 compute time 0.62 (s) data time 0.16 (s), 0.26 x realtime (data time/compute time)
4 compute time 0.62 (s) data time 0.16 (s), 0.26 x realtime (data time/compute time)
5 compute time 0.66 (s) data time 0.16 (s), 0.24 x realtime (data time/compute time)
6 compute time 0.61 (s) data time 0.16 (s), 0.26 x realtime (data time/compute time)
7 compute time 0.35 (s) data time 0.16 (s), 0.46 x realtime (data time/compute time)
8 compute time 0.48 (s) data time 0.16 (s), 0.33 x realtime (data time/compute time)
9 compute time 0.42 (s) data time 0.16 (s), 0.38 x realtime (data time/compute time)
10 compute time 0.33 (s) data time 0.16 (s), 0.48 x realtime (data time/compute time)
11 compute time 0.32 (s) data time 0.16 (s), 0.49 x realtime (data time/compute time)
12 compute time 0.29 (s) data time 0.16 (s), 0.56 x realtime (data time/compute time)
13 compute time 0.33 (s) data time 0.16 (s), 0.49 x realtime (data time/compute time)
14 compute time 0.37 (s) data time 0.16 (s), 0.43 x realtime (data time/compute time)
15 compute time 0.32 (s) data time 0.16 (s), 0.49 x realtime (data time/compute time)
16 compute time 0.32 (s) data time 0.16 (s), 0.51 x realtime (data time/compute time)
17 compute time 0.32 (s) data time 0.16 (s), 0.50 x realtime (data time/compute time)
18 compute time 0.44 (s) data time 0.16 (s), 0.36 x realtime (data time/compute time)
19 compute time 0.31 (s) data time 0.16 (s), 0.51 x realtime (data time/compute time)
20 compute time 0.32 (s) data time 0.16 (s), 0.50 x realtime (data time/compute time)
21 compute time 0.30 (s) data time 0.16 (s), 0.53 x realtime (data time/compute time)
22 compute time 0.39 (s) data time 0.16 (s), 0.41 x realtime (data time/compute time)
23 compute time 0.37 (s) data time 0.16 (s), 0.43 x realtime (data time/compute time)
24 compute time 0.38 (s) data time 0.16 (s), 0.42 x realtime (data time/compute time)
25 compute time 0.37 (s) data time 0.16 (s), 0.43 x realtime (data time/compute time)
26 compute time 0.36 (s) data time 0.16 (s), 0.44 x realtime (data time/compute time)
27 compute time 0.36 (s) data time 0.16 (s), 0.44 x realtime (data time/compute time)
28 compute time 0.37 (s) data time 0.16 (s), 0.43 x realtime (data time/compute time)
29 compute time 0.39 (s) data time 0.16 (s), 0.41 x realtime (data time/compute time)
30 compute time 0.49 (s) data time 0.16 (s), 0.33 x realtime (data time/compute time)
31 compute time 0.34 (s) data time 0.16 (s), 0.47 x realtime (data time/compute time)
32 compute time 0.32 (s) data time 0.16 (s), 0.49 x realtime (data time/compute time)
33 compute time 0.33 (s) data time 0.16 (s), 0.49 x realtime (data time/compute time)
34 compute time 0.42 (s) data time 0.16 (s), 0.38 x realtime (data time/compute time)
35 compute time 0.50 (s) data time 0.16 (s), 0.32 x realtime (data time/compute time)
36 compute time 0.37 (s) data time 0.16 (s), 0.44 x realtime (data time/compute time)
37 compute time 0.33 (s) data time 0.16 (s), 0.48 x realtime (data time/compute time)
38 compute time 0.37 (s) data time 0.16 (s), 0.43 x realtime (data time/compute time)
39 compute time 0.37 (s) data time 0.16 (s), 0.44 x realtime (data time/compute time)
40 compute time 0.29 (s) data time 0.16 (s), 0.55 x realtime (data time/compute time)
41 compute time 0.45 (s) data time 0.16 (s), 0.35 x realtime (data time/compute time)
42 compute time 0.37 (s) data time 0.16 (s), 0.43 x realtime (data time/compute time)
43 compute time 0.39 (s) data time 0.16 (s), 0.41 x realtime (data time/compute time)
44 compute time 0.44 (s) data time 0.16 (s), 0.37 x realtime (data time/compute time)
45 compute time 0.42 (s) data time 0.16 (s), 0.38 x realtime (data time/compute time)
46 compute time 0.35 (s) data time 0.16 (s), 0.46 x realtime (data time/compute time)
47 compute time 0.29 (s) data time 0.16 (s), 0.56 x realtime (data time/compute time)
48 compute time 0.42 (s) data time 0.16 (s), 0.39 x realtime (data time/compute time)
49 compute time 0.40 (s) data time 0.16 (s), 0.40 x realtime (data time/compute time)
50 compute time 0.39 (s) data time 0.16 (s), 0.41 x realtime (data time/compute time)
51 compute time 0.34 (s) data time 0.16 (s), 0.47 x realtime (data time/compute time)
52 compute time 0.38 (s) data time 0.16 (s), 0.42 x realtime (data time/compute time)
53 compute time 0.79 (s) data time 0.16 (s), 0.20 x realtime (data time/compute time)
54 compute time 0.32 (s) data time 0.16 (s), 0.50 x realtime (data time/compute time)
55 compute time 0.39 (s) data time 0.16 (s), 0.42 x realtime (data time/compute time)
56 compute time 0.68 (s) data time 0.16 (s), 0.23 x realtime (data time/compute time)
57 compute time 0.43 (s) data time 0.16 (s), 0.37 x realtime (data time/compute time)
58 compute time 0.31 (s) data time 0.16 (s), 0.51 x realtime (data time/compute time)
59 compute time 0.39 (s) data time 0.16 (s), 0.41 x realtime (data time/compute time)
60 compute time 0.29 (s) data time 0.16 (s), 0.56 x realtime (data time/compute time)
61 compute time 0.37 (s) data time 0.16 (s), 0.43 x realtime (data time/compute time)
62 compute time 0.32 (s) data time 0.16 (s), 0.51 x realtime (data time/compute time)
63 compute time 0.38 (s) data time 0.16 (s), 0.42 x realtime (data time/compute time)
64 compute time 0.41 (s) data time 0.16 (s), 0.39 x realtime (data time/compute time)
65 compute time 0.52 (s) data time 0.16 (s), 0.31 x realtime (data time/compute time)
66 compute time 0.49 (s) data time 0.16 (s), 0.32 x realtime (data time/compute time)
67 compute time 0.77 (s) data time 0.16 (s), 0.21 x realtime (data time/compute time)
68 compute time 0.61 (s) data time 0.16 (s), 0.26 x realtime (data time/compute time)
69 compute time 0.51 (s) data time 0.16 (s), 0.31 x realtime (data time/compute time)
70 compute time 0.46 (s) data time 0.16 (s), 0.35 x realtime (data time/compute time)
71 compute time 0.41 (s) data time 0.16 (s), 0.39 x realtime (data time/compute time)
72 compute time 0.62 (s) data time 0.16 (s), 0.26 x realtime (data time/compute time)
73 compute time 0.47 (s) data time 0.16 (s), 0.34 x realtime (data time/compute time)
74 compute time 0.42 (s) data time 0.16 (s), 0.38 x realtime (data time/compute time)
75 compute time 0.39 (s) data time 0.16 (s), 0.41 x realtime (data time/compute time)
76 compute time 0.39 (s) data time 0.16 (s), 0.41 x realtime (data time/compute time)
77 compute time 0.37 (s) data time 0.16 (s), 0.44 x realtime (data time/compute time)
78 compute time 0.38 (s) data time 0.16 (s), 0.42 x realtime (data time/compute time)
79 compute time 0.31 (s) data time 0.16 (s), 0.51 x realtime (data time/compute time)
80 compute time 0.30 (s) data time 0.16 (s), 0.53 x realtime (data time/compute time)
81 compute time 0.47 (s) data time 0.16 (s), 0.34 x realtime (data time/compute time)
82 compute time 0.63 (s) data time 0.16 (s), 0.25 x realtime (data time/compute time)
83 compute time 0.57 (s) data time 0.16 (s), 0.28 x realtime (data time/compute time)
84 compute time 0.45 (s) data time 0.16 (s), 0.35 x realtime (data time/compute time)
85 compute time 1.03 (s) data time 0.16 (s), 0.16 x realtime (data time/compute time)
86 compute time 0.68 (s) data time 0.16 (s), 0.24 x realtime (data time/compute time)
87 compute time 0.50 (s) data time 0.16 (s), 0.32 x realtime (data time/compute time)
88 compute time 0.36 (s) data time 0.16 (s), 0.44 x realtime (data time/compute time)
89 compute time 0.73 (s) data time 0.16 (s), 0.22 x realtime (data time/compute time)
90 compute time 0.46 (s) data time 0.16 (s), 0.35 x realtime (data time/compute time)
91 compute time 0.33 (s) data time 0.16 (s), 0.48 x realtime (data time/compute time)
92 compute time 0.33 (s) data time 0.16 (s), 0.49 x realtime (data time/compute time)
93 compute time 0.37 (s) data time 0.16 (s), 0.43 x realtime (data time/compute time)
94 compute time 0.45 (s) data time 0.16 (s), 0.36 x realtime (data time/compute time)
95 compute time 0.39 (s) data time 0.16 (s), 0.41 x realtime (data time/compute time)
96 compute time 0.55 (s) data time 0.16 (s), 0.29 x realtime (data time/compute time)
97 compute time 0.37 (s) data time 0.16 (s), 0.43 x realtime (data time/compute time)
98 compute time 0.45 (s) data time 0.16 (s), 0.36 x realtime (data time/compute time)
99 compute time 0.51 (s) data time 0.16 (s), 0.31 x realtime (data time/compute time)
100 compute time 0.46 (s) data time 0.16 (s), 0.35 x realtime (data time/compute time)
101 compute time 0.48 (s) data time 0.16 (s), 0.34 x realtime (data time/compute time)
102 compute time 0.57 (s) data time 0.16 (s), 0.28 x realtime (data time/compute time)
103 compute time 0.49 (s) data time 0.16 (s), 0.33 x realtime (data time/compute time)
104 compute time 0.72 (s) data time 0.16 (s), 0.22 x realtime (data time/compute time)
105 compute time 0.35 (s) data time 0.16 (s), 0.46 x realtime (data time/compute time)
106 compute time 0.36 (s) data time 0.16 (s), 0.44 x realtime (data time/compute time)
107 compute time 0.37 (s) data time 0.16 (s), 0.43 x realtime (data time/compute time)
108 compute time 0.53 (s) data time 0.16 (s), 0.30 x realtime (data time/compute time)
109 compute time 0.51 (s) data time 0.16 (s), 0.32 x realtime (data time/compute time)
110 compute time 0.32 (s) data time 0.16 (s), 0.51 x realtime (data time/compute time)
111 compute time 0.31 (s) data time 0.16 (s), 0.52 x realtime (data time/compute time)
112 compute time 0.39 (s) data time 0.16 (s), 0.41 x realtime (data time/compute time)
113 compute time 0.48 (s) data time 0.16 (s), 0.33 x realtime (data time/compute time)
114 compute time 0.48 (s) data time 0.16 (s), 0.33 x realtime (data time/compute time)
115 compute time 0.48 (s) data time 0.16 (s), 0.33 x realtime (data time/compute time)
116 compute time 0.39 (s) data time 0.16 (s), 0.41 x realtime (data time/compute time)
117 compute time 0.50 (s) data time 0.16 (s), 0.32 x realtime (data time/compute time)
118 compute time 0.46 (s) data time 0.16 (s), 0.35 x realtime (data time/compute time)
119 compute time 0.45 (s) data time 0.16 (s), 0.35 x realtime (data time/compute time)
120 compute time 0.44 (s) data time 0.16 (s), 0.36 x realtime (data time/compute time)
121 compute time 0.49 (s) data time 0.16 (s), 0.33 x realtime (data time/compute time)
122 compute time 0.47 (s) data time 0.16 (s), 0.34 x realtime (data time/compute time)
123 compute time 0.33 (s) data time 0.16 (s), 0.49 x realtime (data time/compute time)
124 compute time 0.38 (s) data time 0.16 (s), 0.42 x realtime (data time/compute time)
125 compute time 0.40 (s) data time 0.16 (s), 0.40 x realtime (data time/compute time)
126 compute time 0.38 (s) data time 0.16 (s), 0.42 x realtime (data time/compute time)
127 compute time 0.39 (s) data time 0.16 (s), 0.41 x realtime (data time/compute time)
128 compute time 0.38 (s) data time 0.16 (s), 0.42 x realtime (data time/compute time)
129 compute time 0.48 (s) data time 0.16 (s), 0.33 x realtime (data time/compute time)
130 compute time 0.57 (s) data time 0.16 (s), 0.28 x realtime (data time/compute time)
131 compute time 0.55 (s) data time 0.16 (s), 0.29 x realtime (data time/compute time)
132 compute time 0.45 (s) data time 0.16 (s), 0.36 x realtime (data time/compute time)
133 compute time 0.70 (s) data time 0.16 (s), 0.23 x realtime (data time/compute time)
134 compute time 0.83 (s) data time 0.16 (s), 0.19 x realtime (data time/compute time)
135 compute time 0.53 (s) data time 0.16 (s), 0.30 x realtime (data time/compute time)
136 compute time 0.45 (s) data time 0.16 (s), 0.36 x realtime (data time/compute time)
137 compute time 0.44 (s) data time 0.16 (s), 0.36 x realtime (data time/compute time)
138 compute time 0.73 (s) data time 0.16 (s), 0.22 x realtime (data time/compute time)
139 compute time 0.47 (s) data time 0.16 (s), 0.34 x realtime (data time/compute time)
140 compute time 0.48 (s) data time 0.16 (s), 0.34 x realtime (data time/compute time)
141 compute time 0.55 (s) data time 0.16 (s), 0.29 x realtime (data time/compute time)
142 compute time 0.49 (s) data time 0.16 (s), 0.33 x realtime (data time/compute time)
143 compute time 0.30 (s) data time 0.16 (s), 0.54 x realtime (data time/compute time)
144 compute time 0.34 (s) data time 0.16 (s), 0.48 x realtime (data time/compute time)
145 compute time 0.64 (s) data time 0.16 (s), 0.25 x realtime (data time/compute time)
146 compute time 0.36 (s) data time 0.16 (s), 0.45 x realtime (data time/compute time)
147 compute time 0.47 (s) data time 0.16 (s), 0.34 x realtime (data time/compute time)
148 compute time 0.41 (s) data time 0.16 (s), 0.39 x realtime (data time/compute time)
149 compute time 0.49 (s) data time 0.16 (s), 0.32 x realtime (data time/compute time)
150 compute time 0.49 (s) data time 0.16 (s), 0.33 x realtime (data time/compute time)
151 compute time 0.42 (s) data time 0.16 (s), 0.38 x realtime (data time/compute time)
152 compute time 0.50 (s) data time 0.16 (s), 0.32 x realtime (data time/compute time)
153 compute time 0.48 (s) data time 0.16 (s), 0.33 x realtime (data time/compute time)
154 compute time 0.42 (s) data time 0.16 (s), 0.38 x realtime (data time/compute time)
155 compute time 0.45 (s) data time 0.16 (s), 0.36 x realtime (data time/compute time)
156 compute time 0.68 (s) data time 0.16 (s), 0.23 x realtime (data time/compute time)
157 compute time 0.43 (s) data time 0.16 (s), 0.37 x realtime (data time/compute time)
158 compute time 0.37 (s) data time 0.16 (s), 0.43 x realtime (data time/compute time)
159 compute time 0.52 (s) data time 0.16 (s), 0.31 x realtime (data time/compute time)
160 compute time 0.68 (s) data time 0.16 (s), 0.23 x realtime (data time/compute time)
161 compute time 0.69 (s) data time 0.16 (s), 0.23 x realtime (data time/compute time)
162 compute time 0.50 (s) data time 0.16 (s), 0.32 x realtime (data time/compute time)
163 compute time 0.64 (s) data time 0.16 (s), 0.25 x realtime (data time/compute time)
164 compute time 0.88 (s) data time 0.16 (s), 0.18 x realtime (data time/compute time)
165 compute time 0.70 (s) data time 0.16 (s), 0.23 x realtime (data time/compute time)
166 compute time 0.39 (s) data time 0.16 (s), 0.41 x realtime (data time/compute time)
167 compute time 0.39 (s) data time 0.16 (s), 0.41 x realtime (data time/compute time)
168 compute time 0.35 (s) data time 0.16 (s), 0.46 x realtime (data time/compute time)
169 compute time 0.32 (s) data time 0.16 (s), 0.50 x realtime (data time/compute time)
170 compute time 0.35 (s) data time 0.16 (s), 0.46 x realtime (data time/compute time)
171 compute time 0.35 (s) data time 0.16 (s), 0.46 x realtime (data time/compute time)
172 compute time 0.32 (s) data time 0.16 (s), 0.50 x realtime (data time/compute time)
173 compute time 0.30 (s) data time 0.16 (s), 0.54 x realtime (data time/compute time)
174 compute time 0.32 (s) data time 0.16 (s), 0.51 x realtime (data time/compute time)
175 compute time 0.35 (s) data time 0.16 (s), 0.45 x realtime (data time/compute time)
176 compute time 0.40 (s) data time 0.16 (s), 0.40 x realtime (data time/compute time)
177 compute time 0.46 (s) data time 0.16 (s), 0.35 x realtime (data time/compute time)
178 compute time 0.52 (s) data time 0.16 (s), 0.30 x realtime (data time/compute time)
179 compute time 0.59 (s) data time 0.16 (s), 0.27 x realtime (data time/compute time)
180 compute time 0.44 (s) data time 0.16 (s), 0.37 x realtime (data time/compute time)
181 compute time 0.51 (s) data time 0.16 (s), 0.32 x realtime (data time/compute time)
182 compute time 0.49 (s) data time 0.16 (s), 0.33 x realtime (data time/compute time)
183 compute time 0.53 (s) data time 0.16 (s), 0.30 x realtime (data time/compute time)
184 compute time 0.50 (s) data time 0.16 (s), 0.32 x realtime (data time/compute time)
185 compute time 0.49 (s) data time 0.16 (s), 0.33 x realtime (data time/compute time)
186 compute time 0.53 (s) data time 0.16 (s), 0.30 x realtime (data time/compute time)
187 compute time 0.48 (s) data time 0.16 (s), 0.33 x realtime (data time/compute time)
188 compute time 0.45 (s) data time 0.16 (s), 0.36 x realtime (data time/compute time)
189 compute time 0.50 (s) data time 0.16 (s), 0.32 x realtime (data time/compute time)
190 compute time 0.39 (s) data time 0.16 (s), 0.41 x realtime (data time/compute time)
191 compute time 0.38 (s) data time 0.16 (s), 0.42 x realtime (data time/compute time)
192 compute time 0.49 (s) data time 0.16 (s), 0.33 x realtime (data time/compute time)
193 compute time 0.37 (s) data time 0.16 (s), 0.43 x realtime (data time/compute time)
194 compute time 0.56 (s) data time 0.16 (s), 0.29 x realtime (data time/compute time)
195 compute time 0.41 (s) data time 0.16 (s), 0.39 x realtime (data time/compute time)
196 compute time 0.38 (s) data time 0.16 (s), 0.43 x realtime (data time/compute time)
197 compute time 0.36 (s) data time 0.16 (s), 0.45 x realtime (data time/compute time)
198 compute time 0.48 (s) data time 0.16 (s), 0.33 x realtime (data time/compute time)
199 compute time 0.53 (s) data time 0.16 (s), 0.30 x realtime (data time/compute time)
200 compute time 0.49 (s) data time 0.16 (s), 0.32 x realtime (data time/compute time)
201 compute time 0.48 (s) data time 0.16 (s), 0.33 x realtime (data time/compute time)
202 compute time 0.61 (s) data time 0.16 (s), 0.26 x realtime (data time/compute time)
203 compute time 0.38 (s) data time 0.16 (s), 0.43 x realtime (data time/compute time)
204 compute time 0.44 (s) data time 0.16 (s), 0.37 x realtime (data time/compute time)
205 compute time 0.58 (s) data time 0.16 (s), 0.28 x realtime (data time/compute time)
206 compute time 0.54 (s) data time 0.16 (s), 0.29 x realtime (data time/compute time)
207 compute time 0.53 (s) data time 0.16 (s), 0.30 x realtime (data time/compute time)
208 compute time 0.45 (s) data time 0.16 (s), 0.36 x realtime (data time/compute time)
209 compute time 0.39 (s) data time 0.16 (s), 0.41 x realtime (data time/compute time)
210 compute time 0.46 (s) data time 0.16 (s), 0.35 x realtime (data time/compute time)
211 compute time 0.42 (s) data time 0.16 (s), 0.38 x realtime (data time/compute time)
212 compute time 0.38 (s) data time 0.16 (s), 0.42 x realtime (data time/compute time)
213 compute time 0.37 (s) data time 0.16 (s), 0.43 x realtime (data time/compute time)
214 compute time 0.55 (s) data time 0.16 (s), 0.29 x realtime (data time/compute time)
215 compute time 0.30 (s) data time 0.16 (s), 0.53 x realtime (data time/compute time)
216 compute time 0.40 (s) data time 0.16 (s), 0.40 x realtime (data time/compute time)
217 compute time 0.62 (s) data time 0.16 (s), 0.26 x realtime (data time/compute time)
218 compute time 0.52 (s) data time 0.16 (s), 0.31 x realtime (data time/compute time)
219 compute time 0.51 (s) data time 0.16 (s), 0.31 x realtime (data time/compute time)
220 compute time 0.53 (s) data time 0.16 (s), 0.30 x realtime (data time/compute time)
221 compute time 0.55 (s) data time 0.16 (s), 0.29 x realtime (data time/compute time)
222 compute time 0.56 (s) data time 0.16 (s), 0.28 x realtime (data time/compute time)
223 compute time 0.40 (s) data time 0.16 (s), 0.40 x realtime (data time/compute time)
224 compute time 0.45 (s) data time 0.16 (s), 0.36 x realtime (data time/compute time)
225 compute time 0.55 (s) data time 0.16 (s), 0.29 x realtime (data time/compute time)
226 compute time 0.63 (s) data time 0.16 (s), 0.25 x realtime (data time/compute time)
227 compute time 0.52 (s) data time 0.16 (s), 0.31 x realtime (data time/compute time)
228 compute time 0.43 (s) data time 0.16 (s), 0.37 x realtime (data time/compute time)
229 compute time 0.55 (s) data time 0.16 (s), 0.29 x realtime (data time/compute time)
230 compute time 0.45 (s) data time 0.16 (s), 0.36 x realtime (data time/compute time)
231 compute time 0.47 (s) data time 0.16 (s), 0.34 x realtime (data time/compute time)
232 compute time 0.62 (s) data time 0.16 (s), 0.26 x realtime (data time/compute time)
233 compute time 0.65 (s) data time 0.16 (s), 0.25 x realtime (data time/compute time)
234 compute time 0.69 (s) data time 0.16 (s), 0.23 x realtime (data time/compute time)
235 compute time 0.58 (s) data time 0.16 (s), 0.28 x realtime (data time/compute time)
236 compute time 0.47 (s) data time 0.16 (s), 0.34 x realtime (data time/compute time)
237 compute time 0.45 (s) data time 0.16 (s), 0.36 x realtime (data time/compute time)
238 compute time 0.62 (s) data time 0.16 (s), 0.26 x realtime (data time/compute time)
239 compute time 0.56 (s) data time 0.16 (s), 0.28 x realtime (data time/compute time)
240 compute time 0.47 (s) data time 0.16 (s), 0.34 x realtime (data time/compute time)
241 compute time 0.53 (s) data time 0.16 (s), 0.30 x realtime (data time/compute time)
242 compute time 0.53 (s) data time 0.16 (s), 0.30 x realtime (data time/compute time)
243 compute time 0.47 (s) data time 0.16 (s), 0.34 x realtime (data time/compute time)
244 compute time 0.39 (s) data time 0.16 (s), 0.41 x realtime (data time/compute time)
245 compute time 0.37 (s) data time 0.16 (s), 0.44 x realtime (data time/compute time)
246 compute time 0.45 (s) data time 0.16 (s), 0.36 x realtime (data time/compute time)
247 compute time 0.39 (s) data time 0.16 (s), 0.41 x realtime (data time/compute time)
248 compute time 0.49 (s) data time 0.16 (s), 0.33 x realtime (data time/compute time)
249 compute time 0.35 (s) data time 0.16 (s), 0.46 x realtime (data time/compute time)
250 compute time 0.39 (s) data time 0.16 (s), 0.41 x realtime (data time/compute time)
251 compute time 0.55 (s) data time 0.16 (s), 0.29 x realtime (data time/compute time)
252 compute time 0.35 (s) data time 0.16 (s), 0.46 x realtime (data time/compute time)
253 compute time 0.25 (s) data time 0.16 (s), 0.63 x realtime (data time/compute time)
254 compute time 0.41 (s) data time 0.16 (s), 0.39 x realtime (data time/compute time)
255 compute time 0.77 (s) data time 0.16 (s), 0.21 x realtime (data time/compute time)
256 compute time 0.73 (s) data time 0.16 (s), 0.22 x realtime (data time/compute time)
257 compute time 0.49 (s) data time 0.16 (s), 0.33 x realtime (data time/compute time)
258 compute time 0.46 (s) data time 0.16 (s), 0.35 x realtime (data time/compute time)
saved /home/ionouser/ionozond_data2//2026-08-12/digisonde_ionogram-Juliusruh-DOB-1786551796.00.h5.png
saving /home/ionouser/ionozond_data2//2026-08-12/digisonde_ionogram-Juliusruh-DOB-1786551796.00.h5
{'ringbuffer_dir': '/dev/shm/hf25', 'output_dir': '/home/ionouser/ionozond_data2/', 'channel': 'ch0', 'receiver': 'DOB', 'sr': 25000000, 'cf': 12500000.0, 'transmitter': 'Juliusruh', 'snr_threshold': 2, 'sounding_interval': 300, 'start_offset': 196, 'sum_ox': True, 'filter_strategy': 'fir', 'use_c_downconvert': True, 'sounding_hrs': [5.5, 18], 'dec': 250, 'freq0': 1010000, 'freq1': 14000000, 'dfreq': 50000, 'ipp': 10000, 'n_ipp': 16, 'offset_us': 2000, 'wait_for_data': True, 'copy_to_server': True}
waiting for more data (189.01 seconds)
waiting for more data (189.01 seconds)
waiting for more data (188.01 seconds)
waiting for more data (187.01 seconds)
waiting for more data (186.01 seconds)
waiting for more data (185.01 seconds)
waiting for more data (184.01 seconds)
waiting for more data (183.01 seconds)
waiting for more data (182.01 seconds)
waiting for more data (181.01 seconds)
waiting for more data (180.01 seconds)
waiting for more data (179.01 seconds)
waiting for more data (178.01 seconds)
waiting for more data (178.01 seconds)
waiting for more data (177.01 seconds)
waiting for more data (176.01 seconds)
waiting for more data (175.01 seconds)
waiting for more data (174.01 seconds)
waiting for more data (173.01 seconds)
waiting for more data (171.01 seconds)
waiting for more data (170.01 seconds)
waiting for more data (169.01 seconds)
waiting for more data (168.01 seconds)
waiting for more data (167.01 seconds)
waiting for more data (166.01 seconds)
waiting for more data (165.01 seconds)
waiting for more data (163.01 seconds)
waiting for more data (162.01 seconds)
waiting for more data (161.01 seconds)
waiting for more data (160.01 seconds)
waiting for more data (159.01 seconds)
waiting for more data (158.01 seconds)
waiting for more data (157.01 seconds)
waiting for more data (156.01 seconds)
waiting for more data (155.01 seconds)
waiting for more data (155.01 seconds)
waiting for more data (154.01 seconds)
waiting for more data (153.01 seconds)
waiting for more data (153.01 seconds)
waiting for more data (151.01 seconds)
waiting for more data (151.01 seconds)
waiting for more data (150.01 seconds)
waiting for more data (149.01 seconds)
waiting for more data (148.01 seconds)
waiting for more data (147.01 seconds)
waiting for more data (146.01 seconds)
waiting for more data (145.01 seconds)
waiting for more data (144.01 seconds)
waiting for more data (144.01 seconds)
waiting for more data (143.01 seconds)
waiting for more data (142.01 seconds)
waiting for more data (141.01 seconds)
waiting for more data (140.01 seconds)
waiting for more data (139.01 seconds)
waiting for more data (138.01 seconds)
waiting for more data (137.01 seconds)
waiting for more data (136.01 seconds)
waiting for more data (135.01 seconds)
waiting for more data (134.01 seconds)
waiting for more data (133.01 seconds)
waiting for more data (132.01 seconds)
waiting for more data (130.01 seconds)
waiting for more data (130.01 seconds)
waiting for more data (129.01 seconds)
waiting for more data (128.01 seconds)
waiting for more data (127.01 seconds)
waiting for more data (126.01 seconds)
waiting for more data (125.01 seconds)
waiting for more data (124.01 seconds)
waiting for more data (122.01 seconds)
waiting for more data (121.01 seconds)
waiting for more data (119.01 seconds)
waiting for more data (118.01 seconds)
waiting for more data (116.01 seconds)
waiting for more data (115.01 seconds)
waiting for more data (114.01 seconds)
waiting for more data (113.01 seconds)
waiting for more data (112.01 seconds)
waiting for more data (111.01 seconds)
waiting for more data (111.01 seconds)
waiting for more data (110.01 seconds)
waiting for more data (109.01 seconds)
waiting for more data (108.01 seconds)
waiting for more data (107.01 seconds)
waiting for more data (106.01 seconds)
waiting for more data (105.01 seconds)
waiting for more data (104.01 seconds)
waiting for more data (103.01 seconds)
waiting for more data (102.01 seconds)
waiting for more data (101.01 seconds)
waiting for more data (100.01 seconds)
waiting for more data (99.01 seconds)
waiting for more data (98.01 seconds)
waiting for more data (97.01 seconds)
waiting for more data (96.01 seconds)
waiting for more data (95.01 seconds)
waiting for more data (94.01 seconds)
waiting for more data (93.01 seconds)
waiting for more data (92.01 seconds)
waiting for more data (92.01 seconds)
waiting for more data (91.01 seconds)
waiting for more data (90.01 seconds)
waiting for more data (89.01 seconds)
waiting for more data (88.01 seconds)
waiting for more data (86.01 seconds)
waiting for more data (85.01 seconds)
waiting for more data (85.01 seconds)
waiting for more data (84.01 seconds)
waiting for more data (82.01 seconds)
waiting for more data (81.01 seconds)
waiting for more data (80.01 seconds)
waiting for more data (78.01 seconds)
waiting for more data (77.01 seconds)
waiting for more data (75.01 seconds)
waiting for more data (73.01 seconds)
waiting for more data (72.01 seconds)
waiting for more data (71.01 seconds)
waiting for more data (69.01 seconds)
waiting for more data (68.01 seconds)
waiting for more data (66.01 seconds)
waiting for more data (65.01 seconds)
waiting for more data (64.01 seconds)
waiting for more data (63.01 seconds)
waiting for more data (62.01 seconds)
waiting for more data (61.01 seconds)
waiting for more data (60.01 seconds)
waiting for more data (59.01 seconds)
waiting for more data (58.01 seconds)
waiting for more data (56.01 seconds)
waiting for more data (55.01 seconds)
waiting for more data (53.01 seconds)
waiting for more data (52.01 seconds)
waiting for more data (50.01 seconds)
waiting for more data (49.01 seconds)
waiting for more data (47.01 seconds)
waiting for more data (46.01 seconds)
waiting for more data (44.01 seconds)
waiting for more data (42.01 seconds)
waiting for more data (41.01 seconds)
waiting for more data (39.01 seconds)
waiting for more data (38.01 seconds)
waiting for more data (36.01 seconds)
waiting for more data (35.01 seconds)
waiting for more data (33.01 seconds)
waiting for more data (32.01 seconds)
waiting for more data (30.01 seconds)
waiting for more data (29.01 seconds)
waiting for more data (28.01 seconds)
waiting for more data (27.01 seconds)
waiting for more data (26.01 seconds)
waiting for more data (25.01 seconds)
waiting for more data (24.01 seconds)
waiting for more data (23.01 seconds)
waiting for more data (22.01 seconds)
waiting for more data (21.01 seconds)
waiting for more data (19.01 seconds)
waiting for more data (18.01 seconds)
waiting for more data (17.01 seconds)
waiting for more data (16.01 seconds)
waiting for more data (14.01 seconds)
waiting for more data (13.01 seconds)
waiting for more data (11.01 seconds)
waiting for more data (10.01 seconds)
waiting for more data (9.01 seconds)
waiting for more data (7.01 seconds)
waiting for more data (5.01 seconds)
waiting for more data (4.01 seconds)
waiting for more data (2.01 seconds)
waiting for more data (1.01 seconds)
waiting for more data (0.01 seconds)
0 compute time 173.24 (s) data time 0.16 (s), 0.00 x realtime (data time/compute time)
1 compute time 0.51 (s) data time 0.16 (s), 0.31 x realtime (data time/compute time)
2 compute time 0.68 (s) data time 0.16 (s), 0.24 x realtime (data time/compute time)
3 compute time 0.29 (s) data time 0.16 (s), 0.55 x realtime (data time/compute time)
4 compute time 0.38 (s) data time 0.16 (s), 0.42 x realtime (data time/compute time)
5 compute time 0.60 (s) data time 0.16 (s), 0.27 x realtime (data time/compute time)
6 compute time 0.36 (s) data time 0.16 (s), 0.45 x realtime (data time/compute time)
7 compute time 0.36 (s) data time 0.16 (s), 0.45 x realtime (data time/compute time)
8 compute time 0.40 (s) data time 0.16 (s), 0.40 x realtime (data time/compute time)
9 compute time 0.66 (s) data time 0.16 (s), 0.24 x realtime (data time/compute time)
10 compute time 0.63 (s) data time 0.16 (s), 0.25 x realtime (data time/compute time)
11 compute time 0.67 (s) data time 0.16 (s), 0.24 x realtime (data time/compute time)
12 compute time 0.57 (s) data time 0.16 (s), 0.28 x realtime (data time/compute time)
13 compute time 0.58 (s) data time 0.16 (s), 0.28 x realtime (data time/compute time)
14 compute time 0.48 (s) data time 0.16 (s), 0.34 x realtime (data time/compute time)
15 compute time 0.34 (s) data time 0.16 (s), 0.47 x realtime (data time/compute time)
16 compute time 0.33 (s) data time 0.16 (s), 0.48 x realtime (data time/compute time)
17 compute time 0.33 (s) data time 0.16 (s), 0.49 x realtime (data time/compute time)
18 compute time 0.30 (s) data time 0.16 (s), 0.53 x realtime (data time/compute time)
19 compute time 0.28 (s) data time 0.16 (s), 0.58 x realtime (data time/compute time)
20 compute time 0.26 (s) data time 0.16 (s), 0.61 x realtime (data time/compute time)
21 compute time 0.28 (s) data time 0.16 (s), 0.57 x realtime (data time/compute time)
22 compute time 0.28 (s) data time 0.16 (s), 0.58 x realtime (data time/compute time)
23 compute time 0.31 (s) data time 0.16 (s), 0.52 x realtime (data time/compute time)
24 compute time 0.30 (s) data time 0.16 (s), 0.53 x realtime (data time/compute time)
25 compute time 0.26 (s) data time 0.16 (s), 0.60 x realtime (data time/compute time)
26 compute time 0.27 (s) data time 0.16 (s), 0.58 x realtime (data time/compute time)
27 compute time 0.27 (s) data time 0.16 (s), 0.58 x realtime (data time/compute time)
28 compute time 0.32 (s) data time 0.16 (s), 0.50 x realtime (data time/compute time)
29 compute time 0.28 (s) data time 0.16 (s), 0.56 x realtime (data time/compute time)
30 compute time 0.27 (s) data time 0.16 (s), 0.58 x realtime (data time/compute time)
31 compute time 0.28 (s) data time 0.16 (s), 0.57 x realtime (data time/compute time)
32 compute time 0.27 (s) data time 0.16 (s), 0.60 x realtime (data time/compute time)
33 compute time 0.33 (s) data time 0.16 (s), 0.48 x realtime (data time/compute time)
34 compute time 0.37 (s) data time 0.16 (s), 0.44 x realtime (data time/compute time)
35 compute time 0.30 (s) data time 0.16 (s), 0.53 x realtime (data time/compute time)
36 compute time 0.31 (s) data time 0.16 (s), 0.52 x realtime (data time/compute time)
37 compute time 0.43 (s) data time 0.16 (s), 0.37 x realtime (data time/compute time)
38 compute time 0.33 (s) data time 0.16 (s), 0.49 x realtime (data time/compute time)
39 compute time 0.28 (s) data time 0.16 (s), 0.58 x realtime (data time/compute time)
40 compute time 0.29 (s) data time 0.16 (s), 0.55 x realtime (data time/compute time)
41 compute time 0.28 (s) data time 0.16 (s), 0.56 x realtime (data time/compute time)
42 compute time 0.37 (s) data time 0.16 (s), 0.43 x realtime (data time/compute time)
43 compute time 0.32 (s) data time 0.16 (s), 0.49 x realtime (data time/compute time)
44 compute time 0.29 (s) data time 0.16 (s), 0.56 x realtime (data time/compute time)
45 compute time 0.25 (s) data time 0.16 (s), 0.65 x realtime (data time/compute time)
46 compute time 0.32 (s) data time 0.16 (s), 0.50 x realtime (data time/compute time)
47 compute time 0.24 (s) data time 0.16 (s), 0.66 x realtime (data time/compute time)
48 compute time 0.19 (s) data time 0.16 (s), 0.84 x realtime (data time/compute time)
49 compute time 0.22 (s) data time 0.16 (s), 0.73 x realtime (data time/compute time)
50 compute time 0.34 (s) data time 0.16 (s), 0.47 x realtime (data time/compute time)
51 compute time 0.30 (s) data time 0.16 (s), 0.53 x realtime (data time/compute time)
52 compute time 0.39 (s) data time 0.16 (s), 0.41 x realtime (data time/compute time)
53 compute time 0.23 (s) data time 0.16 (s), 0.71 x realtime (data time/compute time)
54 compute time 0.24 (s) data time 0.16 (s), 0.67 x realtime (data time/compute time)
55 compute time 0.30 (s) data time 0.16 (s), 0.53 x realtime (data time/compute time)
56 compute time 0.35 (s) data time 0.16 (s), 0.46 x realtime (data time/compute time)
57 compute time 0.41 (s) data time 0.16 (s), 0.39 x realtime (data time/compute time)
58 compute time 0.34 (s) data time 0.16 (s), 0.47 x realtime (data time/compute time)
59 compute time 0.37 (s) data time 0.16 (s), 0.43 x realtime (data time/compute time)
60 compute time 0.51 (s) data time 0.16 (s), 0.31 x realtime (data time/compute time)
61 compute time 0.35 (s) data time 0.16 (s), 0.46 x realtime (data time/compute time)
62 compute time 0.33 (s) data time 0.16 (s), 0.48 x realtime (data time/compute time)
63 compute time 0.30 (s) data time 0.16 (s), 0.54 x realtime (data time/compute time)
64 compute time 0.34 (s) data time 0.16 (s), 0.48 x realtime (data time/compute time)
65 compute time 0.32 (s) data time 0.16 (s), 0.51 x realtime (data time/compute time)
66 compute time 0.33 (s) data time 0.16 (s), 0.49 x realtime (data time/compute time)
67 compute time 0.40 (s) data time 0.16 (s), 0.40 x realtime (data time/compute time)
68 compute time 0.45 (s) data time 0.16 (s), 0.36 x realtime (data time/compute time)
69 compute time 0.28 (s) data time 0.16 (s), 0.58 x realtime (data time/compute time)
70 compute time 0.23 (s) data time 0.16 (s), 0.69 x realtime (data time/compute time)
71 compute time 0.25 (s) data time 0.16 (s), 0.64 x realtime (data time/compute time)
72 compute time 0.27 (s) data time 0.16 (s), 0.60 x realtime (data time/compute time)
73 compute time 0.22 (s) data time 0.16 (s), 0.73 x realtime (data time/compute time)
74 compute time 0.26 (s) data time 0.16 (s), 0.61 x realtime (data time/compute time)
75 compute time 0.25 (s) data time 0.16 (s), 0.65 x realtime (data time/compute time)
76 compute time 0.29 (s) data time 0.16 (s), 0.55 x realtime (data time/compute time)
77 compute time 0.37 (s) data time 0.16 (s), 0.44 x realtime (data time/compute time)
78 compute time 0.33 (s) data time 0.16 (s), 0.49 x realtime (data time/compute time)
79 compute time 0.29 (s) data time 0.16 (s), 0.56 x realtime (data time/compute time)
80 compute time 0.36 (s) data time 0.16 (s), 0.44 x realtime (data time/compute time)
81 compute time 0.30 (s) data time 0.16 (s), 0.53 x realtime (data time/compute time)
82 compute time 0.30 (s) data time 0.16 (s), 0.53 x realtime (data time/compute time)
83 compute time 0.40 (s) data time 0.16 (s), 0.41 x realtime (data time/compute time)
84 compute time 0.50 (s) data time 0.16 (s), 0.32 x realtime (data time/compute time)
85 compute time 0.39 (s) data time 0.16 (s), 0.41 x realtime (data time/compute time)
86 compute time 0.35 (s) data time 0.16 (s), 0.46 x realtime (data time/compute time)
87 compute time 0.38 (s) data time 0.16 (s), 0.42 x realtime (data time/compute time)
88 compute time 0.35 (s) data time 0.16 (s), 0.45 x realtime (data time/compute time)
89 compute time 0.36 (s) data time 0.16 (s), 0.44 x realtime (data time/compute time)
90 compute time 0.39 (s) data time 0.16 (s), 0.41 x realtime (data time/compute time)
91 compute time 0.37 (s) data time 0.16 (s), 0.43 x realtime (data time/compute time)
92 compute time 0.32 (s) data time 0.16 (s), 0.51 x realtime (data time/compute time)
93 compute time 0.34 (s) data time 0.16 (s), 0.47 x realtime (data time/compute time)
94 compute time 0.35 (s) data time 0.16 (s), 0.45 x realtime (data time/compute time)
95 compute time 0.29 (s) data time 0.16 (s), 0.55 x realtime (data time/compute time)
96 compute time 0.35 (s) data time 0.16 (s), 0.46 x realtime (data time/compute time)
97 compute time 0.24 (s) data time 0.16 (s), 0.67 x realtime (data time/compute time)
98 compute time 0.29 (s) data time 0.16 (s), 0.55 x realtime (data time/compute time)
99 compute time 0.26 (s) data time 0.16 (s), 0.62 x realtime (data time/compute time)
100 compute time 0.32 (s) data time 0.16 (s), 0.49 x realtime (data time/compute time)
101 compute time 0.34 (s) data time 0.16 (s), 0.47 x realtime (data time/compute time)
102 compute time 0.36 (s) data time 0.16 (s), 0.45 x realtime (data time/compute time)
103 compute time 0.37 (s) data time 0.16 (s), 0.44 x realtime (data time/compute time)
104 compute time 0.35 (s) data time 0.16 (s), 0.46 x realtime (data time/compute time)
105 compute time 0.33 (s) data time 0.16 (s), 0.49 x realtime (data time/compute time)
106 compute time 0.40 (s) data time 0.16 (s), 0.40 x realtime (data time/compute time)
107 compute time 0.40 (s) data time 0.16 (s), 0.40 x realtime (data time/compute time)
108 compute time 0.35 (s) data time 0.16 (s), 0.45 x realtime (data time/compute time)
109 compute time 0.44 (s) data time 0.16 (s), 0.36 x realtime (data time/compute time)
110 compute time 0.38 (s) data time 0.16 (s), 0.42 x realtime (data time/compute time)
111 compute time 0.53 (s) data time 0.16 (s), 0.30 x realtime (data time/compute time)
112 compute time 0.44 (s) data time 0.16 (s), 0.36 x realtime (data time/compute time)
113 compute time 0.53 (s) data time 0.16 (s), 0.30 x realtime (data time/compute time)
114 compute time 0.53 (s) data time 0.16 (s), 0.30 x realtime (data time/compute time)
115 compute time 0.32 (s) data time 0.16 (s), 0.50 x realtime (data time/compute time)
116 compute time 0.34 (s) data time 0.16 (s), 0.46 x realtime (data time/compute time)
117 compute time 0.51 (s) data time 0.16 (s), 0.32 x realtime (data time/compute time)
118 compute time 0.26 (s) data time 0.16 (s), 0.62 x realtime (data time/compute time)
119 compute time 0.29 (s) data time 0.16 (s), 0.55 x realtime (data time/compute time)
120 compute time 0.27 (s) data time 0.16 (s), 0.59 x realtime (data time/compute time)
121 compute time 0.29 (s) data time 0.16 (s), 0.54 x realtime (data time/compute time)
122 compute time 0.35 (s) data time 0.16 (s), 0.46 x realtime (data time/compute time)
123 compute time 0.25 (s) data time 0.16 (s), 0.65 x realtime (data time/compute time)
124 compute time 0.27 (s) data time 0.16 (s), 0.59 x realtime (data time/compute time)
125 compute time 0.28 (s) data time 0.16 (s), 0.57 x realtime (data time/compute time)
126 compute time 0.39 (s) data time 0.16 (s), 0.41 x realtime (data time/compute time)
127 compute time 0.34 (s) data time 0.16 (s), 0.47 x realtime (data time/compute time)
128 compute time 0.35 (s) data time 0.16 (s), 0.46 x realtime (data time/compute time)
129 compute time 0.37 (s) data time 0.16 (s), 0.43 x realtime (data time/compute time)
130 compute time 0.32 (s) data time 0.16 (s), 0.51 x realtime (data time/compute time)
131 compute time 0.35 (s) data time 0.16 (s), 0.45 x realtime (data time/compute time)
132 compute time 0.36 (s) data time 0.16 (s), 0.45 x realtime (data time/compute time)
133 compute time 0.41 (s) data time 0.16 (s), 0.39 x realtime (data time/compute time)
134 compute time 0.41 (s) data time 0.16 (s), 0.39 x realtime (data time/compute time)
135 compute time 0.34 (s) data time 0.16 (s), 0.47 x realtime (data time/compute time)
136 compute time 0.32 (s) data time 0.16 (s), 0.50 x realtime (data time/compute time)
137 compute time 0.41 (s) data time 0.16 (s), 0.39 x realtime (data time/compute time)
138 compute time 0.46 (s) data time 0.16 (s), 0.35 x realtime (data time/compute time)
139 compute time 0.30 (s) data time 0.16 (s), 0.53 x realtime (data time/compute time)
140 compute time 0.42 (s) data time 0.16 (s), 0.38 x realtime (data time/compute time)
141 compute time 0.31 (s) data time 0.16 (s), 0.52 x realtime (data time/compute time)
142 compute time 0.27 (s) data time 0.16 (s), 0.60 x realtime (data time/compute time)
143 compute time 0.32 (s) data time 0.16 (s), 0.51 x realtime (data time/compute time)
144 compute time 0.37 (s) data time 0.16 (s), 0.43 x realtime (data time/compute time)
145 compute time 0.37 (s) data time 0.16 (s), 0.43 x realtime (data time/compute time)
146 compute time 0.41 (s) data time 0.16 (s), 0.39 x realtime (data time/compute time)
147 compute time 0.46 (s) data time 0.16 (s), 0.35 x realtime (data time/compute time)
148 compute time 0.28 (s) data time 0.16 (s), 0.56 x realtime (data time/compute time)
149 compute time 0.31 (s) data time 0.16 (s), 0.52 x realtime (data time/compute time)
150 compute time 0.32 (s) data time 0.16 (s), 0.50 x realtime (data time/compute time)
151 compute time 0.42 (s) data time 0.16 (s), 0.38 x realtime (data time/compute time)
152 compute time 0.38 (s) data time 0.16 (s), 0.42 x realtime (data time/compute time)
153 compute time 0.38 (s) data time 0.16 (s), 0.42 x realtime (data time/compute time)
154 compute time 0.33 (s) data time 0.16 (s), 0.49 x realtime (data time/compute time)
155 compute time 0.39 (s) data time 0.16 (s), 0.41 x realtime (data time/compute time)
156 compute time 0.48 (s) data time 0.16 (s), 0.33 x realtime (data time/compute time)
157 compute time 0.32 (s) data time 0.16 (s), 0.50 x realtime (data time/compute time)
158 compute time 0.32 (s) data time 0.16 (s), 0.50 x realtime (data time/compute time)
159 compute time 0.40 (s) data time 0.16 (s), 0.40 x realtime (data time/compute time)
160 compute time 0.39 (s) data time 0.16 (s), 0.41 x realtime (data time/compute time)
161 compute time 0.26 (s) data time 0.16 (s), 0.61 x realtime (data time/compute time)
162 compute time 0.29 (s) data time 0.16 (s), 0.55 x realtime (data time/compute time)
163 compute time 0.30 (s) data time 0.16 (s), 0.53 x realtime (data time/compute time)
164 compute time 0.36 (s) data time 0.16 (s), 0.45 x realtime (data time/compute time)
165 compute time 0.33 (s) data time 0.16 (s), 0.49 x realtime (data time/compute time)
166 compute time 0.37 (s) data time 0.16 (s), 0.43 x realtime (data time/compute time)
167 compute time 0.47 (s) data time 0.16 (s), 0.34 x realtime (data time/compute time)
168 compute time 0.45 (s) data time 0.16 (s), 0.35 x realtime (data time/compute time)
169 compute time 0.37 (s) data time 0.16 (s), 0.44 x realtime (data time/compute time)
170 compute time 0.25 (s) data time 0.16 (s), 0.64 x realtime (data time/compute time)
171 compute time 0.33 (s) data time 0.16 (s), 0.49 x realtime (data time/compute time)
172 compute time 0.24 (s) data time 0.16 (s), 0.66 x realtime (data time/compute time)
173 compute time 0.39 (s) data time 0.16 (s), 0.41 x realtime (data time/compute time)
174 compute time 0.37 (s) data time 0.16 (s), 0.43 x realtime (data time/compute time)
175 compute time 0.40 (s) data time 0.16 (s), 0.40 x realtime (data time/compute time)
176 compute time 0.37 (s) data time 0.16 (s), 0.43 x realtime (data time/compute time)
177 compute time 0.45 (s) data time 0.16 (s), 0.35 x realtime (data time/compute time)
178 compute time 0.38 (s) data time 0.16 (s), 0.42 x realtime (data time/compute time)
179 compute time 0.53 (s) data time 0.16 (s), 0.30 x realtime (data time/compute time)
180 compute time 0.38 (s) data time 0.16 (s), 0.42 x realtime (data time/compute time)
181 compute time 0.66 (s) data time 0.16 (s), 0.24 x realtime (data time/compute time)
182 compute time 0.36 (s) data time 0.16 (s), 0.45 x realtime (data time/compute time)
183 compute time 0.41 (s) data time 0.16 (s), 0.39 x realtime (data time/compute time)
184 compute time 0.63 (s) data time 0.16 (s), 0.25 x realtime (data time/compute time)
185 compute time 0.48 (s) data time 0.16 (s), 0.33 x realtime (data time/compute time)
186 compute time 0.35 (s) data time 0.16 (s), 0.45 x realtime (data time/compute time)
187 compute time 0.30 (s) data time 0.16 (s), 0.53 x realtime (data time/compute time)
188 compute time 0.28 (s) data time 0.16 (s), 0.58 x realtime (data time/compute time)
189 compute time 0.27 (s) data time 0.16 (s), 0.59 x realtime (data time/compute time)
190 compute time 0.28 (s) data time 0.16 (s), 0.58 x realtime (data time/compute time)
191 compute time 0.27 (s) data time 0.16 (s), 0.59 x realtime (data time/compute time)
192 compute time 0.33 (s) data time 0.16 (s), 0.49 x realtime (data time/compute time)
193 compute time 0.37 (s) data time 0.16 (s), 0.44 x realtime (data time/compute time)
194 compute time 0.48 (s) data time 0.16 (s), 0.33 x realtime (data time/compute time)
195 compute time 0.48 (s) data time 0.16 (s), 0.34 x realtime (data time/compute time)
196 compute time 0.39 (s) data time 0.16 (s), 0.41 x realtime (data time/compute time)
197 compute time 0.31 (s) data time 0.16 (s), 0.51 x realtime (data time/compute time)
198 compute time 0.34 (s) data time 0.16 (s), 0.47 x realtime (data time/compute time)
199 compute time 0.43 (s) data time 0.16 (s), 0.37 x realtime (data time/compute time)
200 compute time 0.41 (s) data time 0.16 (s), 0.39 x realtime (data time/compute time)
201 compute time 0.37 (s) data time 0.16 (s), 0.43 x realtime (data time/compute time)
202 compute time 0.46 (s) data time 0.16 (s), 0.35 x realtime (data time/compute time)
203 compute time 0.39 (s) data time 0.16 (s), 0.41 x realtime (data time/compute time)
204 compute time 0.37 (s) data time 0.16 (s), 0.43 x realtime (data time/compute time)
205 compute time 0.40 (s) data time 0.16 (s), 0.40 x realtime (data time/compute time)
206 compute time 0.36 (s) data time 0.16 (s), 0.44 x realtime (data time/compute time)
207 compute time 0.36 (s) data time 0.16 (s), 0.45 x realtime (data time/compute time)
208 compute time 0.35 (s) data time 0.16 (s), 0.45 x realtime (data time/compute time)
209 compute time 0.37 (s) data time 0.16 (s), 0.43 x realtime (data time/compute time)
210 compute time 0.48 (s) data time 0.16 (s), 0.33 x realtime (data time/compute time)
211 compute time 0.53 (s) data time 0.16 (s), 0.30 x realtime (data time/compute time)
212 compute time 0.46 (s) data time 0.16 (s), 0.35 x realtime (data time/compute time)
213 compute time 0.36 (s) data time 0.16 (s), 0.44 x realtime (data time/compute time)
214 compute time 0.35 (s) data time 0.16 (s), 0.45 x realtime (data time/compute time)
215 compute time 0.41 (s) data time 0.16 (s), 0.39 x realtime (data time/compute time)
216 compute time 0.37 (s) data time 0.16 (s), 0.43 x realtime (data time/compute time)
217 compute time 0.36 (s) data time 0.16 (s), 0.45 x realtime (data time/compute time)
218 compute time 0.42 (s) data time 0.16 (s), 0.39 x realtime (data time/compute time)
219 compute time 0.40 (s) data time 0.16 (s), 0.40 x realtime (data time/compute time)
220 compute time 0.40 (s) data time 0.16 (s), 0.40 x realtime (data time/compute time)
221 compute time 0.42 (s) data time 0.16 (s), 0.38 x realtime (data time/compute time)
222 compute time 0.45 (s) data time 0.16 (s), 0.36 x realtime (data time/compute time)
223 compute time 0.47 (s) data time 0.16 (s), 0.34 x realtime (data time/compute time)
224 compute time 0.45 (s) data time 0.16 (s), 0.36 x realtime (data time/compute time)
225 compute time 0.38 (s) data time 0.16 (s), 0.42 x realtime (data time/compute time)
226 compute time 0.36 (s) data time 0.16 (s), 0.44 x realtime (data time/compute time)
227 compute time 0.31 (s) data time 0.16 (s), 0.51 x realtime (data time/compute time)
228 compute time 0.35 (s) data time 0.16 (s), 0.46 x realtime (data time/compute time)
229 compute time 0.35 (s) data time 0.16 (s), 0.46 x realtime (data time/compute time)
230 compute time 0.35 (s) data time 0.16 (s), 0.46 x realtime (data time/compute time)
231 compute time 0.41 (s) data time 0.16 (s), 0.39 x realtime (data time/compute time)
232 compute time 0.44 (s) data time 0.16 (s), 0.36 x realtime (data time/compute time)
233 compute time 0.34 (s) data time 0.16 (s), 0.47 x realtime (data time/compute time)
234 compute time 0.33 (s) data time 0.16 (s), 0.48 x realtime (data time/compute time)
235 compute time 0.50 (s) data time 0.16 (s), 0.32 x realtime (data time/compute time)
236 compute time 0.46 (s) data time 0.16 (s), 0.35 x realtime (data time/compute time)
237 compute time 0.43 (s) data time 0.16 (s), 0.37 x realtime (data time/compute time)
238 compute time 0.68 (s) data time 0.16 (s), 0.24 x realtime (data time/compute time)
239 compute time 0.89 (s) data time 0.16 (s), 0.18 x realtime (data time/compute time)
240 compute time 0.71 (s) data time 0.16 (s), 0.23 x realtime (data time/compute time)
241 compute time 0.53 (s) data time 0.16 (s), 0.30 x realtime (data time/compute time)
242 compute time 0.52 (s) data time 0.16 (s), 0.31 x realtime (data time/compute time)
243 compute time 0.33 (s) data time 0.16 (s), 0.48 x realtime (data time/compute time)
244 compute time 0.37 (s) data time 0.16 (s), 0.44 x realtime (data time/compute time)
245 compute time 0.35 (s) data time 0.16 (s), 0.45 x realtime (data time/compute time)
246 compute time 0.32 (s) data time 0.16 (s), 0.50 x realtime (data time/compute time)
247 compute time 0.60 (s) data time 0.16 (s), 0.27 x realtime (data time/compute time)
248 compute time 0.54 (s) data time 0.16 (s), 0.29 x realtime (data time/compute time)
249 compute time 0.45 (s) data time 0.16 (s), 0.36 x realtime (data time/compute time)
250 compute time 0.89 (s) data time 0.16 (s), 0.18 x realtime (data time/compute time)
251 compute time 1.13 (s) data time 0.16 (s), 0.14 x realtime (data time/compute time)
252 compute time 0.66 (s) data time 0.16 (s), 0.24 x realtime (data time/compute time)
253 compute time 0.57 (s) data time 0.16 (s), 0.28 x realtime (data time/compute time)
254 compute time 0.52 (s) data time 0.16 (s), 0.31 x realtime (data time/compute time)
255 compute time 0.47 (s) data time 0.16 (s), 0.34 x realtime (data time/compute time)
256 compute time 0.61 (s) data time 0.16 (s), 0.26 x realtime (data time/compute time)
257 compute time 0.42 (s) data time 0.16 (s), 0.38 x realtime (data time/compute time)
258 compute time 0.40 (s) data time 0.16 (s), 0.40 x realtime (data time/compute time)
saved /home/ionouser/ionozond_data2//2026-08-12/digisonde_ionogram-Juliusruh-DOB-1786552096.00.h5.png
saving /home/ionouser/ionozond_data2//2026-08-12/digisonde_ionogram-Juliusruh-DOB-1786552096.00.h5
{'ringbuffer_dir': '/dev/shm/hf25', 'output_dir': '/home/ionouser/ionozond_data2/', 'channel': 'ch0', 'receiver': 'DOB', 'sr': 25000000, 'cf': 12500000.0, 'transmitter': 'Juliusruh', 'snr_threshold': 2, 'sounding_interval': 300, 'start_offset': 196, 'sum_ox': True, 'filter_strategy': 'fir', 'use_c_downconvert': True, 'sounding_hrs': [5.5, 18], 'dec': 250, 'freq0': 1010000, 'freq1': 14000000, 'dfreq': 50000, 'ipp': 10000, 'n_ipp': 16, 'offset_us': 2000, 'wait_for_data': True, 'copy_to_server': True}
waiting for more data (183.01 seconds)
waiting for more data (183.01 seconds)
waiting for more data (182.01 seconds)
waiting for more data (181.01 seconds)
waiting for more data (180.01 seconds)
waiting for more data (179.01 seconds)
waiting for more data (178.01 seconds)
