using pyfftw
reading /home/ionouser/chirpsounder2/my_station.ini
/dev/shm/hf25
Scanning for timings indefinitely
Couldn't open /home/ionouser/ionozond_data2//2026-08-12/chirp-ch0-125-44663536740000000-1786541387.h5
Couldn't open /home/ionouser/ionozond_data2//2026-08-12/chirp-ch0-125-44663536800000000-1786541387.h5
Couldn't open /home/ionouser/ionozond_data2//2026-08-12/chirp-ch0-500-44663536740000000-1786541428.h5
Couldn't open /home/ionouser/ionozond_data2//2026-08-12/chirp-ch0-500-44663536800000000-1786541430.h5
Couldn't open /home/ionouser/ionozond_data2//2026-08-12/chirp-ch0-500-44663536860000000-1786541464.h5
Couldn't open /home/ionouser/ionozond_data2//2026-08-12/chirp-ch0-500-44663536920000000-1786541435.h5
Couldn't open /home/ionouser/ionozond_data2//2026-08-12/chirp-ch0-125-44663542320000000-1786541620.h5
Couldn't open /home/ionouser/ionozond_data2//2026-08-12/chirp-ch0-125-44663542800000000-1786541663.h5
Couldn't open /home/ionouser/ionozond_data2//2026-08-12/chirp-ch0-500-44663541300000000-1786541610.h5
Couldn't open /home/ionouser/ionozond_data2//2026-08-12/chirp-ch0-500-44663541540000000-1786541632.h5
Couldn't open /home/ionouser/ionozond_data2//2026-08-12/chirp-ch0-500-44663541600000000-1786541616.h5
Couldn't open /home/ionouser/ionozond_data2//2026-08-12/chirp-ch0-500-44663541600000000-1786541634.h5
Couldn't open /home/ionouser/ionozond_data2//2026-08-12/chirp-ch0-500-44663541660000000-1786541638.h5
Couldn't open /home/ionouser/ionozond_data2//2026-08-12/chirp-ch0-500-44663542260000000-1786541649.h5
Couldn't open /home/ionouser/ionozond_data2//2026-08-12/chirp-ch0-500-44663543460000000-1786541720.h5
Couldn't open /home/ionouser/ionozond_data2//2026-08-12/chirp-ch0-125-44663547480000000-1786541837.h5
Couldn't open /home/ionouser/ionozond_data2//2026-08-12/chirp-ch0-125-44663547540000000-1786541837.h5
Couldn't open /home/ionouser/ionozond_data2//2026-08-12/chirp-ch0-125-44663547600000000-1786541837.h5
Couldn't open /home/ionouser/ionozond_data2//2026-08-12/chirp-ch0-125-44663547780000000-1786541837.h5
Couldn't open /home/ionouser/ionozond_data2//2026-08-12/chirp-ch0-125-44663547840000000-1786541837.h5
Couldn't open /home/ionouser/ionozond_data2//2026-08-12/chirp-ch0-125-44663547900000000-1786541837.h5
Couldn't open /home/ionouser/ionozond_data2//2026-08-12/chirp-ch0-125-44663547960000000-1786541837.h5
Couldn't open /home/ionouser/ionozond_data2//2026-08-12/chirp-ch0-125-44663548020000000-1786541775.h5
Couldn't open /home/ionouser/ionozond_data2//2026-08-12/chirp-ch0-125-44663548020000000-1786541837.h5
Couldn't open /home/ionouser/ionozond_data2//2026-08-12/chirp-ch0-125-44663548140000000-1786541837.h5
Couldn't open /home/ionouser/ionozond_data2//2026-08-12/chirp-ch0-500-44663547480000000-1786541858.h5
Couldn't open /home/ionouser/ionozond_data2//2026-08-12/chirp-ch0-500-44663547540000000-1786541860.h5
Couldn't open /home/ionouser/ionozond_data2//2026-08-12/chirp-ch0-500-44663547600000000-1786541862.h5
Couldn't open /home/ionouser/ionozond_data2//2026-08-12/chirp-ch0-500-44663547660000000-1786541865.h5
Couldn't open /home/ionouser/ionozond_data2//2026-08-12/chirp-ch0-500-44663547720000000-1786541867.h5
Couldn't open /home/ionouser/ionozond_data2//2026-08-12/chirp-ch0-500-44663547780000000-1786541870.h5
Couldn't open /home/ionouser/ionozond_data2//2026-08-12/chirp-ch0-500-44663547840000000-1786541872.h5
Couldn't open /home/ionouser/ionozond_data2//2026-08-12/chirp-ch0-500-44663547900000000-1786541874.h5
Couldn't open /home/ionouser/ionozond_data2//2026-08-12/chirp-ch0-500-44663547960000000-1786541877.h5
Couldn't open /home/ionouser/ionozond_data2//2026-08-12/chirp-ch0-500-44663548020000000-1786541879.h5
Couldn't open /home/ionouser/ionozond_data2//2026-08-12/chirp-ch0-500-44663548080000000-1786541882.h5
Couldn't open /home/ionouser/ionozond_data2//2026-08-12/chirp-ch0-500-44663548200000000-1786541886.h5
Couldn't open /home/ionouser/ionozond_data2//2026-08-12/chirp-ch0-500-44663548260000000-1786541889.h5
Couldn't open /home/ionouser/ionozond_data2//2026-08-12/chirp-ch0-500-44663548380000000-1786541894.h5
Couldn't open /home/ionouser/ionozond_data2//2026-08-12/chirp-ch0-500-44663548440000000-1786541896.h5
Couldn't open /home/ionouser/ionozond_data2//2026-08-12/chirp-ch0-125-44663551860000000-1786541876.h5
Couldn't open /home/ionouser/ionozond_data2//2026-08-12/chirp-ch0-500-44663551920000000-1786542035.h5
Couldn't open /home/ionouser/ionozond_data2//2026-08-12/chirp-ch0-500-44663551980000000-1786542038.h5
Couldn't open /home/ionouser/ionozond_data2//2026-08-12/chirp-ch0-500-44663552040000000-1786542040.h5
Couldn't open /home/ionouser/ionozond_data2//2026-08-12/chirp-ch0-500-44663552100000000-1786542042.h5
Couldn't open /home/ionouser/ionozond_data2//2026-08-12/chirp-ch0-500-44663552160000000-1786542045.h5
Couldn't open /home/ionouser/ionozond_data2//2026-08-12/chirp-ch0-500-44663552220000000-1786542047.h5
Couldn't open /home/ionouser/ionozond_data2//2026-08-12/chirp-ch0-500-44663552280000000-1786542050.h5
Couldn't open /home/ionouser/ionozond_data2//2026-08-12/chirp-ch0-500-44663552340000000-1786542052.h5
Couldn't open /home/ionouser/ionozond_data2//2026-08-12/chirp-ch0-500-44663552400000000-1786542054.h5
Couldn't open /home/ionouser/ionozond_data2//2026-08-12/chirp-ch0-500-44663552460000000-1786542057.h5
Couldn't open /home/ionouser/ionozond_data2//2026-08-12/chirp-ch0-500-44663552520000000-1786542059.h5
Couldn't open /home/ionouser/ionozond_data2//2026-08-12/chirp-ch0-500-44663552580000000-1786542062.h5
Couldn't open /home/ionouser/ionozond_data2//2026-08-12/chirp-ch0-500-44663552640000000-1786542064.h5
Couldn't open /home/ionouser/ionozond_data2//2026-08-12/chirp-ch0-500-44663552700000000-1786542066.h5
Couldn't open /home/ionouser/ionozond_data2//2026-08-12/chirp-ch0-125-44663556600000000-1786542072.h5
Couldn't open /home/ionouser/ionozond_data2//2026-08-12/chirp-ch0-500-44663554920000000-1786542155.h5
Couldn't open /home/ionouser/ionozond_data2//2026-08-12/chirp-ch0-500-44663554980000000-1786542158.h5
Couldn't open /home/ionouser/ionozond_data2//2026-08-12/chirp-ch0-500-44663555040000000-1786542160.h5
Couldn't open /home/ionouser/ionozond_data2//2026-08-12/chirp-ch0-500-44663555100000000-1786542162.h5
Couldn't open /home/ionouser/ionozond_data2//2026-08-12/chirp-ch0-500-44663555160000000-1786542165.h5
Couldn't open /home/ionouser/ionozond_data2//2026-08-12/chirp-ch0-500-44663555220000000-1786542167.h5
Couldn't open /home/ionouser/ionozond_data2//2026-08-12/chirp-ch0-500-44663555280000000-1786542170.h5
Couldn't open /home/ionouser/ionozond_data2//2026-08-12/chirp-ch0-500-44663555340000000-1786542172.h5
Couldn't open /home/ionouser/ionozond_data2//2026-08-12/chirp-ch0-500-44663555400000000-1786542174.h5
Couldn't open /home/ionouser/ionozond_data2//2026-08-12/chirp-ch0-500-44663555460000000-1786542177.h5
Couldn't open /home/ionouser/ionozond_data2//2026-08-12/chirp-ch0-500-44663555640000000-1786542184.h5
Couldn't open /home/ionouser/ionozond_data2//2026-08-12/chirp-ch0-500-44663555700000000-1786542186.h5
Couldn't open /home/ionouser/ionozond_data2//2026-08-12/chirp-ch0-500-44663555760000000-1786542189.h5
Couldn't open /home/ionouser/ionozond_data2//2026-08-12/chirp-ch0-500-44663555820000000-1786542191.h5
Couldn't open /home/ionouser/ionozond_data2//2026-08-12/chirp-ch0-500-44663555880000000-1786542194.h5
Couldn't open /home/ionouser/ionozond_data2//2026-08-12/chirp-ch0-500-44663555940000000-1786542196.h5
Couldn't open /home/ionouser/ionozond_data2//2026-08-12/chirp-ch0-500-44663556000000000-1786542198.h5
Couldn't open /home/ionouser/ionozond_data2//2026-08-12/chirp-ch0-500-44663556060000000-1786542201.h5
Couldn't open /home/ionouser/ionozond_data2//2026-08-12/chirp-ch0-500-44663556120000000-1786542203.h5
Couldn't open /home/ionouser/ionozond_data2//2026-08-12/chirp-ch0-500-44663556180000000-1786542206.h5
Couldn't open /home/ionouser/ionozond_data2//2026-08-12/chirp-ch0-500-44663556240000000-1786542208.h5
Couldn't open /home/ionouser/ionozond_data2//2026-08-12/chirp-ch0-500-44663556300000000-1786542210.h5
Couldn't open /home/ionouser/ionozond_data2//2026-08-12/chirp-ch0-500-44663556360000000-1786542213.h5
Couldn't open /home/ionouser/ionozond_data2//2026-08-12/chirp-ch0-500-44663556420000000-1786542215.h5
Couldn't open /home/ionouser/ionozond_data2//2026-08-12/chirp-ch0-500-44663556600000000-1786542222.h5
Couldn't open /home/ionouser/ionozond_data2//2026-08-12/chirp-ch0-500-44663556660000000-1786542225.h5
Couldn't open /home/ionouser/ionozond_data2//2026-08-12/chirp-ch0-500-44663556720000000-1786542227.h5
Couldn't open /home/ionouser/ionozond_data2//2026-08-12/chirp-ch0-500-44663556780000000-1786542230.h5
Couldn't open /home/ionouser/ionozond_data2//2026-08-12/chirp-ch0-500-44663556840000000-1786542232.h5
Couldn't open /home/ionouser/ionozond_data2//2026-08-12/chirp-ch0-500-44663556960000000-1786542237.h5
Couldn't open /home/ionouser/ionozond_data2//2026-08-12/chirp-ch0-500-44663557380000000-1786542253.h5
Couldn't open /home/ionouser/ionozond_data2//2026-08-12/chirp-ch0-500-44663557440000000-1786542256.h5
ch0 Found chirp-rate 125.00 kHz/s t0=1786543155.0453 num_det 3 started 82.11 s ago 117.89 s left
writing file /home/ionouser/ionozond_data2//2026-08-12/par-ch0-1786543155.0000.h5
ch0 Found chirp-rate 100.00 kHz/s t0=1786543140.0098 num_det 3 started 101.50 s ago 148.50 s left
writing file /home/ionouser/ionozond_data2//2026-08-12/par-ch0-1786543140.0000.h5
ch0 Found chirp-rate 100.00 kHz/s t0=1786543135.0093 num_det 3 started 113.68 s ago 136.32 s left
writing file /home/ionouser/ionozond_data2//2026-08-12/par-ch0-1786543135.0000.h5
ch0 Found chirp-rate 125.00 kHz/s t0=1786543187.0438 num_det 3 started 75.61 s ago 124.39 s left
writing file /home/ionouser/ionozond_data2//2026-08-12/par-ch0-1786543187.0000.h5
ch0 Found chirp-rate 100.00 kHz/s t0=1786543145.0099 num_det 3 started 119.99 s ago 130.01 s left
writing file /home/ionouser/ionozond_data2//2026-08-12/par-ch0-1786543145.0000.h5
ch0 Found chirp-rate 100.00 kHz/s t0=1786543162.0267 num_det 3 started 110.07 s ago 139.93 s left
writing file /home/ionouser/ionozond_data2//2026-08-12/par-ch0-1786543162.0000.h5
ch0 Found chirp-rate 100.00 kHz/s t0=1786543165.8621 num_det 3 started 158.12 s ago 91.88 s left
writing file /home/ionouser/ionozond_data2//2026-08-12/par-ch0-1786543165.0000.h5
ch0 Found chirp-rate 100.00 kHz/s t0=1786543180.0221 num_det 3 started 147.93 s ago 102.07 s left
writing file /home/ionouser/ionozond_data2//2026-08-12/par-ch0-1786543180.0000.h5
ch0 Found chirp-rate 100.00 kHz/s t0=1786543200.0092 num_det 3 started 135.90 s ago 114.10 s left
writing file /home/ionouser/ionozond_data2//2026-08-12/par-ch0-1786543200.0000.h5
ch0 Found chirp-rate 100.00 kHz/s t0=1786543170.0055 num_det 3 started 187.43 s ago 62.57 s left
writing file /home/ionouser/ionozond_data2//2026-08-12/par-ch0-1786543170.0000.h5
ch0 Found chirp-rate 125.00 kHz/s t0=1786543335.0453 num_det 3 started 80.46 s ago 119.54 s left
writing file /home/ionouser/ionozond_data2//2026-08-12/par-ch0-1786543335.0000.h5
ch0 Found chirp-rate 500.01 kHz/s t0=1786543377.0045 num_det 3 started 47.87 s ago 2.12 s left
writing file /home/ionouser/ionozond_data2//2026-08-12/par-ch0-1786543377.0000.h5
ch0 Found chirp-rate 100.00 kHz/s t0=1786543440.0100 num_det 3 started 98.13 s ago 151.87 s left
writing file /home/ionouser/ionozond_data2//2026-08-12/par-ch0-1786543440.0000.h5
ch0 Found chirp-rate 100.00 kHz/s t0=1786543435.0093 num_det 4 started 112.84 s ago 137.16 s left
writing file /home/ionouser/ionozond_data2//2026-08-12/par-ch0-1786543435.0000.h5
ch0 Found chirp-rate 100.00 kHz/s t0=1786543445.0097 num_det 3 started 125.21 s ago 124.79 s left
writing file /home/ionouser/ionozond_data2//2026-08-12/par-ch0-1786543445.0000.h5
ch0 Found chirp-rate 100.00 kHz/s t0=1786543465.8621 num_det 3 started 152.20 s ago 97.80 s left
writing file /home/ionouser/ionozond_data2//2026-08-12/par-ch0-1786543465.0000.h5
ch0 Found chirp-rate 100.00 kHz/s t0=1786543500.0094 num_det 3 started 132.53 s ago 117.47 s left
writing file /home/ionouser/ionozond_data2//2026-08-12/par-ch0-1786543500.0000.h5
ch0 Found chirp-rate 100.00 kHz/s t0=1786543470.0054 num_det 3 started 177.88 s ago 72.12 s left
writing file /home/ionouser/ionozond_data2//2026-08-12/par-ch0-1786543470.0000.h5
ch0 Found chirp-rate 125.00 kHz/s t0=1786543637.0438 num_det 3 started 72.63 s ago 127.37 s left
writing file /home/ionouser/ionozond_data2//2026-08-12/par-ch0-1786543637.0000.h5
ch0 Found chirp-rate 100.00 kHz/s t0=1786543740.0097 num_det 3 started 98.32 s ago 151.68 s left
writing file /home/ionouser/ionozond_data2//2026-08-12/par-ch0-1786543740.0000.h5
ch0 Found chirp-rate 100.00 kHz/s t0=1786543735.0100 num_det 3 started 109.58 s ago 140.42 s left
writing file /home/ionouser/ionozond_data2//2026-08-12/par-ch0-1786543735.0000.h5
ch0 Found chirp-rate 100.00 kHz/s t0=1786543745.0100 num_det 3 started 114.70 s ago 135.30 s left
writing file /home/ionouser/ionozond_data2//2026-08-12/par-ch0-1786543745.0000.h5
ch0 Found chirp-rate 100.00 kHz/s t0=1786543762.0270 num_det 3 started 106.66 s ago 143.34 s left
writing file /home/ionouser/ionozond_data2//2026-08-12/par-ch0-1786543762.0000.h5
ch0 Found chirp-rate 125.00 kHz/s t0=1786543815.0453 num_det 3 started 81.59 s ago 118.41 s left
writing file /home/ionouser/ionozond_data2//2026-08-12/par-ch0-1786543815.0000.h5
ch0 Found chirp-rate 100.00 kHz/s t0=1786543765.8620 num_det 3 started 150.35 s ago 99.65 s left
writing file /home/ionouser/ionozond_data2//2026-08-12/par-ch0-1786543765.0000.h5
ch0 Found chirp-rate 100.00 kHz/s t0=1786543800.0098 num_det 3 started 130.45 s ago 119.55 s left
writing file /home/ionouser/ionozond_data2//2026-08-12/par-ch0-1786543800.0000.h5
ch0 Found chirp-rate 100.00 kHz/s t0=1786543770.0054 num_det 3 started 176.82 s ago 73.18 s left
writing file /home/ionouser/ionozond_data2//2026-08-12/par-ch0-1786543770.0000.h5
ch0 Found chirp-rate 500.01 kHz/s t0=1786543977.0045 num_det 3 started 48.80 s ago 1.20 s left
writing file /home/ionouser/ionozond_data2//2026-08-12/par-ch0-1786543977.0000.h5
Couldn't open /home/ionouser/ionozond_data2//2026-08-12/chirp-ch0-500-44663557920000000-1786542309.h5
Couldn't open /home/ionouser/ionozond_data2//2026-08-12/chirp-ch0-500-44663558100000000-1786542282.h5
Couldn't open /home/ionouser/ionozond_data2//2026-08-12/chirp-ch0-500-44663558220000000-1786542287.h5
Couldn't open /home/ionouser/ionozond_data2//2026-08-12/chirp-ch0-500-44663558280000000-1786542290.h5
Couldn't open /home/ionouser/ionozond_data2//2026-08-12/chirp-ch0-500-44663558340000000-1786542292.h5
Couldn't open /home/ionouser/ionozond_data2//2026-08-12/chirp-ch0-500-44663558400000000-1786542294.h5
Couldn't open /home/ionouser/ionozond_data2//2026-08-12/chirp-ch0-500-44663558520000000-1786542299.h5
Couldn't open /home/ionouser/ionozond_data2//2026-08-12/chirp-ch0-125-44663561040000000-1786542328.h5
Couldn't open /home/ionouser/ionozond_data2//2026-08-12/chirp-ch0-500-44663560920000000-1786542432.h5
Couldn't open /home/ionouser/ionozond_data2//2026-08-12/chirp-ch0-500-44663560980000000-1786542418.h5
Couldn't open /home/ionouser/ionozond_data2//2026-08-12/chirp-ch0-500-44663561220000000-1786542403.h5
Couldn't open /home/ionouser/ionozond_data2//2026-08-12/chirp-ch0-500-44663561760000000-1786542429.h5
Couldn't open /home/ionouser/ionozond_data2//2026-08-12/chirp-ch0-500-44663562480000000-1786542458.h5
Couldn't open /home/ionouser/ionozond_data2//2026-08-12/chirp-ch0-500-44663574480000000-1786542938.h5
Couldn't open /home/ionouser/ionozond_data2//2026-08-12/chirp-ch0-500-44663574600000000-1786542942.h5
Couldn't open /home/ionouser/ionozond_data2//2026-08-12/chirp-ch0-500-44663574660000000-1786542958.h5
Couldn't open /home/ionouser/ionozond_data2//2026-08-12/chirp-ch0-500-44663574780000000-1786542950.h5
Couldn't open /home/ionouser/ionozond_data2//2026-08-12/chirp-ch0-500-44663574840000000-1786542952.h5
Couldn't open /home/ionouser/ionozond_data2//2026-08-12/chirp-ch0-500-44663574840000000-1786542989.h5
Couldn't open /home/ionouser/ionozond_data2//2026-08-12/chirp-ch0-500-44663574900000000-1786542954.h5
ch0 Found chirp-rate 100.00 kHz/s t0=1786544040.0098 num_det 3 started 100.77 s ago 149.23 s left
writing file /home/ionouser/ionozond_data2//2026-08-12/par-ch0-1786544040.0000.h5
ch0 Found chirp-rate 125.00 kHz/s t0=1786544055.0454 num_det 3 started 85.74 s ago 114.26 s left
writing file /home/ionouser/ionozond_data2//2026-08-12/par-ch0-1786544055.0000.h5
ch0 Found chirp-rate 100.00 kHz/s t0=1786544035.0093 num_det 3 started 125.54 s ago 124.46 s left
writing file /home/ionouser/ionozond_data2//2026-08-12/par-ch0-1786544035.0000.h5
ch0 Found chirp-rate 125.00 kHz/s t0=1786544087.0438 num_det 3 started 73.52 s ago 126.48 s left
writing file /home/ionouser/ionozond_data2//2026-08-12/par-ch0-1786544087.0000.h5
ch0 Found chirp-rate 100.00 kHz/s t0=1786544045.0098 num_det 3 started 133.04 s ago 116.96 s left
writing file /home/ionouser/ionozond_data2//2026-08-12/par-ch0-1786544045.0000.h5
ch0 Found chirp-rate 100.00 kHz/s t0=1786544065.8616 num_det 3 started 168.46 s ago 81.54 s left
writing file /home/ionouser/ionozond_data2//2026-08-12/par-ch0-1786544065.0000.h5
ch0 Found chirp-rate 100.00 kHz/s t0=1786544080.0231 num_det 3 started 160.44 s ago 89.56 s left
writing file /home/ionouser/ionozond_data2//2026-08-12/par-ch0-1786544080.0000.h5
ch0 Found chirp-rate 100.00 kHz/s t0=1786544100.0094 num_det 3 started 146.02 s ago 103.98 s left
writing file /home/ionouser/ionozond_data2//2026-08-12/par-ch0-1786544100.0000.h5
ch0 Found chirp-rate 100.00 kHz/s t0=1786544070.0054 num_det 3 started 182.46 s ago 67.54 s left
writing file /home/ionouser/ionozond_data2//2026-08-12/par-ch0-1786544070.0000.h5
ch0 Found chirp-rate 100.00 kHz/s t0=1786544091.0117 num_det 3 started 206.56 s ago 43.44 s left
writing file /home/ionouser/ionozond_data2//2026-08-12/par-ch0-1786544091.0000.h5
ch0 Found chirp-rate 125.00 kHz/s t0=1786544295.0454 num_det 3 started 79.60 s ago 120.40 s left
writing file /home/ionouser/ionozond_data2//2026-08-12/par-ch0-1786544295.0000.h5
ch0 Found chirp-rate 125.00 kHz/s t0=1786544537.0439 num_det 3 started 70.36 s ago 129.64 s left
writing file /home/ionouser/ionozond_data2//2026-08-12/par-ch0-1786544537.0000.h5
ch0 Found chirp-rate 125.00 kHz/s t0=1786544775.0455 num_det 3 started 62.08 s ago 137.92 s left
writing file /home/ionouser/ionozond_data2//2026-08-12/par-ch0-1786544775.0000.h5
ch0 Found chirp-rate 125.00 kHz/s t0=1786544955.0452 num_det 8 started 88.40 s ago 111.60 s left
writing file /home/ionouser/ionozond_data2//2026-08-12/par-ch0-1786544955.0000.h5
Couldn't open /home/ionouser/ionozond_data2//2026-08-12/chirp-ch0-500-44663598060000000-1786543878.h5
Couldn't open /home/ionouser/ionozond_data2//2026-08-12/chirp-ch0-500-44663598120000000-1786543881.h5
Couldn't open /home/ionouser/ionozond_data2//2026-08-12/chirp-ch0-500-44663598180000000-1786543883.h5
Couldn't open /home/ionouser/ionozond_data2//2026-08-12/chirp-ch0-500-44663598240000000-1786543886.h5
Couldn't open /home/ionouser/ionozond_data2//2026-08-12/chirp-ch0-500-44663598300000000-1786543888.h5
ch0 Found chirp-rate 100.00 kHz/s t0=1786544940.0098 num_det 6 started 108.64 s ago 141.36 s left
writing file /home/ionouser/ionozond_data2//2026-08-12/par-ch0-1786544940.0000.h5
ch0 Found chirp-rate 125.00 kHz/s t0=1786544987.0441 num_det 3 started 63.87 s ago 136.13 s left
writing file /home/ionouser/ionozond_data2//2026-08-12/par-ch0-1786544987.0000.h5
ch0 Found chirp-rate 125.00 kHz/s t0=1786545195.0454 num_det 3 started 57.01 s ago 142.99 s left
writing file /home/ionouser/ionozond_data2//2026-08-12/par-ch0-1786545195.0000.h5
ch0 Found chirp-rate 125.00 kHz/s t0=1786545437.0442 num_det 3 started 58.13 s ago 141.87 s left
writing file /home/ionouser/ionozond_data2//2026-08-12/par-ch0-1786545437.0000.h5
ch0 Found chirp-rate 125.00 kHz/s t0=1786545675.0452 num_det 3 started 61.33 s ago 138.67 s left
writing file /home/ionouser/ionozond_data2//2026-08-12/par-ch0-1786545675.0000.h5
ch0 Found chirp-rate 125.00 kHz/s t0=1786545855.0454 num_det 3 started 55.43 s ago 144.57 s left
writing file /home/ionouser/ionozond_data2//2026-08-12/par-ch0-1786545855.0000.h5
ch0 Found chirp-rate 125.00 kHz/s t0=1786545887.0440 num_det 3 started 59.65 s ago 140.35 s left
writing file /home/ionouser/ionozond_data2//2026-08-12/par-ch0-1786545887.0000.h5
Couldn't open /home/ionouser/ionozond_data2//2026-08-12/chirp-ch0-500-44663603700000000-1786544104.h5
Couldn't open /home/ionouser/ionozond_data2//2026-08-12/chirp-ch0-500-44663603760000000-1786544106.h5
Couldn't open /home/ionouser/ionozond_data2//2026-08-12/chirp-ch0-500-44663603820000000-1786544109.h5
Couldn't open /home/ionouser/ionozond_data2//2026-08-12/chirp-ch0-500-44663606100000000-1786544200.h5
Couldn't open /home/ionouser/ionozond_data2//2026-08-12/chirp-ch0-500-44663606160000000-1786544202.h5
Couldn't open /home/ionouser/ionozond_data2//2026-08-12/chirp-ch0-500-44663606160000000-1786544218.h5
Couldn't open /home/ionouser/ionozond_data2//2026-08-12/chirp-ch0-500-44663606220000000-1786544205.h5
Couldn't open /home/ionouser/ionozond_data2//2026-08-12/chirp-ch0-500-44663606220000000-1786544230.h5
Couldn't open /home/ionouser/ionozond_data2//2026-08-12/chirp-ch0-500-44663606280000000-1786544207.h5
Couldn't open /home/ionouser/ionozond_data2//2026-08-12/chirp-ch0-500-44663611200000000-1786544404.h5
Couldn't open /home/ionouser/ionozond_data2//2026-08-12/chirp-ch0-500-44663611260000000-1786544406.h5
Couldn't open /home/ionouser/ionozond_data2//2026-08-12/chirp-ch0-500-44663611560000000-1786544450.h5
Couldn't open /home/ionouser/ionozond_data2//2026-08-12/chirp-ch0-500-44663613300000000-1786544489.h5
Couldn't open /home/ionouser/ionozond_data2//2026-08-12/chirp-ch0-500-44663613360000000-1786544491.h5
Couldn't open /home/ionouser/ionozond_data2//2026-08-12/chirp-ch0-500-44663613360000000-1786544514.h5
Couldn't open /home/ionouser/ionozond_data2//2026-08-12/chirp-ch0-500-44663613660000000-1786544503.h5
Couldn't open /home/ionouser/ionozond_data2//2026-08-12/chirp-ch0-500-44663613660000000-1786544518.h5
Couldn't open /home/ionouser/ionozond_data2//2026-08-12/chirp-ch0-500-44663613720000000-1786544506.h5
Couldn't open /home/ionouser/ionozond_data2//2026-08-12/chirp-ch0-500-44663613780000000-1786544508.h5
Couldn't open /home/ionouser/ionozond_data2//2026-08-12/chirp-ch0-500-44663618160000000-1786544683.h5
Couldn't open /home/ionouser/ionozond_data2//2026-08-12/chirp-ch0-500-44663618160000000-1786544698.h5
Couldn't open /home/ionouser/ionozond_data2//2026-08-12/chirp-ch0-500-44663618160000000-1786544724.h5
Couldn't open /home/ionouser/ionozond_data2//2026-08-12/chirp-ch0-500-44663618280000000-1786544688.h5
Couldn't open /home/ionouser/ionozond_data2//2026-08-12/chirp-ch0-500-44663618340000000-1786544691.h5
Couldn't open /home/ionouser/ionozond_data2//2026-08-12/chirp-ch0-500-44663618400000000-1786544693.h5
Couldn't open /home/ionouser/ionozond_data2//2026-08-12/chirp-ch0-500-44663618520000000-1786544698.h5
Couldn't open /home/ionouser/ionozond_data2//2026-08-12/chirp-ch0-500-44663618580000000-1786544700.h5
Couldn't open /home/ionouser/ionozond_data2//2026-08-12/chirp-ch0-500-44663618640000000-1786544703.h5
Couldn't open /home/ionouser/ionozond_data2//2026-08-12/chirp-ch0-500-44663618700000000-1786544705.h5
Couldn't open /home/ionouser/ionozond_data2//2026-08-12/chirp-ch0-500-44663618760000000-1786544707.h5
Couldn't open /home/ionouser/ionozond_data2//2026-08-12/chirp-ch0-500-44663618820000000-1786544710.h5
Couldn't open /home/ionouser/ionozond_data2//2026-08-12/chirp-ch0-500-44663618880000000-1786544712.h5
ch0 Found chirp-rate 100.00 kHz/s t0=1786545600.0091 num_det 8 started 366.36 s ago -116.36 s left
writing file /home/ionouser/ionozond_data2//2026-08-12/par-ch0-1786545600.0000.h5
ch0 Found chirp-rate 100.00 kHz/s t0=1786545835.0094 num_det 7 started 131.36 s ago 118.64 s left
writing file /home/ionouser/ionozond_data2//2026-08-12/par-ch0-1786545835.0000.h5
ch0 Found chirp-rate 100.00 kHz/s t0=1786545840.0096 num_det 12 started 126.37 s ago 123.63 s left
writing file /home/ionouser/ionozond_data2//2026-08-12/par-ch0-1786545840.0000.h5
Couldn't open /home/ionouser/ionozond_data2//2026-08-12/chirp-ch0-125-44663620560000000-1786544717.h5
Couldn't open /home/ionouser/ionozond_data2//2026-08-12/chirp-ch0-125-44663620620000000-1786544775.h5
Couldn't open /home/ionouser/ionozond_data2//2026-08-12/chirp-ch0-500-44663620560000000-1786544779.h5
Couldn't open /home/ionouser/ionozond_data2//2026-08-12/chirp-ch0-500-44663620800000000-1786544789.h5
Couldn't open /home/ionouser/ionozond_data2//2026-08-12/chirp-ch0-500-44663620860000000-1786544791.h5
Couldn't open /home/ionouser/ionozond_data2//2026-08-12/chirp-ch0-500-44663620920000000-1786544814.h5
ch0 Found chirp-rate 100.00 kHz/s t0=1786545540.0092 num_det 5 started 428.65 s ago -178.65 s left
writing file /home/ionouser/ionozond_data2//2026-08-12/par-ch0-1786545540.0000.h5
ch0 Found chirp-rate 100.00 kHz/s t0=1786545545.0091 num_det 6 started 423.65 s ago -173.65 s left
writing file /home/ionouser/ionozond_data2//2026-08-12/par-ch0-1786545545.0000.h5
ch0 Found chirp-rate 100.00 kHz/s t0=1786545562.0268 num_det 4 started 406.64 s ago -156.64 s left
writing file /home/ionouser/ionozond_data2//2026-08-12/par-ch0-1786545562.0000.h5
ch0 Found chirp-rate 100.00 kHz/s t0=1786545565.8618 num_det 6 started 402.81 s ago -152.81 s left
writing file /home/ionouser/ionozond_data2//2026-08-12/par-ch0-1786545565.0000.h5
ch0 Found chirp-rate 100.00 kHz/s t0=1786545570.0055 num_det 3 started 398.67 s ago -148.67 s left
writing file /home/ionouser/ionozond_data2//2026-08-12/par-ch0-1786545570.0000.h5
ch0 Found chirp-rate 100.00 kHz/s t0=1786545845.0096 num_det 3 started 123.67 s ago 126.33 s left
writing file /home/ionouser/ionozond_data2//2026-08-12/par-ch0-1786545845.0000.h5
Couldn't open /home/ionouser/ionozond_data2//2026-08-12/chirp-ch0-125-44663624940000000-1786544882.h5
Couldn't open /home/ionouser/ionozond_data2//2026-08-12/chirp-ch0-125-44663624940000000-1786544955.h5
Couldn't open /home/ionouser/ionozond_data2//2026-08-12/chirp-ch0-500-44663624640000000-1786544943.h5
Couldn't open /home/ionouser/ionozond_data2//2026-08-12/chirp-ch0-500-44663624700000000-1786544945.h5
Couldn't open /home/ionouser/ionozond_data2//2026-08-12/chirp-ch0-500-44663624760000000-1786544947.h5
Couldn't open /home/ionouser/ionozond_data2//2026-08-12/chirp-ch0-500-44663624820000000-1786544950.h5
Couldn't open /home/ionouser/ionozond_data2//2026-08-12/chirp-ch0-500-44663624820000000-1786544984.h5
Couldn't open /home/ionouser/ionozond_data2//2026-08-12/chirp-ch0-500-44663624880000000-1786544952.h5
ch0 Found chirp-rate 100.00 kHz/s t0=1786545535.0092 num_det 25 started 436.35 s ago -186.35 s left
writing file /home/ionouser/ionozond_data2//2026-08-12/par-ch0-1786545535.0000.h5
ch0 Found chirp-rate 100.00 kHz/s t0=1786545862.4136 num_det 3 started 139.82 s ago 110.18 s left
writing file /home/ionouser/ionozond_data2//2026-08-12/par-ch0-1786545862.0000.h5
ch0 Found chirp-rate 100.00 kHz/s t0=1786545880.0192 num_det 3 started 153.52 s ago 96.48 s left
writing file /home/ionouser/ionozond_data2//2026-08-12/par-ch0-1786545880.0000.h5
ch0 Found chirp-rate 100.00 kHz/s t0=1786545900.0099 num_det 3 started 135.49 s ago 114.51 s left
writing file /home/ionouser/ionozond_data2//2026-08-12/par-ch0-1786545900.0000.h5
ch0 Found chirp-rate 100.00 kHz/s t0=1786545870.0054 num_det 3 started 177.93 s ago 72.07 s left
writing file /home/ionouser/ionozond_data2//2026-08-12/par-ch0-1786545870.0000.h5
ch0 Found chirp-rate 125.00 kHz/s t0=1786546005.0454 num_det 3 started 64.32 s ago 135.68 s left
writing file /home/ionouser/ionozond_data2//2026-08-12/par-ch0-1786546005.0000.h5
ch0 Found chirp-rate 100.00 kHz/s t0=1786546140.0096 num_det 3 started 97.75 s ago 152.25 s left
writing file /home/ionouser/ionozond_data2//2026-08-12/par-ch0-1786546140.0000.h5
ch0 Found chirp-rate 100.00 kHz/s t0=1786546135.0091 num_det 3 started 109.22 s ago 140.78 s left
writing file /home/ionouser/ionozond_data2//2026-08-12/par-ch0-1786546135.0000.h5
ch0 Found chirp-rate 100.00 kHz/s t0=1786546145.0095 num_det 3 started 124.60 s ago 125.40 s left
writing file /home/ionouser/ionozond_data2//2026-08-12/par-ch0-1786546145.0000.h5
ch0 Found chirp-rate 100.00 kHz/s t0=1786546162.0270 num_det 3 started 114.31 s ago 135.69 s left
writing file /home/ionouser/ionozond_data2//2026-08-12/par-ch0-1786546162.0000.h5
ch0 Found chirp-rate 100.00 kHz/s t0=1786546170.0055 num_det 3 started 140.29 s ago 109.71 s left
writing file /home/ionouser/ionozond_data2//2026-08-12/par-ch0-1786546170.0000.h5
ch0 Found chirp-rate 100.00 kHz/s t0=1786546200.0097 num_det 3 started 130.88 s ago 119.12 s left
writing file /home/ionouser/ionozond_data2//2026-08-12/par-ch0-1786546200.0000.h5
ch0 Found chirp-rate 100.00 kHz/s t0=1786546165.8618 num_det 3 started 178.75 s ago 71.25 s left
writing file /home/ionouser/ionozond_data2//2026-08-12/par-ch0-1786546165.0000.h5
ch0 Found chirp-rate 125.00 kHz/s t0=1786546305.0455 num_det 3 started 59.96 s ago 140.04 s left
writing file /home/ionouser/ionozond_data2//2026-08-12/par-ch0-1786546305.0000.h5
ch0 Found chirp-rate 125.00 kHz/s t0=1786546337.0439 num_det 3 started 57.70 s ago 142.30 s left
writing file /home/ionouser/ionozond_data2//2026-08-12/par-ch0-1786546337.0000.h5
ch0 Found chirp-rate 500.01 kHz/s t0=1786546377.0044 num_det 3 started 43.34 s ago 6.66 s left
writing file /home/ionouser/ionozond_data2//2026-08-12/par-ch0-1786546377.0000.h5
ch0 Found chirp-rate 125.00 kHz/s t0=1786546635.0454 num_det 3 started 53.44 s ago 146.56 s left
writing file /home/ionouser/ionozond_data2//2026-08-12/par-ch0-1786546635.0000.h5
Couldn't open /home/ionouser/ionozond_data2//2026-08-12/chirp-ch0-500-44663627100000000-1786545041.h5
Couldn't open /home/ionouser/ionozond_data2//2026-08-12/chirp-ch0-500-44663627400000000-1786545053.h5
Couldn't open /home/ionouser/ionozond_data2//2026-08-12/chirp-ch0-500-44663627520000000-1786545058.h5
Couldn't open /home/ionouser/ionozond_data2//2026-08-12/chirp-ch0-500-44663627580000000-1786545060.h5
Couldn't open /home/ionouser/ionozond_data2//2026-08-12/chirp-ch0-500-44663627640000000-1786545063.h5
Couldn't open /home/ionouser/ionozond_data2//2026-08-12/chirp-ch0-125-44663631540000000-1786545195.h5
Couldn't open /home/ionouser/ionozond_data2//2026-08-12/chirp-ch0-125-44663631660000000-1786545195.h5
Couldn't open /home/ionouser/ionozond_data2//2026-08-12/chirp-ch0-125-44663631720000000-1786545195.h5
Couldn't open /home/ionouser/ionozond_data2//2026-08-12/chirp-ch0-125-44663631780000000-1786545195.h5
Couldn't open /home/ionouser/ionozond_data2//2026-08-12/chirp-ch0-125-44663631840000000-1786545195.h5
Couldn't open /home/ionouser/ionozond_data2//2026-08-12/chirp-ch0-125-44663631900000000-1786545195.h5
Couldn't open /home/ionouser/ionozond_data2//2026-08-12/chirp-ch0-125-44663631960000000-1786545195.h5
Couldn't open /home/ionouser/ionozond_data2//2026-08-12/chirp-ch0-125-44663632080000000-1786545195.h5
Couldn't open /home/ionouser/ionozond_data2//2026-08-12/chirp-ch0-500-44663631660000000-1786545223.h5
Couldn't open /home/ionouser/ionozond_data2//2026-08-12/chirp-ch0-500-44663631720000000-1786545226.h5
Couldn't open /home/ionouser/ionozond_data2//2026-08-12/chirp-ch0-500-44663631780000000-1786545228.h5
Couldn't open /home/ionouser/ionozond_data2//2026-08-12/chirp-ch0-500-44663631840000000-1786545231.h5
Couldn't open /home/ionouser/ionozond_data2//2026-08-12/chirp-ch0-500-44663631900000000-1786545233.h5
Couldn't open /home/ionouser/ionozond_data2//2026-08-12/chirp-ch0-500-44663631960000000-1786545235.h5
Couldn't open /home/ionouser/ionozond_data2//2026-08-12/chirp-ch0-500-44663632020000000-1786545238.h5
Couldn't open /home/ionouser/ionozond_data2//2026-08-12/chirp-ch0-500-44663632080000000-1786545240.h5
Couldn't open /home/ionouser/ionozond_data2//2026-08-12/chirp-ch0-500-44663632140000000-1786545243.h5
Couldn't open /home/ionouser/ionozond_data2//2026-08-12/chirp-ch0-500-44663632200000000-1786545245.h5
Couldn't open /home/ionouser/ionozond_data2//2026-08-12/chirp-ch0-500-44663632260000000-1786545247.h5
Couldn't open /home/ionouser/ionozond_data2//2026-08-12/chirp-ch0-500-44663632680000000-1786545264.h5
Couldn't open /home/ionouser/ionozond_data2//2026-08-12/chirp-ch0-500-44663632740000000-1786545305.h5
Couldn't open /home/ionouser/ionozond_data2//2026-08-12/chirp-ch0-500-44663633280000000-1786545300.h5
ch0 Found chirp-rate 100.00 kHz/s t0=1786546435.0091 num_det 12 started 379.10 s ago -129.10 s left
writing file /home/ionouser/ionozond_data2//2026-08-12/par-ch0-1786546435.0000.h5
ch0 Found chirp-rate 100.00 kHz/s t0=1786546440.0091 num_det 15 started 374.11 s ago -124.11 s left
writing file /home/ionouser/ionozond_data2//2026-08-12/par-ch0-1786546440.0000.h5
ch0 Found chirp-rate 100.00 kHz/s t0=1786546445.0092 num_det 16 started 369.11 s ago -119.11 s left
writing file /home/ionouser/ionozond_data2//2026-08-12/par-ch0-1786546445.0000.h5
ch0 Found chirp-rate 100.00 kHz/s t0=1786546462.4134 num_det 4 started 351.71 s ago -101.71 s left
writing file /home/ionouser/ionozond_data2//2026-08-12/par-ch0-1786546462.0000.h5
ch0 Found chirp-rate 100.00 kHz/s t0=1786546500.0092 num_det 14 started 314.12 s ago -64.12 s left
writing file /home/ionouser/ionozond_data2//2026-08-12/par-ch0-1786546500.0000.h5
Couldn't open /home/ionouser/ionozond_data2//2026-08-12/chirp-ch0-500-44663635860000000-1786545406.h5
Couldn't open /home/ionouser/ionozond_data2//2026-08-12/chirp-ch0-500-44663635860000000-1786545414.h5
Couldn't open /home/ionouser/ionozond_data2//2026-08-12/chirp-ch0-500-44663636160000000-1786545418.h5
ch0 Found chirp-rate 100.00 kHz/s t0=1786546470.0056 num_det 3 started 346.37 s ago -96.37 s left
writing file /home/ionouser/ionozond_data2//2026-08-12/par-ch0-1786546470.0000.h5
Couldn't open /home/ionouser/ionozond_data2//2026-08-12/chirp-ch0-125-44663643240000000-1786545675.h5
Couldn't open /home/ionouser/ionozond_data2//2026-08-12/chirp-ch0-500-44663643540000000-1786545726.h5
ch0 Found chirp-rate 100.00 kHz/s t0=1786546740.0090 num_det 3 started 98.16 s ago 151.84 s left
writing file /home/ionouser/ionozond_data2//2026-08-12/par-ch0-1786546740.0000.h5
ch0 Found chirp-rate 100.00 kHz/s t0=1786546735.0092 num_det 3 started 105.43 s ago 144.57 s left
writing file /home/ionouser/ionozond_data2//2026-08-12/par-ch0-1786546735.0000.h5
ch0 Found chirp-rate 125.00 kHz/s t0=1786546787.0439 num_det 3 started 61.89 s ago 138.11 s left
writing file /home/ionouser/ionozond_data2//2026-08-12/par-ch0-1786546787.0000.h5
ch0 Found chirp-rate 100.00 kHz/s t0=1786546762.0273 num_det 3 started 110.54 s ago 139.46 s left
writing file /home/ionouser/ionozond_data2//2026-08-12/par-ch0-1786546762.0000.h5
ch0 Found chirp-rate 100.00 kHz/s t0=1786546745.0094 num_det 3 started 129.79 s ago 120.21 s left
writing file /home/ionouser/ionozond_data2//2026-08-12/par-ch0-1786546745.0000.h5
ch0 Found chirp-rate 100.00 kHz/s t0=1786546780.0157 num_det 3 started 138.84 s ago 111.16 s left
writing file /home/ionouser/ionozond_data2//2026-08-12/par-ch0-1786546780.0000.h5
ch0 Found chirp-rate 100.00 kHz/s t0=1786546800.0094 num_det 3 started 135.37 s ago 114.63 s left
writing file /home/ionouser/ionozond_data2//2026-08-12/par-ch0-1786546800.0000.h5
ch0 Found chirp-rate 100.00 kHz/s t0=1786546765.8617 num_det 3 started 181.36 s ago 68.64 s left
writing file /home/ionouser/ionozond_data2//2026-08-12/par-ch0-1786546765.0000.h5
ch0 Found chirp-rate 100.00 kHz/s t0=1786547040.0095 num_det 3 started 97.79 s ago 152.21 s left
writing file /home/ionouser/ionozond_data2//2026-08-12/par-ch0-1786547040.0000.h5
ch0 Found chirp-rate 100.00 kHz/s t0=1786547035.0092 num_det 3 started 108.79 s ago 141.21 s left
writing file /home/ionouser/ionozond_data2//2026-08-12/par-ch0-1786547035.0000.h5
ch0 Found chirp-rate 100.00 kHz/s t0=1786547045.0100 num_det 3 started 126.42 s ago 123.58 s left
writing file /home/ionouser/ionozond_data2//2026-08-12/par-ch0-1786547045.0000.h5
ch0 Found chirp-rate 125.00 kHz/s t0=1786547115.0456 num_det 3 started 56.39 s ago 143.61 s left
writing file /home/ionouser/ionozond_data2//2026-08-12/par-ch0-1786547115.0000.h5
ch0 Found chirp-rate 100.00 kHz/s t0=1786547062.4136 num_det 3 started 113.67 s ago 136.33 s left
writing file /home/ionouser/ionozond_data2//2026-08-12/par-ch0-1786547062.0000.h5
ch0 Found chirp-rate 100.00 kHz/s t0=1786547100.0101 num_det 3 started 124.82 s ago 125.18 s left
writing file /home/ionouser/ionozond_data2//2026-08-12/par-ch0-1786547100.0000.h5
ch0 Found chirp-rate 100.00 kHz/s t0=1786547065.8619 num_det 3 started 160.84 s ago 89.16 s left
writing file /home/ionouser/ionozond_data2//2026-08-12/par-ch0-1786547065.0000.h5
ch0 Found chirp-rate 100.00 kHz/s t0=1786547091.0120 num_det 3 started 161.78 s ago 88.22 s left
writing file /home/ionouser/ionozond_data2//2026-08-12/par-ch0-1786547091.0000.h5
ch0 Found chirp-rate 125.00 kHz/s t0=1786547205.0456 num_det 3 started 60.39 s ago 139.61 s left
writing file /home/ionouser/ionozond_data2//2026-08-12/par-ch0-1786547205.0000.h5
ch0 Found chirp-rate 125.00 kHz/s t0=1786547237.0441 num_det 3 started 60.25 s ago 139.75 s left
writing file /home/ionouser/ionozond_data2//2026-08-12/par-ch0-1786547237.0000.h5
ch0 Found chirp-rate 100.00 kHz/s t0=1786547340.0094 num_det 3 started 98.44 s ago 151.56 s left
writing file /home/ionouser/ionozond_data2//2026-08-12/par-ch0-1786547340.0000.h5
ch0 Found chirp-rate 100.00 kHz/s t0=1786547335.0092 num_det 3 started 105.70 s ago 144.30 s left
writing file /home/ionouser/ionozond_data2//2026-08-12/par-ch0-1786547335.0000.h5
ch0 Found chirp-rate 125.00 kHz/s t0=1786547385.0455 num_det 3 started 65.21 s ago 134.79 s left
writing file /home/ionouser/ionozond_data2//2026-08-12/par-ch0-1786547385.0000.h5
ch0 Found chirp-rate 100.00 kHz/s t0=1786547345.0095 num_det 3 started 126.62 s ago 123.38 s left
writing file /home/ionouser/ionozond_data2//2026-08-12/par-ch0-1786547345.0000.h5
ch0 Found chirp-rate 100.00 kHz/s t0=1786547362.0270 num_det 3 started 109.61 s ago 140.39 s left
writing file /home/ionouser/ionozond_data2//2026-08-12/par-ch0-1786547362.0000.h5
ch0 Found chirp-rate 100.00 kHz/s t0=1786547400.0095 num_det 3 started 141.82 s ago 108.18 s left
writing file /home/ionouser/ionozond_data2//2026-08-12/par-ch0-1786547400.0000.h5
ch0 Found chirp-rate 100.00 kHz/s t0=1786547365.8618 num_det 3 started 183.54 s ago 66.46 s left
writing file /home/ionouser/ionozond_data2//2026-08-12/par-ch0-1786547365.0000.h5
ch0 Found chirp-rate 125.00 kHz/s t0=1786547655.0458 num_det 3 started 63.95 s ago 136.05 s left
writing file /home/ionouser/ionozond_data2//2026-08-12/par-ch0-1786547655.0000.h5
Couldn't open /home/ionouser/ionozond_data2//2026-08-12/chirp-ch0-500-44663647800000000-1786545869.h5
Couldn't open /home/ionouser/ionozond_data2//2026-08-12/chirp-ch0-125-44663649480000000-1786545855.h5
Couldn't open /home/ionouser/ionozond_data2//2026-08-12/chirp-ch0-500-44663649660000000-1786545958.h5
Couldn't open /home/ionouser/ionozond_data2//2026-08-12/chirp-ch0-125-44663650320000000-1786545887.h5
Couldn't open /home/ionouser/ionozond_data2//2026-08-12/chirp-ch0-125-44663650380000000-1786545887.h5
Couldn't open /home/ionouser/ionozond_data2//2026-08-12/chirp-ch0-125-44663653380000000-1786546005.h5
Couldn't open /home/ionouser/ionozond_data2//2026-08-12/chirp-ch0-125-44663653440000000-1786546005.h5
Couldn't open /home/ionouser/ionozond_data2//2026-08-12/chirp-ch0-125-44663653500000000-1786546005.h5
Couldn't open /home/ionouser/ionozond_data2//2026-08-12/chirp-ch0-125-44663653560000000-1786546005.h5
Couldn't open /home/ionouser/ionozond_data2//2026-08-12/chirp-ch0-500-44663655960000000-1786546226.h5
Couldn't open /home/ionouser/ionozond_data2//2026-08-12/chirp-ch0-500-44663657280000000-1786546248.h5
Couldn't open /home/ionouser/ionozond_data2//2026-08-12/chirp-ch0-500-44663658660000000-1786546324.h5
Couldn't open /home/ionouser/ionozond_data2//2026-08-12/chirp-ch0-500-44663659260000000-1786546327.h5
Couldn't open /home/ionouser/ionozond_data2//2026-08-12/chirp-ch0-125-44663661240000000-1786546305.h5
Couldn't open /home/ionouser/ionozond_data2//2026-08-12/chirp-ch0-125-44663661300000000-1786546305.h5
Couldn't open /home/ionouser/ionozond_data2//2026-08-12/chirp-ch0-125-44663661300000000-1786546337.h5
Couldn't open /home/ionouser/ionozond_data2//2026-08-12/chirp-ch0-125-44663661360000000-1786546305.h5
Couldn't open /home/ionouser/ionozond_data2//2026-08-12/chirp-ch0-125-44663661360000000-1786546337.h5
Couldn't open /home/ionouser/ionozond_data2//2026-08-12/chirp-ch0-125-44663661420000000-1786546337.h5
Couldn't open /home/ionouser/ionozond_data2//2026-08-12/chirp-ch0-125-44663661480000000-1786546337.h5
Couldn't open /home/ionouser/ionozond_data2//2026-08-12/chirp-ch0-125-44663661540000000-1786546337.h5
Couldn't open /home/ionouser/ionozond_data2//2026-08-12/chirp-ch0-125-44663661600000000-1786546337.h5
Couldn't open /home/ionouser/ionozond_data2//2026-08-12/chirp-ch0-125-44663661720000000-1786546337.h5
Couldn't open /home/ionouser/ionozond_data2//2026-08-12/chirp-ch0-125-44663661780000000-1786546337.h5
Couldn't open /home/ionouser/ionozond_data2//2026-08-12/chirp-ch0-125-44663661840000000-1786546337.h5
Couldn't open /home/ionouser/ionozond_data2//2026-08-12/chirp-ch0-125-44663661900000000-1786546337.h5
Couldn't open /home/ionouser/ionozond_data2//2026-08-12/chirp-ch0-125-44663661960000000-1786546337.h5
Couldn't open /home/ionouser/ionozond_data2//2026-08-12/chirp-ch0-125-44663662020000000-1786546337.h5
Couldn't open /home/ionouser/ionozond_data2//2026-08-12/chirp-ch0-125-44663662080000000-1786546337.h5
Couldn't open /home/ionouser/ionozond_data2//2026-08-12/chirp-ch0-125-44663662080000000-1786546410.h5
Couldn't open /home/ionouser/ionozond_data2//2026-08-12/chirp-ch0-125-44663662140000000-1786546337.h5
Couldn't open /home/ionouser/ionozond_data2//2026-08-12/chirp-ch0-125-44663662320000000-1786546337.h5
Couldn't open /home/ionouser/ionozond_data2//2026-08-12/chirp-ch0-500-44663662680000000-1786546464.h5
Couldn't open /home/ionouser/ionozond_data2//2026-08-12/chirp-ch0-500-44663663340000000-1786546491.h5
Couldn't open /home/ionouser/ionozond_data2//2026-08-12/chirp-ch0-500-44663665860000000-1786546591.h5
Couldn't open /home/ionouser/ionozond_data2//2026-08-12/chirp-ch0-500-44663665920000000-1786546614.h5
Couldn't open /home/ionouser/ionozond_data2//2026-08-12/chirp-ch0-500-44663666460000000-1786546615.h5
ch0 Found chirp-rate 100.00 kHz/s t0=1786547640.0098 num_det 3 started 104.70 s ago 145.30 s left
writing file /home/ionouser/ionozond_data2//2026-08-12/par-ch0-1786547640.0000.h5
ch0 Found chirp-rate 100.00 kHz/s t0=1786547635.0099 num_det 3 started 114.13 s ago 135.87 s left
writing file /home/ionouser/ionozond_data2//2026-08-12/par-ch0-1786547635.0000.h5
ch0 Found chirp-rate 125.00 kHz/s t0=1786547687.0444 num_det 3 started 64.15 s ago 135.85 s left
writing file /home/ionouser/ionozond_data2//2026-08-12/par-ch0-1786547687.0000.h5
ch0 Found chirp-rate 100.00 kHz/s t0=1786547645.0096 num_det 3 started 128.68 s ago 121.32 s left
writing file /home/ionouser/ionozond_data2//2026-08-12/par-ch0-1786547645.0000.h5
ch0 Found chirp-rate 100.00 kHz/s t0=1786547662.4136 num_det 3 started 146.03 s ago 103.97 s left
writing file /home/ionouser/ionozond_data2//2026-08-12/par-ch0-1786547662.0000.h5
ch0 Found chirp-rate 100.00 kHz/s t0=1786547700.0096 num_det 3 started 138.70 s ago 111.30 s left
writing file /home/ionouser/ionozond_data2//2026-08-12/par-ch0-1786547700.0000.h5
ch0 Found chirp-rate 100.00 kHz/s t0=1786547665.8617 num_det 3 started 195.13 s ago 54.87 s left
writing file /home/ionouser/ionozond_data2//2026-08-12/par-ch0-1786547665.0000.h5
ch0 Found chirp-rate 100.00 kHz/s t0=1786547691.0118 num_det 3 started 207.33 s ago 42.67 s left
writing file /home/ionouser/ionozond_data2//2026-08-12/par-ch0-1786547691.0000.h5
ch0 Found chirp-rate 100.00 kHz/s t0=1786547935.0090 num_det 3 started 101.24 s ago 148.76 s left
writing file /home/ionouser/ionozond_data2//2026-08-12/par-ch0-1786547935.0000.h5
ch0 Found chirp-rate 100.00 kHz/s t0=1786547940.0093 num_det 3 started 98.47 s ago 151.53 s left
writing file /home/ionouser/ionozond_data2//2026-08-12/par-ch0-1786547940.0000.h5
ch0 Found chirp-rate 125.00 kHz/s t0=1786547985.0458 num_det 3 started 72.08 s ago 127.92 s left
writing file /home/ionouser/ionozond_data2//2026-08-12/par-ch0-1786547985.0000.h5
ch0 Found chirp-rate 100.00 kHz/s t0=1786547945.0094 num_det 3 started 125.60 s ago 124.40 s left
writing file /home/ionouser/ionozond_data2//2026-08-12/par-ch0-1786547945.0000.h5
ch0 Found chirp-rate 100.00 kHz/s t0=1786547962.0270 num_det 3 started 108.59 s ago 141.41 s left
writing file /home/ionouser/ionozond_data2//2026-08-12/par-ch0-1786547962.0000.h5
ch0 Found chirp-rate 100.00 kHz/s t0=1786548000.0094 num_det 3 started 131.88 s ago 118.12 s left
writing file /home/ionouser/ionozond_data2//2026-08-12/par-ch0-1786548000.0000.h5
ch0 Found chirp-rate 100.00 kHz/s t0=1786547965.8617 num_det 3 started 201.18 s ago 48.82 s left
writing file /home/ionouser/ionozond_data2//2026-08-12/par-ch0-1786547965.0000.h5
ch0 Found chirp-rate 100.00 kHz/s t0=1786547991.0117 num_det 3 started 212.31 s ago 37.69 s left
writing file /home/ionouser/ionozond_data2//2026-08-12/par-ch0-1786547991.0000.h5
ch0 Found chirp-rate 125.00 kHz/s t0=1786548137.0447 num_det 3 started 70.20 s ago 129.80 s left
writing file /home/ionouser/ionozond_data2//2026-08-12/par-ch0-1786548137.0000.h5
ch0 Found chirp-rate 500.01 kHz/s t0=1786548177.0045 num_det 3 started 47.89 s ago 2.11 s left
writing file /home/ionouser/ionozond_data2//2026-08-12/par-ch0-1786548177.0000.h5
ch0 Found chirp-rate 100.00 kHz/s t0=1786548240.0102 num_det 3 started 101.81 s ago 148.19 s left
writing file /home/ionouser/ionozond_data2//2026-08-12/par-ch0-1786548240.0000.h5
ch0 Found chirp-rate 100.00 kHz/s t0=1786548235.0094 num_det 3 started 112.62 s ago 137.38 s left
writing file /home/ionouser/ionozond_data2//2026-08-12/par-ch0-1786548235.0000.h5
ch0 Found chirp-rate 100.00 kHz/s t0=1786548245.0099 num_det 3 started 118.91 s ago 131.09 s left
writing file /home/ionouser/ionozond_data2//2026-08-12/par-ch0-1786548245.0000.h5
ch0 Found chirp-rate 100.00 kHz/s t0=1786548262.4133 num_det 3 started 133.69 s ago 116.31 s left
writing file /home/ionouser/ionozond_data2//2026-08-12/par-ch0-1786548262.0000.h5
ch0 Found chirp-rate 100.00 kHz/s t0=1786548300.0094 num_det 3 started 124.90 s ago 125.10 s left
writing file /home/ionouser/ionozond_data2//2026-08-12/par-ch0-1786548300.0000.h5
ch0 Found chirp-rate 125.00 kHz/s t0=1786548465.0459 num_det 3 started 64.75 s ago 135.25 s left
writing file /home/ionouser/ionozond_data2//2026-08-12/par-ch0-1786548465.0000.h5
ch0 Found chirp-rate 125.00 kHz/s t0=1786548555.0457 num_det 3 started 59.13 s ago 140.87 s left
writing file /home/ionouser/ionozond_data2//2026-08-12/par-ch0-1786548555.0000.h5
ch0 Found chirp-rate 100.00 kHz/s t0=1786548540.0097 num_det 3 started 99.71 s ago 150.29 s left
writing file /home/ionouser/ionozond_data2//2026-08-12/par-ch0-1786548540.0000.h5
ch0 Found chirp-rate 100.00 kHz/s t0=1786548535.0096 num_det 3 started 117.47 s ago 132.53 s left
writing file /home/ionouser/ionozond_data2//2026-08-12/par-ch0-1786548535.0000.h5
ch0 Found chirp-rate 125.00 kHz/s t0=1786548587.0439 num_det 3 started 65.45 s ago 134.55 s left
writing file /home/ionouser/ionozond_data2//2026-08-12/par-ch0-1786548587.0000.h5
Couldn't open /home/ionouser/ionozond_data2//2026-08-12/chirp-ch0-125-44663671560000000-1786546787.h5
Couldn't open /home/ionouser/ionozond_data2//2026-08-12/chirp-ch0-125-44663671620000000-1786546787.h5
Couldn't open /home/ionouser/ionozond_data2//2026-08-12/chirp-ch0-125-44663671680000000-1786546787.h5
Couldn't open /home/ionouser/ionozond_data2//2026-08-12/chirp-ch0-125-44663672580000000-1786546787.h5
Couldn't open /home/ionouser/ionozond_data2//2026-08-12/chirp-ch0-125-44663673300000000-1786546787.h5
Couldn't open /home/ionouser/ionozond_data2//2026-08-12/chirp-ch0-500-44663673720000000-1786546939.h5
Couldn't open /home/ionouser/ionozond_data2//2026-08-12/chirp-ch0-125-44663679060000000-1786547115.h5
Couldn't open /home/ionouser/ionozond_data2//2026-08-12/chirp-ch0-125-44663679120000000-1786547115.h5
ch0 Found chirp-rate 100.00 kHz/s t0=1786548545.0095 num_det 3 started 122.64 s ago 127.36 s left
writing file /home/ionouser/ionozond_data2//2026-08-12/par-ch0-1786548545.0000.h5
Couldn't open /home/ionouser/ionozond_data2//2026-08-12/chirp-ch0-125-44663682060000000-1786547172.h5
Couldn't open /home/ionouser/ionozond_data2//2026-08-12/chirp-ch0-125-44663682060000000-1786547205.h5
Couldn't open /home/ionouser/ionozond_data2//2026-08-12/chirp-ch0-125-44663682060000000-1786547237.h5
Couldn't open /home/ionouser/ionozond_data2//2026-08-12/chirp-ch0-125-44663682120000000-1786547205.h5
Couldn't open /home/ionouser/ionozond_data2//2026-08-12/chirp-ch0-125-44663682180000000-1786547205.h5
Couldn't open /home/ionouser/ionozond_data2//2026-08-12/chirp-ch0-125-44663682180000000-1786547237.h5
Couldn't open /home/ionouser/ionozond_data2//2026-08-12/chirp-ch0-125-44663682240000000-1786547205.h5
Couldn't open /home/ionouser/ionozond_data2//2026-08-12/chirp-ch0-125-44663682300000000-1786547237.h5
Couldn't open /home/ionouser/ionozond_data2//2026-08-12/chirp-ch0-125-44663682420000000-1786547205.h5
Couldn't open /home/ionouser/ionozond_data2//2026-08-12/chirp-ch0-125-44663682420000000-1786547237.h5
Couldn't open /home/ionouser/ionozond_data2//2026-08-12/chirp-ch0-125-44663682480000000-1786547237.h5
Couldn't open /home/ionouser/ionozond_data2//2026-08-12/chirp-ch0-125-44663682540000000-1786547205.h5
Couldn't open /home/ionouser/ionozond_data2//2026-08-12/chirp-ch0-125-44663682540000000-1786547237.h5
Couldn't open /home/ionouser/ionozond_data2//2026-08-12/chirp-ch0-125-44663682600000000-1786547205.h5
Couldn't open /home/ionouser/ionozond_data2//2026-08-12/chirp-ch0-125-44663682600000000-1786547237.h5
Couldn't open /home/ionouser/ionozond_data2//2026-08-12/chirp-ch0-125-44663682660000000-1786547205.h5
Couldn't open /home/ionouser/ionozond_data2//2026-08-12/chirp-ch0-125-44663682720000000-1786547205.h5
Couldn't open /home/ionouser/ionozond_data2//2026-08-12/chirp-ch0-125-44663682780000000-1786547205.h5
Couldn't open /home/ionouser/ionozond_data2//2026-08-12/chirp-ch0-125-44663682780000000-1786547237.h5
Couldn't open /home/ionouser/ionozond_data2//2026-08-12/chirp-ch0-125-44663682840000000-1786547205.h5
Couldn't open /home/ionouser/ionozond_data2//2026-08-12/chirp-ch0-125-44663682840000000-1786547237.h5
Couldn't open /home/ionouser/ionozond_data2//2026-08-12/chirp-ch0-125-44663682900000000-1786547237.h5
Couldn't open /home/ionouser/ionozond_data2//2026-08-12/chirp-ch0-500-44663682660000000-1786547278.h5
Couldn't open /home/ionouser/ionozond_data2//2026-08-12/chirp-ch0-500-44663682900000000-1786547282.h5
Couldn't open /home/ionouser/ionozond_data2//2026-08-12/chirp-ch0-500-44663683020000000-1786547320.h5
Couldn't open /home/ionouser/ionozond_data2//2026-08-12/chirp-ch0-500-44663683260000000-1786547301.h5
Couldn't open /home/ionouser/ionozond_data2//2026-08-12/chirp-ch0-500-44663683320000000-1786547304.h5
Couldn't open /home/ionouser/ionozond_data2//2026-08-12/chirp-ch0-125-44663686200000000-1786547385.h5
Couldn't open /home/ionouser/ionozond_data2//2026-08-12/chirp-ch0-125-44663686260000000-1786547385.h5
Couldn't open /home/ionouser/ionozond_data2//2026-08-12/chirp-ch0-125-44663687160000000-1786547385.h5
Couldn't open /home/ionouser/ionozond_data2//2026-08-12/chirp-ch0-125-44663687220000000-1786547385.h5
Couldn't open /home/ionouser/ionozond_data2//2026-08-12/chirp-ch0-125-44663687280000000-1786547385.h5
Couldn't open /home/ionouser/ionozond_data2//2026-08-12/chirp-ch0-125-44663687340000000-1786547385.h5
Couldn't open /home/ionouser/ionozond_data2//2026-08-12/chirp-ch0-125-44663687400000000-1786547385.h5
ch0 Found chirp-rate 100.00 kHz/s t0=1786548562.0271 num_det 3 started 112.82 s ago 137.18 s left
writing file /home/ionouser/ionozond_data2//2026-08-12/par-ch0-1786548562.0000.h5
Couldn't open /home/ionouser/ionozond_data2//2026-08-12/chirp-ch0-125-44663691300000000-1786547621.h5
Couldn't open /home/ionouser/ionozond_data2//2026-08-12/chirp-ch0-125-44663692440000000-1786547655.h5
Couldn't open /home/ionouser/ionozond_data2//2026-08-12/chirp-ch0-500-44663691420000000-1786547634.h5
Couldn't open /home/ionouser/ionozond_data2//2026-08-12/chirp-ch0-500-44663691840000000-1786547655.h5
ch0 Found chirp-rate 100.00 kHz/s t0=1786548600.0101 num_det 3 started 113.12 s ago 136.88 s left
writing file /home/ionouser/ionozond_data2//2026-08-12/par-ch0-1786548600.0000.h5
ch0 Found chirp-rate 100.00 kHz/s t0=1786548572.0241 num_det 3 started 172.29 s ago 77.71 s left
writing file /home/ionouser/ionozond_data2//2026-08-12/par-ch0-1786548572.0000.h5
ch0 Found chirp-rate 100.00 kHz/s t0=1786548565.8617 num_det 3 started 182.45 s ago 67.55 s left
writing file /home/ionouser/ionozond_data2//2026-08-12/par-ch0-1786548565.0000.h5
ch0 Found chirp-rate 500.01 kHz/s t0=1786548777.0044 num_det 3 started 45.54 s ago 4.46 s left
writing file /home/ionouser/ionozond_data2//2026-08-12/par-ch0-1786548777.0000.h5
ch0 Found chirp-rate 125.00 kHz/s t0=1786548765.0457 num_det 3 started 65.62 s ago 134.38 s left
writing file /home/ionouser/ionozond_data2//2026-08-12/par-ch0-1786548765.0000.h5
ch0 Found chirp-rate 100.00 kHz/s t0=1786548835.0095 num_det 4 started 106.00 s ago 144.00 s left
writing file /home/ionouser/ionozond_data2//2026-08-12/par-ch0-1786548835.0000.h5
ch0 Found chirp-rate 100.00 kHz/s t0=1786548840.0098 num_det 3 started 101.01 s ago 148.99 s left
writing file /home/ionouser/ionozond_data2//2026-08-12/par-ch0-1786548840.0000.h5
ch0 Found chirp-rate 100.00 kHz/s t0=1786548845.0098 num_det 3 started 117.67 s ago 132.33 s left
writing file /home/ionouser/ionozond_data2//2026-08-12/par-ch0-1786548845.0000.h5
ch0 Found chirp-rate 100.00 kHz/s t0=1786548900.0098 num_det 4 started 115.19 s ago 134.81 s left
writing file /home/ionouser/ionozond_data2//2026-08-12/par-ch0-1786548900.0000.h5
ch0 Found chirp-rate 100.00 kHz/s t0=1786548862.4134 num_det 4 started 170.86 s ago 79.14 s left
writing file /home/ionouser/ionozond_data2//2026-08-12/par-ch0-1786548862.0000.h5
ch0 Found chirp-rate 100.00 kHz/s t0=1786548865.8616 num_det 3 started 197.90 s ago 52.10 s left
writing file /home/ionouser/ionozond_data2//2026-08-12/par-ch0-1786548865.0000.h5
ch0 Found chirp-rate 125.00 kHz/s t0=1786549037.0439 num_det 3 started 90.90 s ago 109.10 s left
writing file /home/ionouser/ionozond_data2//2026-08-12/par-ch0-1786549037.0000.h5
ch0 Found chirp-rate 100.00 kHz/s t0=1786549140.0094 num_det 3 started 193.26 s ago 56.74 s left
writing file /home/ionouser/ionozond_data2//2026-08-12/par-ch0-1786549140.0000.h5
ch0 Found chirp-rate 100.00 kHz/s t0=1786549135.0093 num_det 3 started 239.84 s ago 10.16 s left
writing file /home/ionouser/ionozond_data2//2026-08-12/par-ch0-1786549135.0000.h5
ch0 Found chirp-rate 100.00 kHz/s t0=1786549145.0093 num_det 3 started 244.69 s ago 5.31 s left
writing file /home/ionouser/ionozond_data2//2026-08-12/par-ch0-1786549145.0000.h5
Couldn't open /home/ionouser/ionozond_data2//2026-08-12/chirp-ch0-125-44663692740000000-1786547655.h5
Couldn't open /home/ionouser/ionozond_data2//2026-08-12/chirp-ch0-125-44663692860000000-1786547655.h5
Couldn't open /home/ionouser/ionozond_data2//2026-08-12/chirp-ch0-125-44663692920000000-1786547655.h5
Couldn't open /home/ionouser/ionozond_data2//2026-08-12/chirp-ch0-500-44663692680000000-1786547677.h5
Couldn't open /home/ionouser/ionozond_data2//2026-08-12/chirp-ch0-500-44663692920000000-1786547694.h5
Couldn't open /home/ionouser/ionozond_data2//2026-08-12/chirp-ch0-125-44663693700000000-1786547655.h5
Couldn't open /home/ionouser/ionozond_data2//2026-08-12/chirp-ch0-125-44663693940000000-1786547655.h5
Couldn't open /home/ionouser/ionozond_data2//2026-08-12/chirp-ch0-125-44663693940000000-1786547687.h5
Couldn't open /home/ionouser/ionozond_data2//2026-08-12/chirp-ch0-500-44663694060000000-1786547759.h5
Couldn't open /home/ionouser/ionozond_data2//2026-08-12/chirp-ch0-125-44663694660000000-1786547687.h5
Couldn't open /home/ionouser/ionozond_data2//2026-08-12/chirp-ch0-125-44663694720000000-1786547687.h5
Couldn't open /home/ionouser/ionozond_data2//2026-08-12/chirp-ch0-125-44663695020000000-1786547687.h5
Couldn't open /home/ionouser/ionozond_data2//2026-08-12/chirp-ch0-125-44663695080000000-1786547687.h5
Couldn't open /home/ionouser/ionozond_data2//2026-08-12/chirp-ch0-125-44663695140000000-1786547687.h5
Couldn't open /home/ionouser/ionozond_data2//2026-08-12/chirp-ch0-125-44663695200000000-1786547725.h5
Couldn't open /home/ionouser/ionozond_data2//2026-08-12/chirp-ch0-125-44663695320000000-1786547687.h5
Couldn't open /home/ionouser/ionozond_data2//2026-08-12/chirp-ch0-125-44663695500000000-1786547687.h5
Couldn't open /home/ionouser/ionozond_data2//2026-08-12/chirp-ch0-125-44663695560000000-1786547687.h5
Couldn't open /home/ionouser/ionozond_data2//2026-08-12/chirp-ch0-500-44663695620000000-1786547794.h5
Couldn't open /home/ionouser/ionozond_data2//2026-08-12/chirp-ch0-125-44663696760000000-1786547777.h5
Couldn't open /home/ionouser/ionozond_data2//2026-08-12/chirp-ch0-500-44663697060000000-1786547854.h5
Couldn't open /home/ionouser/ionozond_data2//2026-08-12/chirp-ch0-500-44663697420000000-1786547874.h5
Couldn't open /home/ionouser/ionozond_data2//2026-08-12/chirp-ch0-500-44663698200000000-1786547900.h5
Couldn't open /home/ionouser/ionozond_data2//2026-08-12/chirp-ch0-500-44663698680000000-1786547929.h5
Couldn't open /home/ionouser/ionozond_data2//2026-08-12/chirp-ch0-500-44663698860000000-1786547936.h5
Couldn't open /home/ionouser/ionozond_data2//2026-08-12/chirp-ch0-500-44663698920000000-1786547934.h5
Couldn't open /home/ionouser/ionozond_data2//2026-08-12/chirp-ch0-500-44663698980000000-1786547928.h5
Couldn't open /home/ionouser/ionozond_data2//2026-08-12/chirp-ch0-125-44663701020000000-1786547985.h5
Couldn't open /home/ionouser/ionozond_data2//2026-08-12/chirp-ch0-125-44663701320000000-1786547985.h5
Couldn't open /home/ionouser/ionozond_data2//2026-08-12/chirp-ch0-125-44663701680000000-1786547985.h5
Couldn't open /home/ionouser/ionozond_data2//2026-08-12/chirp-ch0-125-44663701740000000-1786547985.h5
Couldn't open /home/ionouser/ionozond_data2//2026-08-12/chirp-ch0-125-44663702040000000-1786547985.h5
Couldn't open /home/ionouser/ionozond_data2//2026-08-12/chirp-ch0-500-44663704260000000-1786548137.h5
Couldn't open /home/ionouser/ionozond_data2//2026-08-12/chirp-ch0-500-44663704260000000-1786548165.h5
Couldn't open /home/ionouser/ionozond_data2//2026-08-12/chirp-ch0-125-44663705460000000-1786548137.h5
Couldn't open /home/ionouser/ionozond_data2//2026-08-12/chirp-ch0-125-44663705520000000-1786548137.h5
Couldn't open /home/ionouser/ionozond_data2//2026-08-12/chirp-ch0-125-44663705580000000-1786548140.h5
Couldn't open /home/ionouser/ionozond_data2//2026-08-12/chirp-ch0-500-44663709120000000-1786548336.h5
Couldn't open /home/ionouser/ionozond_data2//2026-08-12/chirp-ch0-500-44663710380000000-1786548381.h5
Couldn't open /home/ionouser/ionozond_data2//2026-08-12/chirp-ch0-500-44663711280000000-1786548417.h5
Couldn't open /home/ionouser/ionozond_data2//2026-08-12/chirp-ch0-500-44663711700000000-1786548440.h5
Couldn't open /home/ionouser/ionozond_data2//2026-08-12/chirp-ch0-500-44663711880000000-1786548464.h5
Couldn't open /home/ionouser/ionozond_data2//2026-08-12/chirp-ch0-125-44663714940000000-1786548555.h5
ch0 Found chirp-rate 100.00 kHz/s t0=1786549440.0091 num_det 3 started 256.57 s ago -6.57 s left
writing file /home/ionouser/ionozond_data2//2026-08-12/par-ch0-1786549440.0000.h5
ch0 Found chirp-rate 100.00 kHz/s t0=1786549435.0092 num_det 4 started 294.77 s ago -44.77 s left
writing file /home/ionouser/ionozond_data2//2026-08-12/par-ch0-1786549435.0000.h5
ch0 Found chirp-rate 100.00 kHz/s t0=1786549740.0092 num_det 3 started 301.65 s ago -51.65 s left
writing file /home/ionouser/ionozond_data2//2026-08-12/par-ch0-1786549740.0000.h5
ch0 Found chirp-rate 100.00 kHz/s t0=1786549745.0093 num_det 3 started 313.86 s ago -63.86 s left
writing file /home/ionouser/ionozond_data2//2026-08-12/par-ch0-1786549745.0000.h5
ch0 Found chirp-rate 100.00 kHz/s t0=1786550040.0092 num_det 3 started 307.63 s ago -57.63 s left
writing file /home/ionouser/ionozond_data2//2026-08-12/par-ch0-1786550040.0000.h5
ch0 Found chirp-rate 100.00 kHz/s t0=1786550035.0093 num_det 3 started 339.46 s ago -89.46 s left
writing file /home/ionouser/ionozond_data2//2026-08-12/par-ch0-1786550035.0000.h5
ch0 Found chirp-rate 100.00 kHz/s t0=1786550045.0091 num_det 3 started 343.89 s ago -93.89 s left
writing file /home/ionouser/ionozond_data2//2026-08-12/par-ch0-1786550045.0000.h5
Couldn't open /home/ionouser/ionozond_data2//2026-08-12/chirp-ch0-125-44663715000000000-1786548555.h5
Couldn't open /home/ionouser/ionozond_data2//2026-08-12/chirp-ch0-125-44663715120000000-1786548555.h5
Couldn't open /home/ionouser/ionozond_data2//2026-08-12/chirp-ch0-125-44663715240000000-1786548555.h5
Couldn't open /home/ionouser/ionozond_data2//2026-08-12/chirp-ch0-125-44663715300000000-1786548555.h5
Couldn't open /home/ionouser/ionozond_data2//2026-08-12/chirp-ch0-125-44663715360000000-1786548555.h5
Couldn't open /home/ionouser/ionozond_data2//2026-08-12/chirp-ch0-125-44663715420000000-1786548555.h5
Couldn't open /home/ionouser/ionozond_data2//2026-08-12/chirp-ch0-125-44663715660000000-1786548555.h5
Couldn't open /home/ionouser/ionozond_data2//2026-08-12/chirp-ch0-125-44663715720000000-1786548555.h5
Couldn't open /home/ionouser/ionozond_data2//2026-08-12/chirp-ch0-125-44663715900000000-1786548587.h5
Couldn't open /home/ionouser/ionozond_data2//2026-08-12/chirp-ch0-125-44663716260000000-1786548555.h5
Couldn't open /home/ionouser/ionozond_data2//2026-08-12/chirp-ch0-125-44663716260000000-1786548587.h5
Couldn't open /home/ionouser/ionozond_data2//2026-08-12/chirp-ch0-500-44663716260000000-1786548622.h5
Couldn't open /home/ionouser/ionozond_data2//2026-08-12/chirp-ch0-125-44663716440000000-1786548555.h5
Couldn't open /home/ionouser/ionozond_data2//2026-08-12/chirp-ch0-125-44663716440000000-1786548587.h5
Couldn't open /home/ionouser/ionozond_data2//2026-08-12/chirp-ch0-125-44663716500000000-1786548555.h5
Couldn't open /home/ionouser/ionozond_data2//2026-08-12/chirp-ch0-125-44663716740000000-1786548555.h5
Couldn't open /home/ionouser/ionozond_data2//2026-08-12/chirp-ch0-125-44663716740000000-1786548587.h5
Couldn't open /home/ionouser/ionozond_data2//2026-08-12/chirp-ch0-125-44663716860000000-1786548587.h5
Couldn't open /home/ionouser/ionozond_data2//2026-08-12/chirp-ch0-500-44663716860000000-1786548654.h5
Couldn't open /home/ionouser/ionozond_data2//2026-08-12/chirp-ch0-125-44663717040000000-1786548587.h5
Couldn't open /home/ionouser/ionozond_data2//2026-08-12/chirp-ch0-125-44663717100000000-1786548587.h5
Couldn't open /home/ionouser/ionozond_data2//2026-08-12/chirp-ch0-125-44663717220000000-1786548587.h5
Couldn't open /home/ionouser/ionozond_data2//2026-08-12/chirp-ch0-125-44663717460000000-1786548587.h5
Couldn't open /home/ionouser/ionozond_data2//2026-08-12/chirp-ch0-500-44663718420000000-1786548719.h5
Couldn't open /home/ionouser/ionozond_data2//2026-08-12/chirp-ch0-125-44663720400000000-1786548765.h5
Couldn't open /home/ionouser/ionozond_data2//2026-08-12/chirp-ch0-125-44663720520000000-1786548765.h5
Couldn't open /home/ionouser/ionozond_data2//2026-08-12/chirp-ch0-125-44663720580000000-1786548765.h5
Couldn't open /home/ionouser/ionozond_data2//2026-08-12/chirp-ch0-125-44663720700000000-1786548765.h5
Couldn't open /home/ionouser/ionozond_data2//2026-08-12/chirp-ch0-125-44663720760000000-1786548765.h5
Couldn't open /home/ionouser/ionozond_data2//2026-08-12/chirp-ch0-125-44663720820000000-1786548765.h5
Couldn't open /home/ionouser/ionozond_data2//2026-08-12/chirp-ch0-125-44663721000000000-1786548765.h5
Couldn't open /home/ionouser/ionozond_data2//2026-08-12/chirp-ch0-500-44663720340000000-1786548777.h5
Couldn't open /home/ionouser/ionozond_data2//2026-08-12/chirp-ch0-500-44663720460000000-1786548787.h5
Couldn't open /home/ionouser/ionozond_data2//2026-08-12/chirp-ch0-125-44663721360000000-1786548765.h5
Couldn't open /home/ionouser/ionozond_data2//2026-08-12/chirp-ch0-500-44663723400000000-1786548924.h5
Couldn't open /home/ionouser/ionozond_data2//2026-08-12/chirp-ch0-500-44663723640000000-1786548900.h5
Couldn't open /home/ionouser/ionozond_data2//2026-08-12/chirp-ch0-100-44663724420000000-1786548840.h5
Couldn't open /home/ionouser/ionozond_data2//2026-08-12/chirp-ch0-500-44663724600000000-1786548950.h5
Couldn't open /home/ionouser/ionozond_data2//2026-08-12/chirp-ch0-500-44663726520000000-1786549048.h5
Couldn't open /home/ionouser/ionozond_data2//2026-08-12/chirp-ch0-500-44663730120000000-1786549186.h5
Couldn't open /home/ionouser/ionozond_data2//2026-08-12/chirp-ch0-500-44663731920000000-1786549230.h5
Couldn't open /home/ionouser/ionozond_data2//2026-08-12/chirp-ch0-500-44663731920000000-1786549245.h5
Couldn't open /home/ionouser/ionozond_data2//2026-08-12/chirp-ch0-500-44663737320000000-1786549460.h5
ch0 Found chirp-rate 100.00 kHz/s t0=1786550340.0094 num_det 3 started 340.74 s ago -90.74 s left
writing file /home/ionouser/ionozond_data2//2026-08-12/par-ch0-1786550340.0000.h5
ch0 Found chirp-rate 100.00 kHz/s t0=1786550640.0094 num_det 3 started 346.06 s ago -96.06 s left
writing file /home/ionouser/ionozond_data2//2026-08-12/par-ch0-1786550640.0000.h5
ch0 Found chirp-rate 125.00 kHz/s t0=1786550805.0453 num_det 3 started 291.55 s ago -91.55 s left
writing file /home/ionouser/ionozond_data2//2026-08-12/par-ch0-1786550805.0000.h5
ch0 Found chirp-rate 100.00 kHz/s t0=1786550935.0095 num_det 3 started 340.05 s ago -90.05 s left
writing file /home/ionouser/ionozond_data2//2026-08-12/par-ch0-1786550935.0000.h5
ch0 Found chirp-rate 100.00 kHz/s t0=1786550940.0094 num_det 3 started 335.05 s ago -85.05 s left
writing file /home/ionouser/ionozond_data2//2026-08-12/par-ch0-1786550940.0000.h5
ch0 Found chirp-rate 125.00 kHz/s t0=1786550985.0452 num_det 3 started 290.02 s ago -90.02 s left
writing file /home/ionouser/ionozond_data2//2026-08-12/par-ch0-1786550985.0000.h5
ch0 Found chirp-rate 100.00 kHz/s t0=1786550945.0094 num_det 3 started 371.43 s ago -121.43 s left
writing file /home/ionouser/ionozond_data2//2026-08-12/par-ch0-1786550945.0000.h5
Couldn't open /home/ionouser/ionozond_data2//2026-08-12/chirp-ch0-500-44663745360000000-1786549808.h5
Couldn't open /home/ionouser/ionozond_data2//2026-08-12/chirp-ch0-500-44663746200000000-1786549844.h5
Couldn't open /home/ionouser/ionozond_data2//2026-08-12/chirp-ch0-125-44663747820000000-1786549715.h5
Couldn't open /home/ionouser/ionozond_data2//2026-08-12/chirp-ch0-125-44663747820000000-1786549885.h5
Couldn't open /home/ionouser/ionozond_data2//2026-08-12/chirp-ch0-500-44663747820000000-1786549895.h5
Couldn't open /home/ionouser/ionozond_data2//2026-08-12/chirp-ch0-125-44663758440000000-1786550140.h5
ch0 Found chirp-rate 100.00 kHz/s t0=1786551240.0096 num_det 3 started 349.52 s ago -99.52 s left
writing file /home/ionouser/ionozond_data2//2026-08-12/par-ch0-1786551240.0000.h5
ch0 Found chirp-rate 100.00 kHz/s t0=1786551245.0093 num_det 3 started 383.24 s ago -133.24 s left
writing file /home/ionouser/ionozond_data2//2026-08-12/par-ch0-1786551245.0000.h5
ch0 Found chirp-rate 100.00 kHz/s t0=1786551540.0093 num_det 3 started 362.35 s ago -112.35 s left
writing file /home/ionouser/ionozond_data2//2026-08-12/par-ch0-1786551540.0000.h5
ch0 Found chirp-rate 100.00 kHz/s t0=1786551535.0093 num_det 3 started 396.68 s ago -146.68 s left
writing file /home/ionouser/ionozond_data2//2026-08-12/par-ch0-1786551535.0000.h5
ch0 Found chirp-rate 100.00 kHz/s t0=1786551545.0092 num_det 3 started 412.39 s ago -162.39 s left
writing file /home/ionouser/ionozond_data2//2026-08-12/par-ch0-1786551545.0000.h5
ch0 Found chirp-rate 100.00 kHz/s t0=1786551840.0094 num_det 4 started 387.24 s ago -137.24 s left
writing file /home/ionouser/ionozond_data2//2026-08-12/par-ch0-1786551840.0000.h5
Couldn't open /home/ionouser/ionozond_data2//2026-08-12/chirp-ch0-125-44663764620000000-1786550505.h5
Couldn't open /home/ionouser/ionozond_data2//2026-08-12/chirp-ch0-500-44663765160000000-1786550580.h5
Couldn't open /home/ionouser/ionozond_data2//2026-08-12/chirp-ch0-500-44663766960000000-1786550669.h5
Couldn't open /home/ionouser/ionozond_data2//2026-08-12/chirp-ch0-500-44663767440000000-1786550689.h5
Couldn't open /home/ionouser/ionozond_data2//2026-08-12/chirp-ch0-500-44663767980000000-1786550674.h5
Couldn't open /home/ionouser/ionozond_data2//2026-08-12/chirp-ch0-500-44663778180000000-1786551090.h5
ch0 Found chirp-rate 100.00 kHz/s t0=1786551845.0092 num_det 3 started 397.57 s ago -147.57 s left
writing file /home/ionouser/ionozond_data2//2026-08-12/par-ch0-1786551845.0000.h5
ch0 Found chirp-rate 100.00 kHz/s t0=1786552140.0091 num_det 3 started 298.74 s ago -48.74 s left
writing file /home/ionouser/ionozond_data2//2026-08-12/par-ch0-1786552140.0000.h5
ch0 Found chirp-rate 100.00 kHz/s t0=1786552145.0098 num_det 3 started 297.69 s ago -47.69 s left
writing file /home/ionouser/ionozond_data2//2026-08-12/par-ch0-1786552145.0000.h5
ch0 Found chirp-rate 100.00 kHz/s t0=1786552135.0091 num_det 3 started 342.99 s ago -92.99 s left
writing file /home/ionouser/ionozond_data2//2026-08-12/par-ch0-1786552135.0000.h5
ch0 Found chirp-rate 100.00 kHz/s t0=1786552435.0096 num_det 3 started 207.63 s ago 42.37 s left
writing file /home/ionouser/ionozond_data2//2026-08-12/par-ch0-1786552435.0000.h5
ch0 Found chirp-rate 100.00 kHz/s t0=1786552440.0094 num_det 3 started 202.64 s ago 47.36 s left
writing file /home/ionouser/ionozond_data2//2026-08-12/par-ch0-1786552440.0000.h5
ch0 Found chirp-rate 125.00 kHz/s t0=1786552455.0455 num_det 3 started 202.27 s ago -2.27 s left
writing file /home/ionouser/ionozond_data2//2026-08-12/par-ch0-1786552455.0000.h5
ch0 Found chirp-rate 100.00 kHz/s t0=1786552445.0101 num_det 3 started 220.27 s ago 29.73 s left
writing file /home/ionouser/ionozond_data2//2026-08-12/par-ch0-1786552445.0000.h5
ch0 Found chirp-rate 100.00 kHz/s t0=1786552500.0094 num_det 3 started 195.36 s ago 54.64 s left
writing file /home/ionouser/ionozond_data2//2026-08-12/par-ch0-1786552500.0000.h5
ch0 Found chirp-rate 100.00 kHz/s t0=1786552462.4130 num_det 3 started 236.34 s ago 13.66 s left
writing file /home/ionouser/ionozond_data2//2026-08-12/par-ch0-1786552462.0000.h5
ch0 Found chirp-rate 125.00 kHz/s t0=1786552637.0437 num_det 3 started 163.51 s ago 36.49 s left
writing file /home/ionouser/ionozond_data2//2026-08-12/par-ch0-1786552637.0000.h5
ch0 Found chirp-rate 100.00 kHz/s t0=1786552735.0091 num_det 3 started 169.82 s ago 80.18 s left
writing file /home/ionouser/ionozond_data2//2026-08-12/par-ch0-1786552735.0000.h5
ch0 Found chirp-rate 100.00 kHz/s t0=1786552740.0089 num_det 3 started 169.23 s ago 80.77 s left
writing file /home/ionouser/ionozond_data2//2026-08-12/par-ch0-1786552740.0000.h5
ch0 Found chirp-rate 100.00 kHz/s t0=1786552745.0096 num_det 4 started 191.13 s ago 58.87 s left
writing file /home/ionouser/ionozond_data2//2026-08-12/par-ch0-1786552745.0000.h5
ch0 Found chirp-rate 100.00 kHz/s t0=1786552800.0100 num_det 3 started 170.11 s ago 79.89 s left
writing file /home/ionouser/ionozond_data2//2026-08-12/par-ch0-1786552800.0000.h5
ch0 Found chirp-rate 125.00 kHz/s t0=1786552935.0460 num_det 3 started 124.46 s ago 75.54 s left
writing file /home/ionouser/ionozond_data2//2026-08-12/par-ch0-1786552935.0000.h5
ch0 Found chirp-rate 500.01 kHz/s t0=1786552977.0044 num_det 3 started 92.68 s ago -42.68 s left
writing file /home/ionouser/ionozond_data2//2026-08-12/par-ch0-1786552977.0000.h5
Couldn't open /home/ionouser/ionozond_data2//2026-08-12/chirp-ch0-125-44663783220000000-1786551219.h5
Couldn't open /home/ionouser/ionozond_data2//2026-08-12/chirp-ch0-125-44663783400000000-1786551255.h5
Couldn't open /home/ionouser/ionozond_data2//2026-08-12/chirp-ch0-500-44663783280000000-1786551317.h5
Couldn't open /home/ionouser/ionozond_data2//2026-08-12/chirp-ch0-500-44663784060000000-1786551318.h5
Couldn't open /home/ionouser/ionozond_data2//2026-08-12/chirp-ch0-125-44663800920000000-1786551932.h5
Couldn't open /home/ionouser/ionozond_data2//2026-08-12/chirp-ch0-125-44663801640000000-1786551997.h5
Couldn't open /home/ionouser/ionozond_data2//2026-08-12/chirp-ch0-125-44663802240000000-1786551987.h5
Couldn't open /home/ionouser/ionozond_data2//2026-08-12/chirp-ch0-125-44663804400000000-1786552158.h5
Couldn't open /home/ionouser/ionozond_data2//2026-08-12/chirp-ch0-500-44663801040000000-1786551995.h5
Couldn't open /home/ionouser/ionozond_data2//2026-08-12/chirp-ch0-500-44663801160000000-1786552036.h5
Couldn't open /home/ionouser/ionozond_data2//2026-08-12/chirp-ch0-500-44663801640000000-1786552022.h5
ch0 Found chirp-rate 100.00 kHz/s t0=1786553035.0093 num_det 3 started 139.20 s ago 110.80 s left
writing file /home/ionouser/ionozond_data2//2026-08-12/par-ch0-1786553035.0000.h5
ch0 Found chirp-rate 100.00 kHz/s t0=1786553040.0093 num_det 3 started 134.20 s ago 115.80 s left
writing file /home/ionouser/ionozond_data2//2026-08-12/par-ch0-1786553040.0000.h5
ch0 Found chirp-rate 100.00 kHz/s t0=1786553045.0098 num_det 3 started 143.97 s ago 106.03 s left
writing file /home/ionouser/ionozond_data2//2026-08-12/par-ch0-1786553045.0000.h5
ch0 Found chirp-rate 125.00 kHz/s t0=1786553087.0434 num_det 3 started 101.94 s ago 98.06 s left
writing file /home/ionouser/ionozond_data2//2026-08-12/par-ch0-1786553087.0000.h5
ch0 Found chirp-rate 100.00 kHz/s t0=1786553100.0090 num_det 3 started 118.58 s ago 131.42 s left
writing file /home/ionouser/ionozond_data2//2026-08-12/par-ch0-1786553100.0000.h5
ch0 Found chirp-rate 100.00 kHz/s t0=1786553080.0166 num_det 3 started 206.91 s ago 43.09 s left
writing file /home/ionouser/ionozond_data2//2026-08-12/par-ch0-1786553080.0000.h5
ch0 Found chirp-rate 100.00 kHz/s t0=1786553335.0090 num_det 3 started 107.05 s ago 142.95 s left
writing file /home/ionouser/ionozond_data2//2026-08-12/par-ch0-1786553335.0000.h5
ch0 Found chirp-rate 100.00 kHz/s t0=1786553340.0094 num_det 3 started 104.14 s ago 145.86 s left
writing file /home/ionouser/ionozond_data2//2026-08-12/par-ch0-1786553340.0000.h5
ch0 Found chirp-rate 100.00 kHz/s t0=1786553345.0094 num_det 3 started 132.27 s ago 117.73 s left
writing file /home/ionouser/ionozond_data2//2026-08-12/par-ch0-1786553345.0000.h5
ch0 Found chirp-rate 125.00 kHz/s t0=1786553415.0451 num_det 3 started 80.54 s ago 119.46 s left
writing file /home/ionouser/ionozond_data2//2026-08-12/par-ch0-1786553415.0000.h5
ch0 Found chirp-rate 100.00 kHz/s t0=1786553400.0096 num_det 3 started 115.55 s ago 134.45 s left
writing file /home/ionouser/ionozond_data2//2026-08-12/par-ch0-1786553400.0000.h5
ch0 Found chirp-rate 125.00 kHz/s t0=1786553535.0454 num_det 3 started 82.52 s ago 117.48 s left
writing file /home/ionouser/ionozond_data2//2026-08-12/par-ch0-1786553535.0000.h5
ch0 Found chirp-rate 125.00 kHz/s t0=1786553537.0439 num_det 3 started 82.84 s ago 117.16 s left
writing file /home/ionouser/ionozond_data2//2026-08-12/par-ch0-1786553537.0000.h5
ch0 Found chirp-rate 500.01 kHz/s t0=1786553577.0045 num_det 3 started 61.15 s ago -11.15 s left
writing file /home/ionouser/ionozond_data2//2026-08-12/par-ch0-1786553577.0000.h5
ch0 Found chirp-rate 100.00 kHz/s t0=1786553635.0091 num_det 3 started 101.27 s ago 148.73 s left
writing file /home/ionouser/ionozond_data2//2026-08-12/par-ch0-1786553635.0000.h5
ch0 Found chirp-rate 100.00 kHz/s t0=1786553640.0092 num_det 3 started 101.01 s ago 148.99 s left
writing file /home/ionouser/ionozond_data2//2026-08-12/par-ch0-1786553640.0000.h5
ch0 Found chirp-rate 100.00 kHz/s t0=1786553645.0099 num_det 3 started 114.37 s ago 135.63 s left
writing file /home/ionouser/ionozond_data2//2026-08-12/par-ch0-1786553645.0000.h5
ch0 Found chirp-rate 100.00 kHz/s t0=1786553700.0103 num_det 3 started 87.73 s ago 162.27 s left
writing file /home/ionouser/ionozond_data2//2026-08-12/par-ch0-1786553700.0000.h5
ch0 Found chirp-rate 125.00 kHz/s t0=1786553775.0451 num_det 3 started 82.39 s ago 117.61 s left
writing file /home/ionouser/ionozond_data2//2026-08-12/par-ch0-1786553775.0000.h5
Couldn't open /home/ionouser/ionozond_data2//2026-08-12/chirp-ch0-500-44663813520000000-1786552493.h5
Couldn't open /home/ionouser/ionozond_data2//2026-08-12/chirp-ch0-500-44663815440000000-1786552570.h5
Couldn't open /home/ionouser/ionozond_data2//2026-08-12/chirp-ch0-500-44663815500000000-1786552572.h5
Couldn't open /home/ionouser/ionozond_data2//2026-08-12/chirp-ch0-500-44663815560000000-1786552575.h5
ch0 Found chirp-rate 100.00 kHz/s t0=1786553820.0310 num_det 10 started 196.39 s ago 53.61 s left
writing file /home/ionouser/ionozond_data2//2026-08-12/par-ch0-1786553820.0000.h5
Couldn't open /home/ionouser/ionozond_data2//2026-08-12/chirp-ch0-125-44663818080000000-1786552597.h5
Couldn't open /home/ionouser/ionozond_data2//2026-08-12/chirp-ch0-500-44663818080000000-1786552678.h5
Couldn't open /home/ionouser/ionozond_data2//2026-08-12/chirp-ch0-500-44663818140000000-1786552680.h5
Couldn't open /home/ionouser/ionozond_data2//2026-08-12/chirp-ch0-500-44663818200000000-1786552683.h5
Couldn't open /home/ionouser/ionozond_data2//2026-08-12/chirp-ch0-500-44663818260000000-1786552685.h5
Couldn't open /home/ionouser/ionozond_data2//2026-08-12/chirp-ch0-500-44663818320000000-1786552687.h5
Couldn't open /home/ionouser/ionozond_data2//2026-08-12/chirp-ch0-500-44663818380000000-1786552690.h5
Couldn't open /home/ionouser/ionozond_data2//2026-08-12/chirp-ch0-500-44663818440000000-1786552692.h5
ch0 Found chirp-rate 100.00 kHz/s t0=1786553691.0117 num_det 4 started 328.26 s ago -78.26 s left
writing file /home/ionouser/ionozond_data2//2026-08-12/par-ch0-1786553691.0000.h5
Couldn't open /home/ionouser/ionozond_data2//2026-08-12/chirp-ch0-500-44663821920000000-1786552831.h5
Couldn't open /home/ionouser/ionozond_data2//2026-08-12/chirp-ch0-500-44663821980000000-1786552834.h5
Couldn't open /home/ionouser/ionozond_data2//2026-08-12/chirp-ch0-500-44663821980000000-1786552871.h5
Couldn't open /home/ionouser/ionozond_data2//2026-08-12/chirp-ch0-500-44663822040000000-1786552836.h5
Couldn't open /home/ionouser/ionozond_data2//2026-08-12/chirp-ch0-500-44663822100000000-1786552839.h5
Couldn't open /home/ionouser/ionozond_data2//2026-08-12/chirp-ch0-500-44663822160000000-1786552841.h5
Couldn't open /home/ionouser/ionozond_data2//2026-08-12/chirp-ch0-500-44663822220000000-1786552843.h5
Couldn't open /home/ionouser/ionozond_data2//2026-08-12/chirp-ch0-125-44663824500000000-1786552935.h5
Couldn't open /home/ionouser/ionozond_data2//2026-08-12/chirp-ch0-125-44663824620000000-1786552935.h5
Couldn't open /home/ionouser/ionozond_data2//2026-08-12/chirp-ch0-500-44663823960000000-1786552913.h5
Couldn't open /home/ionouser/ionozond_data2//2026-08-12/chirp-ch0-500-44663824020000000-1786552915.h5
Couldn't open /home/ionouser/ionozond_data2//2026-08-12/chirp-ch0-500-44663824080000000-1786552918.h5
Couldn't open /home/ionouser/ionozond_data2//2026-08-12/chirp-ch0-500-44663824140000000-1786552920.h5
Couldn't open /home/ionouser/ionozond_data2//2026-08-12/chirp-ch0-500-44663824200000000-1786552923.h5
Couldn't open /home/ionouser/ionozond_data2//2026-08-12/chirp-ch0-500-44663824260000000-1786552925.h5
Couldn't open /home/ionouser/ionozond_data2//2026-08-12/chirp-ch0-500-44663824380000000-1786552930.h5
Couldn't open /home/ionouser/ionozond_data2//2026-08-12/chirp-ch0-500-44663824440000000-1786552932.h5
Couldn't open /home/ionouser/ionozond_data2//2026-08-12/chirp-ch0-500-44663824500000000-1786552935.h5
Couldn't open /home/ionouser/ionozond_data2//2026-08-12/chirp-ch0-500-44663824500000000-1786552957.h5
Couldn't open /home/ionouser/ionozond_data2//2026-08-12/chirp-ch0-500-44663824620000000-1786552939.h5
Couldn't open /home/ionouser/ionozond_data2//2026-08-12/chirp-ch0-500-44663824680000000-1786552942.h5
Couldn't open /home/ionouser/ionozond_data2//2026-08-12/chirp-ch0-500-44663824740000000-1786552944.h5
Couldn't open /home/ionouser/ionozond_data2//2026-08-12/chirp-ch0-500-44663824800000000-1786552947.h5
Couldn't open /home/ionouser/ionozond_data2//2026-08-12/chirp-ch0-500-44663824860000000-1786552949.h5
Couldn't open /home/ionouser/ionozond_data2//2026-08-12/chirp-ch0-500-44663824980000000-1786552954.h5
ch0 Found chirp-rate 100.00 kHz/s t0=1786553935.0095 num_det 3 started 103.64 s ago 146.36 s left
writing file /home/ionouser/ionozond_data2//2026-08-12/par-ch0-1786553935.0000.h5
ch0 Found chirp-rate 100.00 kHz/s t0=1786553940.0089 num_det 3 started 98.65 s ago 151.35 s left
writing file /home/ionouser/ionozond_data2//2026-08-12/par-ch0-1786553940.0000.h5
ch0 Found chirp-rate 125.00 kHz/s t0=1786553987.0443 num_det 3 started 74.13 s ago 125.87 s left
writing file /home/ionouser/ionozond_data2//2026-08-12/par-ch0-1786553987.0000.h5
ch0 Found chirp-rate 100.00 kHz/s t0=1786553945.0102 num_det 3 started 118.11 s ago 131.89 s left
writing file /home/ionouser/ionozond_data2//2026-08-12/par-ch0-1786553945.0000.h5
ch0 Found chirp-rate 125.00 kHz/s t0=1786553985.0456 num_det 3 started 84.33 s ago 115.67 s left
writing file /home/ionouser/ionozond_data2//2026-08-12/par-ch0-1786553985.0000.h5
ch0 Found chirp-rate 100.00 kHz/s t0=1786554000.0098 num_det 3 started 92.34 s ago 157.66 s left
writing file /home/ionouser/ionozond_data2//2026-08-12/par-ch0-1786554000.0000.h5
ch0 Found chirp-rate 100.00 kHz/s t0=1786553980.0157 num_det 3 started 159.71 s ago 90.29 s left
writing file /home/ionouser/ionozond_data2//2026-08-12/par-ch0-1786553980.0000.h5
ch0 Found chirp-rate 100.00 kHz/s t0=1786553991.0118 num_det 3 started 216.12 s ago 33.88 s left
writing file /home/ionouser/ionozond_data2//2026-08-12/par-ch0-1786553991.0000.h5
ch0 Found chirp-rate 500.01 kHz/s t0=1786554177.0045 num_det 3 started 42.95 s ago 7.04 s left
writing file /home/ionouser/ionozond_data2//2026-08-12/par-ch0-1786554177.0000.h5
ch0 Found chirp-rate 125.00 kHz/s t0=1786554165.0462 num_det 3 started 59.27 s ago 140.73 s left
writing file /home/ionouser/ionozond_data2//2026-08-12/par-ch0-1786554165.0000.h5
ch0 Found chirp-rate 100.00 kHz/s t0=1786554120.0312 num_det 3 started 155.79 s ago 94.21 s left
writing file /home/ionouser/ionozond_data2//2026-08-12/par-ch0-1786554120.0000.h5
ch0 Found chirp-rate 100.00 kHz/s t0=1786554235.0097 num_det 3 started 100.87 s ago 149.13 s left
writing file /home/ionouser/ionozond_data2//2026-08-12/par-ch0-1786554235.0000.h5
ch0 Found chirp-rate 100.00 kHz/s t0=1786554240.0098 num_det 3 started 101.56 s ago 148.44 s left
writing file /home/ionouser/ionozond_data2//2026-08-12/par-ch0-1786554240.0000.h5
ch0 Found chirp-rate 100.00 kHz/s t0=1786554245.0101 num_det 3 started 114.43 s ago 135.57 s left
writing file /home/ionouser/ionozond_data2//2026-08-12/par-ch0-1786554245.0000.h5
ch0 Found chirp-rate 100.00 kHz/s t0=1786554300.0094 num_det 3 started 83.49 s ago 166.51 s left
writing file /home/ionouser/ionozond_data2//2026-08-12/par-ch0-1786554300.0000.h5
ch0 Found chirp-rate 125.00 kHz/s t0=1786554405.0455 num_det 3 started 75.55 s ago 124.45 s left
writing file /home/ionouser/ionozond_data2//2026-08-12/par-ch0-1786554405.0000.h5
ch0 Found chirp-rate 125.00 kHz/s t0=1786554437.0438 num_det 3 started 76.15 s ago 123.85 s left
writing file /home/ionouser/ionozond_data2//2026-08-12/par-ch0-1786554437.0000.h5
ch0 Found chirp-rate 125.00 kHz/s t0=1786554585.0452 num_det 3 started 77.75 s ago 122.25 s left
writing file /home/ionouser/ionozond_data2//2026-08-12/par-ch0-1786554585.0000.h5
ch0 Found chirp-rate 500.01 kHz/s t0=1786554777.0044 num_det 3 started 36.50 s ago 13.50 s left
writing file /home/ionouser/ionozond_data2//2026-08-12/par-ch0-1786554777.0000.h5
ch0 Found chirp-rate 125.00 kHz/s t0=1786554855.0455 num_det 4 started 107.18 s ago 92.82 s left
writing file /home/ionouser/ionozond_data2//2026-08-12/par-ch0-1786554855.0000.h5
ch0 Found chirp-rate 125.00 kHz/s t0=1786554887.0437 num_det 4 started 75.19 s ago 124.81 s left
writing file /home/ionouser/ionozond_data2//2026-08-12/par-ch0-1786554887.0000.h5
Couldn't open /home/ionouser/ionozond_data2//2026-08-12/chirp-ch0-500-44663849100000000-1786553920.h5
Couldn't open /home/ionouser/ionozond_data2//2026-08-12/chirp-ch0-500-44663849160000000-1786553923.h5
ch0 Found chirp-rate 100.00 kHz/s t0=1786554835.0094 num_det 6 started 134.53 s ago 115.47 s left
writing file /home/ionouser/ionozond_data2//2026-08-12/par-ch0-1786554835.0000.h5
ch0 Found chirp-rate 100.00 kHz/s t0=1786554840.0095 num_det 7 started 129.53 s ago 120.47 s left
writing file /home/ionouser/ionozond_data2//2026-08-12/par-ch0-1786554840.0000.h5
ch0 Found chirp-rate 100.00 kHz/s t0=1786554845.0097 num_det 4 started 124.54 s ago 125.46 s left
writing file /home/ionouser/ionozond_data2//2026-08-12/par-ch0-1786554845.0000.h5
ch0 Found chirp-rate 125.00 kHz/s t0=1786555035.0456 num_det 4 started 74.33 s ago 125.67 s left
writing file /home/ionouser/ionozond_data2//2026-08-12/par-ch0-1786555035.0000.h5
ch0 Found chirp-rate 500.01 kHz/s t0=1786555377.0044 num_det 3 started 43.47 s ago 6.53 s left
writing file /home/ionouser/ionozond_data2//2026-08-12/par-ch0-1786555377.0000.h5
Couldn't open /home/ionouser/ionozond_data2//2026-08-12/chirp-ch0-500-44663869020000000-1786554720.h5
ch0 Found chirp-rate 125.00 kHz/s t0=1786555755.0457 num_det 5 started 80.45 s ago 119.55 s left
writing file /home/ionouser/ionozond_data2//2026-08-12/par-ch0-1786555755.0000.h5
ch0 Found chirp-rate 100.00 kHz/s t0=1786555620.0310 num_det 8 started 217.55 s ago 32.45 s left
writing file /home/ionouser/ionozond_data2//2026-08-12/par-ch0-1786555620.0000.h5
ch0 Found chirp-rate 100.00 kHz/s t0=1786555735.0092 num_det 4 started 102.57 s ago 147.43 s left
writing file /home/ionouser/ionozond_data2//2026-08-12/par-ch0-1786555735.0000.h5
ch0 Found chirp-rate 100.00 kHz/s t0=1786555740.0091 num_det 3 started 97.58 s ago 152.42 s left
writing file /home/ionouser/ionozond_data2//2026-08-12/par-ch0-1786555740.0000.h5
ch0 Found chirp-rate 125.00 kHz/s t0=1786555305.0454 num_det 8 started 532.54 s ago -332.54 s left
writing file /home/ionouser/ionozond_data2//2026-08-12/par-ch0-1786555305.0000.h5
ch0 Found chirp-rate 125.00 kHz/s t0=1786555337.0435 num_det 9 started 500.55 s ago -300.55 s left
writing file /home/ionouser/ionozond_data2//2026-08-12/par-ch0-1786555337.0000.h5
ch0 Found chirp-rate 125.00 kHz/s t0=1786555515.0456 num_det 8 started 322.55 s ago -122.55 s left
writing file /home/ionouser/ionozond_data2//2026-08-12/par-ch0-1786555515.0000.h5
ch0 Found chirp-rate 125.00 kHz/s t0=1786555787.0437 num_det 3 started 68.37 s ago 131.63 s left
writing file /home/ionouser/ionozond_data2//2026-08-12/par-ch0-1786555787.0000.h5
ch0 Found chirp-rate 500.01 kHz/s t0=1786555977.0045 num_det 3 started 49.43 s ago 0.57 s left
writing file /home/ionouser/ionozond_data2//2026-08-12/par-ch0-1786555977.0000.h5
ch0 Found chirp-rate 500.01 kHz/s t0=1786556394.0057 num_det 3 started 33.55 s ago 16.45 s left
writing file /home/ionouser/ionozond_data2//2026-08-12/par-ch0-1786556394.0000.h5
ch0 Found chirp-rate 500.01 kHz/s t0=1786556577.0045 num_det 3 started 41.19 s ago 8.80 s left
writing file /home/ionouser/ionozond_data2//2026-08-12/par-ch0-1786556577.0000.h5
Couldn't open /home/ionouser/ionozond_data2//2026-08-12/chirp-ch0-500-44663892000000000-1786555639.h5
ch0 Found chirp-rate 125.00 kHz/s t0=1786556687.0435 num_det 7 started 82.34 s ago 117.66 s left
writing file /home/ionouser/ionozond_data2//2026-08-12/par-ch0-1786556687.0000.h5
ch0 Found chirp-rate 125.00 kHz/s t0=1786555965.0452 num_det 6 started 806.39 s ago -606.39 s left
writing file /home/ionouser/ionozond_data2//2026-08-12/par-ch0-1786555965.0000.h5
ch0 Found chirp-rate 125.00 kHz/s t0=1786556235.0454 num_det 11 started 536.39 s ago -336.39 s left
writing file /home/ionouser/ionozond_data2//2026-08-12/par-ch0-1786556235.0000.h5
ch0 Found chirp-rate 125.00 kHz/s t0=1786556237.0439 num_det 9 started 534.39 s ago -334.39 s left
writing file /home/ionouser/ionozond_data2//2026-08-12/par-ch0-1786556237.0000.h5
ch0 Found chirp-rate 500.01 kHz/s t0=1786557177.0045 num_det 3 started 38.72 s ago 11.28 s left
writing file /home/ionouser/ionozond_data2//2026-08-12/par-ch0-1786557177.0000.h5
Couldn't open /home/ionouser/ionozond_data2//2026-08-12/chirp-ch0-500-44663915640000000-1786556577.h5
Couldn't open /home/ionouser/ionozond_data2//2026-08-12/chirp-ch0-500-44663915640000000-1786556584.h5
Couldn't open /home/ionouser/ionozond_data2//2026-08-12/chirp-ch0-500-44663915700000000-1786556587.h5
Couldn't open /home/ionouser/ionozond_data2//2026-08-12/chirp-ch0-500-44663915760000000-1786556589.h5
Couldn't open /home/ionouser/ionozond_data2//2026-08-12/chirp-ch0-500-44663915820000000-1786556592.h5
Couldn't open /home/ionouser/ionozond_data2//2026-08-12/chirp-ch0-500-44663915880000000-1786556594.h5
Couldn't open /home/ionouser/ionozond_data2//2026-08-12/chirp-ch0-500-44663915940000000-1786556596.h5
Couldn't open /home/ionouser/ionozond_data2//2026-08-12/chirp-ch0-500-44663916000000000-1786556599.h5
ch0 Found chirp-rate 100.00 kHz/s t0=1786557235.0088 num_det 6 started 396.30 s ago -146.30 s left
writing file /home/ionouser/ionozond_data2//2026-08-12/par-ch0-1786557235.0000.h5
ch0 Found chirp-rate 100.00 kHz/s t0=1786557240.0088 num_det 11 started 391.30 s ago -141.30 s left
writing file /home/ionouser/ionozond_data2//2026-08-12/par-ch0-1786557240.0000.h5
ch0 Found chirp-rate 100.00 kHz/s t0=1786557245.0089 num_det 8 started 386.31 s ago -136.31 s left
writing file /home/ionouser/ionozond_data2//2026-08-12/par-ch0-1786557245.0000.h5
ch0 Found chirp-rate 100.00 kHz/s t0=1786557535.0099 num_det 3 started 96.31 s ago 153.69 s left
writing file /home/ionouser/ionozond_data2//2026-08-12/par-ch0-1786557535.0000.h5
ch0 Found chirp-rate 100.00 kHz/s t0=1786557540.0099 num_det 3 started 96.77 s ago 153.23 s left
writing file /home/ionouser/ionozond_data2//2026-08-12/par-ch0-1786557540.0000.h5
ch0 Found chirp-rate 100.00 kHz/s t0=1786557545.0099 num_det 3 started 119.40 s ago 130.60 s left
writing file /home/ionouser/ionozond_data2//2026-08-12/par-ch0-1786557545.0000.h5
ch0 Found chirp-rate 100.00 kHz/s t0=1786557562.0267 num_det 3 started 119.78 s ago 130.22 s left
writing file /home/ionouser/ionozond_data2//2026-08-12/par-ch0-1786557562.0000.h5
ch0 Found chirp-rate 100.00 kHz/s t0=1786557600.0092 num_det 3 started 105.90 s ago 144.10 s left
writing file /home/ionouser/ionozond_data2//2026-08-12/par-ch0-1786557600.0000.h5
ch0 Found chirp-rate 100.00 kHz/s t0=1786557580.0173 num_det 3 started 167.25 s ago 82.75 s left
writing file /home/ionouser/ionozond_data2//2026-08-12/par-ch0-1786557580.0000.h5
ch0 Found chirp-rate 500.01 kHz/s t0=1786557777.0044 num_det 4 started 45.84 s ago 4.16 s left
writing file /home/ionouser/ionozond_data2//2026-08-12/par-ch0-1786557777.0000.h5
ch0 Found chirp-rate 500.01 kHz/s t0=1786558377.0045 num_det 3 started 39.06 s ago 10.94 s left
writing file /home/ionouser/ionozond_data2//2026-08-12/par-ch0-1786558377.0000.h5
ch0 Found chirp-rate 100.00 kHz/s t0=1786558145.0088 num_det 3 started 423.49 s ago -173.49 s left
writing file /home/ionouser/ionozond_data2//2026-08-12/par-ch0-1786558145.0000.h5
ch0 Found chirp-rate 100.00 kHz/s t0=1786558390.0088 num_det 3 started 178.50 s ago 71.50 s left
writing file /home/ionouser/ionozond_data2//2026-08-12/par-ch0-1786558390.0000.h5
ch0 Found chirp-rate 100.00 kHz/s t0=1786558435.0093 num_det 15 started 133.50 s ago 116.50 s left
writing file /home/ionouser/ionozond_data2//2026-08-12/par-ch0-1786558435.0000.h5
ch0 Found chirp-rate 100.00 kHz/s t0=1786558440.0093 num_det 13 started 128.50 s ago 121.50 s left
writing file /home/ionouser/ionozond_data2//2026-08-12/par-ch0-1786558440.0000.h5
ch0 Found chirp-rate 100.00 kHz/s t0=1786558445.0094 num_det 5 started 123.51 s ago 126.49 s left
writing file /home/ionouser/ionozond_data2//2026-08-12/par-ch0-1786558445.0000.h5
ch0 Found chirp-rate 100.00 kHz/s t0=1786558480.0129 num_det 3 started 101.06 s ago 148.94 s left
writing file /home/ionouser/ionozond_data2//2026-08-12/par-ch0-1786558480.0000.h5
ch0 Found chirp-rate 100.00 kHz/s t0=1786558500.0095 num_det 3 started 90.12 s ago 159.88 s left
writing file /home/ionouser/ionozond_data2//2026-08-12/par-ch0-1786558500.0000.h5
ch0 Found chirp-rate 100.00 kHz/s t0=1786558472.0248 num_det 3 started 126.75 s ago 123.25 s left
writing file /home/ionouser/ionozond_data2//2026-08-12/par-ch0-1786558472.0000.h5
ch0 Found chirp-rate 500.01 kHz/s t0=1786558977.0044 num_det 3 started 36.56 s ago 13.43 s left
writing file /home/ionouser/ionozond_data2//2026-08-12/par-ch0-1786558977.0000.h5
ch0 Found chirp-rate 500.01 kHz/s t0=1786559094.0059 num_det 3 started 32.90 s ago 17.10 s left
writing file /home/ionouser/ionozond_data2//2026-08-12/par-ch0-1786559094.0000.h5
Couldn't open /home/ionouser/ionozond_data2//2026-08-12/chirp-ch0-500-44663959620000000-1786558344.h5
ch0 Found chirp-rate 100.00 kHz/s t0=1786559035.0088 num_det 11 started 399.22 s ago -149.22 s left
writing file /home/ionouser/ionozond_data2//2026-08-12/par-ch0-1786559035.0000.h5
ch0 Found chirp-rate 100.00 kHz/s t0=1786559040.0089 num_det 14 started 394.22 s ago -144.22 s left
writing file /home/ionouser/ionozond_data2//2026-08-12/par-ch0-1786559040.0000.h5
ch0 Found chirp-rate 100.00 kHz/s t0=1786559045.0089 num_det 14 started 389.23 s ago -139.23 s left
writing file /home/ionouser/ionozond_data2//2026-08-12/par-ch0-1786559045.0000.h5
ch0 Found chirp-rate 100.00 kHz/s t0=1786559100.0090 num_det 3 started 334.23 s ago -84.23 s left
writing file /home/ionouser/ionozond_data2//2026-08-12/par-ch0-1786559100.0000.h5
ch0 Found chirp-rate 100.00 kHz/s t0=1786559290.0089 num_det 3 started 144.23 s ago 105.77 s left
writing file /home/ionouser/ionozond_data2//2026-08-12/par-ch0-1786559290.0000.h5
ch0 Found chirp-rate 100.00 kHz/s t0=1786559335.0089 num_det 3 started 99.24 s ago 150.76 s left
writing file /home/ionouser/ionozond_data2//2026-08-12/par-ch0-1786559335.0000.h5
ch0 Found chirp-rate 125.00 kHz/s t0=1786558937.0437 num_det 3 started 497.21 s ago -297.21 s left
writing file /home/ionouser/ionozond_data2//2026-08-12/par-ch0-1786558937.0000.h5
ch0 Found chirp-rate 100.00 kHz/s t0=1786559340.0097 num_det 3 started 96.39 s ago 153.61 s left
writing file /home/ionouser/ionozond_data2//2026-08-12/par-ch0-1786559340.0000.h5
ch0 Found chirp-rate 100.00 kHz/s t0=1786559345.0096 num_det 3 started 113.37 s ago 136.63 s left
writing file /home/ionouser/ionozond_data2//2026-08-12/par-ch0-1786559345.0000.h5
ch0 Found chirp-rate 100.00 kHz/s t0=1786559380.0118 num_det 3 started 92.94 s ago 157.06 s left
writing file /home/ionouser/ionozond_data2//2026-08-12/par-ch0-1786559380.0000.h5
ch0 Found chirp-rate 100.00 kHz/s t0=1786559362.0279 num_det 3 started 113.50 s ago 136.50 s left
writing file /home/ionouser/ionozond_data2//2026-08-12/par-ch0-1786559362.0000.h5
ch0 Found chirp-rate 100.00 kHz/s t0=1786559400.0098 num_det 3 started 105.19 s ago 144.81 s left
writing file /home/ionouser/ionozond_data2//2026-08-12/par-ch0-1786559400.0000.h5
ch0 Found chirp-rate 500.01 kHz/s t0=1786559577.0044 num_det 3 started 35.74 s ago 14.26 s left
writing file /home/ionouser/ionozond_data2//2026-08-12/par-ch0-1786559577.0000.h5
ch0 Found chirp-rate 500.01 kHz/s t0=1786559634.0059 num_det 3 started 35.85 s ago 14.15 s left
writing file /home/ionouser/ionozond_data2//2026-08-12/par-ch0-1786559634.0000.h5
ch0 Found chirp-rate 500.01 kHz/s t0=1786560177.0043 num_det 3 started 36.29 s ago 13.71 s left
writing file /home/ionouser/ionozond_data2//2026-08-12/par-ch0-1786560177.0000.h5
ch0 Found chirp-rate 100.00 kHz/s t0=1786560235.0091 num_det 12 started 134.78 s ago 115.22 s left
writing file /home/ionouser/ionozond_data2//2026-08-12/par-ch0-1786560235.0000.h5
ch0 Found chirp-rate 100.00 kHz/s t0=1786560240.0090 num_det 12 started 129.79 s ago 120.21 s left
writing file /home/ionouser/ionozond_data2//2026-08-12/par-ch0-1786560240.0000.h5
ch0 Found chirp-rate 100.00 kHz/s t0=1786560245.0092 num_det 6 started 124.79 s ago 125.21 s left
writing file /home/ionouser/ionozond_data2//2026-08-12/par-ch0-1786560245.0000.h5
ch0 Found chirp-rate 100.00 kHz/s t0=1786560300.0100 num_det 3 started 79.79 s ago 170.21 s left
writing file /home/ionouser/ionozond_data2//2026-08-12/par-ch0-1786560300.0000.h5
ch0 Found chirp-rate 100.00 kHz/s t0=1786560262.4127 num_det 3 started 136.67 s ago 113.33 s left
writing file /home/ionouser/ionozond_data2//2026-08-12/par-ch0-1786560262.0000.h5
ch0 Found chirp-rate 500.01 kHz/s t0=1786560777.0044 num_det 3 started 42.00 s ago 8.00 s left
writing file /home/ionouser/ionozond_data2//2026-08-12/par-ch0-1786560777.0000.h5
ch0 Found chirp-rate 100.00 kHz/s t0=1786560835.0088 num_det 10 started 407.95 s ago -157.95 s left
writing file /home/ionouser/ionozond_data2//2026-08-12/par-ch0-1786560835.0000.h5
ch0 Found chirp-rate 100.00 kHz/s t0=1786560840.0088 num_det 16 started 402.95 s ago -152.95 s left
writing file /home/ionouser/ionozond_data2//2026-08-12/par-ch0-1786560840.0000.h5
ch0 Found chirp-rate 100.00 kHz/s t0=1786560845.0088 num_det 14 started 397.96 s ago -147.96 s left
writing file /home/ionouser/ionozond_data2//2026-08-12/par-ch0-1786560845.0000.h5
ch0 Found chirp-rate 100.00 kHz/s t0=1786560900.0091 num_det 4 started 342.96 s ago -92.96 s left
writing file /home/ionouser/ionozond_data2//2026-08-12/par-ch0-1786560900.0000.h5
ch0 Found chirp-rate 100.00 kHz/s t0=1786561135.0094 num_det 7 started 107.96 s ago 142.04 s left
writing file /home/ionouser/ionozond_data2//2026-08-12/par-ch0-1786561135.0000.h5
ch0 Found chirp-rate 100.00 kHz/s t0=1786561140.0091 num_det 5 started 102.97 s ago 147.03 s left
writing file /home/ionouser/ionozond_data2//2026-08-12/par-ch0-1786561140.0000.h5
ch0 Found chirp-rate 125.00 kHz/s t0=1786560737.0434 num_det 9 started 505.94 s ago -305.94 s left
writing file /home/ionouser/ionozond_data2//2026-08-12/par-ch0-1786560737.0000.h5
ch0 Found chirp-rate 125.00 kHz/s t0=1786561187.0436 num_det 3 started 65.78 s ago 134.22 s left
writing file /home/ionouser/ionozond_data2//2026-08-12/par-ch0-1786561187.0000.h5
ch0 Found chirp-rate 100.00 kHz/s t0=1786561145.0094 num_det 3 started 119.11 s ago 130.89 s left
writing file /home/ionouser/ionozond_data2//2026-08-12/par-ch0-1786561145.0000.h5
ch0 Found chirp-rate 100.00 kHz/s t0=1786561200.0103 num_det 3 started 74.17 s ago 175.83 s left
writing file /home/ionouser/ionozond_data2//2026-08-12/par-ch0-1786561200.0000.h5
ch0 Found chirp-rate 100.00 kHz/s t0=1786561165.8618 num_det 3 started 119.91 s ago 130.09 s left
writing file /home/ionouser/ionozond_data2//2026-08-12/par-ch0-1786561165.0000.h5
ch0 Found chirp-rate 100.00 kHz/s t0=1786561162.0267 num_det 3 started 142.45 s ago 107.55 s left
writing file /home/ionouser/ionozond_data2//2026-08-12/par-ch0-1786561162.0000.h5
ch0 Found chirp-rate 100.00 kHz/s t0=1786561180.0163 num_det 3 started 153.67 s ago 96.33 s left
writing file /home/ionouser/ionozond_data2//2026-08-12/par-ch0-1786561180.0000.h5
ch0 Found chirp-rate 500.01 kHz/s t0=1786561377.0044 num_det 3 started 45.35 s ago 4.65 s left
writing file /home/ionouser/ionozond_data2//2026-08-12/par-ch0-1786561377.0000.h5
ch0 Found chirp-rate 500.01 kHz/s t0=1786561977.0044 num_det 3 started 44.11 s ago 5.89 s left
writing file /home/ionouser/ionozond_data2//2026-08-12/par-ch0-1786561977.0000.h5
Couldn't open /home/ionouser/ionozond_data2//2026-08-12/chirp-ch0-500-44664026700000000-1786561027.h5
Couldn't open /home/ionouser/ionozond_data2//2026-08-12/chirp-ch0-500-44664026760000000-1786561029.h5
ch0 Found chirp-rate 125.00 kHz/s t0=1786561637.0432 num_det 6 started 480.70 s ago -280.70 s left
writing file /home/ionouser/ionozond_data2//2026-08-12/par-ch0-1786561637.0000.h5
ch0 Found chirp-rate 100.00 kHz/s t0=1786561735.0088 num_det 9 started 384.80 s ago -134.80 s left
writing file /home/ionouser/ionozond_data2//2026-08-12/par-ch0-1786561735.0000.h5
ch0 Found chirp-rate 100.00 kHz/s t0=1786561740.0088 num_det 17 started 379.80 s ago -129.80 s left
writing file /home/ionouser/ionozond_data2//2026-08-12/par-ch0-1786561740.0000.h5
ch0 Found chirp-rate 100.00 kHz/s t0=1786561745.0088 num_det 14 started 374.80 s ago -124.80 s left
writing file /home/ionouser/ionozond_data2//2026-08-12/par-ch0-1786561745.0000.h5
ch0 Found chirp-rate 100.00 kHz/s t0=1786561800.0091 num_det 4 started 319.81 s ago -69.81 s left
writing file /home/ionouser/ionozond_data2//2026-08-12/par-ch0-1786561800.0000.h5
ch0 Found chirp-rate 100.00 kHz/s t0=1786562035.0092 num_det 3 started 97.88 s ago 152.12 s left
writing file /home/ionouser/ionozond_data2//2026-08-12/par-ch0-1786562035.0000.h5
ch0 Found chirp-rate 100.00 kHz/s t0=1786562040.0094 num_det 3 started 97.17 s ago 152.83 s left
writing file /home/ionouser/ionozond_data2//2026-08-12/par-ch0-1786562040.0000.h5
ch0 Found chirp-rate 100.00 kHz/s t0=1786562045.0095 num_det 3 started 122.36 s ago 127.64 s left
writing file /home/ionouser/ionozond_data2//2026-08-12/par-ch0-1786562045.0000.h5
ch0 Found chirp-rate 100.00 kHz/s t0=1786562065.8613 num_det 3 started 107.09 s ago 142.91 s left
writing file /home/ionouser/ionozond_data2//2026-08-12/par-ch0-1786562065.0000.h5
ch0 Found chirp-rate 100.00 kHz/s t0=1786562100.0098 num_det 3 started 90.97 s ago 159.03 s left
writing file /home/ionouser/ionozond_data2//2026-08-12/par-ch0-1786562100.0000.h5
ch0 Found chirp-rate 125.00 kHz/s t0=1786562177.0432 num_det 3 started 86.79 s ago 113.21 s left
writing file /home/ionouser/ionozond_data2//2026-08-12/par-ch0-1786562177.0000.h5
ch0 Found chirp-rate 500.01 kHz/s t0=1786562577.0045 num_det 3 started 45.43 s ago 4.57 s left
writing file /home/ionouser/ionozond_data2//2026-08-12/par-ch0-1786562577.0000.h5
Couldn't open /home/ionouser/ionozond_data2//2026-08-12/chirp-ch0-500-44664049440000000-1786561936.h5
ch0 Found chirp-rate 125.00 kHz/s t0=1786562627.0434 num_det 3 started 434.42 s ago -234.42 s left
writing file /home/ionouser/ionozond_data2//2026-08-12/par-ch0-1786562627.0000.h5
ch0 Found chirp-rate 100.00 kHz/s t0=1786562640.0088 num_det 6 started 423.55 s ago -173.55 s left
writing file /home/ionouser/ionozond_data2//2026-08-12/par-ch0-1786562640.0000.h5
ch0 Found chirp-rate 100.00 kHz/s t0=1786562935.0093 num_det 12 started 128.55 s ago 121.45 s left
writing file /home/ionouser/ionozond_data2//2026-08-12/par-ch0-1786562935.0000.h5
ch0 Found chirp-rate 100.00 kHz/s t0=1786562940.0093 num_det 11 started 123.56 s ago 126.44 s left
writing file /home/ionouser/ionozond_data2//2026-08-12/par-ch0-1786562940.0000.h5
ch0 Found chirp-rate 100.00 kHz/s t0=1786562945.0098 num_det 4 started 118.56 s ago 131.44 s left
writing file /home/ionouser/ionozond_data2//2026-08-12/par-ch0-1786562945.0000.h5
ch0 Found chirp-rate 100.00 kHz/s t0=1786562965.8614 num_det 3 started 111.27 s ago 138.73 s left
writing file /home/ionouser/ionozond_data2//2026-08-12/par-ch0-1786562965.0000.h5
ch0 Found chirp-rate 100.00 kHz/s t0=1786562962.0271 num_det 3 started 126.70 s ago 123.30 s left
writing file /home/ionouser/ionozond_data2//2026-08-12/par-ch0-1786562962.0000.h5
ch0 Found chirp-rate 100.00 kHz/s t0=1786563000.0102 num_det 3 started 93.21 s ago 156.79 s left
writing file /home/ionouser/ionozond_data2//2026-08-12/par-ch0-1786563000.0000.h5
ch0 Found chirp-rate 125.00 kHz/s t0=1786563077.0436 num_det 3 started 73.87 s ago 126.13 s left
writing file /home/ionouser/ionozond_data2//2026-08-12/par-ch0-1786563077.0000.h5
ch0 Found chirp-rate 500.01 kHz/s t0=1786563177.0045 num_det 3 started 48.13 s ago 1.87 s left
writing file /home/ionouser/ionozond_data2//2026-08-12/par-ch0-1786563177.0000.h5
ch0 Found chirp-rate 500.01 kHz/s t0=1786563474.0059 num_det 3 started 26.90 s ago 23.10 s left
writing file /home/ionouser/ionozond_data2//2026-08-12/par-ch0-1786563474.0000.h5
ch0 Found chirp-rate 500.01 kHz/s t0=1786563534.0058 num_det 3 started 28.13 s ago 21.87 s left
writing file /home/ionouser/ionozond_data2//2026-08-12/par-ch0-1786563534.0000.h5
ch0 Found chirp-rate 500.01 kHz/s t0=1786563594.0058 num_det 3 started 27.68 s ago 22.32 s left
writing file /home/ionouser/ionozond_data2//2026-08-12/par-ch0-1786563594.0000.h5
Couldn't open /home/ionouser/ionozond_data2//2026-08-12/chirp-ch0-500-44664070740000000-1786562788.h5
ch0 Found chirp-rate 125.00 kHz/s t0=1786563527.0432 num_det 5 started 406.35 s ago -206.35 s left
writing file /home/ionouser/ionozond_data2//2026-08-12/par-ch0-1786563527.0000.h5
ch0 Found chirp-rate 100.00 kHz/s t0=1786563535.0089 num_det 8 started 400.52 s ago -150.52 s left
writing file /home/ionouser/ionozond_data2//2026-08-12/par-ch0-1786563535.0000.h5
ch0 Found chirp-rate 100.00 kHz/s t0=1786563540.0089 num_det 17 started 395.53 s ago -145.53 s left
writing file /home/ionouser/ionozond_data2//2026-08-12/par-ch0-1786563540.0000.h5
ch0 Found chirp-rate 100.00 kHz/s t0=1786563545.0089 num_det 16 started 390.53 s ago -140.53 s left
writing file /home/ionouser/ionozond_data2//2026-08-12/par-ch0-1786563545.0000.h5
ch0 Found chirp-rate 100.00 kHz/s t0=1786563600.0089 num_det 11 started 335.54 s ago -85.54 s left
writing file /home/ionouser/ionozond_data2//2026-08-12/par-ch0-1786563600.0000.h5
ch0 Found chirp-rate 100.00 kHz/s t0=1786563835.0093 num_det 3 started 100.54 s ago 149.46 s left
writing file /home/ionouser/ionozond_data2//2026-08-12/par-ch0-1786563835.0000.h5
ch0 Found chirp-rate 100.00 kHz/s t0=1786563840.0092 num_det 3 started 97.89 s ago 152.11 s left
writing file /home/ionouser/ionozond_data2//2026-08-12/par-ch0-1786563840.0000.h5
ch0 Found chirp-rate 100.00 kHz/s t0=1786563845.0092 num_det 4 started 125.74 s ago 124.26 s left
writing file /home/ionouser/ionozond_data2//2026-08-12/par-ch0-1786563845.0000.h5
ch0 Found chirp-rate 100.00 kHz/s t0=1786563865.8613 num_det 3 started 112.83 s ago 137.17 s left
writing file /home/ionouser/ionozond_data2//2026-08-12/par-ch0-1786563865.0000.h5
ch0 Found chirp-rate 100.00 kHz/s t0=1786563900.0103 num_det 3 started 88.72 s ago 161.28 s left
writing file /home/ionouser/ionozond_data2//2026-08-12/par-ch0-1786563900.0000.h5
ch0 Found chirp-rate 100.00 kHz/s t0=1786563880.0151 num_det 3 started 139.10 s ago 110.90 s left
writing file /home/ionouser/ionozond_data2//2026-08-12/par-ch0-1786563880.0000.h5
ch0 Found chirp-rate 125.00 kHz/s t0=1786563977.0434 num_det 3 started 84.82 s ago 115.18 s left
writing file /home/ionouser/ionozond_data2//2026-08-12/par-ch0-1786563977.0000.h5
ch0 Found chirp-rate 125.00 kHz/s t0=1786564427.0440 num_det 9 started 435.95 s ago -235.95 s left
writing file /home/ionouser/ionozond_data2//2026-08-12/par-ch0-1786564427.0000.h5
ch0 Found chirp-rate 100.00 kHz/s t0=1786564435.0088 num_det 7 started 429.84 s ago -179.84 s left
writing file /home/ionouser/ionozond_data2//2026-08-12/par-ch0-1786564435.0000.h5
ch0 Found chirp-rate 100.00 kHz/s t0=1786564440.0088 num_det 10 started 424.84 s ago -174.84 s left
writing file /home/ionouser/ionozond_data2//2026-08-12/par-ch0-1786564440.0000.h5
ch0 Found chirp-rate 100.00 kHz/s t0=1786564445.0088 num_det 8 started 419.84 s ago -169.84 s left
writing file /home/ionouser/ionozond_data2//2026-08-12/par-ch0-1786564445.0000.h5
ch0 Found chirp-rate 100.00 kHz/s t0=1786564735.0092 num_det 14 started 129.85 s ago 120.15 s left
writing file /home/ionouser/ionozond_data2//2026-08-12/par-ch0-1786564735.0000.h5
ch0 Found chirp-rate 100.00 kHz/s t0=1786564740.0092 num_det 12 started 124.85 s ago 125.15 s left
writing file /home/ionouser/ionozond_data2//2026-08-12/par-ch0-1786564740.0000.h5
ch0 Found chirp-rate 100.00 kHz/s t0=1786564745.0094 num_det 4 started 119.85 s ago 130.15 s left
writing file /home/ionouser/ionozond_data2//2026-08-12/par-ch0-1786564745.0000.h5
ch0 Found chirp-rate 100.00 kHz/s t0=1786564762.0274 num_det 3 started 112.54 s ago 137.46 s left
writing file /home/ionouser/ionozond_data2//2026-08-12/par-ch0-1786564762.0000.h5
ch0 Found chirp-rate 100.00 kHz/s t0=1786564800.0091 num_det 3 started 78.64 s ago 171.36 s left
writing file /home/ionouser/ionozond_data2//2026-08-12/par-ch0-1786564800.0000.h5
ch0 Found chirp-rate 100.00 kHz/s t0=1786564780.0153 num_det 3 started 144.56 s ago 105.44 s left
writing file /home/ionouser/ionozond_data2//2026-08-12/par-ch0-1786564780.0000.h5
ch0 Found chirp-rate 125.00 kHz/s t0=1786564877.0434 num_det 3 started 76.37 s ago 123.63 s left
writing file /home/ionouser/ionozond_data2//2026-08-12/par-ch0-1786564877.0000.h5
