using pyfftw
plot_ionograms.py: reloaded config, rss 110.5 -> 110.8 MB
plot_ionograms.py: output_dir=/home/ionouser/ionozond_data2/, scanned 279 recent h5 files, 277 candidates newer than 48.0 h, 1 missing PNGs, 0 recently failed, current rss 111.0 MB, rss unknown
using pyfftw
plot_ionograms.py: reloaded config, rss 110.2 -> 110.5 MB
Traceback (most recent call last):
  File "/home/ionouser/chirpsounder2/plot_ionograms.py", line 423, in <module>
    ok = plot_ionogram(conf, args.plot_file)
  File "/home/ionouser/chirpsounder2/plot_ionograms.py", line 252, in plot_ionogram
    with h5py.File(fn, "r") as ho:
  File "/home/ionouser/chirpsounder2/.venv38/lib/python3.8/site-packages/h5py/_hl/files.py", line 562, in __init__
    fid = make_fid(name, mode, userblock_size, fapl, fcpl, swmr=swmr)
  File "/home/ionouser/chirpsounder2/.venv38/lib/python3.8/site-packages/h5py/_hl/files.py", line 235, in make_fid
    fid = h5f.open(name, flags, fapl=fapl)
  File "h5py/_objects.pyx", line 54, in h5py._objects.with_phil.wrapper
  File "h5py/_objects.pyx", line 55, in h5py._objects.with_phil.wrapper
  File "h5py/h5f.pyx", line 102, in h5py.h5f.open
OSError: Unable to synchronously open file (bad object header version number)
plot_ionograms.py: memory after lfm_ionogram-unkown-DOB-ch0-000-1786487400.01.h5: rss 111.0 MB, memory monitor warming up 1/12 ionograms
plot_ionograms.py: output_dir=/home/ionouser/ionozond_data2/, scanned 279 recent h5 files, 277 candidates newer than 48.0 h, 1 missing PNGs, 1 recently failed, current rss 111.2 MB, rss 111.0 MB, memory monitor warming up 1/12 ionograms
plot_ionograms.py: output_dir=/home/ionouser/ionozond_data2/, scanned 279 recent h5 files, 277 candidates newer than 48.0 h, 1 missing PNGs, 1 recently failed, current rss 111.2 MB, rss 111.0 MB, memory monitor warming up 1/12 ionograms
plot_ionograms.py: output_dir=/home/ionouser/ionozond_data2/, scanned 279 recent h5 files, 277 candidates newer than 48.0 h, 1 missing PNGs, 1 recently failed, current rss 111.2 MB, rss 111.0 MB, memory monitor warming up 1/12 ionograms
plot_ionograms.py: output_dir=/home/ionouser/ionozond_data2/, scanned 279 recent h5 files, 277 candidates newer than 48.0 h, 1 missing PNGs, 1 recently failed, current rss 111.2 MB, rss 111.0 MB, memory monitor warming up 1/12 ionograms
using pyfftw
plot_ionograms.py: reloaded config, rss 110.6 -> 110.8 MB
Plotting /home/ionouser/ionozond_data2/2026-08-11/lfm_ionogram-unkown-DOB-ch0-000-1786491840.01.h5 rate 100.00 (kHz/s) t0 1786491840.00928 (unix), rss 111.8 MB
failed to post /tmp/latest-lfm-unkown-DOB.png: HTTP 403
plot_ionograms.py: memory after lfm_ionogram-unkown-DOB-ch0-000-1786491840.01.h5: rss 111.2 MB, memory monitor warming up 2/12 ionograms
plot_ionograms.py: output_dir=/home/ionouser/ionozond_data2/, scanned 280 recent h5 files, 278 candidates newer than 48.0 h, 1 missing PNGs, 1 recently failed, current rss 111.2 MB, rss 111.2 MB, memory monitor warming up 2/12 ionograms
using pyfftw
plot_ionograms.py: reloaded config, rss 110.1 -> 110.3 MB
Traceback (most recent call last):
  File "/home/ionouser/chirpsounder2/plot_ionograms.py", line 423, in <module>
    ok = plot_ionogram(conf, args.plot_file)
  File "/home/ionouser/chirpsounder2/plot_ionograms.py", line 252, in plot_ionogram
    with h5py.File(fn, "r") as ho:
  File "/home/ionouser/chirpsounder2/.venv38/lib/python3.8/site-packages/h5py/_hl/files.py", line 562, in __init__
    fid = make_fid(name, mode, userblock_size, fapl, fcpl, swmr=swmr)
  File "/home/ionouser/chirpsounder2/.venv38/lib/python3.8/site-packages/h5py/_hl/files.py", line 235, in make_fid
    fid = h5f.open(name, flags, fapl=fapl)
  File "h5py/_objects.pyx", line 54, in h5py._objects.with_phil.wrapper
  File "h5py/_objects.pyx", line 55, in h5py._objects.with_phil.wrapper
  File "h5py/h5f.pyx", line 102, in h5py.h5f.open
OSError: Unable to synchronously open file (bad object header version number)
plot_ionograms.py: memory after lfm_ionogram-unkown-DOB-ch0-000-1786487400.01.h5: rss 111.2 MB, memory monitor warming up 3/12 ionograms
using pyfftw
plot_ionograms.py: reloaded config, rss 110.6 -> 110.8 MB
Plotting /home/ionouser/ionozond_data2/2026-08-11/lfm_ionogram-unkown-DOB-ch0-000-1786492140.01.h5 rate 100.00 (kHz/s) t0 1786492140.00916 (unix), rss 111.9 MB
failed to post /tmp/latest-lfm-unkown-DOB.png: HTTP 403
plot_ionograms.py: memory after lfm_ionogram-unkown-DOB-ch0-000-1786492140.01.h5: rss 111.2 MB, memory monitor warming up 4/12 ionograms
plot_ionograms.py: output_dir=/home/ionouser/ionozond_data2/, scanned 281 recent h5 files, 279 candidates newer than 48.0 h, 1 missing PNGs, 1 recently failed, current rss 111.2 MB, rss 111.2 MB, memory monitor warming up 4/12 ionograms
plot_ionograms.py: output_dir=/home/ionouser/ionozond_data2/, scanned 281 recent h5 files, 279 candidates newer than 48.0 h, 1 missing PNGs, 1 recently failed, current rss 111.2 MB, rss 111.2 MB, memory monitor warming up 4/12 ionograms
plot_ionograms.py: output_dir=/home/ionouser/ionozond_data2/, scanned 281 recent h5 files, 279 candidates newer than 48.0 h, 1 missing PNGs, 1 recently failed, current rss 111.2 MB, rss 111.2 MB, memory monitor warming up 4/12 ionograms
plot_ionograms.py: output_dir=/home/ionouser/ionozond_data2/, scanned 281 recent h5 files, 279 candidates newer than 48.0 h, 1 missing PNGs, 1 recently failed, current rss 111.2 MB, rss 111.2 MB, memory monitor warming up 4/12 ionograms
using pyfftw
plot_ionograms.py: reloaded config, rss 110.1 -> 110.4 MB
Traceback (most recent call last):
  File "/home/ionouser/chirpsounder2/plot_ionograms.py", line 423, in <module>
    ok = plot_ionogram(conf, args.plot_file)
  File "/home/ionouser/chirpsounder2/plot_ionograms.py", line 252, in plot_ionogram
    with h5py.File(fn, "r") as ho:
  File "/home/ionouser/chirpsounder2/.venv38/lib/python3.8/site-packages/h5py/_hl/files.py", line 562, in __init__
    fid = make_fid(name, mode, userblock_size, fapl, fcpl, swmr=swmr)
  File "/home/ionouser/chirpsounder2/.venv38/lib/python3.8/site-packages/h5py/_hl/files.py", line 235, in make_fid
    fid = h5f.open(name, flags, fapl=fapl)
  File "h5py/_objects.pyx", line 54, in h5py._objects.with_phil.wrapper
  File "h5py/_objects.pyx", line 55, in h5py._objects.with_phil.wrapper
  File "h5py/h5f.pyx", line 102, in h5py.h5f.open
OSError: Unable to synchronously open file (bad object header version number)
plot_ionograms.py: memory after lfm_ionogram-unkown-DOB-ch0-000-1786487400.01.h5: rss 111.2 MB, memory monitor warming up 5/12 ionograms
plot_ionograms.py: output_dir=/home/ionouser/ionozond_data2/, scanned 281 recent h5 files, 279 candidates newer than 48.0 h, 1 missing PNGs, 1 recently failed, current rss 111.2 MB, rss 111.2 MB, memory monitor warming up 5/12 ionograms
using pyfftw
plot_ionograms.py: reloaded config, rss 110.4 -> 110.6 MB
Plotting /home/ionouser/ionozond_data2/2026-08-12/lfm_ionogram-unkown-DOB-ch0-000-1786493940.01.h5 rate 100.00 (kHz/s) t0 1786493940.00880 (unix), rss 111.8 MB
failed to post /tmp/latest-lfm-unkown-DOB.png: HTTP 403
plot_ionograms.py: memory after lfm_ionogram-unkown-DOB-ch0-000-1786493940.01.h5: rss 111.2 MB, memory monitor warming up 6/12 ionograms
plot_ionograms.py: output_dir=/home/ionouser/ionozond_data2/, scanned 282 recent h5 files, 280 candidates newer than 48.0 h, 1 missing PNGs, 1 recently failed, current rss 111.2 MB, rss 111.2 MB, memory monitor warming up 6/12 ionograms
using pyfftw
plot_ionograms.py: reloaded config, rss 110.5 -> 110.8 MB
Plotting /home/ionouser/ionozond_data2/2026-08-12/lfm_ionogram-unkown-DOB-ch0-000-1786494000.01.h5 rate 100.00 (kHz/s) t0 1786494000.00925 (unix), rss 111.9 MB
failed to post /tmp/latest-lfm-unkown-DOB.png: HTTP 403
plot_ionograms.py: memory after lfm_ionogram-unkown-DOB-ch0-000-1786494000.01.h5: rss 111.2 MB, memory monitor warming up 7/12 ionograms
plot_ionograms.py: output_dir=/home/ionouser/ionozond_data2/, scanned 283 recent h5 files, 281 candidates newer than 48.0 h, 1 missing PNGs, 1 recently failed, current rss 111.2 MB, rss 111.2 MB, memory monitor warming up 7/12 ionograms
plot_ionograms.py: output_dir=/home/ionouser/ionozond_data2/, scanned 283 recent h5 files, 281 candidates newer than 48.0 h, 1 missing PNGs, 1 recently failed, current rss 111.2 MB, rss 111.2 MB, memory monitor warming up 7/12 ionograms
plot_ionograms.py: output_dir=/home/ionouser/ionozond_data2/, scanned 283 recent h5 files, 281 candidates newer than 48.0 h, 1 missing PNGs, 1 recently failed, current rss 111.2 MB, rss 111.2 MB, memory monitor warming up 7/12 ionograms
using pyfftw
plot_ionograms.py: reloaded config, rss 110.7 -> 110.9 MB
Traceback (most recent call last):
  File "/home/ionouser/chirpsounder2/plot_ionograms.py", line 423, in <module>
    ok = plot_ionogram(conf, args.plot_file)
  File "/home/ionouser/chirpsounder2/plot_ionograms.py", line 252, in plot_ionogram
    with h5py.File(fn, "r") as ho:
  File "/home/ionouser/chirpsounder2/.venv38/lib/python3.8/site-packages/h5py/_hl/files.py", line 562, in __init__
    fid = make_fid(name, mode, userblock_size, fapl, fcpl, swmr=swmr)
  File "/home/ionouser/chirpsounder2/.venv38/lib/python3.8/site-packages/h5py/_hl/files.py", line 235, in make_fid
    fid = h5f.open(name, flags, fapl=fapl)
  File "h5py/_objects.pyx", line 54, in h5py._objects.with_phil.wrapper
  File "h5py/_objects.pyx", line 55, in h5py._objects.with_phil.wrapper
  File "h5py/h5f.pyx", line 102, in h5py.h5f.open
OSError: Unable to synchronously open file (bad object header version number)
plot_ionograms.py: memory after lfm_ionogram-unkown-DOB-ch0-000-1786487400.01.h5: rss 111.2 MB, memory monitor warming up 8/12 ionograms
plot_ionograms.py: output_dir=/home/ionouser/ionozond_data2/, scanned 283 recent h5 files, 281 candidates newer than 48.0 h, 1 missing PNGs, 1 recently failed, current rss 111.2 MB, rss 111.2 MB, memory monitor warming up 8/12 ionograms
using pyfftw
plot_ionograms.py: reloaded config, rss 110.1 -> 110.3 MB
Plotting /home/ionouser/ionozond_data2/2026-08-12/lfm_ionogram-unkown-DOB-ch0-000-1786494300.01.h5 rate 100.00 (kHz/s) t0 1786494300.00977 (unix), rss 111.4 MB
failed to post /tmp/latest-lfm-unkown-DOB.png: HTTP 403
plot_ionograms.py: memory after lfm_ionogram-unkown-DOB-ch0-000-1786494300.01.h5: rss 111.2 MB, memory monitor warming up 9/12 ionograms
using pyfftw
plot_ionograms.py: reloaded config, rss 110.4 -> 110.7 MB
Plotting /home/ionouser/ionozond_data2/2026-08-12/lfm_ionogram-unkown-DOB-ch0-000-1786494240.01.h5 rate 100.00 (kHz/s) t0 1786494240.00927 (unix), rss 111.8 MB
failed to post /tmp/latest-lfm-unkown-DOB.png: HTTP 403
plot_ionograms.py: memory after lfm_ionogram-unkown-DOB-ch0-000-1786494240.01.h5: rss 111.2 MB, memory monitor warming up 10/12 ionograms
plot_ionograms.py: output_dir=/home/ionouser/ionozond_data2/, scanned 285 recent h5 files, 283 candidates newer than 48.0 h, 1 missing PNGs, 1 recently failed, current rss 111.2 MB, rss 111.2 MB, memory monitor warming up 10/12 ionograms
plot_ionograms.py: output_dir=/home/ionouser/ionozond_data2/, scanned 285 recent h5 files, 283 candidates newer than 48.0 h, 1 missing PNGs, 1 recently failed, current rss 111.2 MB, rss 111.2 MB, memory monitor warming up 10/12 ionograms
plot_ionograms.py: output_dir=/home/ionouser/ionozond_data2/, scanned 285 recent h5 files, 283 candidates newer than 48.0 h, 1 missing PNGs, 1 recently failed, current rss 111.2 MB, rss 111.2 MB, memory monitor warming up 10/12 ionograms
using pyfftw
plot_ionograms.py: reloaded config, rss 110.7 -> 110.9 MB
Traceback (most recent call last):
  File "/home/ionouser/chirpsounder2/plot_ionograms.py", line 423, in <module>
    ok = plot_ionogram(conf, args.plot_file)
  File "/home/ionouser/chirpsounder2/plot_ionograms.py", line 252, in plot_ionogram
    with h5py.File(fn, "r") as ho:
  File "/home/ionouser/chirpsounder2/.venv38/lib/python3.8/site-packages/h5py/_hl/files.py", line 562, in __init__
    fid = make_fid(name, mode, userblock_size, fapl, fcpl, swmr=swmr)
  File "/home/ionouser/chirpsounder2/.venv38/lib/python3.8/site-packages/h5py/_hl/files.py", line 235, in make_fid
    fid = h5f.open(name, flags, fapl=fapl)
  File "h5py/_objects.pyx", line 54, in h5py._objects.with_phil.wrapper
  File "h5py/_objects.pyx", line 55, in h5py._objects.with_phil.wrapper
  File "h5py/h5f.pyx", line 102, in h5py.h5f.open
OSError: Unable to synchronously open file (bad object header version number)
plot_ionograms.py: memory after lfm_ionogram-unkown-DOB-ch0-000-1786487400.01.h5: rss 111.2 MB, memory monitor warming up 11/12 ionograms
plot_ionograms.py: output_dir=/home/ionouser/ionozond_data2/, scanned 285 recent h5 files, 283 candidates newer than 48.0 h, 1 missing PNGs, 1 recently failed, current rss 111.2 MB, rss 111.2 MB, memory monitor warming up 11/12 ionograms
using pyfftw
plot_ionograms.py: reloaded config, rss 110.5 -> 110.8 MB
Plotting /home/ionouser/ionozond_data2/2026-08-12/lfm_ionogram-unkown-DOB-ch0-000-1786494535.01.h5 rate 100.00 (kHz/s) t0 1786494535.00918 (unix), rss 111.9 MB
failed to post /tmp/latest-lfm-unkown-DOB.png: HTTP 403
plot_ionograms.py: memory after lfm_ionogram-unkown-DOB-ch0-000-1786494535.01.h5: rss 111.2 MB, growth 0.2 MB, slope 0.01 MB/ionogram, r 0.48, samples 12
plot_ionograms.py: output_dir=/home/ionouser/ionozond_data2/, scanned 287 recent h5 files, 285 candidates newer than 48.0 h, 2 missing PNGs, 1 recently failed, current rss 111.2 MB, rss 111.2 MB, growth 0.2 MB, slope 0.01 MB/ionogram, r 0.48, samples 12
using pyfftw
plot_ionograms.py: reloaded config, rss 110.2 -> 110.5 MB
Plotting /home/ionouser/ionozond_data2/2026-08-12/lfm_ionogram-unkown-DOB-ch0-000-1786494540.01.h5 rate 100.00 (kHz/s) t0 1786494540.00942 (unix), rss 111.6 MB
failed to post /tmp/latest-lfm-unkown-DOB.png: HTTP 403
plot_ionograms.py: memory after lfm_ionogram-unkown-DOB-ch0-000-1786494540.01.h5: rss 111.2 MB, growth 0.2 MB, slope 0.01 MB/ionogram, r 0.47, samples 13
plot_ionograms.py: output_dir=/home/ionouser/ionozond_data2/, scanned 287 recent h5 files, 285 candidates newer than 48.0 h, 1 missing PNGs, 1 recently failed, current rss 111.2 MB, rss 111.2 MB, growth 0.2 MB, slope 0.01 MB/ionogram, r 0.47, samples 13
plot_ionograms.py: output_dir=/home/ionouser/ionozond_data2/, scanned 287 recent h5 files, 285 candidates newer than 48.0 h, 1 missing PNGs, 1 recently failed, current rss 111.2 MB, rss 111.2 MB, growth 0.2 MB, slope 0.01 MB/ionogram, r 0.47, samples 13
plot_ionograms.py: output_dir=/home/ionouser/ionozond_data2/, scanned 287 recent h5 files, 285 candidates newer than 48.0 h, 1 missing PNGs, 1 recently failed, current rss 111.2 MB, rss 111.2 MB, growth 0.2 MB, slope 0.01 MB/ionogram, r 0.47, samples 13
using pyfftw
plot_ionograms.py: reloaded config, rss 110.6 -> 110.8 MB
Traceback (most recent call last):
  File "/home/ionouser/chirpsounder2/plot_ionograms.py", line 423, in <module>
    ok = plot_ionogram(conf, args.plot_file)
  File "/home/ionouser/chirpsounder2/plot_ionograms.py", line 252, in plot_ionogram
    with h5py.File(fn, "r") as ho:
  File "/home/ionouser/chirpsounder2/.venv38/lib/python3.8/site-packages/h5py/_hl/files.py", line 562, in __init__
    fid = make_fid(name, mode, userblock_size, fapl, fcpl, swmr=swmr)
  File "/home/ionouser/chirpsounder2/.venv38/lib/python3.8/site-packages/h5py/_hl/files.py", line 235, in make_fid
    fid = h5f.open(name, flags, fapl=fapl)
  File "h5py/_objects.pyx", line 54, in h5py._objects.with_phil.wrapper
  File "h5py/_objects.pyx", line 55, in h5py._objects.with_phil.wrapper
  File "h5py/h5f.pyx", line 102, in h5py.h5f.open
OSError: Unable to synchronously open file (bad object header version number)
plot_ionograms.py: memory after lfm_ionogram-unkown-DOB-ch0-000-1786487400.01.h5: rss 111.2 MB, growth 0.2 MB, slope 0.01 MB/ionogram, r 0.46, samples 14
plot_ionograms.py: output_dir=/home/ionouser/ionozond_data2/, scanned 288 recent h5 files, 286 candidates newer than 48.0 h, 2 missing PNGs, 1 recently failed, current rss 111.2 MB, rss 111.2 MB, growth 0.2 MB, slope 0.01 MB/ionogram, r 0.46, samples 14
using pyfftw
plot_ionograms.py: reloaded config, rss 110.1 -> 110.3 MB
Plotting /home/ionouser/ionozond_data2/2026-08-12/lfm_ionogram-unkown-DOB-ch0-000-1786494840.01.h5 rate 100.00 (kHz/s) t0 1786494840.00925 (unix), rss 111.4 MB
failed to post /tmp/latest-lfm-unkown-DOB.png: HTTP 403
plot_ionograms.py: memory after lfm_ionogram-unkown-DOB-ch0-000-1786494840.01.h5: rss 111.2 MB, growth 0.2 MB, slope 0.00 MB/ionogram, r 0.45, samples 15
plot_ionograms.py: output_dir=/home/ionouser/ionozond_data2/, scanned 288 recent h5 files, 286 candidates newer than 48.0 h, 1 missing PNGs, 1 recently failed, current rss 111.2 MB, rss 111.2 MB, growth 0.2 MB, slope 0.00 MB/ionogram, r 0.45, samples 15
plot_ionograms.py: output_dir=/home/ionouser/ionozond_data2/, scanned 288 recent h5 files, 286 candidates newer than 48.0 h, 1 missing PNGs, 1 recently failed, current rss 111.2 MB, rss 111.2 MB, growth 0.2 MB, slope 0.00 MB/ionogram, r 0.45, samples 15
plot_ionograms.py: output_dir=/home/ionouser/ionozond_data2/, scanned 288 recent h5 files, 286 candidates newer than 48.0 h, 1 missing PNGs, 1 recently failed, current rss 111.2 MB, rss 111.2 MB, growth 0.2 MB, slope 0.00 MB/ionogram, r 0.45, samples 15
using pyfftw
plot_ionograms.py: reloaded config, rss 110.5 -> 110.7 MB
Traceback (most recent call last):
  File "/home/ionouser/chirpsounder2/plot_ionograms.py", line 423, in <module>
    ok = plot_ionogram(conf, args.plot_file)
  File "/home/ionouser/chirpsounder2/plot_ionograms.py", line 252, in plot_ionogram
    with h5py.File(fn, "r") as ho:
  File "/home/ionouser/chirpsounder2/.venv38/lib/python3.8/site-packages/h5py/_hl/files.py", line 562, in __init__
    fid = make_fid(name, mode, userblock_size, fapl, fcpl, swmr=swmr)
  File "/home/ionouser/chirpsounder2/.venv38/lib/python3.8/site-packages/h5py/_hl/files.py", line 235, in make_fid
    fid = h5f.open(name, flags, fapl=fapl)
  File "h5py/_objects.pyx", line 54, in h5py._objects.with_phil.wrapper
  File "h5py/_objects.pyx", line 55, in h5py._objects.with_phil.wrapper
  File "h5py/h5f.pyx", line 102, in h5py.h5f.open
OSError: Unable to synchronously open file (bad object header version number)
plot_ionograms.py: memory after lfm_ionogram-unkown-DOB-ch0-000-1786487400.01.h5: rss 111.2 MB, growth 0.2 MB, slope 0.00 MB/ionogram, r 0.44, samples 16
plot_ionograms.py: output_dir=/home/ionouser/ionozond_data2/, scanned 289 recent h5 files, 287 candidates newer than 48.0 h, 2 missing PNGs, 1 recently failed, current rss 111.2 MB, rss 111.2 MB, growth 0.2 MB, slope 0.00 MB/ionogram, r 0.44, samples 16
using pyfftw
plot_ionograms.py: reloaded config, rss 110.1 -> 110.4 MB
Plotting /home/ionouser/ionozond_data2/2026-08-12/lfm_ionogram-unkown-DOB-ch0-000-1786494862.41.h5 rate 100.00 (kHz/s) t0 1786494862.41427 (unix), rss 111.5 MB
failed to post /tmp/latest-lfm-unkown-DOB.png: HTTP 403
plot_ionograms.py: memory after lfm_ionogram-unkown-DOB-ch0-000-1786494862.41.h5: rss 111.2 MB, growth 0.2 MB, slope 0.00 MB/ionogram, r 0.42, samples 17
using pyfftw
plot_ionograms.py: reloaded config, rss 110.3 -> 110.5 MB
Plotting /home/ionouser/ionozond_data2/2026-08-12/lfm_ionogram-unkown-DOB-ch0-000-1786495140.01.h5 rate 100.00 (kHz/s) t0 1786495140.00935 (unix), rss 111.7 MB
failed to post /tmp/latest-lfm-unkown-DOB.png: HTTP 403
plot_ionograms.py: memory after lfm_ionogram-unkown-DOB-ch0-000-1786495140.01.h5: rss 111.2 MB, growth 0.2 MB, slope 0.00 MB/ionogram, r 0.41, samples 18
plot_ionograms.py: output_dir=/home/ionouser/ionozond_data2/, scanned 290 recent h5 files, 288 candidates newer than 48.0 h, 1 missing PNGs, 1 recently failed, current rss 111.2 MB, rss 111.2 MB, growth 0.2 MB, slope 0.00 MB/ionogram, r 0.41, samples 18
plot_ionograms.py: output_dir=/home/ionouser/ionozond_data2/, scanned 290 recent h5 files, 288 candidates newer than 48.0 h, 1 missing PNGs, 1 recently failed, current rss 111.2 MB, rss 111.2 MB, growth 0.2 MB, slope 0.00 MB/ionogram, r 0.41, samples 18
plot_ionograms.py: output_dir=/home/ionouser/ionozond_data2/, scanned 290 recent h5 files, 288 candidates newer than 48.0 h, 1 missing PNGs, 1 recently failed, current rss 111.2 MB, rss 111.2 MB, growth 0.2 MB, slope 0.00 MB/ionogram, r 0.41, samples 18
plot_ionograms.py: output_dir=/home/ionouser/ionozond_data2/, scanned 290 recent h5 files, 288 candidates newer than 48.0 h, 1 missing PNGs, 1 recently failed, current rss 111.2 MB, rss 111.2 MB, growth 0.2 MB, slope 0.00 MB/ionogram, r 0.41, samples 18
using pyfftw
plot_ionograms.py: reloaded config, rss 110.3 -> 110.6 MB
Plotting /home/ionouser/ionozond_data2/2026-08-12/lfm_ionogram-unkown-DOB-ch0-000-1786495435.01.h5 rate 100.00 (kHz/s) t0 1786495435.00935 (unix), rss 111.8 MB
failed to post /tmp/latest-lfm-unkown-DOB.png: HTTP 403
plot_ionograms.py: memory after lfm_ionogram-unkown-DOB-ch0-000-1786495435.01.h5: rss 111.2 MB, growth 0.2 MB, slope 0.00 MB/ionogram, r 0.40, samples 19
using pyfftw
plot_ionograms.py: reloaded config, rss 110.4 -> 110.7 MB
Traceback (most recent call last):
  File "/home/ionouser/chirpsounder2/plot_ionograms.py", line 423, in <module>
    ok = plot_ionogram(conf, args.plot_file)
  File "/home/ionouser/chirpsounder2/plot_ionograms.py", line 252, in plot_ionogram
    with h5py.File(fn, "r") as ho:
  File "/home/ionouser/chirpsounder2/.venv38/lib/python3.8/site-packages/h5py/_hl/files.py", line 562, in __init__
    fid = make_fid(name, mode, userblock_size, fapl, fcpl, swmr=swmr)
  File "/home/ionouser/chirpsounder2/.venv38/lib/python3.8/site-packages/h5py/_hl/files.py", line 235, in make_fid
    fid = h5f.open(name, flags, fapl=fapl)
  File "h5py/_objects.pyx", line 54, in h5py._objects.with_phil.wrapper
  File "h5py/_objects.pyx", line 55, in h5py._objects.with_phil.wrapper
  File "h5py/h5f.pyx", line 102, in h5py.h5f.open
OSError: Unable to synchronously open file (bad object header version number)
plot_ionograms.py: memory after lfm_ionogram-unkown-DOB-ch0-000-1786487400.01.h5: rss 111.2 MB, growth 0.2 MB, slope 0.00 MB/ionogram, r 0.39, samples 20
plot_ionograms.py: output_dir=/home/ionouser/ionozond_data2/, scanned 291 recent h5 files, 289 candidates newer than 48.0 h, 1 missing PNGs, 1 recently failed, current rss 111.2 MB, rss 111.2 MB, growth 0.2 MB, slope 0.00 MB/ionogram, r 0.39, samples 20
plot_ionograms.py: output_dir=/home/ionouser/ionozond_data2/, scanned 291 recent h5 files, 289 candidates newer than 48.0 h, 1 missing PNGs, 1 recently failed, current rss 111.2 MB, rss 111.2 MB, growth 0.2 MB, slope 0.00 MB/ionogram, r 0.39, samples 20
plot_ionograms.py: output_dir=/home/ionouser/ionozond_data2/, scanned 291 recent h5 files, 289 candidates newer than 48.0 h, 1 missing PNGs, 1 recently failed, current rss 111.2 MB, rss 111.2 MB, growth 0.2 MB, slope 0.00 MB/ionogram, r 0.39, samples 20
plot_ionograms.py: output_dir=/home/ionouser/ionozond_data2/, scanned 291 recent h5 files, 289 candidates newer than 48.0 h, 1 missing PNGs, 1 recently failed, current rss 111.2 MB, rss 111.2 MB, growth 0.2 MB, slope 0.00 MB/ionogram, r 0.39, samples 20
plot_ionograms.py: output_dir=/home/ionouser/ionozond_data2/, scanned 291 recent h5 files, 289 candidates newer than 48.0 h, 1 missing PNGs, 1 recently failed, current rss 111.2 MB, rss 111.2 MB, growth 0.2 MB, slope 0.00 MB/ionogram, r 0.39, samples 20
using pyfftw
plot_ionograms.py: reloaded config, rss 110.0 -> 110.3 MB
Traceback (most recent call last):
  File "/home/ionouser/chirpsounder2/plot_ionograms.py", line 423, in <module>
    ok = plot_ionogram(conf, args.plot_file)
  File "/home/ionouser/chirpsounder2/plot_ionograms.py", line 252, in plot_ionogram
    with h5py.File(fn, "r") as ho:
  File "/home/ionouser/chirpsounder2/.venv38/lib/python3.8/site-packages/h5py/_hl/files.py", line 562, in __init__
    fid = make_fid(name, mode, userblock_size, fapl, fcpl, swmr=swmr)
  File "/home/ionouser/chirpsounder2/.venv38/lib/python3.8/site-packages/h5py/_hl/files.py", line 235, in make_fid
    fid = h5f.open(name, flags, fapl=fapl)
  File "h5py/_objects.pyx", line 54, in h5py._objects.with_phil.wrapper
  File "h5py/_objects.pyx", line 55, in h5py._objects.with_phil.wrapper
  File "h5py/h5f.pyx", line 102, in h5py.h5f.open
OSError: Unable to synchronously open file (bad object header version number)
plot_ionograms.py: memory after lfm_ionogram-unkown-DOB-ch0-000-1786487400.01.h5: rss 111.2 MB, growth 0.2 MB, slope 0.00 MB/ionogram, r 0.37, samples 21
plot_ionograms.py: output_dir=/home/ionouser/ionozond_data2/, scanned 291 recent h5 files, 289 candidates newer than 48.0 h, 1 missing PNGs, 1 recently failed, current rss 111.2 MB, rss 111.2 MB, growth 0.2 MB, slope 0.00 MB/ionogram, r 0.37, samples 21
plot_ionograms.py: output_dir=/home/ionouser/ionozond_data2/, scanned 291 recent h5 files, 289 candidates newer than 48.0 h, 1 missing PNGs, 1 recently failed, current rss 111.2 MB, rss 111.2 MB, growth 0.2 MB, slope 0.00 MB/ionogram, r 0.37, samples 21
plot_ionograms.py: output_dir=/home/ionouser/ionozond_data2/, scanned 291 recent h5 files, 289 candidates newer than 48.0 h, 1 missing PNGs, 1 recently failed, current rss 111.2 MB, rss 111.2 MB, growth 0.2 MB, slope 0.00 MB/ionogram, r 0.37, samples 21
plot_ionograms.py: output_dir=/home/ionouser/ionozond_data2/, scanned 291 recent h5 files, 289 candidates newer than 48.0 h, 1 missing PNGs, 1 recently failed, current rss 111.2 MB, rss 111.2 MB, growth 0.2 MB, slope 0.00 MB/ionogram, r 0.37, samples 21
using pyfftw
plot_ionograms.py: reloaded config, rss 110.4 -> 110.7 MB
Plotting /home/ionouser/ionozond_data2/2026-08-12/lfm_ionogram-unkown-DOB-ch0-000-1786495440.01.h5 rate 100.00 (kHz/s) t0 1786495440.00955 (unix), rss 111.8 MB
failed to post /tmp/latest-lfm-unkown-DOB.png: HTTP 403
plot_ionograms.py: memory after lfm_ionogram-unkown-DOB-ch0-000-1786495440.01.h5: rss 111.2 MB, growth 0.2 MB, slope 0.00 MB/ionogram, r 0.36, samples 22
using pyfftw
plot_ionograms.py: reloaded config, rss 110.4 -> 110.7 MB
Plotting /home/ionouser/ionozond_data2/2026-08-12/lfm_ionogram-unkown-DOB-ch0-000-1786495740.01.h5 rate 100.00 (kHz/s) t0 1786495740.00932 (unix), rss 111.8 MB
failed to post /tmp/latest-lfm-unkown-DOB.png: HTTP 403
plot_ionograms.py: memory after lfm_ionogram-unkown-DOB-ch0-000-1786495740.01.h5: rss 111.2 MB, growth 0.2 MB, slope 0.00 MB/ionogram, r 0.36, samples 23
plot_ionograms.py: output_dir=/home/ionouser/ionozond_data2/, scanned 293 recent h5 files, 291 candidates newer than 48.0 h, 1 missing PNGs, 1 recently failed, current rss 111.2 MB, rss 111.2 MB, growth 0.2 MB, slope 0.00 MB/ionogram, r 0.36, samples 23
using pyfftw
plot_ionograms.py: reloaded config, rss 110.6 -> 110.9 MB
Traceback (most recent call last):
  File "/home/ionouser/chirpsounder2/plot_ionograms.py", line 423, in <module>
    ok = plot_ionogram(conf, args.plot_file)
  File "/home/ionouser/chirpsounder2/plot_ionograms.py", line 252, in plot_ionogram
    with h5py.File(fn, "r") as ho:
  File "/home/ionouser/chirpsounder2/.venv38/lib/python3.8/site-packages/h5py/_hl/files.py", line 562, in __init__
    fid = make_fid(name, mode, userblock_size, fapl, fcpl, swmr=swmr)
  File "/home/ionouser/chirpsounder2/.venv38/lib/python3.8/site-packages/h5py/_hl/files.py", line 235, in make_fid
    fid = h5f.open(name, flags, fapl=fapl)
  File "h5py/_objects.pyx", line 54, in h5py._objects.with_phil.wrapper
  File "h5py/_objects.pyx", line 55, in h5py._objects.with_phil.wrapper
  File "h5py/h5f.pyx", line 102, in h5py.h5f.open
OSError: Unable to synchronously open file (bad object header version number)
plot_ionograms.py: memory after lfm_ionogram-unkown-DOB-ch0-000-1786487400.01.h5: rss 111.2 MB, growth 0.2 MB, slope 0.00 MB/ionogram, r 0.35, samples 24
plot_ionograms.py: output_dir=/home/ionouser/ionozond_data2/, scanned 293 recent h5 files, 291 candidates newer than 48.0 h, 1 missing PNGs, 1 recently failed, current rss 111.2 MB, rss 111.2 MB, growth 0.2 MB, slope 0.00 MB/ionogram, r 0.35, samples 24
plot_ionograms.py: output_dir=/home/ionouser/ionozond_data2/, scanned 293 recent h5 files, 291 candidates newer than 48.0 h, 1 missing PNGs, 1 recently failed, current rss 111.2 MB, rss 111.2 MB, growth 0.2 MB, slope 0.00 MB/ionogram, r 0.35, samples 24
plot_ionograms.py: output_dir=/home/ionouser/ionozond_data2/, scanned 293 recent h5 files, 291 candidates newer than 48.0 h, 1 missing PNGs, 1 recently failed, current rss 111.2 MB, rss 111.2 MB, growth 0.2 MB, slope 0.00 MB/ionogram, r 0.35, samples 24
plot_ionograms.py: output_dir=/home/ionouser/ionozond_data2/, scanned 293 recent h5 files, 291 candidates newer than 48.0 h, 1 missing PNGs, 1 recently failed, current rss 111.2 MB, rss 111.2 MB, growth 0.2 MB, slope 0.00 MB/ionogram, r 0.35, samples 24
plot_ionograms.py: output_dir=/home/ionouser/ionozond_data2/, scanned 293 recent h5 files, 291 candidates newer than 48.0 h, 1 missing PNGs, 1 recently failed, current rss 111.2 MB, rss 111.2 MB, growth 0.2 MB, slope 0.00 MB/ionogram, r 0.35, samples 24
using pyfftw
plot_ionograms.py: reloaded config, rss 110.0 -> 110.3 MB
Traceback (most recent call last):
  File "/home/ionouser/chirpsounder2/plot_ionograms.py", line 423, in <module>
    ok = plot_ionogram(conf, args.plot_file)
  File "/home/ionouser/chirpsounder2/plot_ionograms.py", line 252, in plot_ionogram
    with h5py.File(fn, "r") as ho:
  File "/home/ionouser/chirpsounder2/.venv38/lib/python3.8/site-packages/h5py/_hl/files.py", line 562, in __init__
    fid = make_fid(name, mode, userblock_size, fapl, fcpl, swmr=swmr)
  File "/home/ionouser/chirpsounder2/.venv38/lib/python3.8/site-packages/h5py/_hl/files.py", line 235, in make_fid
    fid = h5f.open(name, flags, fapl=fapl)
  File "h5py/_objects.pyx", line 54, in h5py._objects.with_phil.wrapper
  File "h5py/_objects.pyx", line 55, in h5py._objects.with_phil.wrapper
  File "h5py/h5f.pyx", line 102, in h5py.h5f.open
OSError: Unable to synchronously open file (bad object header version number)
plot_ionograms.py: memory after lfm_ionogram-unkown-DOB-ch0-000-1786487400.01.h5: rss 111.2 MB, growth 0.2 MB, slope 0.00 MB/ionogram, r 0.34, samples 25
plot_ionograms.py: output_dir=/home/ionouser/ionozond_data2/, scanned 293 recent h5 files, 291 candidates newer than 48.0 h, 1 missing PNGs, 1 recently failed, current rss 111.2 MB, rss 111.2 MB, growth 0.2 MB, slope 0.00 MB/ionogram, r 0.34, samples 25
plot_ionograms.py: output_dir=/home/ionouser/ionozond_data2/, scanned 293 recent h5 files, 291 candidates newer than 48.0 h, 1 missing PNGs, 1 recently failed, current rss 111.2 MB, rss 111.2 MB, growth 0.2 MB, slope 0.00 MB/ionogram, r 0.34, samples 25
plot_ionograms.py: output_dir=/home/ionouser/ionozond_data2/, scanned 293 recent h5 files, 291 candidates newer than 48.0 h, 1 missing PNGs, 1 recently failed, current rss 111.2 MB, rss 111.2 MB, growth 0.2 MB, slope 0.00 MB/ionogram, r 0.34, samples 25
plot_ionograms.py: output_dir=/home/ionouser/ionozond_data2/, scanned 293 recent h5 files, 291 candidates newer than 48.0 h, 1 missing PNGs, 1 recently failed, current rss 111.2 MB, rss 111.2 MB, growth 0.2 MB, slope 0.00 MB/ionogram, r 0.34, samples 25
using pyfftw
plot_ionograms.py: reloaded config, rss 110.3 -> 110.6 MB
Traceback (most recent call last):
  File "/home/ionouser/chirpsounder2/plot_ionograms.py", line 423, in <module>
    ok = plot_ionogram(conf, args.plot_file)
  File "/home/ionouser/chirpsounder2/plot_ionograms.py", line 252, in plot_ionogram
    with h5py.File(fn, "r") as ho:
  File "/home/ionouser/chirpsounder2/.venv38/lib/python3.8/site-packages/h5py/_hl/files.py", line 562, in __init__
    fid = make_fid(name, mode, userblock_size, fapl, fcpl, swmr=swmr)
  File "/home/ionouser/chirpsounder2/.venv38/lib/python3.8/site-packages/h5py/_hl/files.py", line 235, in make_fid
    fid = h5f.open(name, flags, fapl=fapl)
  File "h5py/_objects.pyx", line 54, in h5py._objects.with_phil.wrapper
  File "h5py/_objects.pyx", line 55, in h5py._objects.with_phil.wrapper
  File "h5py/h5f.pyx", line 102, in h5py.h5f.open
OSError: Unable to synchronously open file (bad object header version number)
plot_ionograms.py: memory after lfm_ionogram-unkown-DOB-ch0-000-1786487400.01.h5: rss 111.2 MB, growth 0.2 MB, slope 0.00 MB/ionogram, r 0.33, samples 26
plot_ionograms.py: output_dir=/home/ionouser/ionozond_data2/, scanned 293 recent h5 files, 291 candidates newer than 48.0 h, 1 missing PNGs, 1 recently failed, current rss 111.2 MB, rss 111.2 MB, growth 0.2 MB, slope 0.00 MB/ionogram, r 0.33, samples 26
using pyfftw
plot_ionograms.py: reloaded config, rss 110.1 -> 110.3 MB
Plotting /home/ionouser/ionozond_data2/2026-08-12/lfm_ionogram-unkown-DOB-ch0-000-1786496335.01.h5 rate 100.00 (kHz/s) t0 1786496335.00945 (unix), rss 111.6 MB
failed to post /tmp/latest-lfm-unkown-DOB.png: HTTP 403
plot_ionograms.py: memory after lfm_ionogram-unkown-DOB-ch0-000-1786496335.01.h5: rss 111.2 MB, growth 0.2 MB, slope 0.00 MB/ionogram, r 0.32, samples 27
plot_ionograms.py: output_dir=/home/ionouser/ionozond_data2/, scanned 294 recent h5 files, 292 candidates newer than 48.0 h, 1 missing PNGs, 1 recently failed, current rss 111.2 MB, rss 111.2 MB, growth 0.2 MB, slope 0.00 MB/ionogram, r 0.32, samples 27
plot_ionograms.py: output_dir=/home/ionouser/ionozond_data2/, scanned 294 recent h5 files, 292 candidates newer than 48.0 h, 1 missing PNGs, 1 recently failed, current rss 111.2 MB, rss 111.2 MB, growth 0.2 MB, slope 0.00 MB/ionogram, r 0.32, samples 27
plot_ionograms.py: output_dir=/home/ionouser/ionozond_data2/, scanned 294 recent h5 files, 292 candidates newer than 48.0 h, 1 missing PNGs, 1 recently failed, current rss 111.2 MB, rss 111.2 MB, growth 0.2 MB, slope 0.00 MB/ionogram, r 0.32, samples 27
using pyfftw
plot_ionograms.py: reloaded config, rss 110.1 -> 110.3 MB
Plotting /home/ionouser/ionozond_data2/2026-08-12/lfm_ionogram-unkown-DOB-ch0-000-1786496340.01.h5 rate 100.00 (kHz/s) t0 1786496340.00942 (unix), rss 111.3 MB
failed to post /tmp/latest-lfm-unkown-DOB.png: HTTP 403
plot_ionograms.py: memory after lfm_ionogram-unkown-DOB-ch0-000-1786496340.01.h5: rss 111.2 MB, growth 0.2 MB, slope 0.00 MB/ionogram, r 0.33, samples 28
plot_ionograms.py: output_dir=/home/ionouser/ionozond_data2/, scanned 295 recent h5 files, 293 candidates newer than 48.0 h, 1 missing PNGs, 1 recently failed, current rss 111.2 MB, rss 111.2 MB, growth 0.2 MB, slope 0.00 MB/ionogram, r 0.33, samples 28
using pyfftw
plot_ionograms.py: reloaded config, rss 110.3 -> 110.6 MB
Traceback (most recent call last):
  File "/home/ionouser/chirpsounder2/plot_ionograms.py", line 423, in <module>
    ok = plot_ionogram(conf, args.plot_file)
  File "/home/ionouser/chirpsounder2/plot_ionograms.py", line 252, in plot_ionogram
    with h5py.File(fn, "r") as ho:
  File "/home/ionouser/chirpsounder2/.venv38/lib/python3.8/site-packages/h5py/_hl/files.py", line 562, in __init__
    fid = make_fid(name, mode, userblock_size, fapl, fcpl, swmr=swmr)
  File "/home/ionouser/chirpsounder2/.venv38/lib/python3.8/site-packages/h5py/_hl/files.py", line 235, in make_fid
    fid = h5f.open(name, flags, fapl=fapl)
  File "h5py/_objects.pyx", line 54, in h5py._objects.with_phil.wrapper
  File "h5py/_objects.pyx", line 55, in h5py._objects.with_phil.wrapper
  File "h5py/h5f.pyx", line 102, in h5py.h5f.open
OSError: Unable to synchronously open file (bad object header version number)
plot_ionograms.py: memory after lfm_ionogram-unkown-DOB-ch0-000-1786487400.01.h5: rss 111.2 MB, growth 0.2 MB, slope 0.00 MB/ionogram, r 0.33, samples 29
using pyfftw
plot_ionograms.py: reloaded config, rss 110.4 -> 110.6 MB
Plotting /home/ionouser/ionozond_data2/2026-08-12/lfm_ionogram-unkown-DOB-ch0-000-1786497000.01.h5 rate 100.00 (kHz/s) t0 1786497000.00992 (unix), rss 111.7 MB
failed to post /tmp/latest-lfm-unkown-DOB.png: HTTP 403
plot_ionograms.py: memory after lfm_ionogram-unkown-DOB-ch0-000-1786497000.01.h5: rss 111.2 MB, growth 0.2 MB, slope 0.00 MB/ionogram, r 0.33, samples 30
plot_ionograms.py: output_dir=/home/ionouser/ionozond_data2/, scanned 296 recent h5 files, 294 candidates newer than 48.0 h, 1 missing PNGs, 1 recently failed, current rss 111.2 MB, rss 111.2 MB, growth 0.2 MB, slope 0.00 MB/ionogram, r 0.33, samples 30
plot_ionograms.py: output_dir=/home/ionouser/ionozond_data2/, scanned 296 recent h5 files, 294 candidates newer than 48.0 h, 1 missing PNGs, 1 recently failed, current rss 111.2 MB, rss 111.2 MB, growth 0.2 MB, slope 0.00 MB/ionogram, r 0.33, samples 30
plot_ionograms.py: output_dir=/home/ionouser/ionozond_data2/, scanned 296 recent h5 files, 294 candidates newer than 48.0 h, 1 missing PNGs, 1 recently failed, current rss 111.2 MB, rss 111.2 MB, growth 0.2 MB, slope 0.00 MB/ionogram, r 0.33, samples 30
plot_ionograms.py: output_dir=/home/ionouser/ionozond_data2/, scanned 296 recent h5 files, 294 candidates newer than 48.0 h, 1 missing PNGs, 1 recently failed, current rss 111.2 MB, rss 111.2 MB, growth 0.2 MB, slope 0.00 MB/ionogram, r 0.33, samples 30
using pyfftw
plot_ionograms.py: reloaded config, rss 110.6 -> 110.8 MB
Traceback (most recent call last):
  File "/home/ionouser/chirpsounder2/plot_ionograms.py", line 423, in <module>
    ok = plot_ionogram(conf, args.plot_file)
  File "/home/ionouser/chirpsounder2/plot_ionograms.py", line 252, in plot_ionogram
    with h5py.File(fn, "r") as ho:
  File "/home/ionouser/chirpsounder2/.venv38/lib/python3.8/site-packages/h5py/_hl/files.py", line 562, in __init__
    fid = make_fid(name, mode, userblock_size, fapl, fcpl, swmr=swmr)
  File "/home/ionouser/chirpsounder2/.venv38/lib/python3.8/site-packages/h5py/_hl/files.py", line 235, in make_fid
    fid = h5f.open(name, flags, fapl=fapl)
  File "h5py/_objects.pyx", line 54, in h5py._objects.with_phil.wrapper
  File "h5py/_objects.pyx", line 55, in h5py._objects.with_phil.wrapper
  File "h5py/h5f.pyx", line 102, in h5py.h5f.open
OSError: Unable to synchronously open file (bad object header version number)
plot_ionograms.py: memory after lfm_ionogram-unkown-DOB-ch0-000-1786487400.01.h5: rss 111.2 MB, growth 0.2 MB, slope 0.00 MB/ionogram, r 0.33, samples 31
plot_ionograms.py: output_dir=/home/ionouser/ionozond_data2/, scanned 296 recent h5 files, 294 candidates newer than 48.0 h, 1 missing PNGs, 1 recently failed, current rss 111.2 MB, rss 111.2 MB, growth 0.2 MB, slope 0.00 MB/ionogram, r 0.33, samples 31
plot_ionograms.py: output_dir=/home/ionouser/ionozond_data2/, scanned 296 recent h5 files, 294 candidates newer than 48.0 h, 1 missing PNGs, 1 recently failed, current rss 111.2 MB, rss 111.2 MB, growth 0.2 MB, slope 0.00 MB/ionogram, r 0.33, samples 31
plot_ionograms.py: output_dir=/home/ionouser/ionozond_data2/, scanned 296 recent h5 files, 294 candidates newer than 48.0 h, 1 missing PNGs, 1 recently failed, current rss 111.2 MB, rss 111.2 MB, growth 0.2 MB, slope 0.00 MB/ionogram, r 0.33, samples 31
plot_ionograms.py: output_dir=/home/ionouser/ionozond_data2/, scanned 296 recent h5 files, 294 candidates newer than 48.0 h, 1 missing PNGs, 1 recently failed, current rss 111.2 MB, rss 111.2 MB, growth 0.2 MB, slope 0.00 MB/ionogram, r 0.33, samples 31
plot_ionograms.py: output_dir=/home/ionouser/ionozond_data2/, scanned 296 recent h5 files, 294 candidates newer than 48.0 h, 1 missing PNGs, 1 recently failed, current rss 111.2 MB, rss 111.2 MB, growth 0.2 MB, slope 0.00 MB/ionogram, r 0.33, samples 31
using pyfftw
plot_ionograms.py: reloaded config, rss 110.6 -> 110.8 MB
Traceback (most recent call last):
  File "/home/ionouser/chirpsounder2/plot_ionograms.py", line 423, in <module>
    ok = plot_ionogram(conf, args.plot_file)
  File "/home/ionouser/chirpsounder2/plot_ionograms.py", line 252, in plot_ionogram
    with h5py.File(fn, "r") as ho:
  File "/home/ionouser/chirpsounder2/.venv38/lib/python3.8/site-packages/h5py/_hl/files.py", line 562, in __init__
    fid = make_fid(name, mode, userblock_size, fapl, fcpl, swmr=swmr)
  File "/home/ionouser/chirpsounder2/.venv38/lib/python3.8/site-packages/h5py/_hl/files.py", line 235, in make_fid
    fid = h5f.open(name, flags, fapl=fapl)
  File "h5py/_objects.pyx", line 54, in h5py._objects.with_phil.wrapper
  File "h5py/_objects.pyx", line 55, in h5py._objects.with_phil.wrapper
  File "h5py/h5f.pyx", line 102, in h5py.h5f.open
OSError: Unable to synchronously open file (bad object header version number)
plot_ionograms.py: memory after lfm_ionogram-unkown-DOB-ch0-000-1786487400.01.h5: rss 111.2 MB, growth 0.2 MB, slope 0.00 MB/ionogram, r 0.33, samples 32
plot_ionograms.py: output_dir=/home/ionouser/ionozond_data2/, scanned 296 recent h5 files, 294 candidates newer than 48.0 h, 1 missing PNGs, 1 recently failed, current rss 111.2 MB, rss 111.2 MB, growth 0.2 MB, slope 0.00 MB/ionogram, r 0.33, samples 32
plot_ionograms.py: output_dir=/home/ionouser/ionozond_data2/, scanned 296 recent h5 files, 294 candidates newer than 48.0 h, 1 missing PNGs, 1 recently failed, current rss 111.2 MB, rss 111.2 MB, growth 0.2 MB, slope 0.00 MB/ionogram, r 0.33, samples 32
plot_ionograms.py: output_dir=/home/ionouser/ionozond_data2/, scanned 296 recent h5 files, 294 candidates newer than 48.0 h, 1 missing PNGs, 1 recently failed, current rss 111.2 MB, rss 111.2 MB, growth 0.2 MB, slope 0.00 MB/ionogram, r 0.33, samples 32
plot_ionograms.py: output_dir=/home/ionouser/ionozond_data2/, scanned 296 recent h5 files, 294 candidates newer than 48.0 h, 1 missing PNGs, 1 recently failed, current rss 111.2 MB, rss 111.2 MB, growth 0.2 MB, slope 0.00 MB/ionogram, r 0.33, samples 32
using pyfftw
plot_ionograms.py: reloaded config, rss 110.2 -> 110.4 MB
Plotting /home/ionouser/ionozond_data2/2026-08-12/lfm_ionogram-unkown-DOB-ch0-000-1786497300.01.h5 rate 100.00 (kHz/s) t0 1786497300.01015 (unix), rss 111.5 MB
failed to post /tmp/latest-lfm-unkown-DOB.png: HTTP 403
plot_ionograms.py: memory after lfm_ionogram-unkown-DOB-ch0-000-1786497300.01.h5: rss 111.2 MB, growth 0.2 MB, slope 0.00 MB/ionogram, r 0.33, samples 33
using pyfftw
plot_ionograms.py: reloaded config, rss 110.5 -> 110.7 MB
Plotting /home/ionouser/ionozond_data2/2026-08-12/lfm_ionogram-unkown-DOB-ch0-000-1786497240.01.h5 rate 100.00 (kHz/s) t0 1786497240.00943 (unix), rss 111.8 MB
failed to post /tmp/latest-lfm-unkown-DOB.png: HTTP 403
plot_ionograms.py: memory after lfm_ionogram-unkown-DOB-ch0-000-1786497240.01.h5: rss 111.2 MB, growth 0.2 MB, slope 0.00 MB/ionogram, r 0.33, samples 34
plot_ionograms.py: output_dir=/home/ionouser/ionozond_data2/, scanned 298 recent h5 files, 296 candidates newer than 48.0 h, 1 missing PNGs, 1 recently failed, current rss 111.2 MB, rss 111.2 MB, growth 0.2 MB, slope 0.00 MB/ionogram, r 0.33, samples 34
using pyfftw
plot_ionograms.py: reloaded config, rss 110.0 -> 110.3 MB
Traceback (most recent call last):
  File "/home/ionouser/chirpsounder2/plot_ionograms.py", line 423, in <module>
    ok = plot_ionogram(conf, args.plot_file)
  File "/home/ionouser/chirpsounder2/plot_ionograms.py", line 252, in plot_ionogram
    with h5py.File(fn, "r") as ho:
  File "/home/ionouser/chirpsounder2/.venv38/lib/python3.8/site-packages/h5py/_hl/files.py", line 562, in __init__
    fid = make_fid(name, mode, userblock_size, fapl, fcpl, swmr=swmr)
  File "/home/ionouser/chirpsounder2/.venv38/lib/python3.8/site-packages/h5py/_hl/files.py", line 235, in make_fid
    fid = h5f.open(name, flags, fapl=fapl)
  File "h5py/_objects.pyx", line 54, in h5py._objects.with_phil.wrapper
  File "h5py/_objects.pyx", line 55, in h5py._objects.with_phil.wrapper
  File "h5py/h5f.pyx", line 102, in h5py.h5f.open
OSError: Unable to synchronously open file (bad object header version number)
plot_ionograms.py: memory after lfm_ionogram-unkown-DOB-ch0-000-1786487400.01.h5: rss 111.2 MB, growth 0.2 MB, slope 0.00 MB/ionogram, r 0.33, samples 35
plot_ionograms.py: output_dir=/home/ionouser/ionozond_data2/, scanned 298 recent h5 files, 296 candidates newer than 48.0 h, 1 missing PNGs, 1 recently failed, current rss 111.2 MB, rss 111.2 MB, growth 0.2 MB, slope 0.00 MB/ionogram, r 0.33, samples 35
plot_ionograms.py: output_dir=/home/ionouser/ionozond_data2/, scanned 298 recent h5 files, 296 candidates newer than 48.0 h, 1 missing PNGs, 1 recently failed, current rss 111.2 MB, rss 111.2 MB, growth 0.2 MB, slope 0.00 MB/ionogram, r 0.33, samples 35
plot_ionograms.py: output_dir=/home/ionouser/ionozond_data2/, scanned 298 recent h5 files, 296 candidates newer than 48.0 h, 1 missing PNGs, 1 recently failed, current rss 111.2 MB, rss 111.2 MB, growth 0.2 MB, slope 0.00 MB/ionogram, r 0.33, samples 35
plot_ionograms.py: output_dir=/home/ionouser/ionozond_data2/, scanned 298 recent h5 files, 296 candidates newer than 48.0 h, 1 missing PNGs, 1 recently failed, current rss 111.2 MB, rss 111.2 MB, growth 0.2 MB, slope 0.00 MB/ionogram, r 0.33, samples 35
plot_ionograms.py: output_dir=/home/ionouser/ionozond_data2/, scanned 298 recent h5 files, 296 candidates newer than 48.0 h, 1 missing PNGs, 1 recently failed, current rss 111.2 MB, rss 111.2 MB, growth 0.2 MB, slope 0.00 MB/ionogram, r 0.33, samples 35
using pyfftw
plot_ionograms.py: reloaded config, rss 110.5 -> 110.8 MB
Traceback (most recent call last):
  File "/home/ionouser/chirpsounder2/plot_ionograms.py", line 423, in <module>
    ok = plot_ionogram(conf, args.plot_file)
  File "/home/ionouser/chirpsounder2/plot_ionograms.py", line 252, in plot_ionogram
    with h5py.File(fn, "r") as ho:
  File "/home/ionouser/chirpsounder2/.venv38/lib/python3.8/site-packages/h5py/_hl/files.py", line 562, in __init__
    fid = make_fid(name, mode, userblock_size, fapl, fcpl, swmr=swmr)
  File "/home/ionouser/chirpsounder2/.venv38/lib/python3.8/site-packages/h5py/_hl/files.py", line 235, in make_fid
    fid = h5f.open(name, flags, fapl=fapl)
  File "h5py/_objects.pyx", line 54, in h5py._objects.with_phil.wrapper
  File "h5py/_objects.pyx", line 55, in h5py._objects.with_phil.wrapper
  File "h5py/h5f.pyx", line 102, in h5py.h5f.open
OSError: Unable to synchronously open file (bad object header version number)
plot_ionograms.py: memory after lfm_ionogram-unkown-DOB-ch0-000-1786487400.01.h5: rss 111.2 MB, growth 0.2 MB, slope 0.00 MB/ionogram, r 0.34, samples 36
plot_ionograms.py: output_dir=/home/ionouser/ionozond_data2/, scanned 298 recent h5 files, 296 candidates newer than 48.0 h, 1 missing PNGs, 1 recently failed, current rss 111.2 MB, rss 111.2 MB, growth 0.2 MB, slope 0.00 MB/ionogram, r 0.34, samples 36
plot_ionograms.py: output_dir=/home/ionouser/ionozond_data2/, scanned 298 recent h5 files, 296 candidates newer than 48.0 h, 1 missing PNGs, 1 recently failed, current rss 111.2 MB, rss 111.2 MB, growth 0.2 MB, slope 0.00 MB/ionogram, r 0.34, samples 36
plot_ionograms.py: output_dir=/home/ionouser/ionozond_data2/, scanned 298 recent h5 files, 296 candidates newer than 48.0 h, 1 missing PNGs, 1 recently failed, current rss 111.2 MB, rss 111.2 MB, growth 0.2 MB, slope 0.00 MB/ionogram, r 0.34, samples 36
plot_ionograms.py: output_dir=/home/ionouser/ionozond_data2/, scanned 298 recent h5 files, 296 candidates newer than 48.0 h, 1 missing PNGs, 1 recently failed, current rss 111.2 MB, rss 111.2 MB, growth 0.2 MB, slope 0.00 MB/ionogram, r 0.34, samples 36
plot_ionograms.py: output_dir=/home/ionouser/ionozond_data2/, scanned 298 recent h5 files, 296 candidates newer than 48.0 h, 1 missing PNGs, 1 recently failed, current rss 111.2 MB, rss 111.2 MB, growth 0.2 MB, slope 0.00 MB/ionogram, r 0.34, samples 36
using pyfftw
plot_ionograms.py: reloaded config, rss 110.5 -> 110.7 MB
Traceback (most recent call last):
  File "/home/ionouser/chirpsounder2/plot_ionograms.py", line 423, in <module>
    ok = plot_ionogram(conf, args.plot_file)
  File "/home/ionouser/chirpsounder2/plot_ionograms.py", line 252, in plot_ionogram
    with h5py.File(fn, "r") as ho:
  File "/home/ionouser/chirpsounder2/.venv38/lib/python3.8/site-packages/h5py/_hl/files.py", line 562, in __init__
    fid = make_fid(name, mode, userblock_size, fapl, fcpl, swmr=swmr)
  File "/home/ionouser/chirpsounder2/.venv38/lib/python3.8/site-packages/h5py/_hl/files.py", line 235, in make_fid
    fid = h5f.open(name, flags, fapl=fapl)
  File "h5py/_objects.pyx", line 54, in h5py._objects.with_phil.wrapper
  File "h5py/_objects.pyx", line 55, in h5py._objects.with_phil.wrapper
  File "h5py/h5f.pyx", line 102, in h5py.h5f.open
OSError: Unable to synchronously open file (bad object header version number)
plot_ionograms.py: memory after lfm_ionogram-unkown-DOB-ch0-000-1786487400.01.h5: rss 111.2 MB, growth 0.2 MB, slope 0.00 MB/ionogram, r 0.35, samples 37
using pyfftw
plot_ionograms.py: reloaded config, rss 110.2 -> 110.4 MB
Plotting /home/ionouser/ionozond_data2/2026-08-12/lfm_ionogram-unkown-DOB-ch0-000-1786498135.01.h5 rate 100.00 (kHz/s) t0 1786498135.00924 (unix), rss 111.5 MB
failed to post /tmp/latest-lfm-unkown-DOB.png: HTTP 403
plot_ionograms.py: memory after lfm_ionogram-unkown-DOB-ch0-000-1786498135.01.h5: rss 111.2 MB, growth 0.2 MB, slope 0.00 MB/ionogram, r 0.36, samples 38
plot_ionograms.py: output_dir=/home/ionouser/ionozond_data2/, scanned 299 recent h5 files, 297 candidates newer than 48.0 h, 1 missing PNGs, 1 recently failed, current rss 111.2 MB, rss 111.2 MB, growth 0.2 MB, slope 0.00 MB/ionogram, r 0.36, samples 38
plot_ionograms.py: output_dir=/home/ionouser/ionozond_data2/, scanned 299 recent h5 files, 297 candidates newer than 48.0 h, 1 missing PNGs, 1 recently failed, current rss 111.2 MB, rss 111.2 MB, growth 0.2 MB, slope 0.00 MB/ionogram, r 0.36, samples 38
plot_ionograms.py: output_dir=/home/ionouser/ionozond_data2/, scanned 299 recent h5 files, 297 candidates newer than 48.0 h, 1 missing PNGs, 1 recently failed, current rss 111.2 MB, rss 111.2 MB, growth 0.2 MB, slope 0.00 MB/ionogram, r 0.36, samples 38
using pyfftw
plot_ionograms.py: reloaded config, rss 110.4 -> 110.7 MB
Plotting /home/ionouser/ionozond_data2/2026-08-12/lfm_ionogram-unkown-DOB-ch0-000-1786498140.01.h5 rate 100.00 (kHz/s) t0 1786498140.00911 (unix), rss 111.8 MB
failed to post /tmp/latest-lfm-unkown-DOB.png: HTTP 403
plot_ionograms.py: memory after lfm_ionogram-unkown-DOB-ch0-000-1786498140.01.h5: rss 111.2 MB, growth 0.2 MB, slope 0.00 MB/ionogram, r 0.37, samples 39
plot_ionograms.py: output_dir=/home/ionouser/ionozond_data2/, scanned 300 recent h5 files, 298 candidates newer than 48.0 h, 1 missing PNGs, 1 recently failed, current rss 111.2 MB, rss 111.2 MB, growth 0.2 MB, slope 0.00 MB/ionogram, r 0.37, samples 39
using pyfftw
plot_ionograms.py: reloaded config, rss 110.4 -> 110.7 MB
Traceback (most recent call last):
  File "/home/ionouser/chirpsounder2/plot_ionograms.py", line 423, in <module>
    ok = plot_ionogram(conf, args.plot_file)
  File "/home/ionouser/chirpsounder2/plot_ionograms.py", line 252, in plot_ionogram
    with h5py.File(fn, "r") as ho:
  File "/home/ionouser/chirpsounder2/.venv38/lib/python3.8/site-packages/h5py/_hl/files.py", line 562, in __init__
    fid = make_fid(name, mode, userblock_size, fapl, fcpl, swmr=swmr)
  File "/home/ionouser/chirpsounder2/.venv38/lib/python3.8/site-packages/h5py/_hl/files.py", line 235, in make_fid
    fid = h5f.open(name, flags, fapl=fapl)
  File "h5py/_objects.pyx", line 54, in h5py._objects.with_phil.wrapper
  File "h5py/_objects.pyx", line 55, in h5py._objects.with_phil.wrapper
  File "h5py/h5f.pyx", line 102, in h5py.h5f.open
OSError: Unable to synchronously open file (bad object header version number)
plot_ionograms.py: memory after lfm_ionogram-unkown-DOB-ch0-000-1786487400.01.h5: rss 111.2 MB, growth 0.2 MB, slope 0.00 MB/ionogram, r 0.38, samples 40
plot_ionograms.py: output_dir=/home/ionouser/ionozond_data2/, scanned 300 recent h5 files, 298 candidates newer than 48.0 h, 1 missing PNGs, 1 recently failed, current rss 111.2 MB, rss 111.2 MB, growth 0.2 MB, slope 0.00 MB/ionogram, r 0.38, samples 40
using pyfftw
plot_ionograms.py: reloaded config, rss 110.7 -> 110.9 MB
Plotting /home/ionouser/ionozond_data2/2026-08-12/lfm_ionogram-unkown-DOB-ch0-000-1786498800.01.h5 rate 100.00 (kHz/s) t0 1786498800.00955 (unix), rss 112.1 MB
failed to post /tmp/latest-lfm-unkown-DOB.png: HTTP 403
plot_ionograms.py: memory after lfm_ionogram-unkown-DOB-ch0-000-1786498800.01.h5: rss 111.2 MB, growth 0.2 MB, slope 0.00 MB/ionogram, r 0.39, samples 41
plot_ionograms.py: output_dir=/home/ionouser/ionozond_data2/, scanned 301 recent h5 files, 299 candidates newer than 48.0 h, 1 missing PNGs, 1 recently failed, current rss 111.2 MB, rss 111.2 MB, growth 0.2 MB, slope 0.00 MB/ionogram, r 0.39, samples 41
plot_ionograms.py: output_dir=/home/ionouser/ionozond_data2/, scanned 301 recent h5 files, 299 candidates newer than 48.0 h, 1 missing PNGs, 1 recently failed, current rss 111.2 MB, rss 111.2 MB, growth 0.2 MB, slope 0.00 MB/ionogram, r 0.39, samples 41
plot_ionograms.py: output_dir=/home/ionouser/ionozond_data2/, scanned 301 recent h5 files, 299 candidates newer than 48.0 h, 1 missing PNGs, 1 recently failed, current rss 111.2 MB, rss 111.2 MB, growth 0.2 MB, slope 0.00 MB/ionogram, r 0.39, samples 41
plot_ionograms.py: output_dir=/home/ionouser/ionozond_data2/, scanned 301 recent h5 files, 299 candidates newer than 48.0 h, 1 missing PNGs, 1 recently failed, current rss 111.2 MB, rss 111.2 MB, growth 0.2 MB, slope 0.00 MB/ionogram, r 0.39, samples 41
using pyfftw
plot_ionograms.py: reloaded config, rss 110.5 -> 110.7 MB
Traceback (most recent call last):
  File "/home/ionouser/chirpsounder2/plot_ionograms.py", line 423, in <module>
    ok = plot_ionogram(conf, args.plot_file)
  File "/home/ionouser/chirpsounder2/plot_ionograms.py", line 252, in plot_ionogram
    with h5py.File(fn, "r") as ho:
  File "/home/ionouser/chirpsounder2/.venv38/lib/python3.8/site-packages/h5py/_hl/files.py", line 562, in __init__
    fid = make_fid(name, mode, userblock_size, fapl, fcpl, swmr=swmr)
  File "/home/ionouser/chirpsounder2/.venv38/lib/python3.8/site-packages/h5py/_hl/files.py", line 235, in make_fid
    fid = h5f.open(name, flags, fapl=fapl)
  File "h5py/_objects.pyx", line 54, in h5py._objects.with_phil.wrapper
  File "h5py/_objects.pyx", line 55, in h5py._objects.with_phil.wrapper
  File "h5py/h5f.pyx", line 102, in h5py.h5f.open
OSError: Unable to synchronously open file (bad object header version number)
plot_ionograms.py: memory after lfm_ionogram-unkown-DOB-ch0-000-1786487400.01.h5: rss 111.2 MB, growth 0.2 MB, slope 0.00 MB/ionogram, r 0.40, samples 42
plot_ionograms.py: output_dir=/home/ionouser/ionozond_data2/, scanned 301 recent h5 files, 299 candidates newer than 48.0 h, 1 missing PNGs, 1 recently failed, current rss 111.2 MB, rss 111.2 MB, growth 0.2 MB, slope 0.00 MB/ionogram, r 0.40, samples 42
plot_ionograms.py: output_dir=/home/ionouser/ionozond_data2/, scanned 301 recent h5 files, 299 candidates newer than 48.0 h, 1 missing PNGs, 1 recently failed, current rss 111.2 MB, rss 111.2 MB, growth 0.2 MB, slope 0.00 MB/ionogram, r 0.40, samples 42
plot_ionograms.py: output_dir=/home/ionouser/ionozond_data2/, scanned 301 recent h5 files, 299 candidates newer than 48.0 h, 1 missing PNGs, 1 recently failed, current rss 111.2 MB, rss 111.2 MB, growth 0.2 MB, slope 0.00 MB/ionogram, r 0.40, samples 42
plot_ionograms.py: output_dir=/home/ionouser/ionozond_data2/, scanned 301 recent h5 files, 299 candidates newer than 48.0 h, 1 missing PNGs, 1 recently failed, current rss 111.2 MB, rss 111.2 MB, growth 0.2 MB, slope 0.00 MB/ionogram, r 0.40, samples 42
plot_ionograms.py: output_dir=/home/ionouser/ionozond_data2/, scanned 301 recent h5 files, 299 candidates newer than 48.0 h, 1 missing PNGs, 1 recently failed, current rss 111.2 MB, rss 111.2 MB, growth 0.2 MB, slope 0.00 MB/ionogram, r 0.40, samples 42
using pyfftw
plot_ionograms.py: reloaded config, rss 110.5 -> 110.7 MB
Traceback (most recent call last):
  File "/home/ionouser/chirpsounder2/plot_ionograms.py", line 423, in <module>
    ok = plot_ionogram(conf, args.plot_file)
  File "/home/ionouser/chirpsounder2/plot_ionograms.py", line 252, in plot_ionogram
    with h5py.File(fn, "r") as ho:
  File "/home/ionouser/chirpsounder2/.venv38/lib/python3.8/site-packages/h5py/_hl/files.py", line 562, in __init__
    fid = make_fid(name, mode, userblock_size, fapl, fcpl, swmr=swmr)
  File "/home/ionouser/chirpsounder2/.venv38/lib/python3.8/site-packages/h5py/_hl/files.py", line 235, in make_fid
    fid = h5f.open(name, flags, fapl=fapl)
  File "h5py/_objects.pyx", line 54, in h5py._objects.with_phil.wrapper
  File "h5py/_objects.pyx", line 55, in h5py._objects.with_phil.wrapper
  File "h5py/h5f.pyx", line 102, in h5py.h5f.open
OSError: Unable to synchronously open file (bad object header version number)
plot_ionograms.py: memory after lfm_ionogram-unkown-DOB-ch0-000-1786487400.01.h5: rss 111.2 MB, growth 0.2 MB, slope 0.00 MB/ionogram, r 0.41, samples 43
plot_ionograms.py: output_dir=/home/ionouser/ionozond_data2/, scanned 301 recent h5 files, 299 candidates newer than 48.0 h, 1 missing PNGs, 1 recently failed, current rss 111.2 MB, rss 111.2 MB, growth 0.2 MB, slope 0.00 MB/ionogram, r 0.41, samples 43
plot_ionograms.py: output_dir=/home/ionouser/ionozond_data2/, scanned 301 recent h5 files, 299 candidates newer than 48.0 h, 1 missing PNGs, 1 recently failed, current rss 111.2 MB, rss 111.2 MB, growth 0.2 MB, slope 0.00 MB/ionogram, r 0.41, samples 43
plot_ionograms.py: output_dir=/home/ionouser/ionozond_data2/, scanned 301 recent h5 files, 299 candidates newer than 48.0 h, 1 missing PNGs, 1 recently failed, current rss 111.2 MB, rss 111.2 MB, growth 0.2 MB, slope 0.00 MB/ionogram, r 0.41, samples 43
using pyfftw
plot_ionograms.py: reloaded config, rss 110.1 -> 110.3 MB
Plotting /home/ionouser/ionozond_data2/2026-08-12/lfm_ionogram-unkown-DOB-ch0-000-1786499035.01.h5 rate 100.00 (kHz/s) t0 1786499035.00915 (unix), rss 111.6 MB
failed to post /tmp/latest-lfm-unkown-DOB.png: HTTP 403
plot_ionograms.py: memory after lfm_ionogram-unkown-DOB-ch0-000-1786499035.01.h5: rss 111.2 MB, growth 0.2 MB, slope 0.00 MB/ionogram, r 0.42, samples 44
using pyfftw
plot_ionograms.py: reloaded config, rss 110.5 -> 110.8 MB
Plotting /home/ionouser/ionozond_data2/2026-08-12/lfm_ionogram-unkown-DOB-ch0-000-1786499100.01.h5 rate 100.00 (kHz/s) t0 1786499100.01007 (unix), rss 111.8 MB
failed to post /tmp/latest-lfm-unkown-DOB.png: HTTP 403
plot_ionograms.py: memory after lfm_ionogram-unkown-DOB-ch0-000-1786499100.01.h5: rss 111.2 MB, growth 0.2 MB, slope 0.00 MB/ionogram, r 0.44, samples 45
plot_ionograms.py: output_dir=/home/ionouser/ionozond_data2/, scanned 303 recent h5 files, 301 candidates newer than 48.0 h, 1 missing PNGs, 1 recently failed, current rss 111.2 MB, rss 111.2 MB, growth 0.2 MB, slope 0.00 MB/ionogram, r 0.44, samples 45
plot_ionograms.py: output_dir=/home/ionouser/ionozond_data2/, scanned 303 recent h5 files, 301 candidates newer than 48.0 h, 1 missing PNGs, 1 recently failed, current rss 111.2 MB, rss 111.2 MB, growth 0.2 MB, slope 0.00 MB/ionogram, r 0.44, samples 45
using pyfftw
plot_ionograms.py: reloaded config, rss 110.4 -> 110.7 MB
Traceback (most recent call last):
  File "/home/ionouser/chirpsounder2/plot_ionograms.py", line 423, in <module>
    ok = plot_ionogram(conf, args.plot_file)
  File "/home/ionouser/chirpsounder2/plot_ionograms.py", line 252, in plot_ionogram
    with h5py.File(fn, "r") as ho:
  File "/home/ionouser/chirpsounder2/.venv38/lib/python3.8/site-packages/h5py/_hl/files.py", line 562, in __init__
    fid = make_fid(name, mode, userblock_size, fapl, fcpl, swmr=swmr)
  File "/home/ionouser/chirpsounder2/.venv38/lib/python3.8/site-packages/h5py/_hl/files.py", line 235, in make_fid
    fid = h5f.open(name, flags, fapl=fapl)
  File "h5py/_objects.pyx", line 54, in h5py._objects.with_phil.wrapper
  File "h5py/_objects.pyx", line 55, in h5py._objects.with_phil.wrapper
  File "h5py/h5f.pyx", line 102, in h5py.h5f.open
OSError: Unable to synchronously open file (bad object header version number)
plot_ionograms.py: memory after lfm_ionogram-unkown-DOB-ch0-000-1786487400.01.h5: rss 111.2 MB, growth 0.2 MB, slope 0.00 MB/ionogram, r 0.46, samples 46
plot_ionograms.py: output_dir=/home/ionouser/ionozond_data2/, scanned 303 recent h5 files, 301 candidates newer than 48.0 h, 1 missing PNGs, 1 recently failed, current rss 111.2 MB, rss 111.2 MB, growth 0.2 MB, slope 0.00 MB/ionogram, r 0.46, samples 46
plot_ionograms.py: output_dir=/home/ionouser/ionozond_data2/, scanned 303 recent h5 files, 301 candidates newer than 48.0 h, 1 missing PNGs, 1 recently failed, current rss 111.2 MB, rss 111.2 MB, growth 0.2 MB, slope 0.00 MB/ionogram, r 0.46, samples 46
plot_ionograms.py: output_dir=/home/ionouser/ionozond_data2/, scanned 303 recent h5 files, 301 candidates newer than 48.0 h, 1 missing PNGs, 1 recently failed, current rss 111.2 MB, rss 111.2 MB, growth 0.2 MB, slope 0.00 MB/ionogram, r 0.46, samples 46
plot_ionograms.py: output_dir=/home/ionouser/ionozond_data2/, scanned 303 recent h5 files, 301 candidates newer than 48.0 h, 1 missing PNGs, 1 recently failed, current rss 111.2 MB, rss 111.2 MB, growth 0.2 MB, slope 0.00 MB/ionogram, r 0.46, samples 46
plot_ionograms.py: output_dir=/home/ionouser/ionozond_data2/, scanned 303 recent h5 files, 301 candidates newer than 48.0 h, 1 missing PNGs, 1 recently failed, current rss 111.2 MB, rss 111.2 MB, growth 0.2 MB, slope 0.00 MB/ionogram, r 0.46, samples 46
using pyfftw
plot_ionograms.py: reloaded config, rss 110.2 -> 110.4 MB
Traceback (most recent call last):
  File "/home/ionouser/chirpsounder2/plot_ionograms.py", line 423, in <module>
    ok = plot_ionogram(conf, args.plot_file)
  File "/home/ionouser/chirpsounder2/plot_ionograms.py", line 252, in plot_ionogram
    with h5py.File(fn, "r") as ho:
  File "/home/ionouser/chirpsounder2/.venv38/lib/python3.8/site-packages/h5py/_hl/files.py", line 562, in __init__
    fid = make_fid(name, mode, userblock_size, fapl, fcpl, swmr=swmr)
  File "/home/ionouser/chirpsounder2/.venv38/lib/python3.8/site-packages/h5py/_hl/files.py", line 235, in make_fid
    fid = h5f.open(name, flags, fapl=fapl)
  File "h5py/_objects.pyx", line 54, in h5py._objects.with_phil.wrapper
  File "h5py/_objects.pyx", line 55, in h5py._objects.with_phil.wrapper
  File "h5py/h5f.pyx", line 102, in h5py.h5f.open
OSError: Unable to synchronously open file (bad object header version number)
plot_ionograms.py: memory after lfm_ionogram-unkown-DOB-ch0-000-1786487400.01.h5: rss 111.2 MB, growth 0.2 MB, slope 0.00 MB/ionogram, r 0.47, samples 47
plot_ionograms.py: output_dir=/home/ionouser/ionozond_data2/, scanned 303 recent h5 files, 301 candidates newer than 48.0 h, 1 missing PNGs, 1 recently failed, current rss 111.2 MB, rss 111.2 MB, growth 0.2 MB, slope 0.00 MB/ionogram, r 0.47, samples 47
plot_ionograms.py: output_dir=/home/ionouser/ionozond_data2/, scanned 303 recent h5 files, 301 candidates newer than 48.0 h, 1 missing PNGs, 1 recently failed, current rss 111.2 MB, rss 111.2 MB, growth 0.2 MB, slope 0.00 MB/ionogram, r 0.47, samples 47
plot_ionograms.py: output_dir=/home/ionouser/ionozond_data2/, scanned 303 recent h5 files, 301 candidates newer than 48.0 h, 1 missing PNGs, 1 recently failed, current rss 111.2 MB, rss 111.2 MB, growth 0.2 MB, slope 0.00 MB/ionogram, r 0.47, samples 47
plot_ionograms.py: output_dir=/home/ionouser/ionozond_data2/, scanned 303 recent h5 files, 301 candidates newer than 48.0 h, 1 missing PNGs, 1 recently failed, current rss 111.2 MB, rss 111.2 MB, growth 0.2 MB, slope 0.00 MB/ionogram, r 0.47, samples 47
plot_ionograms.py: output_dir=/home/ionouser/ionozond_data2/, scanned 303 recent h5 files, 301 candidates newer than 48.0 h, 1 missing PNGs, 1 recently failed, current rss 111.2 MB, rss 111.2 MB, growth 0.2 MB, slope 0.00 MB/ionogram, r 0.47, samples 47
using pyfftw
plot_ionograms.py: reloaded config, rss 110.5 -> 110.7 MB
Traceback (most recent call last):
  File "/home/ionouser/chirpsounder2/plot_ionograms.py", line 423, in <module>
    ok = plot_ionogram(conf, args.plot_file)
  File "/home/ionouser/chirpsounder2/plot_ionograms.py", line 252, in plot_ionogram
    with h5py.File(fn, "r") as ho:
  File "/home/ionouser/chirpsounder2/.venv38/lib/python3.8/site-packages/h5py/_hl/files.py", line 562, in __init__
    fid = make_fid(name, mode, userblock_size, fapl, fcpl, swmr=swmr)
  File "/home/ionouser/chirpsounder2/.venv38/lib/python3.8/site-packages/h5py/_hl/files.py", line 235, in make_fid
    fid = h5f.open(name, flags, fapl=fapl)
  File "h5py/_objects.pyx", line 54, in h5py._objects.with_phil.wrapper
  File "h5py/_objects.pyx", line 55, in h5py._objects.with_phil.wrapper
  File "h5py/h5f.pyx", line 102, in h5py.h5f.open
OSError: Unable to synchronously open file (bad object header version number)
plot_ionograms.py: memory after lfm_ionogram-unkown-DOB-ch0-000-1786487400.01.h5: rss 111.2 MB, growth 0.2 MB, slope 0.00 MB/ionogram, r 0.49, samples 48
plot_ionograms.py: output_dir=/home/ionouser/ionozond_data2/, scanned 303 recent h5 files, 301 candidates newer than 48.0 h, 1 missing PNGs, 1 recently failed, current rss 111.2 MB, rss 111.2 MB, growth 0.2 MB, slope 0.00 MB/ionogram, r 0.49, samples 48
plot_ionograms.py: output_dir=/home/ionouser/ionozond_data2/, scanned 303 recent h5 files, 301 candidates newer than 48.0 h, 1 missing PNGs, 1 recently failed, current rss 111.2 MB, rss 111.2 MB, growth 0.2 MB, slope 0.00 MB/ionogram, r 0.49, samples 48
plot_ionograms.py: output_dir=/home/ionouser/ionozond_data2/, scanned 303 recent h5 files, 301 candidates newer than 48.0 h, 1 missing PNGs, 1 recently failed, current rss 111.2 MB, rss 111.2 MB, growth 0.2 MB, slope 0.00 MB/ionogram, r 0.49, samples 48
using pyfftw
plot_ionograms.py: reloaded config, rss 110.7 -> 111.0 MB
Plotting /home/ionouser/ionozond_data2/2026-08-12/lfm_ionogram-unkown-DOB-ch0-000-1786499935.01.h5 rate 100.00 (kHz/s) t0 1786499935.00935 (unix), rss 111.9 MB
failed to post /tmp/latest-lfm-unkown-DOB.png: HTTP 403
plot_ionograms.py: memory after lfm_ionogram-unkown-DOB-ch0-000-1786499935.01.h5: rss 111.2 MB, growth 0.2 MB, slope 0.00 MB/ionogram, r 0.51, samples 49
using pyfftw
plot_ionograms.py: reloaded config, rss 110.1 -> 110.4 MB
Plotting /home/ionouser/ionozond_data2/2026-08-12/lfm_ionogram-unkown-DOB-ch0-000-1786499940.01.h5 rate 100.00 (kHz/s) t0 1786499940.00935 (unix), rss 111.7 MB
failed to post /tmp/latest-lfm-unkown-DOB.png: HTTP 403
plot_ionograms.py: memory after lfm_ionogram-unkown-DOB-ch0-000-1786499940.01.h5: rss 111.2 MB, growth 0.2 MB, slope 0.00 MB/ionogram, r 0.53, samples 50
plot_ionograms.py: output_dir=/home/ionouser/ionozond_data2/, scanned 305 recent h5 files, 303 candidates newer than 48.0 h, 1 missing PNGs, 1 recently failed, current rss 111.2 MB, rss 111.2 MB, growth 0.2 MB, slope 0.00 MB/ionogram, r 0.53, samples 50
plot_ionograms.py: output_dir=/home/ionouser/ionozond_data2/, scanned 305 recent h5 files, 303 candidates newer than 48.0 h, 1 missing PNGs, 1 recently failed, current rss 111.2 MB, rss 111.2 MB, growth 0.2 MB, slope 0.00 MB/ionogram, r 0.53, samples 50
using pyfftw
plot_ionograms.py: reloaded config, rss 110.4 -> 110.7 MB
Traceback (most recent call last):
  File "/home/ionouser/chirpsounder2/plot_ionograms.py", line 423, in <module>
    ok = plot_ionogram(conf, args.plot_file)
  File "/home/ionouser/chirpsounder2/plot_ionograms.py", line 252, in plot_ionogram
    with h5py.File(fn, "r") as ho:
  File "/home/ionouser/chirpsounder2/.venv38/lib/python3.8/site-packages/h5py/_hl/files.py", line 562, in __init__
    fid = make_fid(name, mode, userblock_size, fapl, fcpl, swmr=swmr)
  File "/home/ionouser/chirpsounder2/.venv38/lib/python3.8/site-packages/h5py/_hl/files.py", line 235, in make_fid
    fid = h5f.open(name, flags, fapl=fapl)
  File "h5py/_objects.pyx", line 54, in h5py._objects.with_phil.wrapper
  File "h5py/_objects.pyx", line 55, in h5py._objects.with_phil.wrapper
  File "h5py/h5f.pyx", line 102, in h5py.h5f.open
OSError: Unable to synchronously open file (bad object header version number)
plot_ionograms.py: memory after lfm_ionogram-unkown-DOB-ch0-000-1786487400.01.h5: rss 111.2 MB, growth 0.2 MB, slope 0.00 MB/ionogram, r 0.55, samples 51
plot_ionograms.py: output_dir=/home/ionouser/ionozond_data2/, scanned 305 recent h5 files, 303 candidates newer than 48.0 h, 1 missing PNGs, 1 recently failed, current rss 111.2 MB, rss 111.2 MB, growth 0.2 MB, slope 0.00 MB/ionogram, r 0.55, samples 51
plot_ionograms.py: output_dir=/home/ionouser/ionozond_data2/, scanned 305 recent h5 files, 303 candidates newer than 48.0 h, 1 missing PNGs, 1 recently failed, current rss 111.2 MB, rss 111.2 MB, growth 0.2 MB, slope 0.00 MB/ionogram, r 0.55, samples 51
plot_ionograms.py: output_dir=/home/ionouser/ionozond_data2/, scanned 305 recent h5 files, 303 candidates newer than 48.0 h, 1 missing PNGs, 1 recently failed, current rss 111.2 MB, rss 111.2 MB, growth 0.2 MB, slope 0.00 MB/ionogram, r 0.55, samples 51
plot_ionograms.py: output_dir=/home/ionouser/ionozond_data2/, scanned 305 recent h5 files, 303 candidates newer than 48.0 h, 1 missing PNGs, 1 recently failed, current rss 111.2 MB, rss 111.2 MB, growth 0.2 MB, slope 0.00 MB/ionogram, r 0.55, samples 51
plot_ionograms.py: output_dir=/home/ionouser/ionozond_data2/, scanned 305 recent h5 files, 303 candidates newer than 48.0 h, 1 missing PNGs, 1 recently failed, current rss 111.2 MB, rss 111.2 MB, growth 0.2 MB, slope 0.00 MB/ionogram, r 0.55, samples 51
using pyfftw
plot_ionograms.py: reloaded config, rss 110.1 -> 110.4 MB
Traceback (most recent call last):
  File "/home/ionouser/chirpsounder2/plot_ionograms.py", line 423, in <module>
    ok = plot_ionogram(conf, args.plot_file)
  File "/home/ionouser/chirpsounder2/plot_ionograms.py", line 252, in plot_ionogram
    with h5py.File(fn, "r") as ho:
  File "/home/ionouser/chirpsounder2/.venv38/lib/python3.8/site-packages/h5py/_hl/files.py", line 562, in __init__
    fid = make_fid(name, mode, userblock_size, fapl, fcpl, swmr=swmr)
  File "/home/ionouser/chirpsounder2/.venv38/lib/python3.8/site-packages/h5py/_hl/files.py", line 235, in make_fid
    fid = h5f.open(name, flags, fapl=fapl)
  File "h5py/_objects.pyx", line 54, in h5py._objects.with_phil.wrapper
  File "h5py/_objects.pyx", line 55, in h5py._objects.with_phil.wrapper
  File "h5py/h5f.pyx", line 102, in h5py.h5f.open
OSError: Unable to synchronously open file (bad object header version number)
plot_ionograms.py: memory after lfm_ionogram-unkown-DOB-ch0-000-1786487400.01.h5: rss 111.2 MB, growth 0.2 MB, slope 0.00 MB/ionogram, r 0.57, samples 52
plot_ionograms.py: output_dir=/home/ionouser/ionozond_data2/, scanned 305 recent h5 files, 303 candidates newer than 48.0 h, 1 missing PNGs, 1 recently failed, current rss 111.2 MB, rss 111.2 MB, growth 0.2 MB, slope 0.00 MB/ionogram, r 0.57, samples 52
plot_ionograms.py: output_dir=/home/ionouser/ionozond_data2/, scanned 305 recent h5 files, 303 candidates newer than 48.0 h, 1 missing PNGs, 1 recently failed, current rss 111.2 MB, rss 111.2 MB, growth 0.2 MB, slope 0.00 MB/ionogram, r 0.57, samples 52
plot_ionograms.py: output_dir=/home/ionouser/ionozond_data2/, scanned 305 recent h5 files, 303 candidates newer than 48.0 h, 1 missing PNGs, 1 recently failed, current rss 111.2 MB, rss 111.2 MB, growth 0.2 MB, slope 0.00 MB/ionogram, r 0.57, samples 52
plot_ionograms.py: output_dir=/home/ionouser/ionozond_data2/, scanned 305 recent h5 files, 303 candidates newer than 48.0 h, 1 missing PNGs, 1 recently failed, current rss 111.2 MB, rss 111.2 MB, growth 0.2 MB, slope 0.00 MB/ionogram, r 0.57, samples 52
using pyfftw
plot_ionograms.py: reloaded config, rss 110.2 -> 110.4 MB
Traceback (most recent call last):
  File "/home/ionouser/chirpsounder2/plot_ionograms.py", line 423, in <module>
    ok = plot_ionogram(conf, args.plot_file)
  File "/home/ionouser/chirpsounder2/plot_ionograms.py", line 252, in plot_ionogram
    with h5py.File(fn, "r") as ho:
  File "/home/ionouser/chirpsounder2/.venv38/lib/python3.8/site-packages/h5py/_hl/files.py", line 562, in __init__
    fid = make_fid(name, mode, userblock_size, fapl, fcpl, swmr=swmr)
  File "/home/ionouser/chirpsounder2/.venv38/lib/python3.8/site-packages/h5py/_hl/files.py", line 235, in make_fid
    fid = h5f.open(name, flags, fapl=fapl)
  File "h5py/_objects.pyx", line 54, in h5py._objects.with_phil.wrapper
  File "h5py/_objects.pyx", line 55, in h5py._objects.with_phil.wrapper
  File "h5py/h5f.pyx", line 102, in h5py.h5f.open
OSError: Unable to synchronously open file (bad object header version number)
plot_ionograms.py: memory after lfm_ionogram-unkown-DOB-ch0-000-1786487400.01.h5: rss 111.2 MB, growth 0.2 MB, slope 0.00 MB/ionogram, r 0.58, samples 53
plot_ionograms.py: output_dir=/home/ionouser/ionozond_data2/, scanned 306 recent h5 files, 304 candidates newer than 48.0 h, 2 missing PNGs, 1 recently failed, current rss 111.2 MB, rss 111.2 MB, growth 0.2 MB, slope 0.00 MB/ionogram, r 0.58, samples 53
using pyfftw
plot_ionograms.py: reloaded config, rss 110.1 -> 110.3 MB
Plotting /home/ionouser/ionozond_data2/2026-08-12/lfm_ionogram-unkown-DOB-ch0-000-1786500840.01.h5 rate 100.00 (kHz/s) t0 1786500840.00930 (unix), rss 111.6 MB
failed to post /tmp/latest-lfm-unkown-DOB.png: HTTP 403
plot_ionograms.py: memory after lfm_ionogram-unkown-DOB-ch0-000-1786500840.01.h5: rss 111.2 MB, growth 0.2 MB, slope 0.00 MB/ionogram, r 0.60, samples 54
plot_ionograms.py: output_dir=/home/ionouser/ionozond_data2/, scanned 306 recent h5 files, 304 candidates newer than 48.0 h, 1 missing PNGs, 1 recently failed, current rss 111.2 MB, rss 111.2 MB, growth 0.2 MB, slope 0.00 MB/ionogram, r 0.60, samples 54
plot_ionograms.py: output_dir=/home/ionouser/ionozond_data2/, scanned 306 recent h5 files, 304 candidates newer than 48.0 h, 1 missing PNGs, 1 recently failed, current rss 111.2 MB, rss 111.2 MB, growth 0.2 MB, slope 0.00 MB/ionogram, r 0.60, samples 54
using pyfftw
plot_ionograms.py: reloaded config, rss 109.9 -> 110.2 MB
Plotting /home/ionouser/ionozond_data2/2026-08-12/lfm_ionogram-unkown-DOB-ch0-000-1786500900.01.h5 rate 100.00 (kHz/s) t0 1786500900.01063 (unix), rss 111.3 MB
failed to post /tmp/latest-lfm-unkown-DOB.png: HTTP 403
plot_ionograms.py: memory after lfm_ionogram-unkown-DOB-ch0-000-1786500900.01.h5: rss 111.2 MB, growth 0.2 MB, slope 0.00 MB/ionogram, r 0.62, samples 55
plot_ionograms.py: output_dir=/home/ionouser/ionozond_data2/, scanned 307 recent h5 files, 305 candidates newer than 48.0 h, 1 missing PNGs, 1 recently failed, current rss 111.2 MB, rss 111.2 MB, growth 0.2 MB, slope 0.00 MB/ionogram, r 0.62, samples 55
using pyfftw
plot_ionograms.py: reloaded config, rss 110.0 -> 110.3 MB
Plotting /home/ionouser/ionozond_data2/2026-08-12/lfm_ionogram-unkown-DOB-ch0-000-1786501635.05.h5 rate 125.00 (kHz/s) t0 1786501635.04568 (unix), rss 111.5 MB
failed to post /tmp/latest-lfm-unkown-DOB.png: HTTP 403
plot_ionograms.py: memory after lfm_ionogram-unkown-DOB-ch0-000-1786501635.05.h5: rss 111.2 MB, growth 0.2 MB, slope 0.00 MB/ionogram, r 0.63, samples 56
plot_ionograms.py: output_dir=/home/ionouser/ionozond_data2/, scanned 308 recent h5 files, 306 candidates newer than 48.0 h, 1 missing PNGs, 1 recently failed, current rss 111.2 MB, rss 111.2 MB, growth 0.2 MB, slope 0.00 MB/ionogram, r 0.63, samples 56
using pyfftw
plot_ionograms.py: reloaded config, rss 110.1 -> 110.3 MB
Traceback (most recent call last):
  File "/home/ionouser/chirpsounder2/plot_ionograms.py", line 423, in <module>
    ok = plot_ionogram(conf, args.plot_file)
  File "/home/ionouser/chirpsounder2/plot_ionograms.py", line 252, in plot_ionogram
    with h5py.File(fn, "r") as ho:
  File "/home/ionouser/chirpsounder2/.venv38/lib/python3.8/site-packages/h5py/_hl/files.py", line 562, in __init__
    fid = make_fid(name, mode, userblock_size, fapl, fcpl, swmr=swmr)
  File "/home/ionouser/chirpsounder2/.venv38/lib/python3.8/site-packages/h5py/_hl/files.py", line 235, in make_fid
    fid = h5f.open(name, flags, fapl=fapl)
  File "h5py/_objects.pyx", line 54, in h5py._objects.with_phil.wrapper
  File "h5py/_objects.pyx", line 55, in h5py._objects.with_phil.wrapper
  File "h5py/h5f.pyx", line 102, in h5py.h5f.open
OSError: Unable to synchronously open file (bad object header version number)
plot_ionograms.py: memory after lfm_ionogram-unkown-DOB-ch0-000-1786487400.01.h5: rss 111.2 MB, growth 0.2 MB, slope 0.00 MB/ionogram, r 0.65, samples 57
plot_ionograms.py: output_dir=/home/ionouser/ionozond_data2/, scanned 308 recent h5 files, 306 candidates newer than 48.0 h, 1 missing PNGs, 1 recently failed, current rss 111.2 MB, rss 111.2 MB, growth 0.2 MB, slope 0.00 MB/ionogram, r 0.65, samples 57
plot_ionograms.py: output_dir=/home/ionouser/ionozond_data2/, scanned 308 recent h5 files, 306 candidates newer than 48.0 h, 1 missing PNGs, 1 recently failed, current rss 111.2 MB, rss 111.2 MB, growth 0.2 MB, slope 0.00 MB/ionogram, r 0.65, samples 57
plot_ionograms.py: output_dir=/home/ionouser/ionozond_data2/, scanned 308 recent h5 files, 306 candidates newer than 48.0 h, 1 missing PNGs, 1 recently failed, current rss 111.2 MB, rss 111.2 MB, growth 0.2 MB, slope 0.00 MB/ionogram, r 0.65, samples 57
plot_ionograms.py: output_dir=/home/ionouser/ionozond_data2/, scanned 308 recent h5 files, 306 candidates newer than 48.0 h, 1 missing PNGs, 1 recently failed, current rss 111.2 MB, rss 111.2 MB, growth 0.2 MB, slope 0.00 MB/ionogram, r 0.65, samples 57
plot_ionograms.py: output_dir=/home/ionouser/ionozond_data2/, scanned 308 recent h5 files, 306 candidates newer than 48.0 h, 1 missing PNGs, 1 recently failed, current rss 111.2 MB, rss 111.2 MB, growth 0.2 MB, slope 0.00 MB/ionogram, r 0.65, samples 57
using pyfftw
plot_ionograms.py: reloaded config, rss 110.4 -> 110.7 MB
Traceback (most recent call last):
  File "/home/ionouser/chirpsounder2/plot_ionograms.py", line 423, in <module>
    ok = plot_ionogram(conf, args.plot_file)
  File "/home/ionouser/chirpsounder2/plot_ionograms.py", line 252, in plot_ionogram
    with h5py.File(fn, "r") as ho:
  File "/home/ionouser/chirpsounder2/.venv38/lib/python3.8/site-packages/h5py/_hl/files.py", line 562, in __init__
    fid = make_fid(name, mode, userblock_size, fapl, fcpl, swmr=swmr)
  File "/home/ionouser/chirpsounder2/.venv38/lib/python3.8/site-packages/h5py/_hl/files.py", line 235, in make_fid
    fid = h5f.open(name, flags, fapl=fapl)
  File "h5py/_objects.pyx", line 54, in h5py._objects.with_phil.wrapper
  File "h5py/_objects.pyx", line 55, in h5py._objects.with_phil.wrapper
  File "h5py/h5f.pyx", line 102, in h5py.h5f.open
OSError: Unable to synchronously open file (bad object header version number)
plot_ionograms.py: memory after lfm_ionogram-unkown-DOB-ch0-000-1786487400.01.h5: rss 111.2 MB, growth 0.2 MB, slope 0.00 MB/ionogram, r 0.66, samples 58
plot_ionograms.py: output_dir=/home/ionouser/ionozond_data2/, scanned 308 recent h5 files, 306 candidates newer than 48.0 h, 1 missing PNGs, 1 recently failed, current rss 111.2 MB, rss 111.2 MB, growth 0.2 MB, slope 0.00 MB/ionogram, r 0.66, samples 58
plot_ionograms.py: output_dir=/home/ionouser/ionozond_data2/, scanned 308 recent h5 files, 306 candidates newer than 48.0 h, 1 missing PNGs, 1 recently failed, current rss 111.2 MB, rss 111.2 MB, growth 0.2 MB, slope 0.00 MB/ionogram, r 0.66, samples 58
plot_ionograms.py: output_dir=/home/ionouser/ionozond_data2/, scanned 308 recent h5 files, 306 candidates newer than 48.0 h, 1 missing PNGs, 1 recently failed, current rss 111.2 MB, rss 111.2 MB, growth 0.2 MB, slope 0.00 MB/ionogram, r 0.66, samples 58
plot_ionograms.py: output_dir=/home/ionouser/ionozond_data2/, scanned 308 recent h5 files, 306 candidates newer than 48.0 h, 1 missing PNGs, 1 recently failed, current rss 111.2 MB, rss 111.2 MB, growth 0.2 MB, slope 0.00 MB/ionogram, r 0.66, samples 58
using pyfftw
plot_ionograms.py: reloaded config, rss 110.6 -> 110.9 MB
Plotting /home/ionouser/ionozond_data2/2026-08-12/lfm_ionogram-unkown-DOB-ch0-000-1786501740.01.h5 rate 100.00 (kHz/s) t0 1786501740.00928 (unix), rss 111.9 MB
failed to post /tmp/latest-lfm-unkown-DOB.png: HTTP 403
plot_ionograms.py: memory after lfm_ionogram-unkown-DOB-ch0-000-1786501740.01.h5: rss 111.3 MB, growth 0.3 MB, slope 0.00 MB/ionogram, r 0.68, samples 59
plot_ionograms.py: output_dir=/home/ionouser/ionozond_data2/, scanned 309 recent h5 files, 307 candidates newer than 48.0 h, 1 missing PNGs, 1 recently failed, current rss 111.3 MB, rss 111.3 MB, growth 0.3 MB, slope 0.00 MB/ionogram, r 0.68, samples 59
using pyfftw
plot_ionograms.py: reloaded config, rss 110.5 -> 110.8 MB
Traceback (most recent call last):
  File "/home/ionouser/chirpsounder2/plot_ionograms.py", line 423, in <module>
    ok = plot_ionogram(conf, args.plot_file)
  File "/home/ionouser/chirpsounder2/plot_ionograms.py", line 252, in plot_ionogram
    with h5py.File(fn, "r") as ho:
  File "/home/ionouser/chirpsounder2/.venv38/lib/python3.8/site-packages/h5py/_hl/files.py", line 562, in __init__
    fid = make_fid(name, mode, userblock_size, fapl, fcpl, swmr=swmr)
  File "/home/ionouser/chirpsounder2/.venv38/lib/python3.8/site-packages/h5py/_hl/files.py", line 235, in make_fid
    fid = h5f.open(name, flags, fapl=fapl)
  File "h5py/_objects.pyx", line 54, in h5py._objects.with_phil.wrapper
  File "h5py/_objects.pyx", line 55, in h5py._objects.with_phil.wrapper
  File "h5py/h5f.pyx", line 102, in h5py.h5f.open
OSError: Unable to synchronously open file (bad object header version number)
plot_ionograms.py: memory after lfm_ionogram-unkown-DOB-ch0-000-1786487400.01.h5: rss 111.3 MB, growth 0.3 MB, slope 0.00 MB/ionogram, r 0.70, samples 60
plot_ionograms.py: output_dir=/home/ionouser/ionozond_data2/, scanned 309 recent h5 files, 307 candidates newer than 48.0 h, 1 missing PNGs, 1 recently failed, current rss 111.3 MB, rss 111.3 MB, growth 0.3 MB, slope 0.00 MB/ionogram, r 0.70, samples 60
plot_ionograms.py: output_dir=/home/ionouser/ionozond_data2/, scanned 310 recent h5 files, 308 candidates newer than 48.0 h, 2 missing PNGs, 1 recently failed, current rss 111.3 MB, rss 111.3 MB, growth 0.3 MB, slope 0.00 MB/ionogram, r 0.70, samples 60
using pyfftw
plot_ionograms.py: reloaded config, rss 110.4 -> 110.6 MB
Plotting /home/ionouser/ionozond_data2/2026-08-12/lfm_ionogram-unkown-DOB-ch0-000-1786501800.01.h5 rate 100.00 (kHz/s) t0 1786501800.00972 (unix), rss 111.8 MB
failed to post /tmp/latest-lfm-unkown-DOB.png: HTTP 403
plot_ionograms.py: memory after lfm_ionogram-unkown-DOB-ch0-000-1786501800.01.h5: rss 111.3 MB, growth 0.3 MB, slope 0.00 MB/ionogram, r 0.72, samples 61
plot_ionograms.py: output_dir=/home/ionouser/ionozond_data2/, scanned 310 recent h5 files, 308 candidates newer than 48.0 h, 1 missing PNGs, 1 recently failed, current rss 111.3 MB, rss 111.3 MB, growth 0.3 MB, slope 0.00 MB/ionogram, r 0.72, samples 61
using pyfftw
plot_ionograms.py: reloaded config, rss 110.3 -> 110.5 MB
Plotting /home/ionouser/ionozond_data2/2026-08-12/lfm_ionogram-unkown-DOB-ch0-000-1786502400.01.h5 rate 100.00 (kHz/s) t0 1786502400.00952 (unix), rss 111.6 MB
failed to post /tmp/latest-lfm-unkown-DOB.png: HTTP 403
plot_ionograms.py: memory after lfm_ionogram-unkown-DOB-ch0-000-1786502400.01.h5: rss 111.3 MB, growth 0.3 MB, slope 0.00 MB/ionogram, r 0.74, samples 62
plot_ionograms.py: output_dir=/home/ionouser/ionozond_data2/, scanned 311 recent h5 files, 309 candidates newer than 48.0 h, 1 missing PNGs, 1 recently failed, current rss 111.3 MB, rss 111.3 MB, growth 0.3 MB, slope 0.00 MB/ionogram, r 0.74, samples 62
using pyfftw
plot_ionograms.py: reloaded config, rss 110.3 -> 110.6 MB
Traceback (most recent call last):
  File "/home/ionouser/chirpsounder2/plot_ionograms.py", line 423, in <module>
    ok = plot_ionogram(conf, args.plot_file)
  File "/home/ionouser/chirpsounder2/plot_ionograms.py", line 252, in plot_ionogram
    with h5py.File(fn, "r") as ho:
  File "/home/ionouser/chirpsounder2/.venv38/lib/python3.8/site-packages/h5py/_hl/files.py", line 562, in __init__
    fid = make_fid(name, mode, userblock_size, fapl, fcpl, swmr=swmr)
  File "/home/ionouser/chirpsounder2/.venv38/lib/python3.8/site-packages/h5py/_hl/files.py", line 235, in make_fid
    fid = h5f.open(name, flags, fapl=fapl)
  File "h5py/_objects.pyx", line 54, in h5py._objects.with_phil.wrapper
  File "h5py/_objects.pyx", line 55, in h5py._objects.with_phil.wrapper
  File "h5py/h5f.pyx", line 102, in h5py.h5f.open
OSError: Unable to synchronously open file (bad object header version number)
plot_ionograms.py: memory after lfm_ionogram-unkown-DOB-ch0-000-1786487400.01.h5: rss 111.3 MB, growth 0.3 MB, slope 0.00 MB/ionogram, r 0.75, samples 63
plot_ionograms.py: output_dir=/home/ionouser/ionozond_data2/, scanned 311 recent h5 files, 309 candidates newer than 48.0 h, 1 missing PNGs, 1 recently failed, current rss 111.3 MB, rss 111.3 MB, growth 0.3 MB, slope 0.00 MB/ionogram, r 0.75, samples 63
plot_ionograms.py: output_dir=/home/ionouser/ionozond_data2/, scanned 311 recent h5 files, 309 candidates newer than 48.0 h, 1 missing PNGs, 1 recently failed, current rss 111.3 MB, rss 111.3 MB, growth 0.3 MB, slope 0.00 MB/ionogram, r 0.75, samples 63
plot_ionograms.py: output_dir=/home/ionouser/ionozond_data2/, scanned 311 recent h5 files, 309 candidates newer than 48.0 h, 1 missing PNGs, 1 recently failed, current rss 111.3 MB, rss 111.3 MB, growth 0.3 MB, slope 0.00 MB/ionogram, r 0.75, samples 63
plot_ionograms.py: output_dir=/home/ionouser/ionozond_data2/, scanned 311 recent h5 files, 309 candidates newer than 48.0 h, 1 missing PNGs, 1 recently failed, current rss 111.3 MB, rss 111.3 MB, growth 0.3 MB, slope 0.00 MB/ionogram, r 0.75, samples 63
plot_ionograms.py: output_dir=/home/ionouser/ionozond_data2/, scanned 311 recent h5 files, 309 candidates newer than 48.0 h, 1 missing PNGs, 1 recently failed, current rss 111.3 MB, rss 111.3 MB, growth 0.3 MB, slope 0.00 MB/ionogram, r 0.75, samples 63
using pyfftw
plot_ionograms.py: reloaded config, rss 110.4 -> 110.6 MB
Traceback (most recent call last):
  File "/home/ionouser/chirpsounder2/plot_ionograms.py", line 423, in <module>
    ok = plot_ionogram(conf, args.plot_file)
  File "/home/ionouser/chirpsounder2/plot_ionograms.py", line 252, in plot_ionogram
    with h5py.File(fn, "r") as ho:
  File "/home/ionouser/chirpsounder2/.venv38/lib/python3.8/site-packages/h5py/_hl/files.py", line 562, in __init__
    fid = make_fid(name, mode, userblock_size, fapl, fcpl, swmr=swmr)
  File "/home/ionouser/chirpsounder2/.venv38/lib/python3.8/site-packages/h5py/_hl/files.py", line 235, in make_fid
    fid = h5f.open(name, flags, fapl=fapl)
  File "h5py/_objects.pyx", line 54, in h5py._objects.with_phil.wrapper
  File "h5py/_objects.pyx", line 55, in h5py._objects.with_phil.wrapper
  File "h5py/h5f.pyx", line 102, in h5py.h5f.open
OSError: Unable to synchronously open file (bad object header version number)
plot_ionograms.py: memory after lfm_ionogram-unkown-DOB-ch0-000-1786487400.01.h5: rss 111.3 MB, growth 0.3 MB, slope 0.00 MB/ionogram, r 0.76, samples 64
plot_ionograms.py: output_dir=/home/ionouser/ionozond_data2/, scanned 311 recent h5 files, 309 candidates newer than 48.0 h, 1 missing PNGs, 1 recently failed, current rss 111.3 MB, rss 111.3 MB, growth 0.3 MB, slope 0.00 MB/ionogram, r 0.76, samples 64
plot_ionograms.py: output_dir=/home/ionouser/ionozond_data2/, scanned 311 recent h5 files, 309 candidates newer than 48.0 h, 1 missing PNGs, 1 recently failed, current rss 111.3 MB, rss 111.3 MB, growth 0.3 MB, slope 0.00 MB/ionogram, r 0.76, samples 64
plot_ionograms.py: output_dir=/home/ionouser/ionozond_data2/, scanned 311 recent h5 files, 309 candidates newer than 48.0 h, 1 missing PNGs, 1 recently failed, current rss 111.3 MB, rss 111.3 MB, growth 0.3 MB, slope 0.00 MB/ionogram, r 0.76, samples 64
plot_ionograms.py: output_dir=/home/ionouser/ionozond_data2/, scanned 311 recent h5 files, 309 candidates newer than 48.0 h, 1 missing PNGs, 1 recently failed, current rss 111.3 MB, rss 111.3 MB, growth 0.3 MB, slope 0.00 MB/ionogram, r 0.76, samples 64
plot_ionograms.py: output_dir=/home/ionouser/ionozond_data2/, scanned 311 recent h5 files, 309 candidates newer than 48.0 h, 1 missing PNGs, 1 recently failed, current rss 111.3 MB, rss 111.3 MB, growth 0.3 MB, slope 0.00 MB/ionogram, r 0.76, samples 64
using pyfftw
plot_ionograms.py: reloaded config, rss 110.3 -> 110.6 MB
Traceback (most recent call last):
  File "/home/ionouser/chirpsounder2/plot_ionograms.py", line 423, in <module>
    ok = plot_ionogram(conf, args.plot_file)
  File "/home/ionouser/chirpsounder2/plot_ionograms.py", line 252, in plot_ionogram
    with h5py.File(fn, "r") as ho:
  File "/home/ionouser/chirpsounder2/.venv38/lib/python3.8/site-packages/h5py/_hl/files.py", line 562, in __init__
    fid = make_fid(name, mode, userblock_size, fapl, fcpl, swmr=swmr)
  File "/home/ionouser/chirpsounder2/.venv38/lib/python3.8/site-packages/h5py/_hl/files.py", line 235, in make_fid
    fid = h5f.open(name, flags, fapl=fapl)
  File "h5py/_objects.pyx", line 54, in h5py._objects.with_phil.wrapper
  File "h5py/_objects.pyx", line 55, in h5py._objects.with_phil.wrapper
  File "h5py/h5f.pyx", line 102, in h5py.h5f.open
OSError: Unable to synchronously open file (bad object header version number)
plot_ionograms.py: memory after lfm_ionogram-unkown-DOB-ch0-000-1786487400.01.h5: rss 111.3 MB, growth 0.3 MB, slope 0.00 MB/ionogram, r 0.78, samples 65
plot_ionograms.py: output_dir=/home/ionouser/ionozond_data2/, scanned 311 recent h5 files, 309 candidates newer than 48.0 h, 1 missing PNGs, 1 recently failed, current rss 111.3 MB, rss 111.3 MB, growth 0.3 MB, slope 0.00 MB/ionogram, r 0.78, samples 65
plot_ionograms.py: output_dir=/home/ionouser/ionozond_data2/, scanned 312 recent h5 files, 310 candidates newer than 48.0 h, 2 missing PNGs, 1 recently failed, current rss 111.3 MB, rss 111.3 MB, growth 0.3 MB, slope 0.00 MB/ionogram, r 0.78, samples 65
using pyfftw
plot_ionograms.py: reloaded config, rss 110.5 -> 110.8 MB
Plotting /home/ionouser/ionozond_data2/2026-08-12/lfm_ionogram-unkown-DOB-ch0-000-1786502640.01.h5 rate 100.00 (kHz/s) t0 1786502640.00942 (unix), rss 111.9 MB
failed to post /tmp/latest-lfm-unkown-DOB.png: HTTP 403
plot_ionograms.py: memory after lfm_ionogram-unkown-DOB-ch0-000-1786502640.01.h5: rss 111.3 MB, growth 0.3 MB, slope 0.00 MB/ionogram, r 0.79, samples 66
using pyfftw
plot_ionograms.py: reloaded config, rss 110.7 -> 110.9 MB
Plotting /home/ionouser/ionozond_data2/2026-08-12/lfm_ionogram-unkown-DOB-ch0-000-1786502700.01.h5 rate 100.00 (kHz/s) t0 1786502700.00973 (unix), rss 112.1 MB
failed to post /tmp/latest-lfm-unkown-DOB.png: HTTP 403
plot_ionograms.py: memory after lfm_ionogram-unkown-DOB-ch0-000-1786502700.01.h5: rss 111.3 MB, growth 0.3 MB, slope 0.00 MB/ionogram, r 0.80, samples 67
plot_ionograms.py: output_dir=/home/ionouser/ionozond_data2/, scanned 313 recent h5 files, 311 candidates newer than 48.0 h, 1 missing PNGs, 1 recently failed, current rss 111.3 MB, rss 111.3 MB, growth 0.3 MB, slope 0.00 MB/ionogram, r 0.80, samples 67
plot_ionograms.py: output_dir=/home/ionouser/ionozond_data2/, scanned 313 recent h5 files, 311 candidates newer than 48.0 h, 1 missing PNGs, 1 recently failed, current rss 111.3 MB, rss 111.3 MB, growth 0.3 MB, slope 0.00 MB/ionogram, r 0.80, samples 67
plot_ionograms.py: output_dir=/home/ionouser/ionozond_data2/, scanned 313 recent h5 files, 311 candidates newer than 48.0 h, 1 missing PNGs, 1 recently failed, current rss 111.3 MB, rss 111.3 MB, growth 0.3 MB, slope 0.00 MB/ionogram, r 0.80, samples 67
using pyfftw
plot_ionograms.py: reloaded config, rss 110.6 -> 110.9 MB
Traceback (most recent call last):
  File "/home/ionouser/chirpsounder2/plot_ionograms.py", line 423, in <module>
    ok = plot_ionogram(conf, args.plot_file)
  File "/home/ionouser/chirpsounder2/plot_ionograms.py", line 252, in plot_ionogram
    with h5py.File(fn, "r") as ho:
  File "/home/ionouser/chirpsounder2/.venv38/lib/python3.8/site-packages/h5py/_hl/files.py", line 562, in __init__
    fid = make_fid(name, mode, userblock_size, fapl, fcpl, swmr=swmr)
  File "/home/ionouser/chirpsounder2/.venv38/lib/python3.8/site-packages/h5py/_hl/files.py", line 235, in make_fid
    fid = h5f.open(name, flags, fapl=fapl)
  File "h5py/_objects.pyx", line 54, in h5py._objects.with_phil.wrapper
  File "h5py/_objects.pyx", line 55, in h5py._objects.with_phil.wrapper
  File "h5py/h5f.pyx", line 102, in h5py.h5f.open
OSError: Unable to synchronously open file (bad object header version number)
plot_ionograms.py: memory after lfm_ionogram-unkown-DOB-ch0-000-1786487400.01.h5: rss 111.3 MB, growth 0.3 MB, slope 0.00 MB/ionogram, r 0.81, samples 68
plot_ionograms.py: output_dir=/home/ionouser/ionozond_data2/, scanned 313 recent h5 files, 311 candidates newer than 48.0 h, 1 missing PNGs, 1 recently failed, current rss 111.3 MB, rss 111.3 MB, growth 0.3 MB, slope 0.00 MB/ionogram, r 0.81, samples 68
plot_ionograms.py: output_dir=/home/ionouser/ionozond_data2/, scanned 313 recent h5 files, 311 candidates newer than 48.0 h, 1 missing PNGs, 1 recently failed, current rss 111.3 MB, rss 111.3 MB, growth 0.3 MB, slope 0.00 MB/ionogram, r 0.81, samples 68
plot_ionograms.py: output_dir=/home/ionouser/ionozond_data2/, scanned 313 recent h5 files, 311 candidates newer than 48.0 h, 1 missing PNGs, 1 recently failed, current rss 111.3 MB, rss 111.3 MB, growth 0.3 MB, slope 0.00 MB/ionogram, r 0.81, samples 68
plot_ionograms.py: output_dir=/home/ionouser/ionozond_data2/, scanned 313 recent h5 files, 311 candidates newer than 48.0 h, 1 missing PNGs, 1 recently failed, current rss 111.3 MB, rss 111.3 MB, growth 0.3 MB, slope 0.00 MB/ionogram, r 0.81, samples 68
plot_ionograms.py: output_dir=/home/ionouser/ionozond_data2/, scanned 313 recent h5 files, 311 candidates newer than 48.0 h, 1 missing PNGs, 1 recently failed, current rss 111.3 MB, rss 111.3 MB, growth 0.3 MB, slope 0.00 MB/ionogram, r 0.81, samples 68
using pyfftw
plot_ionograms.py: reloaded config, rss 110.2 -> 110.4 MB
Traceback (most recent call last):
  File "/home/ionouser/chirpsounder2/plot_ionograms.py", line 423, in <module>
    ok = plot_ionogram(conf, args.plot_file)
  File "/home/ionouser/chirpsounder2/plot_ionograms.py", line 252, in plot_ionogram
    with h5py.File(fn, "r") as ho:
  File "/home/ionouser/chirpsounder2/.venv38/lib/python3.8/site-packages/h5py/_hl/files.py", line 562, in __init__
    fid = make_fid(name, mode, userblock_size, fapl, fcpl, swmr=swmr)
  File "/home/ionouser/chirpsounder2/.venv38/lib/python3.8/site-packages/h5py/_hl/files.py", line 235, in make_fid
    fid = h5f.open(name, flags, fapl=fapl)
  File "h5py/_objects.pyx", line 54, in h5py._objects.with_phil.wrapper
  File "h5py/_objects.pyx", line 55, in h5py._objects.with_phil.wrapper
  File "h5py/h5f.pyx", line 102, in h5py.h5f.open
OSError: Unable to synchronously open file (bad object header version number)
plot_ionograms.py: memory after lfm_ionogram-unkown-DOB-ch0-000-1786487400.01.h5: rss 111.3 MB, growth 0.3 MB, slope 0.00 MB/ionogram, r 0.82, samples 69
plot_ionograms.py: output_dir=/home/ionouser/ionozond_data2/, scanned 313 recent h5 files, 311 candidates newer than 48.0 h, 1 missing PNGs, 1 recently failed, current rss 111.3 MB, rss 111.3 MB, growth 0.3 MB, slope 0.00 MB/ionogram, r 0.82, samples 69
plot_ionograms.py: output_dir=/home/ionouser/ionozond_data2/, scanned 313 recent h5 files, 311 candidates newer than 48.0 h, 1 missing PNGs, 1 recently failed, current rss 111.3 MB, rss 111.3 MB, growth 0.3 MB, slope 0.00 MB/ionogram, r 0.82, samples 69
plot_ionograms.py: output_dir=/home/ionouser/ionozond_data2/, scanned 313 recent h5 files, 311 candidates newer than 48.0 h, 1 missing PNGs, 1 recently failed, current rss 111.3 MB, rss 111.3 MB, growth 0.3 MB, slope 0.00 MB/ionogram, r 0.82, samples 69
using pyfftw
plot_ionograms.py: reloaded config, rss 110.4 -> 110.6 MB
Plotting /home/ionouser/ionozond_data2/2026-08-12/lfm_ionogram-unkown-DOB-ch0-000-1786503540.01.h5 rate 100.00 (kHz/s) t0 1786503540.00933 (unix), rss 111.8 MB
failed to post /tmp/latest-lfm-unkown-DOB.png: HTTP 403
plot_ionograms.py: memory after lfm_ionogram-unkown-DOB-ch0-000-1786503540.01.h5: rss 111.3 MB, growth 0.3 MB, slope 0.00 MB/ionogram, r 0.83, samples 70
plot_ionograms.py: output_dir=/home/ionouser/ionozond_data2/, scanned 314 recent h5 files, 312 candidates newer than 48.0 h, 1 missing PNGs, 1 recently failed, current rss 111.3 MB, rss 111.3 MB, growth 0.3 MB, slope 0.00 MB/ionogram, r 0.83, samples 70
using pyfftw
plot_ionograms.py: reloaded config, rss 110.2 -> 110.4 MB
Traceback (most recent call last):
  File "/home/ionouser/chirpsounder2/plot_ionograms.py", line 423, in <module>
    ok = plot_ionogram(conf, args.plot_file)
  File "/home/ionouser/chirpsounder2/plot_ionograms.py", line 252, in plot_ionogram
    with h5py.File(fn, "r") as ho:
  File "/home/ionouser/chirpsounder2/.venv38/lib/python3.8/site-packages/h5py/_hl/files.py", line 562, in __init__
    fid = make_fid(name, mode, userblock_size, fapl, fcpl, swmr=swmr)
  File "/home/ionouser/chirpsounder2/.venv38/lib/python3.8/site-packages/h5py/_hl/files.py", line 235, in make_fid
    fid = h5f.open(name, flags, fapl=fapl)
  File "h5py/_objects.pyx", line 54, in h5py._objects.with_phil.wrapper
  File "h5py/_objects.pyx", line 55, in h5py._objects.with_phil.wrapper
  File "h5py/h5f.pyx", line 102, in h5py.h5f.open
OSError: Unable to synchronously open file (bad object header version number)
plot_ionograms.py: memory after lfm_ionogram-unkown-DOB-ch0-000-1786487400.01.h5: rss 111.3 MB, growth 0.3 MB, slope 0.00 MB/ionogram, r 0.83, samples 71
plot_ionograms.py: output_dir=/home/ionouser/ionozond_data2/, scanned 314 recent h5 files, 312 candidates newer than 48.0 h, 1 missing PNGs, 1 recently failed, current rss 111.3 MB, rss 111.3 MB, growth 0.3 MB, slope 0.00 MB/ionogram, r 0.83, samples 71
using pyfftw
plot_ionograms.py: reloaded config, rss 110.6 -> 110.8 MB
Plotting /home/ionouser/ionozond_data2/2026-08-12/lfm_ionogram-unkown-DOB-ch0-000-1786503545.01.h5 rate 100.00 (kHz/s) t0 1786503545.00933 (unix), rss 111.8 MB
failed to post /tmp/latest-lfm-unkown-DOB.png: HTTP 403
plot_ionograms.py: memory after lfm_ionogram-unkown-DOB-ch0-000-1786503545.01.h5: rss 111.3 MB, growth 0.3 MB, slope 0.00 MB/ionogram, r 0.84, samples 72
plot_ionograms.py: output_dir=/home/ionouser/ionozond_data2/, scanned 315 recent h5 files, 313 candidates newer than 48.0 h, 1 missing PNGs, 1 recently failed, current rss 111.3 MB, rss 111.3 MB, growth 0.3 MB, slope 0.00 MB/ionogram, r 0.84, samples 72
using pyfftw
plot_ionograms.py: reloaded config, rss 110.1 -> 110.4 MB
Plotting /home/ionouser/ionozond_data2/2026-08-12/lfm_ionogram-unkown-DOB-ch0-000-1786504200.01.h5 rate 100.00 (kHz/s) t0 1786504200.00955 (unix), rss 111.6 MB
failed to post /tmp/latest-lfm-unkown-DOB.png: HTTP 403
plot_ionograms.py: memory after lfm_ionogram-unkown-DOB-ch0-000-1786504200.01.h5: rss 111.3 MB, growth 0.3 MB, slope 0.00 MB/ionogram, r 0.85, samples 73
plot_ionograms.py: output_dir=/home/ionouser/ionozond_data2/, scanned 316 recent h5 files, 314 candidates newer than 48.0 h, 1 missing PNGs, 1 recently failed, current rss 111.3 MB, rss 111.3 MB, growth 0.3 MB, slope 0.00 MB/ionogram, r 0.85, samples 73
plot_ionograms.py: output_dir=/home/ionouser/ionozond_data2/, scanned 316 recent h5 files, 314 candidates newer than 48.0 h, 1 missing PNGs, 1 recently failed, current rss 111.3 MB, rss 111.3 MB, growth 0.3 MB, slope 0.00 MB/ionogram, r 0.85, samples 73
plot_ionograms.py: output_dir=/home/ionouser/ionozond_data2/, scanned 316 recent h5 files, 314 candidates newer than 48.0 h, 1 missing PNGs, 1 recently failed, current rss 111.3 MB, rss 111.3 MB, growth 0.3 MB, slope 0.00 MB/ionogram, r 0.85, samples 73
using pyfftw
plot_ionograms.py: reloaded config, rss 110.3 -> 110.6 MB
Traceback (most recent call last):
  File "/home/ionouser/chirpsounder2/plot_ionograms.py", line 423, in <module>
    ok = plot_ionogram(conf, args.plot_file)
  File "/home/ionouser/chirpsounder2/plot_ionograms.py", line 252, in plot_ionogram
    with h5py.File(fn, "r") as ho:
  File "/home/ionouser/chirpsounder2/.venv38/lib/python3.8/site-packages/h5py/_hl/files.py", line 562, in __init__
    fid = make_fid(name, mode, userblock_size, fapl, fcpl, swmr=swmr)
  File "/home/ionouser/chirpsounder2/.venv38/lib/python3.8/site-packages/h5py/_hl/files.py", line 235, in make_fid
    fid = h5f.open(name, flags, fapl=fapl)
  File "h5py/_objects.pyx", line 54, in h5py._objects.with_phil.wrapper
  File "h5py/_objects.pyx", line 55, in h5py._objects.with_phil.wrapper
  File "h5py/h5f.pyx", line 102, in h5py.h5f.open
OSError: Unable to synchronously open file (bad object header version number)
plot_ionograms.py: memory after lfm_ionogram-unkown-DOB-ch0-000-1786487400.01.h5: rss 111.3 MB, growth 0.3 MB, slope 0.00 MB/ionogram, r 0.85, samples 74
plot_ionograms.py: output_dir=/home/ionouser/ionozond_data2/, scanned 316 recent h5 files, 314 candidates newer than 48.0 h, 1 missing PNGs, 1 recently failed, current rss 111.3 MB, rss 111.3 MB, growth 0.3 MB, slope 0.00 MB/ionogram, r 0.85, samples 74
plot_ionograms.py: output_dir=/home/ionouser/ionozond_data2/, scanned 316 recent h5 files, 314 candidates newer than 48.0 h, 1 missing PNGs, 1 recently failed, current rss 111.3 MB, rss 111.3 MB, growth 0.3 MB, slope 0.00 MB/ionogram, r 0.85, samples 74
using pyfftw
plot_ionograms.py: reloaded config, rss 110.7 -> 111.0 MB
Plotting /home/ionouser/ionozond_data2/2026-08-12/lfm_ionogram-unkown-DOB-ch0-000-1786504440.01.h5 rate 100.00 (kHz/s) t0 1786504440.00887 (unix), rss 111.9 MB
failed to post /tmp/latest-lfm-unkown-DOB.png: HTTP 403
plot_ionograms.py: memory after lfm_ionogram-unkown-DOB-ch0-000-1786504440.01.h5: rss 111.3 MB, growth 0.3 MB, slope 0.00 MB/ionogram, r 0.86, samples 75
plot_ionograms.py: output_dir=/home/ionouser/ionozond_data2/, scanned 318 recent h5 files, 316 candidates newer than 48.0 h, 2 missing PNGs, 1 recently failed, current rss 111.3 MB, rss 111.3 MB, growth 0.3 MB, slope 0.00 MB/ionogram, r 0.86, samples 75
using pyfftw
plot_ionograms.py: reloaded config, rss 110.4 -> 110.7 MB
Plotting /home/ionouser/ionozond_data2/2026-08-12/lfm_ionogram-unkown-DOB-ch0-000-1786504515.05.h5 rate 125.00 (kHz/s) t0 1786504515.04561 (unix), rss 111.8 MB
failed to post /tmp/latest-lfm-unkown-DOB.png: HTTP 403
plot_ionograms.py: memory after lfm_ionogram-unkown-DOB-ch0-000-1786504515.05.h5: rss 111.3 MB, growth 0.3 MB, slope 0.00 MB/ionogram, r 0.87, samples 76
plot_ionograms.py: output_dir=/home/ionouser/ionozond_data2/, scanned 318 recent h5 files, 316 candidates newer than 48.0 h, 1 missing PNGs, 1 recently failed, current rss 111.3 MB, rss 111.3 MB, growth 0.3 MB, slope 0.00 MB/ionogram, r 0.87, samples 76
using pyfftw
plot_ionograms.py: reloaded config, rss 110.4 -> 110.7 MB
Traceback (most recent call last):
  File "/home/ionouser/chirpsounder2/plot_ionograms.py", line 423, in <module>
    ok = plot_ionogram(conf, args.plot_file)
  File "/home/ionouser/chirpsounder2/plot_ionograms.py", line 252, in plot_ionogram
    with h5py.File(fn, "r") as ho:
  File "/home/ionouser/chirpsounder2/.venv38/lib/python3.8/site-packages/h5py/_hl/files.py", line 562, in __init__
    fid = make_fid(name, mode, userblock_size, fapl, fcpl, swmr=swmr)
  File "/home/ionouser/chirpsounder2/.venv38/lib/python3.8/site-packages/h5py/_hl/files.py", line 235, in make_fid
    fid = h5f.open(name, flags, fapl=fapl)
  File "h5py/_objects.pyx", line 54, in h5py._objects.with_phil.wrapper
  File "h5py/_objects.pyx", line 55, in h5py._objects.with_phil.wrapper
  File "h5py/h5f.pyx", line 102, in h5py.h5f.open
OSError: Unable to synchronously open file (bad object header version number)
plot_ionograms.py: memory after lfm_ionogram-unkown-DOB-ch0-000-1786487400.01.h5: rss 111.3 MB, growth 0.3 MB, slope 0.00 MB/ionogram, r 0.87, samples 77
plot_ionograms.py: output_dir=/home/ionouser/ionozond_data2/, scanned 318 recent h5 files, 316 candidates newer than 48.0 h, 1 missing PNGs, 1 recently failed, current rss 111.3 MB, rss 111.3 MB, growth 0.3 MB, slope 0.00 MB/ionogram, r 0.87, samples 77
plot_ionograms.py: output_dir=/home/ionouser/ionozond_data2/, scanned 318 recent h5 files, 316 candidates newer than 48.0 h, 1 missing PNGs, 1 recently failed, current rss 111.3 MB, rss 111.3 MB, growth 0.3 MB, slope 0.00 MB/ionogram, r 0.87, samples 77
plot_ionograms.py: output_dir=/home/ionouser/ionozond_data2/, scanned 319 recent h5 files, 317 candidates newer than 48.0 h, 2 missing PNGs, 1 recently failed, current rss 111.3 MB, rss 111.3 MB, growth 0.3 MB, slope 0.00 MB/ionogram, r 0.87, samples 77
using pyfftw
plot_ionograms.py: reloaded config, rss 110.5 -> 110.8 MB
Plotting /home/ionouser/ionozond_data2/2026-08-12/lfm_ionogram-unkown-DOB-ch0-000-1786504745.01.h5 rate 100.00 (kHz/s) t0 1786504745.00923 (unix), rss 111.9 MB
failed to post /tmp/latest-lfm-unkown-DOB.png: HTTP 403
plot_ionograms.py: memory after lfm_ionogram-unkown-DOB-ch0-000-1786504745.01.h5: rss 111.3 MB, growth 0.3 MB, slope 0.00 MB/ionogram, r 0.88, samples 78
using pyfftw
plot_ionograms.py: reloaded config, rss 110.1 -> 110.3 MB
Plotting /home/ionouser/ionozond_data2/2026-08-12/lfm_ionogram-unkown-DOB-ch0-000-1786504800.01.h5 rate 100.00 (kHz/s) t0 1786504800.00913 (unix), rss 111.6 MB
failed to post /tmp/latest-lfm-unkown-DOB.png: HTTP 403
plot_ionograms.py: memory after lfm_ionogram-unkown-DOB-ch0-000-1786504800.01.h5: rss 111.3 MB, growth 0.3 MB, slope 0.00 MB/ionogram, r 0.88, samples 79
plot_ionograms.py: output_dir=/home/ionouser/ionozond_data2/, scanned 320 recent h5 files, 318 candidates newer than 48.0 h, 1 missing PNGs, 1 recently failed, current rss 111.3 MB, rss 111.3 MB, growth 0.3 MB, slope 0.00 MB/ionogram, r 0.88, samples 79
plot_ionograms.py: output_dir=/home/ionouser/ionozond_data2/, scanned 320 recent h5 files, 318 candidates newer than 48.0 h, 1 missing PNGs, 1 recently failed, current rss 111.3 MB, rss 111.3 MB, growth 0.3 MB, slope 0.00 MB/ionogram, r 0.88, samples 79
using pyfftw
plot_ionograms.py: reloaded config, rss 110.5 -> 110.7 MB
Traceback (most recent call last):
  File "/home/ionouser/chirpsounder2/plot_ionograms.py", line 423, in <module>
    ok = plot_ionogram(conf, args.plot_file)
  File "/home/ionouser/chirpsounder2/plot_ionograms.py", line 252, in plot_ionogram
    with h5py.File(fn, "r") as ho:
  File "/home/ionouser/chirpsounder2/.venv38/lib/python3.8/site-packages/h5py/_hl/files.py", line 562, in __init__
    fid = make_fid(name, mode, userblock_size, fapl, fcpl, swmr=swmr)
  File "/home/ionouser/chirpsounder2/.venv38/lib/python3.8/site-packages/h5py/_hl/files.py", line 235, in make_fid
    fid = h5f.open(name, flags, fapl=fapl)
  File "h5py/_objects.pyx", line 54, in h5py._objects.with_phil.wrapper
  File "h5py/_objects.pyx", line 55, in h5py._objects.with_phil.wrapper
  File "h5py/h5f.pyx", line 102, in h5py.h5f.open
OSError: Unable to synchronously open file (bad object header version number)
plot_ionograms.py: memory after lfm_ionogram-unkown-DOB-ch0-000-1786487400.01.h5: rss 111.3 MB, growth 0.4 MB, slope 0.00 MB/ionogram, r 0.89, samples 80
plot_ionograms.py: output_dir=/home/ionouser/ionozond_data2/, scanned 320 recent h5 files, 318 candidates newer than 48.0 h, 1 missing PNGs, 1 recently failed, current rss 111.3 MB, rss 111.3 MB, growth 0.4 MB, slope 0.00 MB/ionogram, r 0.89, samples 80
plot_ionograms.py: output_dir=/home/ionouser/ionozond_data2/, scanned 320 recent h5 files, 318 candidates newer than 48.0 h, 1 missing PNGs, 1 recently failed, current rss 111.3 MB, rss 111.3 MB, growth 0.4 MB, slope 0.00 MB/ionogram, r 0.89, samples 80
using pyfftw
plot_ionograms.py: reloaded config, rss 110.4 -> 110.6 MB
Plotting /home/ionouser/ionozond_data2/2026-08-12/lfm_ionogram-unkown-DOB-ch0-000-1786505040.01.h5 rate 100.00 (kHz/s) t0 1786505040.00922 (unix), rss 111.7 MB
failed to post /tmp/latest-lfm-unkown-DOB.png: HTTP 403
plot_ionograms.py: memory after lfm_ionogram-unkown-DOB-ch0-000-1786505040.01.h5: rss 111.3 MB, growth 0.4 MB, slope 0.00 MB/ionogram, r 0.89, samples 81
plot_ionograms.py: output_dir=/home/ionouser/ionozond_data2/, scanned 321 recent h5 files, 319 candidates newer than 48.0 h, 1 missing PNGs, 1 recently failed, current rss 111.3 MB, rss 111.3 MB, growth 0.4 MB, slope 0.00 MB/ionogram, r 0.89, samples 81
using pyfftw
plot_ionograms.py: reloaded config, rss 110.4 -> 110.7 MB
Plotting /home/ionouser/ionozond_data2/2026-08-12/lfm_ionogram-unkown-DOB-ch0-000-1786505045.01.h5 rate 100.00 (kHz/s) t0 1786505045.00918 (unix), rss 111.8 MB
failed to post /tmp/latest-lfm-unkown-DOB.png: HTTP 403
plot_ionograms.py: memory after lfm_ionogram-unkown-DOB-ch0-000-1786505045.01.h5: rss 111.3 MB, growth 0.4 MB, slope 0.00 MB/ionogram, r 0.89, samples 82
plot_ionograms.py: output_dir=/home/ionouser/ionozond_data2/, scanned 322 recent h5 files, 320 candidates newer than 48.0 h, 1 missing PNGs, 1 recently failed, current rss 111.3 MB, rss 111.3 MB, growth 0.4 MB, slope 0.00 MB/ionogram, r 0.89, samples 82
using pyfftw
plot_ionograms.py: reloaded config, rss 110.5 -> 110.8 MB
Traceback (most recent call last):
  File "/home/ionouser/chirpsounder2/plot_ionograms.py", line 423, in <module>
    ok = plot_ionogram(conf, args.plot_file)
  File "/home/ionouser/chirpsounder2/plot_ionograms.py", line 252, in plot_ionogram
    with h5py.File(fn, "r") as ho:
  File "/home/ionouser/chirpsounder2/.venv38/lib/python3.8/site-packages/h5py/_hl/files.py", line 562, in __init__
    fid = make_fid(name, mode, userblock_size, fapl, fcpl, swmr=swmr)
  File "/home/ionouser/chirpsounder2/.venv38/lib/python3.8/site-packages/h5py/_hl/files.py", line 235, in make_fid
    fid = h5f.open(name, flags, fapl=fapl)
  File "h5py/_objects.pyx", line 54, in h5py._objects.with_phil.wrapper
  File "h5py/_objects.pyx", line 55, in h5py._objects.with_phil.wrapper
  File "h5py/h5f.pyx", line 102, in h5py.h5f.open
OSError: Unable to synchronously open file (bad object header version number)
plot_ionograms.py: memory after lfm_ionogram-unkown-DOB-ch0-000-1786487400.01.h5: rss 111.3 MB, growth 0.4 MB, slope 0.00 MB/ionogram, r 0.90, samples 83
plot_ionograms.py: output_dir=/home/ionouser/ionozond_data2/, scanned 322 recent h5 files, 320 candidates newer than 48.0 h, 1 missing PNGs, 1 recently failed, current rss 111.3 MB, rss 111.3 MB, growth 0.4 MB, slope 0.00 MB/ionogram, r 0.90, samples 83
plot_ionograms.py: output_dir=/home/ionouser/ionozond_data2/, scanned 322 recent h5 files, 320 candidates newer than 48.0 h, 1 missing PNGs, 1 recently failed, current rss 111.3 MB, rss 111.3 MB, growth 0.4 MB, slope 0.00 MB/ionogram, r 0.90, samples 83
plot_ionograms.py: output_dir=/home/ionouser/ionozond_data2/, scanned 323 recent h5 files, 321 candidates newer than 48.0 h, 2 missing PNGs, 1 recently failed, current rss 111.3 MB, rss 111.3 MB, growth 0.4 MB, slope 0.00 MB/ionogram, r 0.90, samples 83
using pyfftw
plot_ionograms.py: reloaded config, rss 110.2 -> 110.5 MB
Plotting /home/ionouser/ionozond_data2/2026-08-12/lfm_ionogram-unkown-DOB-ch0-000-1786505345.01.h5 rate 100.00 (kHz/s) t0 1786505345.00922 (unix), rss 111.6 MB
failed to post /tmp/latest-lfm-unkown-DOB.png: HTTP 403
plot_ionograms.py: memory after lfm_ionogram-unkown-DOB-ch0-000-1786505345.01.h5: rss 111.3 MB, growth 0.4 MB, slope 0.00 MB/ionogram, r 0.90, samples 84
using pyfftw
plot_ionograms.py: reloaded config, rss 110.7 -> 110.9 MB
Plotting /home/ionouser/ionozond_data2/2026-08-12/lfm_ionogram-unkown-DOB-ch0-000-1786505400.01.h5 rate 100.00 (kHz/s) t0 1786505400.00923 (unix), rss 112.0 MB
failed to post /tmp/latest-lfm-unkown-DOB.png: HTTP 403
plot_ionograms.py: memory after lfm_ionogram-unkown-DOB-ch0-000-1786505400.01.h5: rss 111.3 MB, growth 0.4 MB, slope 0.00 MB/ionogram, r 0.91, samples 85
plot_ionograms.py: output_dir=/home/ionouser/ionozond_data2/, scanned 324 recent h5 files, 322 candidates newer than 48.0 h, 1 missing PNGs, 1 recently failed, current rss 111.4 MB, rss 111.3 MB, growth 0.4 MB, slope 0.00 MB/ionogram, r 0.91, samples 85
plot_ionograms.py: output_dir=/home/ionouser/ionozond_data2/, scanned 324 recent h5 files, 322 candidates newer than 48.0 h, 1 missing PNGs, 1 recently failed, current rss 111.4 MB, rss 111.3 MB, growth 0.4 MB, slope 0.00 MB/ionogram, r 0.91, samples 85
using pyfftw
plot_ionograms.py: reloaded config, rss 110.3 -> 110.5 MB
Traceback (most recent call last):
  File "/home/ionouser/chirpsounder2/plot_ionograms.py", line 423, in <module>
    ok = plot_ionogram(conf, args.plot_file)
  File "/home/ionouser/chirpsounder2/plot_ionograms.py", line 252, in plot_ionogram
    with h5py.File(fn, "r") as ho:
  File "/home/ionouser/chirpsounder2/.venv38/lib/python3.8/site-packages/h5py/_hl/files.py", line 562, in __init__
    fid = make_fid(name, mode, userblock_size, fapl, fcpl, swmr=swmr)
  File "/home/ionouser/chirpsounder2/.venv38/lib/python3.8/site-packages/h5py/_hl/files.py", line 235, in make_fid
    fid = h5f.open(name, flags, fapl=fapl)
  File "h5py/_objects.pyx", line 54, in h5py._objects.with_phil.wrapper
  File "h5py/_objects.pyx", line 55, in h5py._objects.with_phil.wrapper
  File "h5py/h5f.pyx", line 102, in h5py.h5f.open
OSError: Unable to synchronously open file (bad object header version number)
plot_ionograms.py: memory after lfm_ionogram-unkown-DOB-ch0-000-1786487400.01.h5: rss 111.4 MB, growth 0.4 MB, slope 0.00 MB/ionogram, r 0.91, samples 86
plot_ionograms.py: output_dir=/home/ionouser/ionozond_data2/, scanned 324 recent h5 files, 322 candidates newer than 48.0 h, 1 missing PNGs, 1 recently failed, current rss 111.4 MB, rss 111.4 MB, growth 0.4 MB, slope 0.00 MB/ionogram, r 0.91, samples 86
plot_ionograms.py: output_dir=/home/ionouser/ionozond_data2/, scanned 324 recent h5 files, 322 candidates newer than 48.0 h, 1 missing PNGs, 1 recently failed, current rss 111.4 MB, rss 111.4 MB, growth 0.4 MB, slope 0.00 MB/ionogram, r 0.91, samples 86
using pyfftw
plot_ionograms.py: reloaded config, rss 110.1 -> 110.3 MB
Plotting /home/ionouser/ionozond_data2/2026-08-12/lfm_ionogram-unkown-DOB-ch0-000-1786505645.01.h5 rate 100.00 (kHz/s) t0 1786505645.00923 (unix), rss 111.3 MB
failed to post /tmp/latest-lfm-unkown-DOB.png: HTTP 403
plot_ionograms.py: memory after lfm_ionogram-unkown-DOB-ch0-000-1786505645.01.h5: rss 111.4 MB, growth 0.4 MB, slope 0.00 MB/ionogram, r 0.91, samples 87
plot_ionograms.py: output_dir=/home/ionouser/ionozond_data2/, scanned 325 recent h5 files, 323 candidates newer than 48.0 h, 1 missing PNGs, 1 recently failed, current rss 111.4 MB, rss 111.4 MB, growth 0.4 MB, slope 0.00 MB/ionogram, r 0.91, samples 87
using pyfftw
plot_ionograms.py: reloaded config, rss 110.5 -> 110.8 MB
Plotting /home/ionouser/ionozond_data2/2026-08-12/lfm_ionogram-unkown-DOB-ch0-000-1786505700.01.h5 rate 100.00 (kHz/s) t0 1786505700.00922 (unix), rss 111.8 MB
failed to post /tmp/latest-lfm-unkown-DOB.png: HTTP 403
plot_ionograms.py: memory after lfm_ionogram-unkown-DOB-ch0-000-1786505700.01.h5: rss 111.4 MB, growth 0.4 MB, slope 0.00 MB/ionogram, r 0.91, samples 88
plot_ionograms.py: output_dir=/home/ionouser/ionozond_data2/, scanned 326 recent h5 files, 324 candidates newer than 48.0 h, 1 missing PNGs, 1 recently failed, current rss 111.4 MB, rss 111.4 MB, growth 0.4 MB, slope 0.00 MB/ionogram, r 0.91, samples 88
using pyfftw
plot_ionograms.py: reloaded config, rss 110.5 -> 110.7 MB
Traceback (most recent call last):
  File "/home/ionouser/chirpsounder2/plot_ionograms.py", line 423, in <module>
    ok = plot_ionogram(conf, args.plot_file)
  File "/home/ionouser/chirpsounder2/plot_ionograms.py", line 252, in plot_ionogram
    with h5py.File(fn, "r") as ho:
  File "/home/ionouser/chirpsounder2/.venv38/lib/python3.8/site-packages/h5py/_hl/files.py", line 562, in __init__
    fid = make_fid(name, mode, userblock_size, fapl, fcpl, swmr=swmr)
  File "/home/ionouser/chirpsounder2/.venv38/lib/python3.8/site-packages/h5py/_hl/files.py", line 235, in make_fid
    fid = h5f.open(name, flags, fapl=fapl)
  File "h5py/_objects.pyx", line 54, in h5py._objects.with_phil.wrapper
  File "h5py/_objects.pyx", line 55, in h5py._objects.with_phil.wrapper
  File "h5py/h5f.pyx", line 102, in h5py.h5f.open
OSError: Unable to synchronously open file (bad object header version number)
plot_ionograms.py: memory after lfm_ionogram-unkown-DOB-ch0-000-1786487400.01.h5: rss 111.4 MB, growth 0.4 MB, slope 0.00 MB/ionogram, r 0.92, samples 89
plot_ionograms.py: output_dir=/home/ionouser/ionozond_data2/, scanned 326 recent h5 files, 324 candidates newer than 48.0 h, 1 missing PNGs, 1 recently failed, current rss 111.4 MB, rss 111.4 MB, growth 0.4 MB, slope 0.00 MB/ionogram, r 0.92, samples 89
plot_ionograms.py: output_dir=/home/ionouser/ionozond_data2/, scanned 326 recent h5 files, 324 candidates newer than 48.0 h, 1 missing PNGs, 1 recently failed, current rss 111.4 MB, rss 111.4 MB, growth 0.4 MB, slope 0.00 MB/ionogram, r 0.92, samples 89
plot_ionograms.py: output_dir=/home/ionouser/ionozond_data2/, scanned 326 recent h5 files, 324 candidates newer than 48.0 h, 1 missing PNGs, 1 recently failed, current rss 111.4 MB, rss 111.4 MB, growth 0.4 MB, slope 0.00 MB/ionogram, r 0.92, samples 89
using pyfftw
plot_ionograms.py: reloaded config, rss 110.3 -> 110.5 MB
Plotting /home/ionouser/ionozond_data2/2026-08-12/lfm_ionogram-unkown-DOB-ch0-000-1786505945.01.h5 rate 100.00 (kHz/s) t0 1786505945.00920 (unix), rss 111.6 MB
failed to post /tmp/latest-lfm-unkown-DOB.png: HTTP 403
plot_ionograms.py: memory after lfm_ionogram-unkown-DOB-ch0-000-1786505945.01.h5: rss 111.4 MB, growth 0.4 MB, slope 0.00 MB/ionogram, r 0.92, samples 90
using pyfftw
plot_ionograms.py: reloaded config, rss 110.1 -> 110.3 MB
Plotting /home/ionouser/ionozond_data2/2026-08-12/lfm_ionogram-unkown-DOB-ch0-000-1786506000.01.h5 rate 100.00 (kHz/s) t0 1786506000.00918 (unix), rss 111.5 MB
failed to post /tmp/latest-lfm-unkown-DOB.png: HTTP 403
plot_ionograms.py: memory after lfm_ionogram-unkown-DOB-ch0-000-1786506000.01.h5: rss 111.4 MB, growth 0.4 MB, slope 0.00 MB/ionogram, r 0.92, samples 91
plot_ionograms.py: output_dir=/home/ionouser/ionozond_data2/, scanned 328 recent h5 files, 326 candidates newer than 48.0 h, 1 missing PNGs, 1 recently failed, current rss 111.4 MB, rss 111.4 MB, growth 0.4 MB, slope 0.00 MB/ionogram, r 0.92, samples 91
plot_ionograms.py: output_dir=/home/ionouser/ionozond_data2/, scanned 328 recent h5 files, 326 candidates newer than 48.0 h, 1 missing PNGs, 1 recently failed, current rss 111.4 MB, rss 111.4 MB, growth 0.4 MB, slope 0.00 MB/ionogram, r 0.92, samples 91
using pyfftw
plot_ionograms.py: reloaded config, rss 110.4 -> 110.7 MB
Traceback (most recent call last):
  File "/home/ionouser/chirpsounder2/plot_ionograms.py", line 423, in <module>
    ok = plot_ionogram(conf, args.plot_file)
  File "/home/ionouser/chirpsounder2/plot_ionograms.py", line 252, in plot_ionogram
    with h5py.File(fn, "r") as ho:
  File "/home/ionouser/chirpsounder2/.venv38/lib/python3.8/site-packages/h5py/_hl/files.py", line 562, in __init__
    fid = make_fid(name, mode, userblock_size, fapl, fcpl, swmr=swmr)
  File "/home/ionouser/chirpsounder2/.venv38/lib/python3.8/site-packages/h5py/_hl/files.py", line 235, in make_fid
    fid = h5f.open(name, flags, fapl=fapl)
  File "h5py/_objects.pyx", line 54, in h5py._objects.with_phil.wrapper
  File "h5py/_objects.pyx", line 55, in h5py._objects.with_phil.wrapper
  File "h5py/h5f.pyx", line 102, in h5py.h5f.open
OSError: Unable to synchronously open file (bad object header version number)
plot_ionograms.py: memory after lfm_ionogram-unkown-DOB-ch0-000-1786487400.01.h5: rss 111.4 MB, growth 0.4 MB, slope 0.00 MB/ionogram, r 0.93, samples 92
plot_ionograms.py: output_dir=/home/ionouser/ionozond_data2/, scanned 328 recent h5 files, 326 candidates newer than 48.0 h, 1 missing PNGs, 1 recently failed, current rss 111.4 MB, rss 111.4 MB, growth 0.4 MB, slope 0.00 MB/ionogram, r 0.93, samples 92
plot_ionograms.py: output_dir=/home/ionouser/ionozond_data2/, scanned 328 recent h5 files, 326 candidates newer than 48.0 h, 1 missing PNGs, 1 recently failed, current rss 111.4 MB, rss 111.4 MB, growth 0.4 MB, slope 0.00 MB/ionogram, r 0.93, samples 92
using pyfftw
plot_ionograms.py: reloaded config, rss 110.0 -> 110.2 MB
Plotting /home/ionouser/ionozond_data2/2026-08-12/lfm_ionogram-unkown-DOB-ch0-000-1786506245.01.h5 rate 100.00 (kHz/s) t0 1786506245.00920 (unix), rss 111.5 MB
failed to post /tmp/latest-lfm-unkown-DOB.png: HTTP 403
plot_ionograms.py: memory after lfm_ionogram-unkown-DOB-ch0-000-1786506245.01.h5: rss 111.4 MB, growth 0.4 MB, slope 0.00 MB/ionogram, r 0.93, samples 93
plot_ionograms.py: output_dir=/home/ionouser/ionozond_data2/, scanned 330 recent h5 files, 328 candidates newer than 48.0 h, 2 missing PNGs, 1 recently failed, current rss 111.4 MB, rss 111.4 MB, growth 0.4 MB, slope 0.00 MB/ionogram, r 0.93, samples 93
using pyfftw
plot_ionograms.py: reloaded config, rss 110.5 -> 110.7 MB
Plotting /home/ionouser/ionozond_data2/2026-08-12/lfm_ionogram-unkown-DOB-ch0-000-1786506300.01.h5 rate 100.00 (kHz/s) t0 1786506300.00920 (unix), rss 111.8 MB
failed to post /tmp/latest-lfm-unkown-DOB.png: HTTP 403
plot_ionograms.py: memory after lfm_ionogram-unkown-DOB-ch0-000-1786506300.01.h5: rss 111.4 MB, growth 0.4 MB, slope 0.00 MB/ionogram, r 0.93, samples 94
plot_ionograms.py: output_dir=/home/ionouser/ionozond_data2/, scanned 330 recent h5 files, 328 candidates newer than 48.0 h, 1 missing PNGs, 1 recently failed, current rss 111.4 MB, rss 111.4 MB, growth 0.4 MB, slope 0.00 MB/ionogram, r 0.93, samples 94
using pyfftw
plot_ionograms.py: reloaded config, rss 110.5 -> 110.7 MB
Traceback (most recent call last):
  File "/home/ionouser/chirpsounder2/plot_ionograms.py", line 423, in <module>
    ok = plot_ionogram(conf, args.plot_file)
  File "/home/ionouser/chirpsounder2/plot_ionograms.py", line 252, in plot_ionogram
    with h5py.File(fn, "r") as ho:
  File "/home/ionouser/chirpsounder2/.venv38/lib/python3.8/site-packages/h5py/_hl/files.py", line 562, in __init__
    fid = make_fid(name, mode, userblock_size, fapl, fcpl, swmr=swmr)
  File "/home/ionouser/chirpsounder2/.venv38/lib/python3.8/site-packages/h5py/_hl/files.py", line 235, in make_fid
    fid = h5f.open(name, flags, fapl=fapl)
  File "h5py/_objects.pyx", line 54, in h5py._objects.with_phil.wrapper
  File "h5py/_objects.pyx", line 55, in h5py._objects.with_phil.wrapper
  File "h5py/h5f.pyx", line 102, in h5py.h5f.open
OSError: Unable to synchronously open file (bad object header version number)
plot_ionograms.py: memory after lfm_ionogram-unkown-DOB-ch0-000-1786487400.01.h5: rss 111.4 MB, growth 0.4 MB, slope 0.00 MB/ionogram, r 0.93, samples 95
plot_ionograms.py: output_dir=/home/ionouser/ionozond_data2/, scanned 330 recent h5 files, 328 candidates newer than 48.0 h, 1 missing PNGs, 1 recently failed, current rss 111.4 MB, rss 111.4 MB, growth 0.4 MB, slope 0.00 MB/ionogram, r 0.93, samples 95
plot_ionograms.py: output_dir=/home/ionouser/ionozond_data2/, scanned 330 recent h5 files, 328 candidates newer than 48.0 h, 1 missing PNGs, 1 recently failed, current rss 111.4 MB, rss 111.4 MB, growth 0.4 MB, slope 0.00 MB/ionogram, r 0.93, samples 95
using pyfftw
plot_ionograms.py: reloaded config, rss 110.1 -> 110.4 MB
Plotting /home/ionouser/ionozond_data2/2026-08-12/lfm_ionogram-unkown-DOB-ch0-000-1786506545.01.h5 rate 100.00 (kHz/s) t0 1786506545.00920 (unix), rss 111.5 MB
failed to post /tmp/latest-lfm-unkown-DOB.png: HTTP 403
plot_ionograms.py: memory after lfm_ionogram-unkown-DOB-ch0-000-1786506545.01.h5: rss 111.4 MB, growth 0.4 MB, slope 0.00 MB/ionogram, r 0.93, samples 96
plot_ionograms.py: output_dir=/home/ionouser/ionozond_data2/, scanned 331 recent h5 files, 329 candidates newer than 48.0 h, 1 missing PNGs, 1 recently failed, current rss 111.4 MB, rss 111.4 MB, growth 0.4 MB, slope 0.00 MB/ionogram, r 0.93, samples 96
using pyfftw
plot_ionograms.py: reloaded config, rss 110.2 -> 110.5 MB
Plotting /home/ionouser/ionozond_data2/2026-08-12/lfm_ionogram-unkown-DOB-ch0-000-1786506600.01.h5 rate 100.00 (kHz/s) t0 1786506600.00915 (unix), rss 111.6 MB
failed to post /tmp/latest-lfm-unkown-DOB.png: HTTP 403
plot_ionograms.py: memory after lfm_ionogram-unkown-DOB-ch0-000-1786506600.01.h5: rss 111.4 MB, growth 0.4 MB, slope 0.00 MB/ionogram, r 0.94, samples 97
plot_ionograms.py: output_dir=/home/ionouser/ionozond_data2/, scanned 332 recent h5 files, 330 candidates newer than 48.0 h, 1 missing PNGs, 1 recently failed, current rss 111.4 MB, rss 111.4 MB, growth 0.4 MB, slope 0.00 MB/ionogram, r 0.94, samples 97
plot_ionograms.py: output_dir=/home/ionouser/ionozond_data2/, scanned 332 recent h5 files, 330 candidates newer than 48.0 h, 1 missing PNGs, 1 recently failed, current rss 111.4 MB, rss 111.4 MB, growth 0.4 MB, slope 0.00 MB/ionogram, r 0.94, samples 97
using pyfftw
plot_ionograms.py: reloaded config, rss 110.3 -> 110.6 MB
Traceback (most recent call last):
  File "/home/ionouser/chirpsounder2/plot_ionograms.py", line 423, in <module>
    ok = plot_ionogram(conf, args.plot_file)
  File "/home/ionouser/chirpsounder2/plot_ionograms.py", line 252, in plot_ionogram
    with h5py.File(fn, "r") as ho:
  File "/home/ionouser/chirpsounder2/.venv38/lib/python3.8/site-packages/h5py/_hl/files.py", line 562, in __init__
    fid = make_fid(name, mode, userblock_size, fapl, fcpl, swmr=swmr)
  File "/home/ionouser/chirpsounder2/.venv38/lib/python3.8/site-packages/h5py/_hl/files.py", line 235, in make_fid
    fid = h5f.open(name, flags, fapl=fapl)
  File "h5py/_objects.pyx", line 54, in h5py._objects.with_phil.wrapper
  File "h5py/_objects.pyx", line 55, in h5py._objects.with_phil.wrapper
  File "h5py/h5f.pyx", line 102, in h5py.h5f.open
OSError: Unable to synchronously open file (bad object header version number)
plot_ionograms.py: memory after lfm_ionogram-unkown-DOB-ch0-000-1786487400.01.h5: rss 111.4 MB, growth 0.4 MB, slope 0.00 MB/ionogram, r 0.94, samples 98
plot_ionograms.py: output_dir=/home/ionouser/ionozond_data2/, scanned 332 recent h5 files, 330 candidates newer than 48.0 h, 1 missing PNGs, 1 recently failed, current rss 111.4 MB, rss 111.4 MB, growth 0.4 MB, slope 0.00 MB/ionogram, r 0.94, samples 98
plot_ionograms.py: output_dir=/home/ionouser/ionozond_data2/, scanned 332 recent h5 files, 330 candidates newer than 48.0 h, 1 missing PNGs, 1 recently failed, current rss 111.4 MB, rss 111.4 MB, growth 0.4 MB, slope 0.00 MB/ionogram, r 0.94, samples 98
using pyfftw
plot_ionograms.py: reloaded config, rss 110.6 -> 110.9 MB
Plotting /home/ionouser/ionozond_data2/2026-08-12/lfm_ionogram-unkown-DOB-ch0-000-1786506915.05.h5 rate 125.00 (kHz/s) t0 1786506915.04557 (unix), rss 111.8 MB
failed to post /tmp/latest-lfm-unkown-DOB.png: HTTP 403
plot_ionograms.py: memory after lfm_ionogram-unkown-DOB-ch0-000-1786506915.05.h5: rss 111.4 MB, growth 0.4 MB, slope 0.00 MB/ionogram, r 0.94, samples 99
using pyfftw
plot_ionograms.py: reloaded config, rss 110.4 -> 110.6 MB
Plotting /home/ionouser/ionozond_data2/2026-08-12/lfm_ionogram-unkown-DOB-ch0-000-1786506900.01.h5 rate 100.00 (kHz/s) t0 1786506900.00920 (unix), rss 111.8 MB
failed to post /tmp/latest-lfm-unkown-DOB.png: HTTP 403
plot_ionograms.py: memory after lfm_ionogram-unkown-DOB-ch0-000-1786506900.01.h5: rss 111.4 MB, growth 0.4 MB, slope 0.00 MB/ionogram, r 0.94, samples 100
plot_ionograms.py: output_dir=/home/ionouser/ionozond_data2/, scanned 334 recent h5 files, 332 candidates newer than 48.0 h, 1 missing PNGs, 1 recently failed, current rss 111.4 MB, rss 111.4 MB, growth 0.4 MB, slope 0.00 MB/ionogram, r 0.94, samples 100
plot_ionograms.py: output_dir=/home/ionouser/ionozond_data2/, scanned 334 recent h5 files, 332 candidates newer than 48.0 h, 1 missing PNGs, 1 recently failed, current rss 111.4 MB, rss 111.4 MB, growth 0.4 MB, slope 0.00 MB/ionogram, r 0.94, samples 100
using pyfftw
plot_ionograms.py: reloaded config, rss 110.2 -> 110.4 MB
Traceback (most recent call last):
  File "/home/ionouser/chirpsounder2/plot_ionograms.py", line 423, in <module>
    ok = plot_ionogram(conf, args.plot_file)
  File "/home/ionouser/chirpsounder2/plot_ionograms.py", line 252, in plot_ionogram
    with h5py.File(fn, "r") as ho:
  File "/home/ionouser/chirpsounder2/.venv38/lib/python3.8/site-packages/h5py/_hl/files.py", line 562, in __init__
    fid = make_fid(name, mode, userblock_size, fapl, fcpl, swmr=swmr)
  File "/home/ionouser/chirpsounder2/.venv38/lib/python3.8/site-packages/h5py/_hl/files.py", line 235, in make_fid
    fid = h5f.open(name, flags, fapl=fapl)
  File "h5py/_objects.pyx", line 54, in h5py._objects.with_phil.wrapper
  File "h5py/_objects.pyx", line 55, in h5py._objects.with_phil.wrapper
  File "h5py/h5f.pyx", line 102, in h5py.h5f.open
OSError: Unable to synchronously open file (bad object header version number)
plot_ionograms.py: memory after lfm_ionogram-unkown-DOB-ch0-000-1786487400.01.h5: rss 111.4 MB, growth 0.4 MB, slope 0.00 MB/ionogram, r 0.94, samples 101
plot_ionograms.py: output_dir=/home/ionouser/ionozond_data2/, scanned 334 recent h5 files, 332 candidates newer than 48.0 h, 1 missing PNGs, 1 recently failed, current rss 111.4 MB, rss 111.4 MB, growth 0.4 MB, slope 0.00 MB/ionogram, r 0.94, samples 101
plot_ionograms.py: output_dir=/home/ionouser/ionozond_data2/, scanned 334 recent h5 files, 332 candidates newer than 48.0 h, 1 missing PNGs, 1 recently failed, current rss 111.4 MB, rss 111.4 MB, growth 0.4 MB, slope 0.00 MB/ionogram, r 0.94, samples 101
using pyfftw
plot_ionograms.py: reloaded config, rss 110.6 -> 110.8 MB
Plotting /home/ionouser/ionozond_data2/2026-08-12/lfm_ionogram-unkown-DOB-ch0-000-1786507140.01.h5 rate 100.00 (kHz/s) t0 1786507140.00978 (unix), rss 111.8 MB
failed to post /tmp/latest-lfm-unkown-DOB.png: HTTP 403
plot_ionograms.py: memory after lfm_ionogram-unkown-DOB-ch0-000-1786507140.01.h5: rss 111.4 MB, growth 0.4 MB, slope 0.00 MB/ionogram, r 0.94, samples 102
plot_ionograms.py: output_dir=/home/ionouser/ionozond_data2/, scanned 335 recent h5 files, 333 candidates newer than 48.0 h, 1 missing PNGs, 1 recently failed, current rss 111.4 MB, rss 111.4 MB, growth 0.4 MB, slope 0.00 MB/ionogram, r 0.94, samples 102
using pyfftw
plot_ionograms.py: reloaded config, rss 110.1 -> 110.4 MB
Plotting /home/ionouser/ionozond_data2/2026-08-12/lfm_ionogram-unkown-DOB-ch0-000-1786507145.01.h5 rate 100.00 (kHz/s) t0 1786507145.00932 (unix), rss 111.7 MB
failed to post /tmp/latest-lfm-unkown-DOB.png: HTTP 403
plot_ionograms.py: memory after lfm_ionogram-unkown-DOB-ch0-000-1786507145.01.h5: rss 111.4 MB, growth 0.5 MB, slope 0.00 MB/ionogram, r 0.95, samples 103
plot_ionograms.py: output_dir=/home/ionouser/ionozond_data2/, scanned 336 recent h5 files, 334 candidates newer than 48.0 h, 1 missing PNGs, 1 recently failed, current rss 111.4 MB, rss 111.4 MB, growth 0.5 MB, slope 0.00 MB/ionogram, r 0.95, samples 103
plot_ionograms.py: output_dir=/home/ionouser/ionozond_data2/, scanned 336 recent h5 files, 334 candidates newer than 48.0 h, 1 missing PNGs, 1 recently failed, current rss 111.4 MB, rss 111.4 MB, growth 0.5 MB, slope 0.00 MB/ionogram, r 0.95, samples 103
using pyfftw
plot_ionograms.py: reloaded config, rss 110.4 -> 110.7 MB
Traceback (most recent call last):
  File "/home/ionouser/chirpsounder2/plot_ionograms.py", line 423, in <module>
    ok = plot_ionogram(conf, args.plot_file)
  File "/home/ionouser/chirpsounder2/plot_ionograms.py", line 252, in plot_ionogram
    with h5py.File(fn, "r") as ho:
  File "/home/ionouser/chirpsounder2/.venv38/lib/python3.8/site-packages/h5py/_hl/files.py", line 562, in __init__
    fid = make_fid(name, mode, userblock_size, fapl, fcpl, swmr=swmr)
  File "/home/ionouser/chirpsounder2/.venv38/lib/python3.8/site-packages/h5py/_hl/files.py", line 235, in make_fid
    fid = h5f.open(name, flags, fapl=fapl)
  File "h5py/_objects.pyx", line 54, in h5py._objects.with_phil.wrapper
  File "h5py/_objects.pyx", line 55, in h5py._objects.with_phil.wrapper
  File "h5py/h5f.pyx", line 102, in h5py.h5f.open
OSError: Unable to synchronously open file (bad object header version number)
plot_ionograms.py: memory after lfm_ionogram-unkown-DOB-ch0-000-1786487400.01.h5: rss 111.4 MB, growth 0.5 MB, slope 0.00 MB/ionogram, r 0.95, samples 104
plot_ionograms.py: output_dir=/home/ionouser/ionozond_data2/, scanned 336 recent h5 files, 334 candidates newer than 48.0 h, 1 missing PNGs, 1 recently failed, current rss 111.4 MB, rss 111.4 MB, growth 0.5 MB, slope 0.00 MB/ionogram, r 0.95, samples 104
plot_ionograms.py: output_dir=/home/ionouser/ionozond_data2/, scanned 336 recent h5 files, 334 candidates newer than 48.0 h, 1 missing PNGs, 1 recently failed, current rss 111.4 MB, rss 111.4 MB, growth 0.5 MB, slope 0.00 MB/ionogram, r 0.95, samples 104
using pyfftw
plot_ionograms.py: reloaded config, rss 110.7 -> 110.7 MB
Plotting /home/ionouser/ionozond_data2/2026-08-12/lfm_ionogram-unkown-DOB-ch0-000-1786507445.01.h5 rate 100.00 (kHz/s) t0 1786507445.00920 (unix), rss 112.0 MB
failed to post /tmp/latest-lfm-unkown-DOB.png: HTTP 403
plot_ionograms.py: memory after lfm_ionogram-unkown-DOB-ch0-000-1786507445.01.h5: rss 111.4 MB, growth 0.5 MB, slope 0.00 MB/ionogram, r 0.95, samples 105
using pyfftw
plot_ionograms.py: reloaded config, rss 110.5 -> 110.7 MB
Plotting /home/ionouser/ionozond_data2/2026-08-12/lfm_ionogram-unkown-DOB-ch0-000-1786507500.01.h5 rate 100.00 (kHz/s) t0 1786507500.00925 (unix), rss 111.9 MB
failed to post /tmp/latest-lfm-unkown-DOB.png: HTTP 403
plot_ionograms.py: memory after lfm_ionogram-unkown-DOB-ch0-000-1786507500.01.h5: rss 111.4 MB, growth 0.5 MB, slope 0.00 MB/ionogram, r 0.95, samples 106
plot_ionograms.py: output_dir=/home/ionouser/ionozond_data2/, scanned 338 recent h5 files, 336 candidates newer than 48.0 h, 1 missing PNGs, 1 recently failed, current rss 111.4 MB, rss 111.4 MB, growth 0.5 MB, slope 0.00 MB/ionogram, r 0.95, samples 106
plot_ionograms.py: output_dir=/home/ionouser/ionozond_data2/, scanned 338 recent h5 files, 336 candidates newer than 48.0 h, 1 missing PNGs, 1 recently failed, current rss 111.4 MB, rss 111.4 MB, growth 0.5 MB, slope 0.00 MB/ionogram, r 0.95, samples 106
using pyfftw
plot_ionograms.py: reloaded config, rss 110.1 -> 110.3 MB
Traceback (most recent call last):
  File "/home/ionouser/chirpsounder2/plot_ionograms.py", line 423, in <module>
    ok = plot_ionogram(conf, args.plot_file)
  File "/home/ionouser/chirpsounder2/plot_ionograms.py", line 252, in plot_ionogram
    with h5py.File(fn, "r") as ho:
  File "/home/ionouser/chirpsounder2/.venv38/lib/python3.8/site-packages/h5py/_hl/files.py", line 562, in __init__
    fid = make_fid(name, mode, userblock_size, fapl, fcpl, swmr=swmr)
  File "/home/ionouser/chirpsounder2/.venv38/lib/python3.8/site-packages/h5py/_hl/files.py", line 235, in make_fid
    fid = h5f.open(name, flags, fapl=fapl)
  File "h5py/_objects.pyx", line 54, in h5py._objects.with_phil.wrapper
  File "h5py/_objects.pyx", line 55, in h5py._objects.with_phil.wrapper
  File "h5py/h5f.pyx", line 102, in h5py.h5f.open
OSError: Unable to synchronously open file (bad object header version number)
plot_ionograms.py: memory after lfm_ionogram-unkown-DOB-ch0-000-1786487400.01.h5: rss 111.4 MB, growth 0.5 MB, slope 0.00 MB/ionogram, r 0.95, samples 107
plot_ionograms.py: output_dir=/home/ionouser/ionozond_data2/, scanned 338 recent h5 files, 336 candidates newer than 48.0 h, 1 missing PNGs, 1 recently failed, current rss 111.5 MB, rss 111.4 MB, growth 0.5 MB, slope 0.00 MB/ionogram, r 0.95, samples 107
plot_ionograms.py: output_dir=/home/ionouser/ionozond_data2/, scanned 338 recent h5 files, 336 candidates newer than 48.0 h, 1 missing PNGs, 1 recently failed, current rss 111.5 MB, rss 111.4 MB, growth 0.5 MB, slope 0.00 MB/ionogram, r 0.95, samples 107
using pyfftw
plot_ionograms.py: reloaded config, rss 110.2 -> 110.5 MB
Plotting /home/ionouser/ionozond_data2/2026-08-12/lfm_ionogram-unkown-DOB-ch0-000-1786507745.01.h5 rate 100.00 (kHz/s) t0 1786507745.00915 (unix), rss 111.6 MB
failed to post /tmp/latest-lfm-unkown-DOB.png: HTTP 403
plot_ionograms.py: memory after lfm_ionogram-unkown-DOB-ch0-000-1786507745.01.h5: rss 111.5 MB, growth 0.5 MB, slope 0.00 MB/ionogram, r 0.95, samples 108
using pyfftw
plot_ionograms.py: reloaded config, rss 110.2 -> 110.5 MB
Plotting /home/ionouser/ionozond_data2/2026-08-12/lfm_ionogram-unkown-DOB-ch0-000-1786507740.01.h5 rate 100.00 (kHz/s) t0 1786507740.00962 (unix), rss 111.7 MB
failed to post /tmp/latest-lfm-unkown-DOB.png: HTTP 403
plot_ionograms.py: memory after lfm_ionogram-unkown-DOB-ch0-000-1786507740.01.h5: rss 111.5 MB, growth 0.5 MB, slope 0.00 MB/ionogram, r 0.95, samples 109
plot_ionograms.py: output_dir=/home/ionouser/ionozond_data2/, scanned 340 recent h5 files, 338 candidates newer than 48.0 h, 1 missing PNGs, 1 recently failed, current rss 111.5 MB, rss 111.5 MB, growth 0.5 MB, slope 0.00 MB/ionogram, r 0.95, samples 109
plot_ionograms.py: output_dir=/home/ionouser/ionozond_data2/, scanned 340 recent h5 files, 338 candidates newer than 48.0 h, 1 missing PNGs, 1 recently failed, current rss 111.5 MB, rss 111.5 MB, growth 0.5 MB, slope 0.00 MB/ionogram, r 0.95, samples 109
plot_ionograms.py: output_dir=/home/ionouser/ionozond_data2/, scanned 340 recent h5 files, 338 candidates newer than 48.0 h, 1 missing PNGs, 1 recently failed, current rss 111.5 MB, rss 111.5 MB, growth 0.5 MB, slope 0.00 MB/ionogram, r 0.95, samples 109
using pyfftw
plot_ionograms.py: reloaded config, rss 110.2 -> 110.5 MB
Traceback (most recent call last):
  File "/home/ionouser/chirpsounder2/plot_ionograms.py", line 423, in <module>
    ok = plot_ionogram(conf, args.plot_file)
  File "/home/ionouser/chirpsounder2/plot_ionograms.py", line 252, in plot_ionogram
    with h5py.File(fn, "r") as ho:
  File "/home/ionouser/chirpsounder2/.venv38/lib/python3.8/site-packages/h5py/_hl/files.py", line 562, in __init__
    fid = make_fid(name, mode, userblock_size, fapl, fcpl, swmr=swmr)
  File "/home/ionouser/chirpsounder2/.venv38/lib/python3.8/site-packages/h5py/_hl/files.py", line 235, in make_fid
    fid = h5f.open(name, flags, fapl=fapl)
  File "h5py/_objects.pyx", line 54, in h5py._objects.with_phil.wrapper
  File "h5py/_objects.pyx", line 55, in h5py._objects.with_phil.wrapper
  File "h5py/h5f.pyx", line 102, in h5py.h5f.open
OSError: Unable to synchronously open file (bad object header version number)
plot_ionograms.py: memory after lfm_ionogram-unkown-DOB-ch0-000-1786487400.01.h5: rss 111.5 MB, growth 0.5 MB, slope 0.00 MB/ionogram, r 0.95, samples 110
using pyfftw
plot_ionograms.py: reloaded config, rss 110.0 -> 110.3 MB
Plotting /home/ionouser/ionozond_data2/2026-08-12/lfm_ionogram-unkown-DOB-ch0-000-1786508040.01.h5 rate 100.00 (kHz/s) t0 1786508040.00917 (unix), rss 111.5 MB
failed to post /tmp/latest-lfm-unkown-DOB.png: HTTP 403
plot_ionograms.py: memory after lfm_ionogram-unkown-DOB-ch0-000-1786508040.01.h5: rss 111.5 MB, growth 0.5 MB, slope 0.00 MB/ionogram, r 0.95, samples 111
plot_ionograms.py: output_dir=/home/ionouser/ionozond_data2/, scanned 341 recent h5 files, 339 candidates newer than 48.0 h, 1 missing PNGs, 1 recently failed, current rss 111.5 MB, rss 111.5 MB, growth 0.5 MB, slope 0.00 MB/ionogram, r 0.95, samples 111
plot_ionograms.py: output_dir=/home/ionouser/ionozond_data2/, scanned 341 recent h5 files, 339 candidates newer than 48.0 h, 1 missing PNGs, 1 recently failed, current rss 111.5 MB, rss 111.5 MB, growth 0.5 MB, slope 0.00 MB/ionogram, r 0.95, samples 111
using pyfftw
plot_ionograms.py: reloaded config, rss 110.4 -> 110.7 MB
Plotting /home/ionouser/ionozond_data2/2026-08-12/lfm_ionogram-unkown-DOB-ch0-000-1786508045.01.h5 rate 100.00 (kHz/s) t0 1786508045.00935 (unix), rss 111.8 MB
failed to post /tmp/latest-lfm-unkown-DOB.png: HTTP 403
plot_ionograms.py: memory after lfm_ionogram-unkown-DOB-ch0-000-1786508045.01.h5: rss 111.5 MB, growth 0.5 MB, slope 0.00 MB/ionogram, r 0.96, samples 112
plot_ionograms.py: output_dir=/home/ionouser/ionozond_data2/, scanned 342 recent h5 files, 340 candidates newer than 48.0 h, 1 missing PNGs, 1 recently failed, current rss 111.5 MB, rss 111.5 MB, growth 0.5 MB, slope 0.00 MB/ionogram, r 0.96, samples 112
plot_ionograms.py: output_dir=/home/ionouser/ionozond_data2/, scanned 342 recent h5 files, 340 candidates newer than 48.0 h, 1 missing PNGs, 1 recently failed, current rss 111.5 MB, rss 111.5 MB, growth 0.5 MB, slope 0.00 MB/ionogram, r 0.96, samples 112
using pyfftw
plot_ionograms.py: reloaded config, rss 110.7 -> 110.9 MB
Traceback (most recent call last):
  File "/home/ionouser/chirpsounder2/plot_ionograms.py", line 423, in <module>
    ok = plot_ionogram(conf, args.plot_file)
  File "/home/ionouser/chirpsounder2/plot_ionograms.py", line 252, in plot_ionogram
    with h5py.File(fn, "r") as ho:
  File "/home/ionouser/chirpsounder2/.venv38/lib/python3.8/site-packages/h5py/_hl/files.py", line 562, in __init__
    fid = make_fid(name, mode, userblock_size, fapl, fcpl, swmr=swmr)
  File "/home/ionouser/chirpsounder2/.venv38/lib/python3.8/site-packages/h5py/_hl/files.py", line 235, in make_fid
    fid = h5f.open(name, flags, fapl=fapl)
  File "h5py/_objects.pyx", line 54, in h5py._objects.with_phil.wrapper
  File "h5py/_objects.pyx", line 55, in h5py._objects.with_phil.wrapper
  File "h5py/h5f.pyx", line 102, in h5py.h5f.open
OSError: Unable to synchronously open file (bad object header version number)
plot_ionograms.py: memory after lfm_ionogram-unkown-DOB-ch0-000-1786487400.01.h5: rss 111.5 MB, growth 0.5 MB, slope 0.00 MB/ionogram, r 0.96, samples 113
plot_ionograms.py: output_dir=/home/ionouser/ionozond_data2/, scanned 342 recent h5 files, 340 candidates newer than 48.0 h, 1 missing PNGs, 1 recently failed, current rss 111.5 MB, rss 111.5 MB, growth 0.5 MB, slope 0.00 MB/ionogram, r 0.96, samples 113
using pyfftw
plot_ionograms.py: reloaded config, rss 110.4 -> 110.6 MB
Plotting /home/ionouser/ionozond_data2/2026-08-12/lfm_ionogram-unkown-DOB-ch0-000-1786508355.05.h5 rate 125.00 (kHz/s) t0 1786508355.04577 (unix), rss 111.8 MB
failed to post /tmp/latest-lfm-unkown-DOB.png: HTTP 403
plot_ionograms.py: memory after lfm_ionogram-unkown-DOB-ch0-000-1786508355.05.h5: rss 111.5 MB, growth 0.5 MB, slope 0.00 MB/ionogram, r 0.96, samples 114
plot_ionograms.py: output_dir=/home/ionouser/ionozond_data2/, scanned 344 recent h5 files, 342 candidates newer than 48.0 h, 2 missing PNGs, 1 recently failed, current rss 111.5 MB, rss 111.5 MB, growth 0.5 MB, slope 0.00 MB/ionogram, r 0.96, samples 114
using pyfftw
plot_ionograms.py: reloaded config, rss 110.1 -> 110.4 MB
Plotting /home/ionouser/ionozond_data2/2026-08-12/lfm_ionogram-unkown-DOB-ch0-000-1786508400.01.h5 rate 100.00 (kHz/s) t0 1786508400.00922 (unix), rss 111.7 MB
failed to post /tmp/latest-lfm-unkown-DOB.png: HTTP 403
plot_ionograms.py: memory after lfm_ionogram-unkown-DOB-ch0-000-1786508400.01.h5: rss 111.5 MB, growth 0.5 MB, slope 0.00 MB/ionogram, r 0.96, samples 115
plot_ionograms.py: output_dir=/home/ionouser/ionozond_data2/, scanned 344 recent h5 files, 342 candidates newer than 48.0 h, 1 missing PNGs, 1 recently failed, current rss 111.5 MB, rss 111.5 MB, growth 0.5 MB, slope 0.00 MB/ionogram, r 0.96, samples 115
plot_ionograms.py: output_dir=/home/ionouser/ionozond_data2/, scanned 344 recent h5 files, 342 candidates newer than 48.0 h, 1 missing PNGs, 1 recently failed, current rss 111.5 MB, rss 111.5 MB, growth 0.5 MB, slope 0.00 MB/ionogram, r 0.96, samples 115
using pyfftw
plot_ionograms.py: reloaded config, rss 110.5 -> 110.7 MB
Traceback (most recent call last):
  File "/home/ionouser/chirpsounder2/plot_ionograms.py", line 423, in <module>
    ok = plot_ionogram(conf, args.plot_file)
  File "/home/ionouser/chirpsounder2/plot_ionograms.py", line 252, in plot_ionogram
    with h5py.File(fn, "r") as ho:
  File "/home/ionouser/chirpsounder2/.venv38/lib/python3.8/site-packages/h5py/_hl/files.py", line 562, in __init__
    fid = make_fid(name, mode, userblock_size, fapl, fcpl, swmr=swmr)
  File "/home/ionouser/chirpsounder2/.venv38/lib/python3.8/site-packages/h5py/_hl/files.py", line 235, in make_fid
    fid = h5f.open(name, flags, fapl=fapl)
  File "h5py/_objects.pyx", line 54, in h5py._objects.with_phil.wrapper
  File "h5py/_objects.pyx", line 55, in h5py._objects.with_phil.wrapper
  File "h5py/h5f.pyx", line 102, in h5py.h5f.open
OSError: Unable to synchronously open file (bad object header version number)
plot_ionograms.py: memory after lfm_ionogram-unkown-DOB-ch0-000-1786487400.01.h5: rss 111.5 MB, growth 0.5 MB, slope 0.00 MB/ionogram, r 0.96, samples 116
plot_ionograms.py: output_dir=/home/ionouser/ionozond_data2/, scanned 344 recent h5 files, 342 candidates newer than 48.0 h, 1 missing PNGs, 1 recently failed, current rss 111.5 MB, rss 111.5 MB, growth 0.5 MB, slope 0.00 MB/ionogram, r 0.96, samples 116
plot_ionograms.py: output_dir=/home/ionouser/ionozond_data2/, scanned 344 recent h5 files, 342 candidates newer than 48.0 h, 1 missing PNGs, 1 recently failed, current rss 111.5 MB, rss 111.5 MB, growth 0.5 MB, slope 0.00 MB/ionogram, r 0.96, samples 116
using pyfftw
plot_ionograms.py: reloaded config, rss 110.2 -> 110.4 MB
Plotting /home/ionouser/ionozond_data2/2026-08-12/lfm_ionogram-unkown-DOB-ch0-000-1786508640.01.h5 rate 100.00 (kHz/s) t0 1786508640.00885 (unix), rss 111.8 MB
failed to post /tmp/latest-lfm-unkown-DOB.png: HTTP 403
plot_ionograms.py: memory after lfm_ionogram-unkown-DOB-ch0-000-1786508640.01.h5: rss 111.5 MB, growth 0.5 MB, slope 0.00 MB/ionogram, r 0.96, samples 117
using pyfftw
plot_ionograms.py: reloaded config, rss 110.5 -> 110.7 MB
Plotting /home/ionouser/ionozond_data2/2026-08-12/lfm_ionogram-unkown-DOB-ch0-000-1786508645.01.h5 rate 100.00 (kHz/s) t0 1786508645.00895 (unix), rss 111.9 MB
failed to post /tmp/latest-lfm-unkown-DOB.png: HTTP 403
plot_ionograms.py: memory after lfm_ionogram-unkown-DOB-ch0-000-1786508645.01.h5: rss 111.5 MB, growth 0.5 MB, slope 0.00 MB/ionogram, r 0.96, samples 118
plot_ionograms.py: output_dir=/home/ionouser/ionozond_data2/, scanned 346 recent h5 files, 344 candidates newer than 48.0 h, 1 missing PNGs, 1 recently failed, current rss 111.5 MB, rss 111.5 MB, growth 0.5 MB, slope 0.00 MB/ionogram, r 0.96, samples 118
plot_ionograms.py: output_dir=/home/ionouser/ionozond_data2/, scanned 346 recent h5 files, 344 candidates newer than 48.0 h, 1 missing PNGs, 1 recently failed, current rss 111.5 MB, rss 111.5 MB, growth 0.5 MB, slope 0.00 MB/ionogram, r 0.96, samples 118
plot_ionograms.py: output_dir=/home/ionouser/ionozond_data2/, scanned 346 recent h5 files, 344 candidates newer than 48.0 h, 1 missing PNGs, 1 recently failed, current rss 111.5 MB, rss 111.5 MB, growth 0.5 MB, slope 0.00 MB/ionogram, r 0.96, samples 118
using pyfftw
plot_ionograms.py: reloaded config, rss 110.2 -> 110.4 MB
Traceback (most recent call last):
  File "/home/ionouser/chirpsounder2/plot_ionograms.py", line 423, in <module>
    ok = plot_ionogram(conf, args.plot_file)
  File "/home/ionouser/chirpsounder2/plot_ionograms.py", line 252, in plot_ionogram
    with h5py.File(fn, "r") as ho:
  File "/home/ionouser/chirpsounder2/.venv38/lib/python3.8/site-packages/h5py/_hl/files.py", line 562, in __init__
    fid = make_fid(name, mode, userblock_size, fapl, fcpl, swmr=swmr)
  File "/home/ionouser/chirpsounder2/.venv38/lib/python3.8/site-packages/h5py/_hl/files.py", line 235, in make_fid
    fid = h5f.open(name, flags, fapl=fapl)
  File "h5py/_objects.pyx", line 54, in h5py._objects.with_phil.wrapper
  File "h5py/_objects.pyx", line 55, in h5py._objects.with_phil.wrapper
  File "h5py/h5f.pyx", line 102, in h5py.h5f.open
OSError: Unable to synchronously open file (bad object header version number)
plot_ionograms.py: memory after lfm_ionogram-unkown-DOB-ch0-000-1786487400.01.h5: rss 111.5 MB, growth 0.5 MB, slope 0.00 MB/ionogram, r 0.96, samples 119
plot_ionograms.py: output_dir=/home/ionouser/ionozond_data2/, scanned 346 recent h5 files, 344 candidates newer than 48.0 h, 1 missing PNGs, 1 recently failed, current rss 111.5 MB, rss 111.5 MB, growth 0.5 MB, slope 0.00 MB/ionogram, r 0.96, samples 119
using pyfftw
plot_ionograms.py: reloaded config, rss 110.4 -> 110.6 MB
Plotting /home/ionouser/ionozond_data2/2026-08-12/lfm_ionogram-unkown-DOB-ch0-000-1786508940.01.h5 rate 100.00 (kHz/s) t0 1786508940.00916 (unix), rss 111.8 MB
failed to post /tmp/latest-lfm-unkown-DOB.png: HTTP 403
plot_ionograms.py: memory after lfm_ionogram-unkown-DOB-ch0-000-1786508940.01.h5: rss 111.5 MB, growth 0.5 MB, slope 0.00 MB/ionogram, r 0.96, samples 120
plot_ionograms.py: output_dir=/home/ionouser/ionozond_data2/, scanned 348 recent h5 files, 346 candidates newer than 48.0 h, 2 missing PNGs, 1 recently failed, current rss 111.5 MB, rss 111.5 MB, growth 0.5 MB, slope 0.00 MB/ionogram, r 0.96, samples 120
using pyfftw
plot_ionograms.py: reloaded config, rss 110.7 -> 110.9 MB
Plotting /home/ionouser/ionozond_data2/2026-08-12/lfm_ionogram-unkown-DOB-ch0-000-1786508945.01.h5 rate 100.00 (kHz/s) t0 1786508945.00927 (unix), rss 111.9 MB
failed to post /tmp/latest-lfm-unkown-DOB.png: HTTP 403
plot_ionograms.py: memory after lfm_ionogram-unkown-DOB-ch0-000-1786508945.01.h5: rss 111.5 MB, growth 0.5 MB, slope 0.00 MB/ionogram, r 0.96, samples 121
plot_ionograms.py: output_dir=/home/ionouser/ionozond_data2/, scanned 348 recent h5 files, 346 candidates newer than 48.0 h, 1 missing PNGs, 1 recently failed, current rss 111.5 MB, rss 111.5 MB, growth 0.5 MB, slope 0.00 MB/ionogram, r 0.96, samples 121
plot_ionograms.py: output_dir=/home/ionouser/ionozond_data2/, scanned 348 recent h5 files, 346 candidates newer than 48.0 h, 1 missing PNGs, 1 recently failed, current rss 111.5 MB, rss 111.5 MB, growth 0.5 MB, slope 0.00 MB/ionogram, r 0.96, samples 121
using pyfftw
plot_ionograms.py: reloaded config, rss 110.2 -> 110.4 MB
Traceback (most recent call last):
  File "/home/ionouser/chirpsounder2/plot_ionograms.py", line 423, in <module>
    ok = plot_ionogram(conf, args.plot_file)
  File "/home/ionouser/chirpsounder2/plot_ionograms.py", line 252, in plot_ionogram
    with h5py.File(fn, "r") as ho:
  File "/home/ionouser/chirpsounder2/.venv38/lib/python3.8/site-packages/h5py/_hl/files.py", line 562, in __init__
    fid = make_fid(name, mode, userblock_size, fapl, fcpl, swmr=swmr)
  File "/home/ionouser/chirpsounder2/.venv38/lib/python3.8/site-packages/h5py/_hl/files.py", line 235, in make_fid
    fid = h5f.open(name, flags, fapl=fapl)
  File "h5py/_objects.pyx", line 54, in h5py._objects.with_phil.wrapper
  File "h5py/_objects.pyx", line 55, in h5py._objects.with_phil.wrapper
  File "h5py/h5f.pyx", line 102, in h5py.h5f.open
OSError: Unable to synchronously open file (bad object header version number)
plot_ionograms.py: memory after lfm_ionogram-unkown-DOB-ch0-000-1786487400.01.h5: rss 111.5 MB, growth 0.6 MB, slope 0.00 MB/ionogram, r 0.96, samples 122
plot_ionograms.py: output_dir=/home/ionouser/ionozond_data2/, scanned 348 recent h5 files, 346 candidates newer than 48.0 h, 1 missing PNGs, 1 recently failed, current rss 111.5 MB, rss 111.5 MB, growth 0.6 MB, slope 0.00 MB/ionogram, r 0.96, samples 122
plot_ionograms.py: output_dir=/home/ionouser/ionozond_data2/, scanned 348 recent h5 files, 346 candidates newer than 48.0 h, 1 missing PNGs, 1 recently failed, current rss 111.5 MB, rss 111.5 MB, growth 0.6 MB, slope 0.00 MB/ionogram, r 0.96, samples 122
using pyfftw
plot_ionograms.py: reloaded config, rss 110.5 -> 110.8 MB
Plotting /home/ionouser/ionozond_data2/2026-08-12/lfm_ionogram-unkown-DOB-ch0-000-1786509300.01.h5 rate 100.00 (kHz/s) t0 1786509300.00885 (unix), rss 111.9 MB
failed to post /tmp/latest-lfm-unkown-DOB.png: HTTP 403
plot_ionograms.py: memory after lfm_ionogram-unkown-DOB-ch0-000-1786509300.01.h5: rss 111.5 MB, growth 0.6 MB, slope 0.00 MB/ionogram, r 0.96, samples 123
using pyfftw
plot_ionograms.py: reloaded config, rss 110.2 -> 110.5 MB
Plotting /home/ionouser/ionozond_data2/2026-08-12/lfm_ionogram-unkown-DOB-ch0-000-1786509245.01.h5 rate 100.00 (kHz/s) t0 1786509245.00915 (unix), rss 111.7 MB
failed to post /tmp/latest-lfm-unkown-DOB.png: HTTP 403
plot_ionograms.py: memory after lfm_ionogram-unkown-DOB-ch0-000-1786509245.01.h5: rss 111.5 MB, growth 0.6 MB, slope 0.00 MB/ionogram, r 0.96, samples 124
plot_ionograms.py: output_dir=/home/ionouser/ionozond_data2/, scanned 350 recent h5 files, 348 candidates newer than 48.0 h, 1 missing PNGs, 1 recently failed, current rss 111.6 MB, rss 111.5 MB, growth 0.6 MB, slope 0.00 MB/ionogram, r 0.96, samples 124
plot_ionograms.py: output_dir=/home/ionouser/ionozond_data2/, scanned 350 recent h5 files, 348 candidates newer than 48.0 h, 1 missing PNGs, 1 recently failed, current rss 111.5 MB, rss 111.5 MB, growth 0.6 MB, slope 0.00 MB/ionogram, r 0.96, samples 124
using pyfftw
plot_ionograms.py: reloaded config, rss 110.4 -> 110.6 MB
Traceback (most recent call last):
  File "/home/ionouser/chirpsounder2/plot_ionograms.py", line 423, in <module>
    ok = plot_ionogram(conf, args.plot_file)
  File "/home/ionouser/chirpsounder2/plot_ionograms.py", line 252, in plot_ionogram
    with h5py.File(fn, "r") as ho:
  File "/home/ionouser/chirpsounder2/.venv38/lib/python3.8/site-packages/h5py/_hl/files.py", line 562, in __init__
    fid = make_fid(name, mode, userblock_size, fapl, fcpl, swmr=swmr)
  File "/home/ionouser/chirpsounder2/.venv38/lib/python3.8/site-packages/h5py/_hl/files.py", line 235, in make_fid
    fid = h5f.open(name, flags, fapl=fapl)
  File "h5py/_objects.pyx", line 54, in h5py._objects.with_phil.wrapper
  File "h5py/_objects.pyx", line 55, in h5py._objects.with_phil.wrapper
  File "h5py/h5f.pyx", line 102, in h5py.h5f.open
OSError: Unable to synchronously open file (bad object header version number)
plot_ionograms.py: memory after lfm_ionogram-unkown-DOB-ch0-000-1786487400.01.h5: rss 111.5 MB, growth 0.6 MB, slope 0.00 MB/ionogram, r 0.96, samples 125
plot_ionograms.py: output_dir=/home/ionouser/ionozond_data2/, scanned 350 recent h5 files, 348 candidates newer than 48.0 h, 1 missing PNGs, 1 recently failed, current rss 111.6 MB, rss 111.5 MB, growth 0.6 MB, slope 0.00 MB/ionogram, r 0.96, samples 125
plot_ionograms.py: output_dir=/home/ionouser/ionozond_data2/, scanned 350 recent h5 files, 348 candidates newer than 48.0 h, 1 missing PNGs, 1 recently failed, current rss 111.6 MB, rss 111.5 MB, growth 0.6 MB, slope 0.00 MB/ionogram, r 0.96, samples 125
using pyfftw
plot_ionograms.py: reloaded config, rss 110.4 -> 110.6 MB
Plotting /home/ionouser/ionozond_data2/2026-08-12/lfm_ionogram-unkown-DOB-ch0-000-1786509540.01.h5 rate 100.00 (kHz/s) t0 1786509540.00909 (unix), rss 111.8 MB
failed to post /tmp/latest-lfm-unkown-DOB.png: HTTP 403
plot_ionograms.py: memory after lfm_ionogram-unkown-DOB-ch0-000-1786509540.01.h5: rss 111.6 MB, growth 0.6 MB, slope 0.00 MB/ionogram, r 0.97, samples 126
plot_ionograms.py: output_dir=/home/ionouser/ionozond_data2/, scanned 352 recent h5 files, 350 candidates newer than 48.0 h, 2 missing PNGs, 1 recently failed, current rss 111.6 MB, rss 111.6 MB, growth 0.6 MB, slope 0.00 MB/ionogram, r 0.97, samples 126
using pyfftw
plot_ionograms.py: reloaded config, rss 110.7 -> 110.9 MB
Plotting /home/ionouser/ionozond_data2/2026-08-12/lfm_ionogram-unkown-DOB-ch0-000-1786509545.01.h5 rate 100.00 (kHz/s) t0 1786509545.00896 (unix), rss 111.9 MB
failed to post /tmp/latest-lfm-unkown-DOB.png: HTTP 403
plot_ionograms.py: memory after lfm_ionogram-unkown-DOB-ch0-000-1786509545.01.h5: rss 111.6 MB, growth 0.6 MB, slope 0.00 MB/ionogram, r 0.97, samples 127
plot_ionograms.py: output_dir=/home/ionouser/ionozond_data2/, scanned 352 recent h5 files, 350 candidates newer than 48.0 h, 1 missing PNGs, 1 recently failed, current rss 111.6 MB, rss 111.6 MB, growth 0.6 MB, slope 0.00 MB/ionogram, r 0.97, samples 127
plot_ionograms.py: output_dir=/home/ionouser/ionozond_data2/, scanned 352 recent h5 files, 350 candidates newer than 48.0 h, 1 missing PNGs, 1 recently failed, current rss 111.6 MB, rss 111.6 MB, growth 0.6 MB, slope 0.00 MB/ionogram, r 0.97, samples 127
using pyfftw
plot_ionograms.py: reloaded config, rss 110.2 -> 110.5 MB
Traceback (most recent call last):
  File "/home/ionouser/chirpsounder2/plot_ionograms.py", line 423, in <module>
    ok = plot_ionogram(conf, args.plot_file)
  File "/home/ionouser/chirpsounder2/plot_ionograms.py", line 252, in plot_ionogram
    with h5py.File(fn, "r") as ho:
  File "/home/ionouser/chirpsounder2/.venv38/lib/python3.8/site-packages/h5py/_hl/files.py", line 562, in __init__
    fid = make_fid(name, mode, userblock_size, fapl, fcpl, swmr=swmr)
  File "/home/ionouser/chirpsounder2/.venv38/lib/python3.8/site-packages/h5py/_hl/files.py", line 235, in make_fid
    fid = h5f.open(name, flags, fapl=fapl)
  File "h5py/_objects.pyx", line 54, in h5py._objects.with_phil.wrapper
  File "h5py/_objects.pyx", line 55, in h5py._objects.with_phil.wrapper
  File "h5py/h5f.pyx", line 102, in h5py.h5f.open
OSError: Unable to synchronously open file (bad object header version number)
plot_ionograms.py: memory after lfm_ionogram-unkown-DOB-ch0-000-1786487400.01.h5: rss 111.6 MB, growth 0.6 MB, slope 0.00 MB/ionogram, r 0.97, samples 128
plot_ionograms.py: output_dir=/home/ionouser/ionozond_data2/, scanned 352 recent h5 files, 350 candidates newer than 48.0 h, 1 missing PNGs, 1 recently failed, current rss 111.6 MB, rss 111.6 MB, growth 0.6 MB, slope 0.00 MB/ionogram, r 0.97, samples 128
using pyfftw
plot_ionograms.py: reloaded config, rss 110.3 -> 110.6 MB
Plotting /home/ionouser/ionozond_data2/2026-08-12/lfm_ionogram-unkown-DOB-ch0-000-1786509845.01.h5 rate 100.00 (kHz/s) t0 1786509845.00923 (unix), rss 111.7 MB
failed to post /tmp/latest-lfm-unkown-DOB.png: HTTP 403
plot_ionograms.py: memory after lfm_ionogram-unkown-DOB-ch0-000-1786509845.01.h5: rss 111.6 MB, growth 0.6 MB, slope 0.00 MB/ionogram, r 0.97, samples 129
using pyfftw
plot_ionograms.py: reloaded config, rss 110.2 -> 110.4 MB
Plotting /home/ionouser/ionozond_data2/2026-08-12/lfm_ionogram-unkown-DOB-ch0-000-1786509840.01.h5 rate 100.00 (kHz/s) t0 1786509840.00913 (unix), rss 111.5 MB
failed to post /tmp/latest-lfm-unkown-DOB.png: HTTP 403
plot_ionograms.py: memory after lfm_ionogram-unkown-DOB-ch0-000-1786509840.01.h5: rss 111.6 MB, growth 0.6 MB, slope 0.00 MB/ionogram, r 0.97, samples 130
plot_ionograms.py: output_dir=/home/ionouser/ionozond_data2/, scanned 354 recent h5 files, 352 candidates newer than 48.0 h, 1 missing PNGs, 1 recently failed, current rss 111.6 MB, rss 111.6 MB, growth 0.6 MB, slope 0.00 MB/ionogram, r 0.97, samples 130
plot_ionograms.py: output_dir=/home/ionouser/ionozond_data2/, scanned 354 recent h5 files, 352 candidates newer than 48.0 h, 1 missing PNGs, 1 recently failed, current rss 111.6 MB, rss 111.6 MB, growth 0.6 MB, slope 0.00 MB/ionogram, r 0.97, samples 130
plot_ionograms.py: output_dir=/home/ionouser/ionozond_data2/, scanned 354 recent h5 files, 352 candidates newer than 48.0 h, 1 missing PNGs, 1 recently failed, current rss 111.6 MB, rss 111.6 MB, growth 0.6 MB, slope 0.00 MB/ionogram, r 0.97, samples 130
using pyfftw
plot_ionograms.py: reloaded config, rss 110.3 -> 110.5 MB
Traceback (most recent call last):
  File "/home/ionouser/chirpsounder2/plot_ionograms.py", line 423, in <module>
    ok = plot_ionogram(conf, args.plot_file)
  File "/home/ionouser/chirpsounder2/plot_ionograms.py", line 252, in plot_ionogram
    with h5py.File(fn, "r") as ho:
  File "/home/ionouser/chirpsounder2/.venv38/lib/python3.8/site-packages/h5py/_hl/files.py", line 562, in __init__
    fid = make_fid(name, mode, userblock_size, fapl, fcpl, swmr=swmr)
  File "/home/ionouser/chirpsounder2/.venv38/lib/python3.8/site-packages/h5py/_hl/files.py", line 235, in make_fid
    fid = h5f.open(name, flags, fapl=fapl)
  File "h5py/_objects.pyx", line 54, in h5py._objects.with_phil.wrapper
  File "h5py/_objects.pyx", line 55, in h5py._objects.with_phil.wrapper
  File "h5py/h5f.pyx", line 102, in h5py.h5f.open
OSError: Unable to synchronously open file (bad object header version number)
plot_ionograms.py: memory after lfm_ionogram-unkown-DOB-ch0-000-1786487400.01.h5: rss 111.6 MB, growth 0.6 MB, slope 0.00 MB/ionogram, r 0.97, samples 131
plot_ionograms.py: output_dir=/home/ionouser/ionozond_data2/, scanned 354 recent h5 files, 352 candidates newer than 48.0 h, 1 missing PNGs, 1 recently failed, current rss 111.6 MB, rss 111.6 MB, growth 0.6 MB, slope 0.00 MB/ionogram, r 0.97, samples 131
using pyfftw
plot_ionograms.py: reloaded config, rss 110.7 -> 111.0 MB
Plotting /home/ionouser/ionozond_data2/2026-08-12/lfm_ionogram-unkown-DOB-ch0-000-1786510145.01.h5 rate 100.00 (kHz/s) t0 1786510145.00925 (unix), rss 111.9 MB
failed to post /tmp/latest-lfm-unkown-DOB.png: HTTP 403
plot_ionograms.py: memory after lfm_ionogram-unkown-DOB-ch0-000-1786510145.01.h5: rss 111.6 MB, growth 0.6 MB, slope 0.00 MB/ionogram, r 0.97, samples 132
using pyfftw
plot_ionograms.py: reloaded config, rss 110.1 -> 110.3 MB
Plotting /home/ionouser/ionozond_data2/2026-08-12/lfm_ionogram-unkown-DOB-ch0-000-1786510140.01.h5 rate 100.00 (kHz/s) t0 1786510140.00898 (unix), rss 111.6 MB
failed to post /tmp/latest-lfm-unkown-DOB.png: HTTP 403
plot_ionograms.py: memory after lfm_ionogram-unkown-DOB-ch0-000-1786510140.01.h5: rss 111.6 MB, growth 0.6 MB, slope 0.00 MB/ionogram, r 0.96, samples 133
plot_ionograms.py: output_dir=/home/ionouser/ionozond_data2/, scanned 356 recent h5 files, 354 candidates newer than 48.0 h, 1 missing PNGs, 1 recently failed, current rss 111.6 MB, rss 111.6 MB, growth 0.6 MB, slope 0.00 MB/ionogram, r 0.96, samples 133
plot_ionograms.py: output_dir=/home/ionouser/ionozond_data2/, scanned 356 recent h5 files, 354 candidates newer than 48.0 h, 1 missing PNGs, 1 recently failed, current rss 111.6 MB, rss 111.6 MB, growth 0.6 MB, slope 0.00 MB/ionogram, r 0.96, samples 133
plot_ionograms.py: output_dir=/home/ionouser/ionozond_data2/, scanned 356 recent h5 files, 354 candidates newer than 48.0 h, 1 missing PNGs, 1 recently failed, current rss 111.6 MB, rss 111.6 MB, growth 0.6 MB, slope 0.00 MB/ionogram, r 0.96, samples 133
using pyfftw
plot_ionograms.py: reloaded config, rss 110.2 -> 110.4 MB
Traceback (most recent call last):
  File "/home/ionouser/chirpsounder2/plot_ionograms.py", line 423, in <module>
    ok = plot_ionogram(conf, args.plot_file)
  File "/home/ionouser/chirpsounder2/plot_ionograms.py", line 252, in plot_ionogram
    with h5py.File(fn, "r") as ho:
  File "/home/ionouser/chirpsounder2/.venv38/lib/python3.8/site-packages/h5py/_hl/files.py", line 562, in __init__
    fid = make_fid(name, mode, userblock_size, fapl, fcpl, swmr=swmr)
  File "/home/ionouser/chirpsounder2/.venv38/lib/python3.8/site-packages/h5py/_hl/files.py", line 235, in make_fid
    fid = h5f.open(name, flags, fapl=fapl)
  File "h5py/_objects.pyx", line 54, in h5py._objects.with_phil.wrapper
  File "h5py/_objects.pyx", line 55, in h5py._objects.with_phil.wrapper
  File "h5py/h5f.pyx", line 102, in h5py.h5f.open
OSError: Unable to synchronously open file (bad object header version number)
plot_ionograms.py: memory after lfm_ionogram-unkown-DOB-ch0-000-1786487400.01.h5: rss 111.6 MB, growth 0.6 MB, slope 0.00 MB/ionogram, r 0.97, samples 134
plot_ionograms.py: output_dir=/home/ionouser/ionozond_data2/, scanned 356 recent h5 files, 354 candidates newer than 48.0 h, 1 missing PNGs, 1 recently failed, current rss 111.6 MB, rss 111.6 MB, growth 0.6 MB, slope 0.00 MB/ionogram, r 0.97, samples 134
using pyfftw
plot_ionograms.py: reloaded config, rss 110.4 -> 110.6 MB
Plotting /home/ionouser/ionozond_data2/2026-08-12/lfm_ionogram-unkown-DOB-ch0-000-1786510440.01.h5 rate 100.00 (kHz/s) t0 1786510440.00907 (unix), rss 111.7 MB
failed to post /tmp/latest-lfm-unkown-DOB.png: HTTP 403
plot_ionograms.py: memory after lfm_ionogram-unkown-DOB-ch0-000-1786510440.01.h5: rss 111.6 MB, growth 0.6 MB, slope 0.00 MB/ionogram, r 0.97, samples 135
plot_ionograms.py: output_dir=/home/ionouser/ionozond_data2/, scanned 358 recent h5 files, 356 candidates newer than 48.0 h, 2 missing PNGs, 1 recently failed, current rss 111.6 MB, rss 111.6 MB, growth 0.6 MB, slope 0.00 MB/ionogram, r 0.97, samples 135
using pyfftw
plot_ionograms.py: reloaded config, rss 110.5 -> 110.7 MB
Plotting /home/ionouser/ionozond_data2/2026-08-12/lfm_ionogram-unkown-DOB-ch0-000-1786510445.01.h5 rate 100.00 (kHz/s) t0 1786510445.00898 (unix), rss 111.8 MB
failed to post /tmp/latest-lfm-unkown-DOB.png: HTTP 403
plot_ionograms.py: memory after lfm_ionogram-unkown-DOB-ch0-000-1786510445.01.h5: rss 111.6 MB, growth 0.6 MB, slope 0.00 MB/ionogram, r 0.97, samples 136
plot_ionograms.py: output_dir=/home/ionouser/ionozond_data2/, scanned 358 recent h5 files, 356 candidates newer than 48.0 h, 1 missing PNGs, 1 recently failed, current rss 111.6 MB, rss 111.6 MB, growth 0.6 MB, slope 0.00 MB/ionogram, r 0.97, samples 136
plot_ionograms.py: output_dir=/home/ionouser/ionozond_data2/, scanned 358 recent h5 files, 356 candidates newer than 48.0 h, 1 missing PNGs, 1 recently failed, current rss 111.6 MB, rss 111.6 MB, growth 0.6 MB, slope 0.00 MB/ionogram, r 0.97, samples 136
using pyfftw
plot_ionograms.py: reloaded config, rss 110.1 -> 110.4 MB
Traceback (most recent call last):
  File "/home/ionouser/chirpsounder2/plot_ionograms.py", line 423, in <module>
    ok = plot_ionogram(conf, args.plot_file)
  File "/home/ionouser/chirpsounder2/plot_ionograms.py", line 252, in plot_ionogram
    with h5py.File(fn, "r") as ho:
  File "/home/ionouser/chirpsounder2/.venv38/lib/python3.8/site-packages/h5py/_hl/files.py", line 562, in __init__
    fid = make_fid(name, mode, userblock_size, fapl, fcpl, swmr=swmr)
  File "/home/ionouser/chirpsounder2/.venv38/lib/python3.8/site-packages/h5py/_hl/files.py", line 235, in make_fid
    fid = h5f.open(name, flags, fapl=fapl)
  File "h5py/_objects.pyx", line 54, in h5py._objects.with_phil.wrapper
  File "h5py/_objects.pyx", line 55, in h5py._objects.with_phil.wrapper
  File "h5py/h5f.pyx", line 102, in h5py.h5f.open
OSError: Unable to synchronously open file (bad object header version number)
plot_ionograms.py: memory after lfm_ionogram-unkown-DOB-ch0-000-1786487400.01.h5: rss 111.6 MB, growth 0.6 MB, slope 0.00 MB/ionogram, r 0.97, samples 137
plot_ionograms.py: output_dir=/home/ionouser/ionozond_data2/, scanned 358 recent h5 files, 356 candidates newer than 48.0 h, 1 missing PNGs, 1 recently failed, current rss 111.6 MB, rss 111.6 MB, growth 0.6 MB, slope 0.00 MB/ionogram, r 0.97, samples 137
using pyfftw
plot_ionograms.py: reloaded config, rss 110.3 -> 110.6 MB
Plotting /home/ionouser/ionozond_data2/2026-08-12/lfm_ionogram-unkown-DOB-ch0-000-1786510740.01.h5 rate 100.00 (kHz/s) t0 1786510740.00905 (unix), rss 111.7 MB
failed to post /tmp/latest-lfm-unkown-DOB.png: HTTP 403
plot_ionograms.py: memory after lfm_ionogram-unkown-DOB-ch0-000-1786510740.01.h5: rss 111.6 MB, growth 0.6 MB, slope 0.00 MB/ionogram, r 0.97, samples 138
plot_ionograms.py: output_dir=/home/ionouser/ionozond_data2/, scanned 360 recent h5 files, 358 candidates newer than 48.0 h, 2 missing PNGs, 1 recently failed, current rss 111.6 MB, rss 111.6 MB, growth 0.6 MB, slope 0.00 MB/ionogram, r 0.97, samples 138
using pyfftw
plot_ionograms.py: reloaded config, rss 110.1 -> 110.3 MB
Plotting /home/ionouser/ionozond_data2/2026-08-12/lfm_ionogram-unkown-DOB-ch0-000-1786510745.01.h5 rate 100.00 (kHz/s) t0 1786510745.00913 (unix), rss 111.6 MB
failed to post /tmp/latest-lfm-unkown-DOB.png: HTTP 403
plot_ionograms.py: memory after lfm_ionogram-unkown-DOB-ch0-000-1786510745.01.h5: rss 111.6 MB, growth 0.6 MB, slope 0.00 MB/ionogram, r 0.97, samples 139
plot_ionograms.py: output_dir=/home/ionouser/ionozond_data2/, scanned 360 recent h5 files, 358 candidates newer than 48.0 h, 1 missing PNGs, 1 recently failed, current rss 111.6 MB, rss 111.6 MB, growth 0.6 MB, slope 0.00 MB/ionogram, r 0.97, samples 139
plot_ionograms.py: output_dir=/home/ionouser/ionozond_data2/, scanned 360 recent h5 files, 358 candidates newer than 48.0 h, 1 missing PNGs, 1 recently failed, current rss 111.6 MB, rss 111.6 MB, growth 0.6 MB, slope 0.00 MB/ionogram, r 0.97, samples 139
plot_ionograms.py: output_dir=/home/ionouser/ionozond_data2/, scanned 360 recent h5 files, 358 candidates newer than 48.0 h, 1 missing PNGs, 1 recently failed, current rss 111.6 MB, rss 111.6 MB, growth 0.6 MB, slope 0.00 MB/ionogram, r 0.97, samples 139
using pyfftw
plot_ionograms.py: reloaded config, rss 110.0 -> 110.3 MB
Traceback (most recent call last):
  File "/home/ionouser/chirpsounder2/plot_ionograms.py", line 423, in <module>
    ok = plot_ionogram(conf, args.plot_file)
  File "/home/ionouser/chirpsounder2/plot_ionograms.py", line 252, in plot_ionogram
    with h5py.File(fn, "r") as ho:
  File "/home/ionouser/chirpsounder2/.venv38/lib/python3.8/site-packages/h5py/_hl/files.py", line 562, in __init__
    fid = make_fid(name, mode, userblock_size, fapl, fcpl, swmr=swmr)
  File "/home/ionouser/chirpsounder2/.venv38/lib/python3.8/site-packages/h5py/_hl/files.py", line 235, in make_fid
    fid = h5f.open(name, flags, fapl=fapl)
  File "h5py/_objects.pyx", line 54, in h5py._objects.with_phil.wrapper
  File "h5py/_objects.pyx", line 55, in h5py._objects.with_phil.wrapper
  File "h5py/h5f.pyx", line 102, in h5py.h5f.open
OSError: Unable to synchronously open file (bad object header version number)
plot_ionograms.py: memory after lfm_ionogram-unkown-DOB-ch0-000-1786487400.01.h5: rss 111.6 MB, growth 0.7 MB, slope 0.00 MB/ionogram, r 0.97, samples 140
plot_ionograms.py: output_dir=/home/ionouser/ionozond_data2/, scanned 360 recent h5 files, 358 candidates newer than 48.0 h, 1 missing PNGs, 1 recently failed, current rss 111.6 MB, rss 111.6 MB, growth 0.7 MB, slope 0.00 MB/ionogram, r 0.97, samples 140
using pyfftw
plot_ionograms.py: reloaded config, rss 110.1 -> 110.3 MB
Plotting /home/ionouser/ionozond_data2/2026-08-12/lfm_ionogram-unkown-DOB-ch0-000-1786511040.01.h5 rate 100.00 (kHz/s) t0 1786511040.00910 (unix), rss 111.4 MB
failed to post /tmp/latest-lfm-unkown-DOB.png: HTTP 403
plot_ionograms.py: memory after lfm_ionogram-unkown-DOB-ch0-000-1786511040.01.h5: rss 111.6 MB, growth 0.6 MB, slope 0.00 MB/ionogram, r 0.97, samples 141
plot_ionograms.py: output_dir=/home/ionouser/ionozond_data2/, scanned 362 recent h5 files, 360 candidates newer than 48.0 h, 2 missing PNGs, 1 recently failed, current rss 111.6 MB, rss 111.6 MB, growth 0.6 MB, slope 0.00 MB/ionogram, r 0.97, samples 141
using pyfftw
plot_ionograms.py: reloaded config, rss 110.1 -> 110.3 MB
Plotting /home/ionouser/ionozond_data2/2026-08-12/lfm_ionogram-unkown-DOB-ch0-000-1786511100.01.h5 rate 100.00 (kHz/s) t0 1786511100.00928 (unix), rss 111.3 MB
failed to post /tmp/latest-lfm-unkown-DOB.png: HTTP 403
plot_ionograms.py: memory after lfm_ionogram-unkown-DOB-ch0-000-1786511100.01.h5: rss 111.6 MB, growth 0.6 MB, slope 0.00 MB/ionogram, r 0.97, samples 142
plot_ionograms.py: output_dir=/home/ionouser/ionozond_data2/, scanned 362 recent h5 files, 360 candidates newer than 48.0 h, 1 missing PNGs, 1 recently failed, current rss 111.6 MB, rss 111.6 MB, growth 0.6 MB, slope 0.00 MB/ionogram, r 0.97, samples 142
plot_ionograms.py: output_dir=/home/ionouser/ionozond_data2/, scanned 362 recent h5 files, 360 candidates newer than 48.0 h, 1 missing PNGs, 1 recently failed, current rss 111.6 MB, rss 111.6 MB, growth 0.6 MB, slope 0.00 MB/ionogram, r 0.97, samples 142
using pyfftw
plot_ionograms.py: reloaded config, rss 110.2 -> 110.5 MB
Traceback (most recent call last):
  File "/home/ionouser/chirpsounder2/plot_ionograms.py", line 423, in <module>
    ok = plot_ionogram(conf, args.plot_file)
  File "/home/ionouser/chirpsounder2/plot_ionograms.py", line 252, in plot_ionogram
    with h5py.File(fn, "r") as ho:
  File "/home/ionouser/chirpsounder2/.venv38/lib/python3.8/site-packages/h5py/_hl/files.py", line 562, in __init__
    fid = make_fid(name, mode, userblock_size, fapl, fcpl, swmr=swmr)
  File "/home/ionouser/chirpsounder2/.venv38/lib/python3.8/site-packages/h5py/_hl/files.py", line 235, in make_fid
    fid = h5f.open(name, flags, fapl=fapl)
  File "h5py/_objects.pyx", line 54, in h5py._objects.with_phil.wrapper
  File "h5py/_objects.pyx", line 55, in h5py._objects.with_phil.wrapper
  File "h5py/h5f.pyx", line 102, in h5py.h5f.open
OSError: Unable to synchronously open file (bad object header version number)
plot_ionograms.py: memory after lfm_ionogram-unkown-DOB-ch0-000-1786487400.01.h5: rss 111.6 MB, growth 0.6 MB, slope 0.00 MB/ionogram, r 0.97, samples 143
plot_ionograms.py: output_dir=/home/ionouser/ionozond_data2/, scanned 362 recent h5 files, 360 candidates newer than 48.0 h, 1 missing PNGs, 1 recently failed, current rss 111.6 MB, rss 111.6 MB, growth 0.6 MB, slope 0.00 MB/ionogram, r 0.97, samples 143
using pyfftw
plot_ionograms.py: reloaded config, rss 110.2 -> 110.4 MB
Plotting /home/ionouser/ionozond_data2/2026-08-12/lfm_ionogram-unkown-DOB-ch0-000-1786511345.01.h5 rate 100.00 (kHz/s) t0 1786511345.00912 (unix), rss 111.5 MB
failed to post /tmp/latest-lfm-unkown-DOB.png: HTTP 403
plot_ionograms.py: memory after lfm_ionogram-unkown-DOB-ch0-000-1786511345.01.h5: rss 111.6 MB, growth 0.6 MB, slope 0.00 MB/ionogram, r 0.97, samples 144
using pyfftw
plot_ionograms.py: reloaded config, rss 110.3 -> 110.6 MB
Plotting /home/ionouser/ionozond_data2/2026-08-12/lfm_ionogram-unkown-DOB-ch0-000-1786511340.01.h5 rate 100.00 (kHz/s) t0 1786511340.00936 (unix), rss 111.8 MB
failed to post /tmp/latest-lfm-unkown-DOB.png: HTTP 403
plot_ionograms.py: memory after lfm_ionogram-unkown-DOB-ch0-000-1786511340.01.h5: rss 111.6 MB, growth 0.6 MB, slope 0.00 MB/ionogram, r 0.97, samples 145
plot_ionograms.py: output_dir=/home/ionouser/ionozond_data2/, scanned 364 recent h5 files, 362 candidates newer than 48.0 h, 1 missing PNGs, 1 recently failed, current rss 111.6 MB, rss 111.6 MB, growth 0.6 MB, slope 0.00 MB/ionogram, r 0.97, samples 145
plot_ionograms.py: output_dir=/home/ionouser/ionozond_data2/, scanned 364 recent h5 files, 362 candidates newer than 48.0 h, 1 missing PNGs, 1 recently failed, current rss 111.6 MB, rss 111.6 MB, growth 0.6 MB, slope 0.00 MB/ionogram, r 0.97, samples 145
plot_ionograms.py: output_dir=/home/ionouser/ionozond_data2/, scanned 364 recent h5 files, 362 candidates newer than 48.0 h, 1 missing PNGs, 1 recently failed, current rss 111.6 MB, rss 111.6 MB, growth 0.6 MB, slope 0.00 MB/ionogram, r 0.97, samples 145
using pyfftw
plot_ionograms.py: reloaded config, rss 110.5 -> 110.7 MB
Traceback (most recent call last):
  File "/home/ionouser/chirpsounder2/plot_ionograms.py", line 423, in <module>
    ok = plot_ionogram(conf, args.plot_file)
  File "/home/ionouser/chirpsounder2/plot_ionograms.py", line 252, in plot_ionogram
    with h5py.File(fn, "r") as ho:
  File "/home/ionouser/chirpsounder2/.venv38/lib/python3.8/site-packages/h5py/_hl/files.py", line 562, in __init__
    fid = make_fid(name, mode, userblock_size, fapl, fcpl, swmr=swmr)
  File "/home/ionouser/chirpsounder2/.venv38/lib/python3.8/site-packages/h5py/_hl/files.py", line 235, in make_fid
    fid = h5f.open(name, flags, fapl=fapl)
  File "h5py/_objects.pyx", line 54, in h5py._objects.with_phil.wrapper
  File "h5py/_objects.pyx", line 55, in h5py._objects.with_phil.wrapper
  File "h5py/h5f.pyx", line 102, in h5py.h5f.open
OSError: Unable to synchronously open file (bad object header version number)
plot_ionograms.py: memory after lfm_ionogram-unkown-DOB-ch0-000-1786487400.01.h5: rss 111.6 MB, growth 0.6 MB, slope 0.00 MB/ionogram, r 0.97, samples 146
plot_ionograms.py: output_dir=/home/ionouser/ionozond_data2/, scanned 364 recent h5 files, 362 candidates newer than 48.0 h, 1 missing PNGs, 1 recently failed, current rss 111.6 MB, rss 111.6 MB, growth 0.6 MB, slope 0.00 MB/ionogram, r 0.97, samples 146
using pyfftw
plot_ionograms.py: reloaded config, rss 110.1 -> 110.4 MB
Plotting /home/ionouser/ionozond_data2/2026-08-12/lfm_ionogram-unkown-DOB-ch0-000-1786511640.01.h5 rate 100.00 (kHz/s) t0 1786511640.00895 (unix), rss 111.5 MB
failed to post /tmp/latest-lfm-unkown-DOB.png: HTTP 403
plot_ionograms.py: memory after lfm_ionogram-unkown-DOB-ch0-000-1786511640.01.h5: rss 111.6 MB, growth 0.6 MB, slope 0.00 MB/ionogram, r 0.97, samples 147
plot_ionograms.py: output_dir=/home/ionouser/ionozond_data2/, scanned 366 recent h5 files, 364 candidates newer than 48.0 h, 2 missing PNGs, 1 recently failed, current rss 111.6 MB, rss 111.6 MB, growth 0.6 MB, slope 0.00 MB/ionogram, r 0.97, samples 147
using pyfftw
plot_ionograms.py: reloaded config, rss 110.2 -> 110.5 MB
Plotting /home/ionouser/ionozond_data2/2026-08-12/lfm_ionogram-unkown-DOB-ch0-000-1786511645.01.h5 rate 100.00 (kHz/s) t0 1786511645.00928 (unix), rss 111.6 MB
failed to post /tmp/latest-lfm-unkown-DOB.png: HTTP 403
plot_ionograms.py: memory after lfm_ionogram-unkown-DOB-ch0-000-1786511645.01.h5: rss 111.6 MB, growth 0.7 MB, slope 0.00 MB/ionogram, r 0.97, samples 148
plot_ionograms.py: output_dir=/home/ionouser/ionozond_data2/, scanned 366 recent h5 files, 364 candidates newer than 48.0 h, 1 missing PNGs, 1 recently failed, current rss 111.6 MB, rss 111.6 MB, growth 0.7 MB, slope 0.00 MB/ionogram, r 0.97, samples 148
plot_ionograms.py: output_dir=/home/ionouser/ionozond_data2/, scanned 366 recent h5 files, 364 candidates newer than 48.0 h, 1 missing PNGs, 1 recently failed, current rss 111.6 MB, rss 111.6 MB, growth 0.7 MB, slope 0.00 MB/ionogram, r 0.97, samples 148
plot_ionograms.py: output_dir=/home/ionouser/ionozond_data2/, scanned 366 recent h5 files, 364 candidates newer than 48.0 h, 1 missing PNGs, 1 recently failed, current rss 111.6 MB, rss 111.6 MB, growth 0.7 MB, slope 0.00 MB/ionogram, r 0.97, samples 148
using pyfftw
plot_ionograms.py: reloaded config, rss 110.7 -> 110.9 MB
Traceback (most recent call last):
  File "/home/ionouser/chirpsounder2/plot_ionograms.py", line 423, in <module>
    ok = plot_ionogram(conf, args.plot_file)
  File "/home/ionouser/chirpsounder2/plot_ionograms.py", line 252, in plot_ionogram
    with h5py.File(fn, "r") as ho:
  File "/home/ionouser/chirpsounder2/.venv38/lib/python3.8/site-packages/h5py/_hl/files.py", line 562, in __init__
    fid = make_fid(name, mode, userblock_size, fapl, fcpl, swmr=swmr)
  File "/home/ionouser/chirpsounder2/.venv38/lib/python3.8/site-packages/h5py/_hl/files.py", line 235, in make_fid
    fid = h5f.open(name, flags, fapl=fapl)
  File "h5py/_objects.pyx", line 54, in h5py._objects.with_phil.wrapper
  File "h5py/_objects.pyx", line 55, in h5py._objects.with_phil.wrapper
  File "h5py/h5f.pyx", line 102, in h5py.h5f.open
OSError: Unable to synchronously open file (bad object header version number)
plot_ionograms.py: memory after lfm_ionogram-unkown-DOB-ch0-000-1786487400.01.h5: rss 111.6 MB, growth 0.7 MB, slope 0.00 MB/ionogram, r 0.97, samples 149
plot_ionograms.py: output_dir=/home/ionouser/ionozond_data2/, scanned 366 recent h5 files, 364 candidates newer than 48.0 h, 1 missing PNGs, 1 recently failed, current rss 111.6 MB, rss 111.6 MB, growth 0.7 MB, slope 0.00 MB/ionogram, r 0.97, samples 149
using pyfftw
plot_ionograms.py: reloaded config, rss 110.4 -> 110.6 MB
Plotting /home/ionouser/ionozond_data2/2026-08-12/lfm_ionogram-unkown-DOB-ch0-000-1786511945.01.h5 rate 100.00 (kHz/s) t0 1786511945.00912 (unix), rss 111.8 MB
failed to post /tmp/latest-lfm-unkown-DOB.png: HTTP 403
plot_ionograms.py: memory after lfm_ionogram-unkown-DOB-ch0-000-1786511945.01.h5: rss 111.6 MB, growth 0.6 MB, slope 0.00 MB/ionogram, r 0.97, samples 150
plot_ionograms.py: output_dir=/home/ionouser/ionozond_data2/, scanned 367 recent h5 files, 365 candidates newer than 48.0 h, 1 missing PNGs, 1 recently failed, current rss 111.6 MB, rss 111.6 MB, growth 0.6 MB, slope 0.00 MB/ionogram, r 0.97, samples 150
plot_ionograms.py: output_dir=/home/ionouser/ionozond_data2/, scanned 367 recent h5 files, 365 candidates newer than 48.0 h, 1 missing PNGs, 1 recently failed, current rss 111.6 MB, rss 111.6 MB, growth 0.6 MB, slope 0.00 MB/ionogram, r 0.97, samples 150
using pyfftw
plot_ionograms.py: reloaded config, rss 110.1 -> 110.3 MB
Plotting /home/ionouser/ionozond_data2/2026-08-12/lfm_ionogram-unkown-DOB-ch0-000-1786512000.01.h5 rate 100.00 (kHz/s) t0 1786512000.00923 (unix), rss 111.6 MB
failed to post /tmp/latest-lfm-unkown-DOB.png: HTTP 403
plot_ionograms.py: memory after lfm_ionogram-unkown-DOB-ch0-000-1786512000.01.h5: rss 111.6 MB, growth 0.6 MB, slope 0.00 MB/ionogram, r 0.97, samples 151
plot_ionograms.py: output_dir=/home/ionouser/ionozond_data2/, scanned 368 recent h5 files, 366 candidates newer than 48.0 h, 1 missing PNGs, 1 recently failed, current rss 111.6 MB, rss 111.6 MB, growth 0.6 MB, slope 0.00 MB/ionogram, r 0.97, samples 151
plot_ionograms.py: output_dir=/home/ionouser/ionozond_data2/, scanned 368 recent h5 files, 366 candidates newer than 48.0 h, 1 missing PNGs, 1 recently failed, current rss 111.6 MB, rss 111.6 MB, growth 0.6 MB, slope 0.00 MB/ionogram, r 0.97, samples 151
using pyfftw
plot_ionograms.py: reloaded config, rss 110.6 -> 110.8 MB
Traceback (most recent call last):
  File "/home/ionouser/chirpsounder2/plot_ionograms.py", line 423, in <module>
    ok = plot_ionogram(conf, args.plot_file)
  File "/home/ionouser/chirpsounder2/plot_ionograms.py", line 252, in plot_ionogram
    with h5py.File(fn, "r") as ho:
  File "/home/ionouser/chirpsounder2/.venv38/lib/python3.8/site-packages/h5py/_hl/files.py", line 562, in __init__
    fid = make_fid(name, mode, userblock_size, fapl, fcpl, swmr=swmr)
  File "/home/ionouser/chirpsounder2/.venv38/lib/python3.8/site-packages/h5py/_hl/files.py", line 235, in make_fid
    fid = h5f.open(name, flags, fapl=fapl)
  File "h5py/_objects.pyx", line 54, in h5py._objects.with_phil.wrapper
  File "h5py/_objects.pyx", line 55, in h5py._objects.with_phil.wrapper
  File "h5py/h5f.pyx", line 102, in h5py.h5f.open
OSError: Unable to synchronously open file (bad object header version number)
plot_ionograms.py: memory after lfm_ionogram-unkown-DOB-ch0-000-1786487400.01.h5: rss 111.6 MB, growth 0.6 MB, slope 0.00 MB/ionogram, r 0.97, samples 152
using pyfftw
plot_ionograms.py: reloaded config, rss 110.5 -> 110.8 MB
Plotting /home/ionouser/ionozond_data2/2026-08-12/lfm_ionogram-unkown-DOB-ch0-000-1786512300.01.h5 rate 100.00 (kHz/s) t0 1786512300.00922 (unix), rss 111.8 MB
failed to post /tmp/latest-lfm-unkown-DOB.png: HTTP 403
plot_ionograms.py: memory after lfm_ionogram-unkown-DOB-ch0-000-1786512300.01.h5: rss 111.6 MB, growth 0.7 MB, slope 0.00 MB/ionogram, r 0.98, samples 153
plot_ionograms.py: output_dir=/home/ionouser/ionozond_data2/, scanned 369 recent h5 files, 367 candidates newer than 48.0 h, 1 missing PNGs, 1 recently failed, current rss 111.6 MB, rss 111.6 MB, growth 0.7 MB, slope 0.00 MB/ionogram, r 0.98, samples 153
plot_ionograms.py: output_dir=/home/ionouser/ionozond_data2/, scanned 369 recent h5 files, 367 candidates newer than 48.0 h, 1 missing PNGs, 1 recently failed, current rss 111.6 MB, rss 111.6 MB, growth 0.7 MB, slope 0.00 MB/ionogram, r 0.98, samples 153
plot_ionograms.py: output_dir=/home/ionouser/ionozond_data2/, scanned 369 recent h5 files, 367 candidates newer than 48.0 h, 1 missing PNGs, 1 recently failed, current rss 111.6 MB, rss 111.6 MB, growth 0.7 MB, slope 0.00 MB/ionogram, r 0.98, samples 153
plot_ionograms.py: output_dir=/home/ionouser/ionozond_data2/, scanned 369 recent h5 files, 367 candidates newer than 48.0 h, 1 missing PNGs, 1 recently failed, current rss 111.6 MB, rss 111.6 MB, growth 0.7 MB, slope 0.00 MB/ionogram, r 0.98, samples 153
using pyfftw
plot_ionograms.py: reloaded config, rss 110.1 -> 110.3 MB
Plotting /home/ionouser/ionozond_data2/2026-08-12/lfm_ionogram-unkown-DOB-ch0-000-1786512490.01.h5 rate 100.00 (kHz/s) t0 1786512490.00885 (unix), rss 111.3 MB
failed to post /tmp/latest-lfm-unkown-DOB.png: HTTP 403
plot_ionograms.py: memory after lfm_ionogram-unkown-DOB-ch0-000-1786512490.01.h5: rss 111.6 MB, growth 0.7 MB, slope 0.00 MB/ionogram, r 0.98, samples 154
plot_ionograms.py: output_dir=/home/ionouser/ionozond_data2/, scanned 371 recent h5 files, 369 candidates newer than 48.0 h, 2 missing PNGs, 1 recently failed, current rss 111.6 MB, rss 111.6 MB, growth 0.7 MB, slope 0.00 MB/ionogram, r 0.98, samples 154
using pyfftw
plot_ionograms.py: reloaded config, rss 110.4 -> 110.6 MB
Plotting /home/ionouser/ionozond_data2/2026-08-12/lfm_ionogram-unkown-DOB-ch0-000-1786512545.01.h5 rate 100.00 (kHz/s) t0 1786512545.00922 (unix), rss 111.8 MB
failed to post /tmp/latest-lfm-unkown-DOB.png: HTTP 403
plot_ionograms.py: memory after lfm_ionogram-unkown-DOB-ch0-000-1786512545.01.h5: rss 111.6 MB, growth 0.6 MB, slope 0.00 MB/ionogram, r 0.98, samples 155
using pyfftw
plot_ionograms.py: reloaded config, rss 110.2 -> 110.4 MB
Traceback (most recent call last):
  File "/home/ionouser/chirpsounder2/plot_ionograms.py", line 423, in <module>
    ok = plot_ionogram(conf, args.plot_file)
  File "/home/ionouser/chirpsounder2/plot_ionograms.py", line 252, in plot_ionogram
    with h5py.File(fn, "r") as ho:
  File "/home/ionouser/chirpsounder2/.venv38/lib/python3.8/site-packages/h5py/_hl/files.py", line 562, in __init__
    fid = make_fid(name, mode, userblock_size, fapl, fcpl, swmr=swmr)
  File "/home/ionouser/chirpsounder2/.venv38/lib/python3.8/site-packages/h5py/_hl/files.py", line 235, in make_fid
    fid = h5f.open(name, flags, fapl=fapl)
  File "h5py/_objects.pyx", line 54, in h5py._objects.with_phil.wrapper
  File "h5py/_objects.pyx", line 55, in h5py._objects.with_phil.wrapper
  File "h5py/h5f.pyx", line 102, in h5py.h5f.open
OSError: Unable to synchronously open file (bad object header version number)
plot_ionograms.py: memory after lfm_ionogram-unkown-DOB-ch0-000-1786487400.01.h5: rss 111.6 MB, growth 0.6 MB, slope 0.00 MB/ionogram, r 0.98, samples 156
plot_ionograms.py: output_dir=/home/ionouser/ionozond_data2/, scanned 371 recent h5 files, 369 candidates newer than 48.0 h, 1 missing PNGs, 1 recently failed, current rss 111.6 MB, rss 111.6 MB, growth 0.6 MB, slope 0.00 MB/ionogram, r 0.98, samples 156
plot_ionograms.py: output_dir=/home/ionouser/ionozond_data2/, scanned 371 recent h5 files, 369 candidates newer than 48.0 h, 1 missing PNGs, 1 recently failed, current rss 111.6 MB, rss 111.6 MB, growth 0.6 MB, slope 0.00 MB/ionogram, r 0.98, samples 156
plot_ionograms.py: output_dir=/home/ionouser/ionozond_data2/, scanned 371 recent h5 files, 369 candidates newer than 48.0 h, 1 missing PNGs, 1 recently failed, current rss 111.6 MB, rss 111.6 MB, growth 0.6 MB, slope 0.00 MB/ionogram, r 0.98, samples 156
plot_ionograms.py: output_dir=/home/ionouser/ionozond_data2/, scanned 371 recent h5 files, 369 candidates newer than 48.0 h, 1 missing PNGs, 1 recently failed, current rss 111.6 MB, rss 111.6 MB, growth 0.6 MB, slope 0.00 MB/ionogram, r 0.98, samples 156
using pyfftw
plot_ionograms.py: reloaded config, rss 110.1 -> 110.4 MB
Plotting /home/ionouser/ionozond_data2/2026-08-12/lfm_ionogram-unkown-DOB-ch0-000-1786512845.01.h5 rate 100.00 (kHz/s) t0 1786512845.00920 (unix), rss 111.4 MB
failed to post /tmp/latest-lfm-unkown-DOB.png: HTTP 403
plot_ionograms.py: memory after lfm_ionogram-unkown-DOB-ch0-000-1786512845.01.h5: rss 111.6 MB, growth 0.6 MB, slope 0.00 MB/ionogram, r 0.98, samples 157
using pyfftw
plot_ionograms.py: reloaded config, rss 110.3 -> 110.5 MB
Plotting /home/ionouser/ionozond_data2/2026-08-12/lfm_ionogram-unkown-DOB-ch0-000-1786512840.01.h5 rate 100.00 (kHz/s) t0 1786512840.00892 (unix), rss 111.7 MB
failed to post /tmp/latest-lfm-unkown-DOB.png: HTTP 403
plot_ionograms.py: memory after lfm_ionogram-unkown-DOB-ch0-000-1786512840.01.h5: rss 111.6 MB, growth 0.6 MB, slope 0.00 MB/ionogram, r 0.98, samples 158
using pyfftw
plot_ionograms.py: reloaded config, rss 110.1 -> 110.4 MB
Traceback (most recent call last):
  File "/home/ionouser/chirpsounder2/plot_ionograms.py", line 423, in <module>
    ok = plot_ionogram(conf, args.plot_file)
  File "/home/ionouser/chirpsounder2/plot_ionograms.py", line 252, in plot_ionogram
    with h5py.File(fn, "r") as ho:
  File "/home/ionouser/chirpsounder2/.venv38/lib/python3.8/site-packages/h5py/_hl/files.py", line 562, in __init__
    fid = make_fid(name, mode, userblock_size, fapl, fcpl, swmr=swmr)
  File "/home/ionouser/chirpsounder2/.venv38/lib/python3.8/site-packages/h5py/_hl/files.py", line 235, in make_fid
    fid = h5f.open(name, flags, fapl=fapl)
  File "h5py/_objects.pyx", line 54, in h5py._objects.with_phil.wrapper
  File "h5py/_objects.pyx", line 55, in h5py._objects.with_phil.wrapper
  File "h5py/h5f.pyx", line 102, in h5py.h5f.open
OSError: Unable to synchronously open file (bad object header version number)
plot_ionograms.py: memory after lfm_ionogram-unkown-DOB-ch0-000-1786487400.01.h5: rss 111.6 MB, growth 0.6 MB, slope 0.00 MB/ionogram, r 0.98, samples 159
plot_ionograms.py: output_dir=/home/ionouser/ionozond_data2/, scanned 373 recent h5 files, 371 candidates newer than 48.0 h, 1 missing PNGs, 1 recently failed, current rss 111.6 MB, rss 111.6 MB, growth 0.6 MB, slope 0.00 MB/ionogram, r 0.98, samples 159
plot_ionograms.py: output_dir=/home/ionouser/ionozond_data2/, scanned 373 recent h5 files, 371 candidates newer than 48.0 h, 1 missing PNGs, 1 recently failed, current rss 111.6 MB, rss 111.6 MB, growth 0.6 MB, slope 0.00 MB/ionogram, r 0.98, samples 159
plot_ionograms.py: output_dir=/home/ionouser/ionozond_data2/, scanned 373 recent h5 files, 371 candidates newer than 48.0 h, 1 missing PNGs, 1 recently failed, current rss 111.6 MB, rss 111.6 MB, growth 0.6 MB, slope 0.00 MB/ionogram, r 0.98, samples 159
plot_ionograms.py: output_dir=/home/ionouser/ionozond_data2/, scanned 373 recent h5 files, 371 candidates newer than 48.0 h, 1 missing PNGs, 1 recently failed, current rss 111.6 MB, rss 111.6 MB, growth 0.6 MB, slope 0.00 MB/ionogram, r 0.98, samples 159
using pyfftw
plot_ionograms.py: reloaded config, rss 110.5 -> 110.7 MB
Plotting /home/ionouser/ionozond_data2/2026-08-12/lfm_ionogram-unkown-DOB-ch0-000-1786513140.01.h5 rate 100.00 (kHz/s) t0 1786513140.00930 (unix), rss 111.8 MB
failed to post /tmp/latest-lfm-unkown-DOB.png: HTTP 403
plot_ionograms.py: memory after lfm_ionogram-unkown-DOB-ch0-000-1786513140.01.h5: rss 111.6 MB, growth 0.6 MB, slope 0.00 MB/ionogram, r 0.98, samples 160
using pyfftw
plot_ionograms.py: reloaded config, rss 110.4 -> 110.7 MB
Traceback (most recent call last):
  File "/home/ionouser/chirpsounder2/plot_ionograms.py", line 423, in <module>
    ok = plot_ionogram(conf, args.plot_file)
  File "/home/ionouser/chirpsounder2/plot_ionograms.py", line 252, in plot_ionogram
    with h5py.File(fn, "r") as ho:
  File "/home/ionouser/chirpsounder2/.venv38/lib/python3.8/site-packages/h5py/_hl/files.py", line 562, in __init__
    fid = make_fid(name, mode, userblock_size, fapl, fcpl, swmr=swmr)
  File "/home/ionouser/chirpsounder2/.venv38/lib/python3.8/site-packages/h5py/_hl/files.py", line 235, in make_fid
    fid = h5f.open(name, flags, fapl=fapl)
  File "h5py/_objects.pyx", line 54, in h5py._objects.with_phil.wrapper
  File "h5py/_objects.pyx", line 55, in h5py._objects.with_phil.wrapper
  File "h5py/h5f.pyx", line 102, in h5py.h5f.open
OSError: Unable to synchronously open file (bad object header version number)
plot_ionograms.py: memory after lfm_ionogram-unkown-DOB-ch0-000-1786487400.01.h5: rss 111.6 MB, growth 0.6 MB, slope 0.00 MB/ionogram, r 0.98, samples 161
plot_ionograms.py: output_dir=/home/ionouser/ionozond_data2/, scanned 375 recent h5 files, 373 candidates newer than 48.0 h, 2 missing PNGs, 1 recently failed, current rss 111.6 MB, rss 111.6 MB, growth 0.6 MB, slope 0.00 MB/ionogram, r 0.98, samples 161
using pyfftw
plot_ionograms.py: reloaded config, rss 110.1 -> 110.4 MB
Plotting /home/ionouser/ionozond_data2/2026-08-12/lfm_ionogram-unkown-DOB-ch0-000-1786513145.01.h5 rate 100.00 (kHz/s) t0 1786513145.00967 (unix), rss 111.7 MB
failed to post /tmp/latest-lfm-unkown-DOB.png: HTTP 403
plot_ionograms.py: memory after lfm_ionogram-unkown-DOB-ch0-000-1786513145.01.h5: rss 111.6 MB, growth 0.6 MB, slope 0.00 MB/ionogram, r 0.98, samples 162
plot_ionograms.py: output_dir=/home/ionouser/ionozond_data2/, scanned 375 recent h5 files, 373 candidates newer than 48.0 h, 1 missing PNGs, 1 recently failed, current rss 111.6 MB, rss 111.6 MB, growth 0.6 MB, slope 0.00 MB/ionogram, r 0.98, samples 162
plot_ionograms.py: output_dir=/home/ionouser/ionozond_data2/, scanned 375 recent h5 files, 373 candidates newer than 48.0 h, 1 missing PNGs, 1 recently failed, current rss 111.6 MB, rss 111.6 MB, growth 0.6 MB, slope 0.00 MB/ionogram, r 0.98, samples 162
plot_ionograms.py: output_dir=/home/ionouser/ionozond_data2/, scanned 375 recent h5 files, 373 candidates newer than 48.0 h, 1 missing PNGs, 1 recently failed, current rss 111.6 MB, rss 111.6 MB, growth 0.6 MB, slope 0.00 MB/ionogram, r 0.98, samples 162
using pyfftw
plot_ionograms.py: reloaded config, rss 110.5 -> 110.8 MB
Plotting /home/ionouser/ionozond_data2/2026-08-12/lfm_ionogram-unkown-DOB-ch0-000-1786513445.01.h5 rate 100.00 (kHz/s) t0 1786513445.00998 (unix), rss 111.9 MB
failed to post /tmp/latest-lfm-unkown-DOB.png: HTTP 403
plot_ionograms.py: memory after lfm_ionogram-unkown-DOB-ch0-000-1786513445.01.h5: rss 111.6 MB, growth 0.7 MB, slope 0.00 MB/ionogram, r 0.98, samples 163
using pyfftw
plot_ionograms.py: reloaded config, rss 110.5 -> 110.8 MB
Traceback (most recent call last):
  File "/home/ionouser/chirpsounder2/plot_ionograms.py", line 423, in <module>
    ok = plot_ionogram(conf, args.plot_file)
  File "/home/ionouser/chirpsounder2/plot_ionograms.py", line 252, in plot_ionogram
    with h5py.File(fn, "r") as ho:
  File "/home/ionouser/chirpsounder2/.venv38/lib/python3.8/site-packages/h5py/_hl/files.py", line 562, in __init__
    fid = make_fid(name, mode, userblock_size, fapl, fcpl, swmr=swmr)
  File "/home/ionouser/chirpsounder2/.venv38/lib/python3.8/site-packages/h5py/_hl/files.py", line 235, in make_fid
    fid = h5f.open(name, flags, fapl=fapl)
  File "h5py/_objects.pyx", line 54, in h5py._objects.with_phil.wrapper
  File "h5py/_objects.pyx", line 55, in h5py._objects.with_phil.wrapper
  File "h5py/h5f.pyx", line 102, in h5py.h5f.open
OSError: Unable to synchronously open file (bad object header version number)
plot_ionograms.py: memory after lfm_ionogram-unkown-DOB-ch0-000-1786487400.01.h5: rss 111.6 MB, growth 0.7 MB, slope 0.00 MB/ionogram, r 0.98, samples 164
plot_ionograms.py: output_dir=/home/ionouser/ionozond_data2/, scanned 377 recent h5 files, 375 candidates newer than 48.0 h, 2 missing PNGs, 1 recently failed, current rss 111.6 MB, rss 111.6 MB, growth 0.7 MB, slope 0.00 MB/ionogram, r 0.98, samples 164
using pyfftw
plot_ionograms.py: reloaded config, rss 110.5 -> 110.8 MB
Plotting /home/ionouser/ionozond_data2/2026-08-12/lfm_ionogram-unkown-DOB-ch0-000-1786513500.01.h5 rate 100.00 (kHz/s) t0 1786513500.00939 (unix), rss 111.8 MB
failed to post /tmp/latest-lfm-unkown-DOB.png: HTTP 403
plot_ionograms.py: memory after lfm_ionogram-unkown-DOB-ch0-000-1786513500.01.h5: rss 111.6 MB, growth 0.6 MB, slope 0.00 MB/ionogram, r 0.98, samples 165
plot_ionograms.py: output_dir=/home/ionouser/ionozond_data2/, scanned 377 recent h5 files, 375 candidates newer than 48.0 h, 1 missing PNGs, 1 recently failed, current rss 111.6 MB, rss 111.6 MB, growth 0.6 MB, slope 0.00 MB/ionogram, r 0.98, samples 165
plot_ionograms.py: output_dir=/home/ionouser/ionozond_data2/, scanned 377 recent h5 files, 375 candidates newer than 48.0 h, 1 missing PNGs, 1 recently failed, current rss 111.6 MB, rss 111.6 MB, growth 0.6 MB, slope 0.00 MB/ionogram, r 0.98, samples 165
plot_ionograms.py: output_dir=/home/ionouser/ionozond_data2/, scanned 377 recent h5 files, 375 candidates newer than 48.0 h, 1 missing PNGs, 1 recently failed, current rss 111.6 MB, rss 111.6 MB, growth 0.6 MB, slope 0.00 MB/ionogram, r 0.98, samples 165
plot_ionograms.py: output_dir=/home/ionouser/ionozond_data2/, scanned 377 recent h5 files, 375 candidates newer than 48.0 h, 1 missing PNGs, 1 recently failed, current rss 111.6 MB, rss 111.6 MB, growth 0.6 MB, slope 0.00 MB/ionogram, r 0.98, samples 165
using pyfftw
plot_ionograms.py: reloaded config, rss 110.3 -> 110.5 MB
Plotting /home/ionouser/ionozond_data2/2026-08-12/lfm_ionogram-unkown-DOB-ch0-000-1786513745.01.h5 rate 100.00 (kHz/s) t0 1786513745.00935 (unix), rss 111.7 MB
failed to post /tmp/latest-lfm-unkown-DOB.png: HTTP 403
plot_ionograms.py: memory after lfm_ionogram-unkown-DOB-ch0-000-1786513745.01.h5: rss 111.6 MB, growth 0.6 MB, slope 0.00 MB/ionogram, r 0.98, samples 166
using pyfftw
plot_ionograms.py: reloaded config, rss 110.1 -> 110.4 MB
Traceback (most recent call last):
  File "/home/ionouser/chirpsounder2/plot_ionograms.py", line 423, in <module>
    ok = plot_ionogram(conf, args.plot_file)
  File "/home/ionouser/chirpsounder2/plot_ionograms.py", line 252, in plot_ionogram
    with h5py.File(fn, "r") as ho:
  File "/home/ionouser/chirpsounder2/.venv38/lib/python3.8/site-packages/h5py/_hl/files.py", line 562, in __init__
    fid = make_fid(name, mode, userblock_size, fapl, fcpl, swmr=swmr)
  File "/home/ionouser/chirpsounder2/.venv38/lib/python3.8/site-packages/h5py/_hl/files.py", line 235, in make_fid
    fid = h5f.open(name, flags, fapl=fapl)
  File "h5py/_objects.pyx", line 54, in h5py._objects.with_phil.wrapper
  File "h5py/_objects.pyx", line 55, in h5py._objects.with_phil.wrapper
  File "h5py/h5f.pyx", line 102, in h5py.h5f.open
OSError: Unable to synchronously open file (bad object header version number)
plot_ionograms.py: memory after lfm_ionogram-unkown-DOB-ch0-000-1786487400.01.h5: rss 111.6 MB, growth 0.6 MB, slope 0.00 MB/ionogram, r 0.98, samples 167
using pyfftw
plot_ionograms.py: reloaded config, rss 110.1 -> 110.3 MB
Plotting /home/ionouser/ionozond_data2/2026-08-12/lfm_ionogram-unkown-DOB-ch0-000-1786513800.01.h5 rate 100.00 (kHz/s) t0 1786513800.00935 (unix), rss 111.6 MB
failed to post /tmp/latest-lfm-unkown-DOB.png: HTTP 403
plot_ionograms.py: memory after lfm_ionogram-unkown-DOB-ch0-000-1786513800.01.h5: rss 111.6 MB, growth 0.6 MB, slope 0.00 MB/ionogram, r 0.98, samples 168
plot_ionograms.py: output_dir=/home/ionouser/ionozond_data2/, scanned 379 recent h5 files, 377 candidates newer than 48.0 h, 1 missing PNGs, 1 recently failed, current rss 111.6 MB, rss 111.6 MB, growth 0.6 MB, slope 0.00 MB/ionogram, r 0.98, samples 168
plot_ionograms.py: output_dir=/home/ionouser/ionozond_data2/, scanned 379 recent h5 files, 377 candidates newer than 48.0 h, 1 missing PNGs, 1 recently failed, current rss 111.6 MB, rss 111.6 MB, growth 0.6 MB, slope 0.00 MB/ionogram, r 0.98, samples 168
plot_ionograms.py: output_dir=/home/ionouser/ionozond_data2/, scanned 379 recent h5 files, 377 candidates newer than 48.0 h, 1 missing PNGs, 1 recently failed, current rss 111.6 MB, rss 111.6 MB, growth 0.6 MB, slope 0.00 MB/ionogram, r 0.98, samples 168
plot_ionograms.py: output_dir=/home/ionouser/ionozond_data2/, scanned 379 recent h5 files, 377 candidates newer than 48.0 h, 1 missing PNGs, 1 recently failed, current rss 111.6 MB, rss 111.6 MB, growth 0.6 MB, slope 0.00 MB/ionogram, r 0.98, samples 168
using pyfftw
plot_ionograms.py: reloaded config, rss 110.1 -> 110.3 MB
Plotting /home/ionouser/ionozond_data2/2026-08-12/lfm_ionogram-unkown-DOB-ch0-000-1786514045.01.h5 rate 100.00 (kHz/s) t0 1786514045.00940 (unix), rss 111.3 MB
failed to post /tmp/latest-lfm-unkown-DOB.png: HTTP 403
plot_ionograms.py: memory after lfm_ionogram-unkown-DOB-ch0-000-1786514045.01.h5: rss 111.6 MB, growth 0.6 MB, slope 0.00 MB/ionogram, r 0.98, samples 169
using pyfftw
plot_ionograms.py: reloaded config, rss 110.4 -> 110.6 MB
Plotting /home/ionouser/ionozond_data2/2026-08-12/lfm_ionogram-unkown-DOB-ch0-000-1786514040.01.h5 rate 100.00 (kHz/s) t0 1786514040.00883 (unix), rss 111.8 MB
failed to post /tmp/latest-lfm-unkown-DOB.png: HTTP 403
plot_ionograms.py: memory after lfm_ionogram-unkown-DOB-ch0-000-1786514040.01.h5: rss 111.6 MB, growth 0.6 MB, slope 0.00 MB/ionogram, r 0.98, samples 170
plot_ionograms.py: output_dir=/home/ionouser/ionozond_data2/, scanned 381 recent h5 files, 379 candidates newer than 48.0 h, 1 missing PNGs, 1 recently failed, current rss 111.6 MB, rss 111.6 MB, growth 0.6 MB, slope 0.00 MB/ionogram, r 0.98, samples 170
using pyfftw
plot_ionograms.py: reloaded config, rss 110.7 -> 111.0 MB
Traceback (most recent call last):
  File "/home/ionouser/chirpsounder2/plot_ionograms.py", line 423, in <module>
    ok = plot_ionogram(conf, args.plot_file)
  File "/home/ionouser/chirpsounder2/plot_ionograms.py", line 252, in plot_ionogram
    with h5py.File(fn, "r") as ho:
  File "/home/ionouser/chirpsounder2/.venv38/lib/python3.8/site-packages/h5py/_hl/files.py", line 562, in __init__
    fid = make_fid(name, mode, userblock_size, fapl, fcpl, swmr=swmr)
  File "/home/ionouser/chirpsounder2/.venv38/lib/python3.8/site-packages/h5py/_hl/files.py", line 235, in make_fid
    fid = h5f.open(name, flags, fapl=fapl)
  File "h5py/_objects.pyx", line 54, in h5py._objects.with_phil.wrapper
  File "h5py/_objects.pyx", line 55, in h5py._objects.with_phil.wrapper
  File "h5py/h5f.pyx", line 102, in h5py.h5f.open
OSError: Unable to synchronously open file (bad object header version number)
plot_ionograms.py: memory after lfm_ionogram-unkown-DOB-ch0-000-1786487400.01.h5: rss 111.6 MB, growth 0.6 MB, slope 0.00 MB/ionogram, r 0.98, samples 171
plot_ionograms.py: output_dir=/home/ionouser/ionozond_data2/, scanned 381 recent h5 files, 379 candidates newer than 48.0 h, 1 missing PNGs, 1 recently failed, current rss 111.6 MB, rss 111.6 MB, growth 0.6 MB, slope 0.00 MB/ionogram, r 0.98, samples 171
plot_ionograms.py: output_dir=/home/ionouser/ionozond_data2/, scanned 381 recent h5 files, 379 candidates newer than 48.0 h, 1 missing PNGs, 1 recently failed, current rss 111.6 MB, rss 111.6 MB, growth 0.6 MB, slope 0.00 MB/ionogram, r 0.98, samples 171
plot_ionograms.py: output_dir=/home/ionouser/ionozond_data2/, scanned 381 recent h5 files, 379 candidates newer than 48.0 h, 1 missing PNGs, 1 recently failed, current rss 111.6 MB, rss 111.6 MB, growth 0.6 MB, slope 0.00 MB/ionogram, r 0.98, samples 171
using pyfftw
plot_ionograms.py: reloaded config, rss 110.1 -> 110.4 MB
Plotting /home/ionouser/ionozond_data2/2026-08-12/lfm_ionogram-unkown-DOB-ch0-000-1786514340.01.h5 rate 100.00 (kHz/s) t0 1786514340.00893 (unix), rss 111.6 MB
failed to post /tmp/latest-lfm-unkown-DOB.png: HTTP 403
plot_ionograms.py: memory after lfm_ionogram-unkown-DOB-ch0-000-1786514340.01.h5: rss 111.6 MB, growth 0.6 MB, slope 0.00 MB/ionogram, r 0.98, samples 172
plot_ionograms.py: output_dir=/home/ionouser/ionozond_data2/, scanned 383 recent h5 files, 381 candidates newer than 48.0 h, 2 missing PNGs, 1 recently failed, current rss 111.6 MB, rss 111.6 MB, growth 0.6 MB, slope 0.00 MB/ionogram, r 0.98, samples 172
using pyfftw
plot_ionograms.py: reloaded config, rss 110.5 -> 110.8 MB
Plotting /home/ionouser/ionozond_data2/2026-08-12/lfm_ionogram-unkown-DOB-ch0-000-1786514345.01.h5 rate 100.00 (kHz/s) t0 1786514345.00918 (unix), rss 111.9 MB
failed to post /tmp/latest-lfm-unkown-DOB.png: HTTP 403
plot_ionograms.py: memory after lfm_ionogram-unkown-DOB-ch0-000-1786514345.01.h5: rss 111.6 MB, growth 0.7 MB, slope 0.00 MB/ionogram, r 0.98, samples 173
using pyfftw
plot_ionograms.py: reloaded config, rss 110.1 -> 110.4 MB
Traceback (most recent call last):
  File "/home/ionouser/chirpsounder2/plot_ionograms.py", line 423, in <module>
    ok = plot_ionogram(conf, args.plot_file)
  File "/home/ionouser/chirpsounder2/plot_ionograms.py", line 252, in plot_ionogram
    with h5py.File(fn, "r") as ho:
  File "/home/ionouser/chirpsounder2/.venv38/lib/python3.8/site-packages/h5py/_hl/files.py", line 562, in __init__
    fid = make_fid(name, mode, userblock_size, fapl, fcpl, swmr=swmr)
  File "/home/ionouser/chirpsounder2/.venv38/lib/python3.8/site-packages/h5py/_hl/files.py", line 235, in make_fid
    fid = h5f.open(name, flags, fapl=fapl)
  File "h5py/_objects.pyx", line 54, in h5py._objects.with_phil.wrapper
  File "h5py/_objects.pyx", line 55, in h5py._objects.with_phil.wrapper
  File "h5py/h5f.pyx", line 102, in h5py.h5f.open
OSError: Unable to synchronously open file (bad object header version number)
plot_ionograms.py: memory after lfm_ionogram-unkown-DOB-ch0-000-1786487400.01.h5: rss 111.6 MB, growth 0.7 MB, slope 0.00 MB/ionogram, r 0.98, samples 174
plot_ionograms.py: output_dir=/home/ionouser/ionozond_data2/, scanned 383 recent h5 files, 381 candidates newer than 48.0 h, 1 missing PNGs, 1 recently failed, current rss 111.6 MB, rss 111.6 MB, growth 0.7 MB, slope 0.00 MB/ionogram, r 0.98, samples 174
plot_ionograms.py: output_dir=/home/ionouser/ionozond_data2/, scanned 383 recent h5 files, 381 candidates newer than 48.0 h, 1 missing PNGs, 1 recently failed, current rss 111.6 MB, rss 111.6 MB, growth 0.7 MB, slope 0.00 MB/ionogram, r 0.98, samples 174
plot_ionograms.py: output_dir=/home/ionouser/ionozond_data2/, scanned 383 recent h5 files, 381 candidates newer than 48.0 h, 1 missing PNGs, 1 recently failed, current rss 111.6 MB, rss 111.6 MB, growth 0.7 MB, slope 0.00 MB/ionogram, r 0.98, samples 174
plot_ionograms.py: output_dir=/home/ionouser/ionozond_data2/, scanned 383 recent h5 files, 381 candidates newer than 48.0 h, 1 missing PNGs, 1 recently failed, current rss 111.6 MB, rss 111.6 MB, growth 0.7 MB, slope 0.00 MB/ionogram, r 0.98, samples 174
using pyfftw
plot_ionograms.py: reloaded config, rss 110.5 -> 110.8 MB
Plotting /home/ionouser/ionozond_data2/2026-08-12/lfm_ionogram-unkown-DOB-ch0-000-1786514645.01.h5 rate 100.00 (kHz/s) t0 1786514645.00962 (unix), rss 111.9 MB
failed to post /tmp/latest-lfm-unkown-DOB.png: HTTP 403
plot_ionograms.py: memory after lfm_ionogram-unkown-DOB-ch0-000-1786514645.01.h5: rss 111.6 MB, growth 0.6 MB, slope 0.00 MB/ionogram, r 0.98, samples 175
plot_ionograms.py: output_dir=/home/ionouser/ionozond_data2/, scanned 385 recent h5 files, 383 candidates newer than 48.0 h, 2 missing PNGs, 1 recently failed, current rss 111.6 MB, rss 111.6 MB, growth 0.6 MB, slope 0.00 MB/ionogram, r 0.98, samples 175
using pyfftw
plot_ionograms.py: reloaded config, rss 110.0 -> 110.3 MB
Plotting /home/ionouser/ionozond_data2/2026-08-12/lfm_ionogram-unkown-DOB-ch0-000-1786514700.01.h5 rate 100.00 (kHz/s) t0 1786514700.00967 (unix), rss 111.5 MB
failed to post /tmp/latest-lfm-unkown-DOB.png: HTTP 403
plot_ionograms.py: memory after lfm_ionogram-unkown-DOB-ch0-000-1786514700.01.h5: rss 111.6 MB, growth 0.7 MB, slope 0.00 MB/ionogram, r 0.98, samples 176
using pyfftw
plot_ionograms.py: reloaded config, rss 110.5 -> 110.8 MB
Traceback (most recent call last):
  File "/home/ionouser/chirpsounder2/plot_ionograms.py", line 423, in <module>
    ok = plot_ionogram(conf, args.plot_file)
  File "/home/ionouser/chirpsounder2/plot_ionograms.py", line 252, in plot_ionogram
    with h5py.File(fn, "r") as ho:
  File "/home/ionouser/chirpsounder2/.venv38/lib/python3.8/site-packages/h5py/_hl/files.py", line 562, in __init__
    fid = make_fid(name, mode, userblock_size, fapl, fcpl, swmr=swmr)
  File "/home/ionouser/chirpsounder2/.venv38/lib/python3.8/site-packages/h5py/_hl/files.py", line 235, in make_fid
    fid = h5f.open(name, flags, fapl=fapl)
  File "h5py/_objects.pyx", line 54, in h5py._objects.with_phil.wrapper
  File "h5py/_objects.pyx", line 55, in h5py._objects.with_phil.wrapper
  File "h5py/h5f.pyx", line 102, in h5py.h5f.open
OSError: Unable to synchronously open file (bad object header version number)
plot_ionograms.py: memory after lfm_ionogram-unkown-DOB-ch0-000-1786487400.01.h5: rss 111.6 MB, growth 0.6 MB, slope 0.00 MB/ionogram, r 0.98, samples 177
plot_ionograms.py: output_dir=/home/ionouser/ionozond_data2/, scanned 385 recent h5 files, 383 candidates newer than 48.0 h, 1 missing PNGs, 1 recently failed, current rss 111.6 MB, rss 111.6 MB, growth 0.6 MB, slope 0.00 MB/ionogram, r 0.98, samples 177
plot_ionograms.py: output_dir=/home/ionouser/ionozond_data2/, scanned 385 recent h5 files, 383 candidates newer than 48.0 h, 1 missing PNGs, 1 recently failed, current rss 111.6 MB, rss 111.6 MB, growth 0.6 MB, slope 0.00 MB/ionogram, r 0.98, samples 177
plot_ionograms.py: output_dir=/home/ionouser/ionozond_data2/, scanned 385 recent h5 files, 383 candidates newer than 48.0 h, 1 missing PNGs, 1 recently failed, current rss 111.6 MB, rss 111.6 MB, growth 0.6 MB, slope 0.00 MB/ionogram, r 0.98, samples 177
plot_ionograms.py: output_dir=/home/ionouser/ionozond_data2/, scanned 385 recent h5 files, 383 candidates newer than 48.0 h, 1 missing PNGs, 1 recently failed, current rss 111.6 MB, rss 111.6 MB, growth 0.6 MB, slope 0.00 MB/ionogram, r 0.98, samples 177
using pyfftw
plot_ionograms.py: reloaded config, rss 110.6 -> 110.9 MB
Plotting /home/ionouser/ionozond_data2/2026-08-12/lfm_ionogram-unkown-DOB-ch0-000-1786514945.01.h5 rate 100.00 (kHz/s) t0 1786514945.00927 (unix), rss 111.9 MB
failed to post /tmp/latest-lfm-unkown-DOB.png: HTTP 403
plot_ionograms.py: memory after lfm_ionogram-unkown-DOB-ch0-000-1786514945.01.h5: rss 111.6 MB, growth 0.6 MB, slope 0.00 MB/ionogram, r 0.98, samples 178
using pyfftw
plot_ionograms.py: reloaded config, rss 110.0 -> 110.3 MB
Plotting /home/ionouser/ionozond_data2/2026-08-12/lfm_ionogram-unkown-DOB-ch0-000-1786515000.01.h5 rate 100.00 (kHz/s) t0 1786515000.00927 (unix), rss 111.5 MB
failed to post /tmp/latest-lfm-unkown-DOB.png: HTTP 403
plot_ionograms.py: memory after lfm_ionogram-unkown-DOB-ch0-000-1786515000.01.h5: rss 111.6 MB, growth 0.6 MB, slope 0.00 MB/ionogram, r 0.98, samples 179
plot_ionograms.py: output_dir=/home/ionouser/ionozond_data2/, scanned 387 recent h5 files, 385 candidates newer than 48.0 h, 1 missing PNGs, 1 recently failed, current rss 111.6 MB, rss 111.6 MB, growth 0.6 MB, slope 0.00 MB/ionogram, r 0.98, samples 179
using pyfftw
plot_ionograms.py: reloaded config, rss 110.4 -> 110.7 MB
Traceback (most recent call last):
  File "/home/ionouser/chirpsounder2/plot_ionograms.py", line 423, in <module>
    ok = plot_ionogram(conf, args.plot_file)
  File "/home/ionouser/chirpsounder2/plot_ionograms.py", line 252, in plot_ionogram
    with h5py.File(fn, "r") as ho:
  File "/home/ionouser/chirpsounder2/.venv38/lib/python3.8/site-packages/h5py/_hl/files.py", line 562, in __init__
    fid = make_fid(name, mode, userblock_size, fapl, fcpl, swmr=swmr)
  File "/home/ionouser/chirpsounder2/.venv38/lib/python3.8/site-packages/h5py/_hl/files.py", line 235, in make_fid
    fid = h5f.open(name, flags, fapl=fapl)
  File "h5py/_objects.pyx", line 54, in h5py._objects.with_phil.wrapper
  File "h5py/_objects.pyx", line 55, in h5py._objects.with_phil.wrapper
  File "h5py/h5f.pyx", line 102, in h5py.h5f.open
OSError: Unable to synchronously open file (bad object header version number)
plot_ionograms.py: memory after lfm_ionogram-unkown-DOB-ch0-000-1786487400.01.h5: rss 111.6 MB, growth 0.7 MB, slope 0.00 MB/ionogram, r 0.98, samples 180
plot_ionograms.py: output_dir=/home/ionouser/ionozond_data2/, scanned 387 recent h5 files, 385 candidates newer than 48.0 h, 1 missing PNGs, 1 recently failed, current rss 111.6 MB, rss 111.6 MB, growth 0.7 MB, slope 0.00 MB/ionogram, r 0.98, samples 180
plot_ionograms.py: output_dir=/home/ionouser/ionozond_data2/, scanned 387 recent h5 files, 385 candidates newer than 48.0 h, 1 missing PNGs, 1 recently failed, current rss 111.6 MB, rss 111.6 MB, growth 0.7 MB, slope 0.00 MB/ionogram, r 0.98, samples 180
using pyfftw
plot_ionograms.py: reloaded config, rss 110.7 -> 111.0 MB
Plotting /home/ionouser/ionozond_data2/2026-08-12/lfm_ionogram-unkown-DOB-ch0-000-1786515245.01.h5 rate 100.00 (kHz/s) t0 1786515245.00923 (unix), rss 112.1 MB
failed to post /tmp/latest-lfm-unkown-DOB.png: HTTP 403
plot_ionograms.py: memory after lfm_ionogram-unkown-DOB-ch0-000-1786515245.01.h5: rss 111.6 MB, growth 0.6 MB, slope 0.00 MB/ionogram, r 0.98, samples 181
plot_ionograms.py: output_dir=/home/ionouser/ionozond_data2/, scanned 389 recent h5 files, 387 candidates newer than 48.0 h, 2 missing PNGs, 1 recently failed, current rss 111.6 MB, rss 111.6 MB, growth 0.6 MB, slope 0.00 MB/ionogram, r 0.98, samples 181
using pyfftw
plot_ionograms.py: reloaded config, rss 110.1 -> 110.3 MB
Plotting /home/ionouser/ionozond_data2/2026-08-12/lfm_ionogram-unkown-DOB-ch0-000-1786515300.01.h5 rate 100.00 (kHz/s) t0 1786515300.00923 (unix), rss 111.6 MB
failed to post /tmp/latest-lfm-unkown-DOB.png: HTTP 403
plot_ionograms.py: memory after lfm_ionogram-unkown-DOB-ch0-000-1786515300.01.h5: rss 111.6 MB, growth 0.7 MB, slope 0.00 MB/ionogram, r 0.98, samples 182
plot_ionograms.py: output_dir=/home/ionouser/ionozond_data2/, scanned 389 recent h5 files, 387 candidates newer than 48.0 h, 1 missing PNGs, 1 recently failed, current rss 111.6 MB, rss 111.6 MB, growth 0.7 MB, slope 0.00 MB/ionogram, r 0.98, samples 182
using pyfftw
plot_ionograms.py: reloaded config, rss 110.5 -> 110.8 MB
Traceback (most recent call last):
  File "/home/ionouser/chirpsounder2/plot_ionograms.py", line 423, in <module>
    ok = plot_ionogram(conf, args.plot_file)
  File "/home/ionouser/chirpsounder2/plot_ionograms.py", line 252, in plot_ionogram
    with h5py.File(fn, "r") as ho:
  File "/home/ionouser/chirpsounder2/.venv38/lib/python3.8/site-packages/h5py/_hl/files.py", line 562, in __init__
    fid = make_fid(name, mode, userblock_size, fapl, fcpl, swmr=swmr)
  File "/home/ionouser/chirpsounder2/.venv38/lib/python3.8/site-packages/h5py/_hl/files.py", line 235, in make_fid
    fid = h5f.open(name, flags, fapl=fapl)
  File "h5py/_objects.pyx", line 54, in h5py._objects.with_phil.wrapper
  File "h5py/_objects.pyx", line 55, in h5py._objects.with_phil.wrapper
  File "h5py/h5f.pyx", line 102, in h5py.h5f.open
OSError: Unable to synchronously open file (bad object header version number)
plot_ionograms.py: memory after lfm_ionogram-unkown-DOB-ch0-000-1786487400.01.h5: rss 111.6 MB, growth 0.7 MB, slope 0.00 MB/ionogram, r 0.98, samples 183
plot_ionograms.py: output_dir=/home/ionouser/ionozond_data2/, scanned 389 recent h5 files, 387 candidates newer than 48.0 h, 1 missing PNGs, 1 recently failed, current rss 111.6 MB, rss 111.6 MB, growth 0.7 MB, slope 0.00 MB/ionogram, r 0.98, samples 183
plot_ionograms.py: output_dir=/home/ionouser/ionozond_data2/, scanned 389 recent h5 files, 387 candidates newer than 48.0 h, 1 missing PNGs, 1 recently failed, current rss 111.6 MB, rss 111.6 MB, growth 0.7 MB, slope 0.00 MB/ionogram, r 0.98, samples 183
plot_ionograms.py: output_dir=/home/ionouser/ionozond_data2/, scanned 390 recent h5 files, 388 candidates newer than 48.0 h, 2 missing PNGs, 1 recently failed, current rss 111.6 MB, rss 111.6 MB, growth 0.7 MB, slope 0.00 MB/ionogram, r 0.98, samples 183
using pyfftw
plot_ionograms.py: reloaded config, rss 110.2 -> 110.4 MB
Plotting /home/ionouser/ionozond_data2/2026-08-12/lfm_ionogram-unkown-DOB-ch0-000-1786515540.01.h5 rate 100.00 (kHz/s) t0 1786515540.00902 (unix), rss 111.5 MB
failed to post /tmp/latest-lfm-unkown-DOB.png: HTTP 403
plot_ionograms.py: memory after lfm_ionogram-unkown-DOB-ch0-000-1786515540.01.h5: rss 111.6 MB, growth 0.6 MB, slope 0.00 MB/ionogram, r 0.98, samples 184
using pyfftw
plot_ionograms.py: reloaded config, rss 110.5 -> 110.7 MB
Plotting /home/ionouser/ionozond_data2/2026-08-12/lfm_ionogram-unkown-DOB-ch0-000-1786515545.01.h5 rate 100.00 (kHz/s) t0 1786515545.00922 (unix), rss 111.7 MB
failed to post /tmp/latest-lfm-unkown-DOB.png: HTTP 403
plot_ionograms.py: memory after lfm_ionogram-unkown-DOB-ch0-000-1786515545.01.h5: rss 111.6 MB, growth 0.6 MB, slope 0.00 MB/ionogram, r 0.97, samples 185
plot_ionograms.py: output_dir=/home/ionouser/ionozond_data2/, scanned 391 recent h5 files, 389 candidates newer than 48.0 h, 1 missing PNGs, 1 recently failed, current rss 111.6 MB, rss 111.6 MB, growth 0.6 MB, slope 0.00 MB/ionogram, r 0.97, samples 185
using pyfftw
plot_ionograms.py: reloaded config, rss 110.5 -> 110.7 MB
Traceback (most recent call last):
  File "/home/ionouser/chirpsounder2/plot_ionograms.py", line 423, in <module>
    ok = plot_ionogram(conf, args.plot_file)
  File "/home/ionouser/chirpsounder2/plot_ionograms.py", line 252, in plot_ionogram
    with h5py.File(fn, "r") as ho:
  File "/home/ionouser/chirpsounder2/.venv38/lib/python3.8/site-packages/h5py/_hl/files.py", line 562, in __init__
    fid = make_fid(name, mode, userblock_size, fapl, fcpl, swmr=swmr)
  File "/home/ionouser/chirpsounder2/.venv38/lib/python3.8/site-packages/h5py/_hl/files.py", line 235, in make_fid
    fid = h5f.open(name, flags, fapl=fapl)
  File "h5py/_objects.pyx", line 54, in h5py._objects.with_phil.wrapper
  File "h5py/_objects.pyx", line 55, in h5py._objects.with_phil.wrapper
  File "h5py/h5f.pyx", line 102, in h5py.h5f.open
OSError: Unable to synchronously open file (bad object header version number)
plot_ionograms.py: memory after lfm_ionogram-unkown-DOB-ch0-000-1786487400.01.h5: rss 111.6 MB, growth 0.7 MB, slope 0.00 MB/ionogram, r 0.97, samples 186
plot_ionograms.py: output_dir=/home/ionouser/ionozond_data2/, scanned 391 recent h5 files, 389 candidates newer than 48.0 h, 1 missing PNGs, 1 recently failed, current rss 111.6 MB, rss 111.6 MB, growth 0.7 MB, slope 0.00 MB/ionogram, r 0.97, samples 186
plot_ionograms.py: output_dir=/home/ionouser/ionozond_data2/, scanned 391 recent h5 files, 389 candidates newer than 48.0 h, 1 missing PNGs, 1 recently failed, current rss 111.6 MB, rss 111.6 MB, growth 0.7 MB, slope 0.00 MB/ionogram, r 0.97, samples 186
plot_ionograms.py: output_dir=/home/ionouser/ionozond_data2/, scanned 391 recent h5 files, 389 candidates newer than 48.0 h, 1 missing PNGs, 1 recently failed, current rss 111.6 MB, rss 111.6 MB, growth 0.7 MB, slope 0.00 MB/ionogram, r 0.97, samples 186
using pyfftw
plot_ionograms.py: reloaded config, rss 110.1 -> 110.3 MB
Plotting /home/ionouser/ionozond_data2/2026-08-12/lfm_ionogram-unkown-DOB-ch0-000-1786515845.01.h5 rate 100.00 (kHz/s) t0 1786515845.00917 (unix), rss 111.3 MB
failed to post /tmp/latest-lfm-unkown-DOB.png: HTTP 403
plot_ionograms.py: memory after lfm_ionogram-unkown-DOB-ch0-000-1786515845.01.h5: rss 111.6 MB, growth 0.6 MB, slope 0.00 MB/ionogram, r 0.97, samples 187
plot_ionograms.py: output_dir=/home/ionouser/ionozond_data2/, scanned 393 recent h5 files, 391 candidates newer than 48.0 h, 2 missing PNGs, 1 recently failed, current rss 111.6 MB, rss 111.6 MB, growth 0.6 MB, slope 0.00 MB/ionogram, r 0.97, samples 187
using pyfftw
plot_ionograms.py: reloaded config, rss 110.5 -> 110.8 MB
Plotting /home/ionouser/ionozond_data2/2026-08-12/lfm_ionogram-unkown-DOB-ch0-000-1786515900.01.h5 rate 100.00 (kHz/s) t0 1786515900.00923 (unix), rss 111.9 MB
failed to post /tmp/latest-lfm-unkown-DOB.png: HTTP 403
plot_ionograms.py: memory after lfm_ionogram-unkown-DOB-ch0-000-1786515900.01.h5: rss 111.6 MB, growth 0.7 MB, slope 0.00 MB/ionogram, r 0.97, samples 188
plot_ionograms.py: output_dir=/home/ionouser/ionozond_data2/, scanned 393 recent h5 files, 391 candidates newer than 48.0 h, 1 missing PNGs, 1 recently failed, current rss 111.6 MB, rss 111.6 MB, growth 0.7 MB, slope 0.00 MB/ionogram, r 0.97, samples 188
using pyfftw
plot_ionograms.py: reloaded config, rss 110.6 -> 110.8 MB
Traceback (most recent call last):
  File "/home/ionouser/chirpsounder2/plot_ionograms.py", line 423, in <module>
    ok = plot_ionogram(conf, args.plot_file)
  File "/home/ionouser/chirpsounder2/plot_ionograms.py", line 252, in plot_ionogram
    with h5py.File(fn, "r") as ho:
  File "/home/ionouser/chirpsounder2/.venv38/lib/python3.8/site-packages/h5py/_hl/files.py", line 562, in __init__
    fid = make_fid(name, mode, userblock_size, fapl, fcpl, swmr=swmr)
  File "/home/ionouser/chirpsounder2/.venv38/lib/python3.8/site-packages/h5py/_hl/files.py", line 235, in make_fid
    fid = h5f.open(name, flags, fapl=fapl)
  File "h5py/_objects.pyx", line 54, in h5py._objects.with_phil.wrapper
  File "h5py/_objects.pyx", line 55, in h5py._objects.with_phil.wrapper
  File "h5py/h5f.pyx", line 102, in h5py.h5f.open
OSError: Unable to synchronously open file (bad object header version number)
plot_ionograms.py: memory after lfm_ionogram-unkown-DOB-ch0-000-1786487400.01.h5: rss 111.6 MB, growth 0.6 MB, slope 0.00 MB/ionogram, r 0.97, samples 189
plot_ionograms.py: output_dir=/home/ionouser/ionozond_data2/, scanned 393 recent h5 files, 391 candidates newer than 48.0 h, 1 missing PNGs, 1 recently failed, current rss 111.6 MB, rss 111.6 MB, growth 0.6 MB, slope 0.00 MB/ionogram, r 0.97, samples 189
plot_ionograms.py: output_dir=/home/ionouser/ionozond_data2/, scanned 393 recent h5 files, 391 candidates newer than 48.0 h, 1 missing PNGs, 1 recently failed, current rss 111.6 MB, rss 111.6 MB, growth 0.6 MB, slope 0.00 MB/ionogram, r 0.97, samples 189
using pyfftw
plot_ionograms.py: reloaded config, rss 110.7 -> 110.9 MB
Plotting /home/ionouser/ionozond_data2/2026-08-12/lfm_ionogram-unkown-DOB-ch0-000-1786516145.01.h5 rate 100.00 (kHz/s) t0 1786516145.00913 (unix), rss 111.9 MB
failed to post /tmp/latest-lfm-unkown-DOB.png: HTTP 403
plot_ionograms.py: memory after lfm_ionogram-unkown-DOB-ch0-000-1786516145.01.h5: rss 111.6 MB, growth 0.7 MB, slope 0.00 MB/ionogram, r 0.97, samples 190
using pyfftw
plot_ionograms.py: reloaded config, rss 110.2 -> 110.5 MB
Plotting /home/ionouser/ionozond_data2/2026-08-12/lfm_ionogram-unkown-DOB-ch0-000-1786516140.01.h5 rate 100.00 (kHz/s) t0 1786516140.00887 (unix), rss 111.6 MB
failed to post /tmp/latest-lfm-unkown-DOB.png: HTTP 403
plot_ionograms.py: memory after lfm_ionogram-unkown-DOB-ch0-000-1786516140.01.h5: rss 111.6 MB, growth 0.7 MB, slope 0.00 MB/ionogram, r 0.97, samples 191
plot_ionograms.py: output_dir=/home/ionouser/ionozond_data2/, scanned 395 recent h5 files, 393 candidates newer than 48.0 h, 1 missing PNGs, 1 recently failed, current rss 111.6 MB, rss 111.6 MB, growth 0.7 MB, slope 0.00 MB/ionogram, r 0.97, samples 191
plot_ionograms.py: output_dir=/home/ionouser/ionozond_data2/, scanned 395 recent h5 files, 393 candidates newer than 48.0 h, 1 missing PNGs, 1 recently failed, current rss 111.6 MB, rss 111.6 MB, growth 0.7 MB, slope 0.00 MB/ionogram, r 0.97, samples 191
using pyfftw
plot_ionograms.py: reloaded config, rss 110.5 -> 110.7 MB
Traceback (most recent call last):
  File "/home/ionouser/chirpsounder2/plot_ionograms.py", line 423, in <module>
    ok = plot_ionogram(conf, args.plot_file)
  File "/home/ionouser/chirpsounder2/plot_ionograms.py", line 252, in plot_ionogram
    with h5py.File(fn, "r") as ho:
  File "/home/ionouser/chirpsounder2/.venv38/lib/python3.8/site-packages/h5py/_hl/files.py", line 562, in __init__
    fid = make_fid(name, mode, userblock_size, fapl, fcpl, swmr=swmr)
  File "/home/ionouser/chirpsounder2/.venv38/lib/python3.8/site-packages/h5py/_hl/files.py", line 235, in make_fid
    fid = h5f.open(name, flags, fapl=fapl)
  File "h5py/_objects.pyx", line 54, in h5py._objects.with_phil.wrapper
  File "h5py/_objects.pyx", line 55, in h5py._objects.with_phil.wrapper
  File "h5py/h5f.pyx", line 102, in h5py.h5f.open
OSError: Unable to synchronously open file (bad object header version number)
plot_ionograms.py: memory after lfm_ionogram-unkown-DOB-ch0-000-1786487400.01.h5: rss 111.6 MB, growth 0.6 MB, slope 0.00 MB/ionogram, r 0.97, samples 192
plot_ionograms.py: output_dir=/home/ionouser/ionozond_data2/, scanned 395 recent h5 files, 393 candidates newer than 48.0 h, 1 missing PNGs, 1 recently failed, current rss 111.6 MB, rss 111.6 MB, growth 0.6 MB, slope 0.00 MB/ionogram, r 0.97, samples 192
plot_ionograms.py: output_dir=/home/ionouser/ionozond_data2/, scanned 395 recent h5 files, 393 candidates newer than 48.0 h, 1 missing PNGs, 1 recently failed, current rss 111.6 MB, rss 111.6 MB, growth 0.6 MB, slope 0.00 MB/ionogram, r 0.97, samples 192
plot_ionograms.py: output_dir=/home/ionouser/ionozond_data2/, scanned 395 recent h5 files, 393 candidates newer than 48.0 h, 1 missing PNGs, 1 recently failed, current rss 111.6 MB, rss 111.6 MB, growth 0.6 MB, slope 0.00 MB/ionogram, r 0.97, samples 192
using pyfftw
plot_ionograms.py: reloaded config, rss 110.3 -> 110.5 MB
Plotting /home/ionouser/ionozond_data2/2026-08-12/lfm_ionogram-unkown-DOB-ch0-000-1786516445.01.h5 rate 100.00 (kHz/s) t0 1786516445.00895 (unix), rss 111.6 MB
failed to post /tmp/latest-lfm-unkown-DOB.png: HTTP 403
plot_ionograms.py: memory after lfm_ionogram-unkown-DOB-ch0-000-1786516445.01.h5: rss 111.6 MB, growth 0.6 MB, slope 0.00 MB/ionogram, r 0.97, samples 193
using pyfftw
plot_ionograms.py: reloaded config, rss 110.2 -> 110.4 MB
Plotting /home/ionouser/ionozond_data2/2026-08-12/lfm_ionogram-unkown-DOB-ch0-000-1786516440.01.h5 rate 100.00 (kHz/s) t0 1786516440.00922 (unix), rss 111.6 MB
failed to post /tmp/latest-lfm-unkown-DOB.png: HTTP 403
plot_ionograms.py: memory after lfm_ionogram-unkown-DOB-ch0-000-1786516440.01.h5: rss 111.6 MB, growth 0.6 MB, slope 0.00 MB/ionogram, r 0.97, samples 194
plot_ionograms.py: output_dir=/home/ionouser/ionozond_data2/, scanned 397 recent h5 files, 395 candidates newer than 48.0 h, 1 missing PNGs, 1 recently failed, current rss 111.6 MB, rss 111.6 MB, growth 0.6 MB, slope 0.00 MB/ionogram, r 0.97, samples 194
plot_ionograms.py: output_dir=/home/ionouser/ionozond_data2/, scanned 397 recent h5 files, 395 candidates newer than 48.0 h, 1 missing PNGs, 1 recently failed, current rss 111.6 MB, rss 111.6 MB, growth 0.6 MB, slope 0.00 MB/ionogram, r 0.97, samples 194
using pyfftw
plot_ionograms.py: reloaded config, rss 110.1 -> 110.4 MB
Traceback (most recent call last):
  File "/home/ionouser/chirpsounder2/plot_ionograms.py", line 423, in <module>
    ok = plot_ionogram(conf, args.plot_file)
  File "/home/ionouser/chirpsounder2/plot_ionograms.py", line 252, in plot_ionogram
    with h5py.File(fn, "r") as ho:
  File "/home/ionouser/chirpsounder2/.venv38/lib/python3.8/site-packages/h5py/_hl/files.py", line 562, in __init__
    fid = make_fid(name, mode, userblock_size, fapl, fcpl, swmr=swmr)
  File "/home/ionouser/chirpsounder2/.venv38/lib/python3.8/site-packages/h5py/_hl/files.py", line 235, in make_fid
    fid = h5f.open(name, flags, fapl=fapl)
  File "h5py/_objects.pyx", line 54, in h5py._objects.with_phil.wrapper
  File "h5py/_objects.pyx", line 55, in h5py._objects.with_phil.wrapper
  File "h5py/h5f.pyx", line 102, in h5py.h5f.open
OSError: Unable to synchronously open file (bad object header version number)
plot_ionograms.py: memory after lfm_ionogram-unkown-DOB-ch0-000-1786487400.01.h5: rss 111.6 MB, growth 0.6 MB, slope 0.00 MB/ionogram, r 0.97, samples 195
plot_ionograms.py: output_dir=/home/ionouser/ionozond_data2/, scanned 397 recent h5 files, 395 candidates newer than 48.0 h, 1 missing PNGs, 1 recently failed, current rss 111.6 MB, rss 111.6 MB, growth 0.6 MB, slope 0.00 MB/ionogram, r 0.97, samples 195
plot_ionograms.py: output_dir=/home/ionouser/ionozond_data2/, scanned 397 recent h5 files, 395 candidates newer than 48.0 h, 1 missing PNGs, 1 recently failed, current rss 111.6 MB, rss 111.6 MB, growth 0.6 MB, slope 0.00 MB/ionogram, r 0.97, samples 195
using pyfftw
plot_ionograms.py: reloaded config, rss 110.5 -> 110.8 MB
Plotting /home/ionouser/ionozond_data2/2026-08-12/lfm_ionogram-unkown-DOB-ch0-000-1786516745.01.h5 rate 100.00 (kHz/s) t0 1786516745.00893 (unix), rss 111.9 MB
failed to post /tmp/latest-lfm-unkown-DOB.png: HTTP 403
plot_ionograms.py: memory after lfm_ionogram-unkown-DOB-ch0-000-1786516745.01.h5: rss 111.6 MB, growth 0.6 MB, slope 0.00 MB/ionogram, r 0.97, samples 196
using pyfftw
plot_ionograms.py: reloaded config, rss 110.2 -> 110.4 MB
Plotting /home/ionouser/ionozond_data2/2026-08-12/lfm_ionogram-unkown-DOB-ch0-000-1786516740.01.h5 rate 100.00 (kHz/s) t0 1786516740.00892 (unix), rss 111.6 MB
failed to post /tmp/latest-lfm-unkown-DOB.png: HTTP 403
plot_ionograms.py: memory after lfm_ionogram-unkown-DOB-ch0-000-1786516740.01.h5: rss 111.6 MB, growth 0.6 MB, slope 0.00 MB/ionogram, r 0.97, samples 197
plot_ionograms.py: output_dir=/home/ionouser/ionozond_data2/, scanned 399 recent h5 files, 397 candidates newer than 48.0 h, 1 missing PNGs, 1 recently failed, current rss 111.6 MB, rss 111.6 MB, growth 0.6 MB, slope 0.00 MB/ionogram, r 0.97, samples 197
plot_ionograms.py: output_dir=/home/ionouser/ionozond_data2/, scanned 399 recent h5 files, 397 candidates newer than 48.0 h, 1 missing PNGs, 1 recently failed, current rss 111.6 MB, rss 111.6 MB, growth 0.6 MB, slope 0.00 MB/ionogram, r 0.97, samples 197
using pyfftw
plot_ionograms.py: reloaded config, rss 110.6 -> 110.8 MB
Traceback (most recent call last):
  File "/home/ionouser/chirpsounder2/plot_ionograms.py", line 423, in <module>
    ok = plot_ionogram(conf, args.plot_file)
  File "/home/ionouser/chirpsounder2/plot_ionograms.py", line 252, in plot_ionogram
    with h5py.File(fn, "r") as ho:
  File "/home/ionouser/chirpsounder2/.venv38/lib/python3.8/site-packages/h5py/_hl/files.py", line 562, in __init__
    fid = make_fid(name, mode, userblock_size, fapl, fcpl, swmr=swmr)
  File "/home/ionouser/chirpsounder2/.venv38/lib/python3.8/site-packages/h5py/_hl/files.py", line 235, in make_fid
    fid = h5f.open(name, flags, fapl=fapl)
  File "h5py/_objects.pyx", line 54, in h5py._objects.with_phil.wrapper
  File "h5py/_objects.pyx", line 55, in h5py._objects.with_phil.wrapper
  File "h5py/h5f.pyx", line 102, in h5py.h5f.open
OSError: Unable to synchronously open file (bad object header version number)
plot_ionograms.py: memory after lfm_ionogram-unkown-DOB-ch0-000-1786487400.01.h5: rss 111.6 MB, growth 0.6 MB, slope 0.00 MB/ionogram, r 0.97, samples 198
plot_ionograms.py: output_dir=/home/ionouser/ionozond_data2/, scanned 399 recent h5 files, 397 candidates newer than 48.0 h, 1 missing PNGs, 1 recently failed, current rss 111.6 MB, rss 111.6 MB, growth 0.6 MB, slope 0.00 MB/ionogram, r 0.97, samples 198
plot_ionograms.py: output_dir=/home/ionouser/ionozond_data2/, scanned 399 recent h5 files, 397 candidates newer than 48.0 h, 1 missing PNGs, 1 recently failed, current rss 111.6 MB, rss 111.6 MB, growth 0.6 MB, slope 0.00 MB/ionogram, r 0.97, samples 198
using pyfftw
plot_ionograms.py: reloaded config, rss 110.8 -> 111.0 MB
Plotting /home/ionouser/ionozond_data2/2026-08-12/lfm_ionogram-unkown-DOB-ch0-000-1786517040.01.h5 rate 100.00 (kHz/s) t0 1786517040.00933 (unix), rss 112.2 MB
failed to post /tmp/latest-lfm-unkown-DOB.png: HTTP 403
plot_ionograms.py: memory after lfm_ionogram-unkown-DOB-ch0-000-1786517040.01.h5: rss 111.6 MB, growth 0.6 MB, slope 0.00 MB/ionogram, r 0.97, samples 199
using pyfftw
plot_ionograms.py: reloaded config, rss 110.2 -> 110.4 MB
Plotting /home/ionouser/ionozond_data2/2026-08-12/lfm_ionogram-unkown-DOB-ch0-000-1786517045.01.h5 rate 100.00 (kHz/s) t0 1786517045.00908 (unix), rss 111.6 MB
failed to post /tmp/latest-lfm-unkown-DOB.png: HTTP 403
plot_ionograms.py: memory after lfm_ionogram-unkown-DOB-ch0-000-1786517045.01.h5: rss 111.6 MB, growth 0.7 MB, slope 0.00 MB/ionogram, r 0.97, samples 200
plot_ionograms.py: output_dir=/home/ionouser/ionozond_data2/, scanned 401 recent h5 files, 399 candidates newer than 48.0 h, 1 missing PNGs, 1 recently failed, current rss 111.6 MB, rss 111.6 MB, growth 0.7 MB, slope 0.00 MB/ionogram, r 0.97, samples 200
plot_ionograms.py: output_dir=/home/ionouser/ionozond_data2/, scanned 401 recent h5 files, 399 candidates newer than 48.0 h, 1 missing PNGs, 1 recently failed, current rss 111.6 MB, rss 111.6 MB, growth 0.7 MB, slope 0.00 MB/ionogram, r 0.97, samples 200
using pyfftw
plot_ionograms.py: reloaded config, rss 110.2 -> 110.4 MB
Traceback (most recent call last):
  File "/home/ionouser/chirpsounder2/plot_ionograms.py", line 423, in <module>
    ok = plot_ionogram(conf, args.plot_file)
  File "/home/ionouser/chirpsounder2/plot_ionograms.py", line 252, in plot_ionogram
    with h5py.File(fn, "r") as ho:
  File "/home/ionouser/chirpsounder2/.venv38/lib/python3.8/site-packages/h5py/_hl/files.py", line 562, in __init__
    fid = make_fid(name, mode, userblock_size, fapl, fcpl, swmr=swmr)
  File "/home/ionouser/chirpsounder2/.venv38/lib/python3.8/site-packages/h5py/_hl/files.py", line 235, in make_fid
    fid = h5f.open(name, flags, fapl=fapl)
  File "h5py/_objects.pyx", line 54, in h5py._objects.with_phil.wrapper
  File "h5py/_objects.pyx", line 55, in h5py._objects.with_phil.wrapper
  File "h5py/h5f.pyx", line 102, in h5py.h5f.open
OSError: Unable to synchronously open file (bad object header version number)
plot_ionograms.py: memory after lfm_ionogram-unkown-DOB-ch0-000-1786487400.01.h5: rss 111.6 MB, growth 0.7 MB, slope 0.00 MB/ionogram, r 0.97, samples 201
plot_ionograms.py: output_dir=/home/ionouser/ionozond_data2/, scanned 401 recent h5 files, 399 candidates newer than 48.0 h, 1 missing PNGs, 1 recently failed, current rss 111.6 MB, rss 111.6 MB, growth 0.7 MB, slope 0.00 MB/ionogram, r 0.97, samples 201
plot_ionograms.py: output_dir=/home/ionouser/ionozond_data2/, scanned 401 recent h5 files, 399 candidates newer than 48.0 h, 1 missing PNGs, 1 recently failed, current rss 111.6 MB, rss 111.6 MB, growth 0.7 MB, slope 0.00 MB/ionogram, r 0.97, samples 201
using pyfftw
plot_ionograms.py: reloaded config, rss 110.2 -> 110.4 MB
Plotting /home/ionouser/ionozond_data2/2026-08-12/lfm_ionogram-unkown-DOB-ch0-000-1786517345.01.h5 rate 100.00 (kHz/s) t0 1786517345.00892 (unix), rss 111.8 MB
failed to post /tmp/latest-lfm-unkown-DOB.png: HTTP 403
plot_ionograms.py: memory after lfm_ionogram-unkown-DOB-ch0-000-1786517345.01.h5: rss 111.6 MB, growth 0.6 MB, slope 0.00 MB/ionogram, r 0.97, samples 202
using pyfftw
plot_ionograms.py: reloaded config, rss 110.1 -> 110.4 MB
Plotting /home/ionouser/ionozond_data2/2026-08-12/lfm_ionogram-unkown-DOB-ch0-000-1786517340.01.h5 rate 100.00 (kHz/s) t0 1786517340.00977 (unix), rss 111.6 MB
failed to post /tmp/latest-lfm-unkown-DOB.png: HTTP 403
plot_ionograms.py: memory after lfm_ionogram-unkown-DOB-ch0-000-1786517340.01.h5: rss 111.6 MB, growth 0.6 MB, slope 0.00 MB/ionogram, r 0.97, samples 203
plot_ionograms.py: output_dir=/home/ionouser/ionozond_data2/, scanned 403 recent h5 files, 401 candidates newer than 48.0 h, 1 missing PNGs, 1 recently failed, current rss 111.6 MB, rss 111.6 MB, growth 0.6 MB, slope 0.00 MB/ionogram, r 0.97, samples 203
plot_ionograms.py: output_dir=/home/ionouser/ionozond_data2/, scanned 403 recent h5 files, 401 candidates newer than 48.0 h, 1 missing PNGs, 1 recently failed, current rss 111.6 MB, rss 111.6 MB, growth 0.6 MB, slope 0.00 MB/ionogram, r 0.97, samples 203
using pyfftw
plot_ionograms.py: reloaded config, rss 110.0 -> 110.3 MB
Traceback (most recent call last):
  File "/home/ionouser/chirpsounder2/plot_ionograms.py", line 423, in <module>
    ok = plot_ionogram(conf, args.plot_file)
  File "/home/ionouser/chirpsounder2/plot_ionograms.py", line 252, in plot_ionogram
    with h5py.File(fn, "r") as ho:
  File "/home/ionouser/chirpsounder2/.venv38/lib/python3.8/site-packages/h5py/_hl/files.py", line 562, in __init__
    fid = make_fid(name, mode, userblock_size, fapl, fcpl, swmr=swmr)
  File "/home/ionouser/chirpsounder2/.venv38/lib/python3.8/site-packages/h5py/_hl/files.py", line 235, in make_fid
    fid = h5f.open(name, flags, fapl=fapl)
  File "h5py/_objects.pyx", line 54, in h5py._objects.with_phil.wrapper
  File "h5py/_objects.pyx", line 55, in h5py._objects.with_phil.wrapper
  File "h5py/h5f.pyx", line 102, in h5py.h5f.open
OSError: Unable to synchronously open file (bad object header version number)
plot_ionograms.py: memory after lfm_ionogram-unkown-DOB-ch0-000-1786487400.01.h5: rss 111.6 MB, growth 0.6 MB, slope 0.00 MB/ionogram, r 0.97, samples 204
plot_ionograms.py: output_dir=/home/ionouser/ionozond_data2/, scanned 403 recent h5 files, 401 candidates newer than 48.0 h, 1 missing PNGs, 1 recently failed, current rss 111.6 MB, rss 111.6 MB, growth 0.6 MB, slope 0.00 MB/ionogram, r 0.97, samples 204
plot_ionograms.py: output_dir=/home/ionouser/ionozond_data2/, scanned 403 recent h5 files, 401 candidates newer than 48.0 h, 1 missing PNGs, 1 recently failed, current rss 111.6 MB, rss 111.6 MB, growth 0.6 MB, slope 0.00 MB/ionogram, r 0.97, samples 204
using pyfftw
plot_ionograms.py: reloaded config, rss 110.5 -> 110.7 MB
Plotting /home/ionouser/ionozond_data2/2026-08-12/lfm_ionogram-unkown-DOB-ch0-000-1786517640.01.h5 rate 100.00 (kHz/s) t0 1786517640.00905 (unix), rss 111.9 MB
failed to post /tmp/latest-lfm-unkown-DOB.png: HTTP 403
plot_ionograms.py: memory after lfm_ionogram-unkown-DOB-ch0-000-1786517640.01.h5: rss 111.6 MB, growth 0.7 MB, slope 0.00 MB/ionogram, r 0.96, samples 205
plot_ionograms.py: output_dir=/home/ionouser/ionozond_data2/, scanned 405 recent h5 files, 403 candidates newer than 48.0 h, 2 missing PNGs, 1 recently failed, current rss 111.6 MB, rss 111.6 MB, growth 0.7 MB, slope 0.00 MB/ionogram, r 0.96, samples 205
using pyfftw
plot_ionograms.py: reloaded config, rss 110.3 -> 110.6 MB
Plotting /home/ionouser/ionozond_data2/2026-08-12/lfm_ionogram-unkown-DOB-ch0-000-1786517645.01.h5 rate 100.00 (kHz/s) t0 1786517645.00945 (unix), rss 111.6 MB
failed to post /tmp/latest-lfm-unkown-DOB.png: HTTP 403
plot_ionograms.py: memory after lfm_ionogram-unkown-DOB-ch0-000-1786517645.01.h5: rss 111.6 MB, growth 0.6 MB, slope 0.00 MB/ionogram, r 0.96, samples 206
plot_ionograms.py: output_dir=/home/ionouser/ionozond_data2/, scanned 405 recent h5 files, 403 candidates newer than 48.0 h, 1 missing PNGs, 1 recently failed, current rss 111.6 MB, rss 111.6 MB, growth 0.6 MB, slope 0.00 MB/ionogram, r 0.96, samples 206
plot_ionograms.py: output_dir=/home/ionouser/ionozond_data2/, scanned 405 recent h5 files, 403 candidates newer than 48.0 h, 1 missing PNGs, 1 recently failed, current rss 111.6 MB, rss 111.6 MB, growth 0.6 MB, slope 0.00 MB/ionogram, r 0.96, samples 206
using pyfftw
plot_ionograms.py: reloaded config, rss 110.1 -> 110.4 MB
Traceback (most recent call last):
  File "/home/ionouser/chirpsounder2/plot_ionograms.py", line 423, in <module>
    ok = plot_ionogram(conf, args.plot_file)
  File "/home/ionouser/chirpsounder2/plot_ionograms.py", line 252, in plot_ionogram
    with h5py.File(fn, "r") as ho:
  File "/home/ionouser/chirpsounder2/.venv38/lib/python3.8/site-packages/h5py/_hl/files.py", line 562, in __init__
    fid = make_fid(name, mode, userblock_size, fapl, fcpl, swmr=swmr)
  File "/home/ionouser/chirpsounder2/.venv38/lib/python3.8/site-packages/h5py/_hl/files.py", line 235, in make_fid
    fid = h5f.open(name, flags, fapl=fapl)
  File "h5py/_objects.pyx", line 54, in h5py._objects.with_phil.wrapper
  File "h5py/_objects.pyx", line 55, in h5py._objects.with_phil.wrapper
  File "h5py/h5f.pyx", line 102, in h5py.h5f.open
OSError: Unable to synchronously open file (bad object header version number)
plot_ionograms.py: memory after lfm_ionogram-unkown-DOB-ch0-000-1786487400.01.h5: rss 111.6 MB, growth 0.6 MB, slope 0.00 MB/ionogram, r 0.96, samples 207
plot_ionograms.py: output_dir=/home/ionouser/ionozond_data2/, scanned 405 recent h5 files, 403 candidates newer than 48.0 h, 1 missing PNGs, 1 recently failed, current rss 111.6 MB, rss 111.6 MB, growth 0.6 MB, slope 0.00 MB/ionogram, r 0.96, samples 207
using pyfftw
plot_ionograms.py: reloaded config, rss 110.1 -> 110.4 MB
Plotting /home/ionouser/ionozond_data2/2026-08-12/lfm_ionogram-unkown-DOB-ch0-000-1786517940.01.h5 rate 100.00 (kHz/s) t0 1786517940.00888 (unix), rss 111.7 MB
failed to post /tmp/latest-lfm-unkown-DOB.png: HTTP 403
plot_ionograms.py: memory after lfm_ionogram-unkown-DOB-ch0-000-1786517940.01.h5: rss 111.6 MB, growth 0.7 MB, slope 0.00 MB/ionogram, r 0.96, samples 208
plot_ionograms.py: output_dir=/home/ionouser/ionozond_data2/, scanned 406 recent h5 files, 404 candidates newer than 48.0 h, 1 missing PNGs, 1 recently failed, current rss 111.6 MB, rss 111.6 MB, growth 0.7 MB, slope 0.00 MB/ionogram, r 0.96, samples 208
using pyfftw
plot_ionograms.py: reloaded config, rss 110.3 -> 110.5 MB
Plotting /home/ionouser/ionozond_data2/2026-08-12/lfm_ionogram-unkown-DOB-ch0-000-1786517945.01.h5 rate 100.00 (kHz/s) t0 1786517945.00888 (unix), rss 111.6 MB
failed to post /tmp/latest-lfm-unkown-DOB.png: HTTP 403
plot_ionograms.py: memory after lfm_ionogram-unkown-DOB-ch0-000-1786517945.01.h5: rss 111.6 MB, growth 0.7 MB, slope 0.00 MB/ionogram, r 0.96, samples 209
plot_ionograms.py: output_dir=/home/ionouser/ionozond_data2/, scanned 407 recent h5 files, 405 candidates newer than 48.0 h, 1 missing PNGs, 1 recently failed, current rss 111.6 MB, rss 111.6 MB, growth 0.7 MB, slope 0.00 MB/ionogram, r 0.96, samples 209
plot_ionograms.py: output_dir=/home/ionouser/ionozond_data2/, scanned 407 recent h5 files, 405 candidates newer than 48.0 h, 1 missing PNGs, 1 recently failed, current rss 111.6 MB, rss 111.6 MB, growth 0.7 MB, slope 0.00 MB/ionogram, r 0.96, samples 209
using pyfftw
plot_ionograms.py: reloaded config, rss 110.8 -> 111.0 MB
Traceback (most recent call last):
  File "/home/ionouser/chirpsounder2/plot_ionograms.py", line 423, in <module>
    ok = plot_ionogram(conf, args.plot_file)
  File "/home/ionouser/chirpsounder2/plot_ionograms.py", line 252, in plot_ionogram
    with h5py.File(fn, "r") as ho:
  File "/home/ionouser/chirpsounder2/.venv38/lib/python3.8/site-packages/h5py/_hl/files.py", line 562, in __init__
    fid = make_fid(name, mode, userblock_size, fapl, fcpl, swmr=swmr)
  File "/home/ionouser/chirpsounder2/.venv38/lib/python3.8/site-packages/h5py/_hl/files.py", line 235, in make_fid
    fid = h5f.open(name, flags, fapl=fapl)
  File "h5py/_objects.pyx", line 54, in h5py._objects.with_phil.wrapper
  File "h5py/_objects.pyx", line 55, in h5py._objects.with_phil.wrapper
  File "h5py/h5f.pyx", line 102, in h5py.h5f.open
OSError: Unable to synchronously open file (bad object header version number)
plot_ionograms.py: memory after lfm_ionogram-unkown-DOB-ch0-000-1786487400.01.h5: rss 111.6 MB, growth 0.7 MB, slope 0.00 MB/ionogram, r 0.96, samples 210
plot_ionograms.py: output_dir=/home/ionouser/ionozond_data2/, scanned 407 recent h5 files, 405 candidates newer than 48.0 h, 1 missing PNGs, 1 recently failed, current rss 111.6 MB, rss 111.6 MB, growth 0.7 MB, slope 0.00 MB/ionogram, r 0.96, samples 210
plot_ionograms.py: output_dir=/home/ionouser/ionozond_data2/, scanned 407 recent h5 files, 405 candidates newer than 48.0 h, 1 missing PNGs, 1 recently failed, current rss 111.6 MB, rss 111.6 MB, growth 0.7 MB, slope 0.00 MB/ionogram, r 0.96, samples 210
using pyfftw
plot_ionograms.py: reloaded config, rss 110.3 -> 110.5 MB
Plotting /home/ionouser/ionozond_data2/2026-08-12/lfm_ionogram-unkown-DOB-ch0-000-1786518245.01.h5 rate 100.00 (kHz/s) t0 1786518245.00922 (unix), rss 111.7 MB
failed to post /tmp/latest-lfm-unkown-DOB.png: HTTP 403
plot_ionograms.py: memory after lfm_ionogram-unkown-DOB-ch0-000-1786518245.01.h5: rss 111.6 MB, growth 0.7 MB, slope 0.00 MB/ionogram, r 0.96, samples 211
plot_ionograms.py: output_dir=/home/ionouser/ionozond_data2/, scanned 409 recent h5 files, 407 candidates newer than 48.0 h, 2 missing PNGs, 1 recently failed, current rss 111.6 MB, rss 111.6 MB, growth 0.7 MB, slope 0.00 MB/ionogram, r 0.96, samples 211
using pyfftw
plot_ionograms.py: reloaded config, rss 110.6 -> 110.8 MB
Plotting /home/ionouser/ionozond_data2/2026-08-12/lfm_ionogram-unkown-DOB-ch0-000-1786518300.01.h5 rate 100.00 (kHz/s) t0 1786518300.00920 (unix), rss 111.9 MB
failed to post /tmp/latest-lfm-unkown-DOB.png: HTTP 403
plot_ionograms.py: memory after lfm_ionogram-unkown-DOB-ch0-000-1786518300.01.h5: rss 111.6 MB, growth 0.7 MB, slope 0.00 MB/ionogram, r 0.96, samples 212
plot_ionograms.py: output_dir=/home/ionouser/ionozond_data2/, scanned 409 recent h5 files, 407 candidates newer than 48.0 h, 1 missing PNGs, 1 recently failed, current rss 111.6 MB, rss 111.6 MB, growth 0.7 MB, slope 0.00 MB/ionogram, r 0.96, samples 212
using pyfftw
plot_ionograms.py: reloaded config, rss 110.2 -> 110.4 MB
Traceback (most recent call last):
  File "/home/ionouser/chirpsounder2/plot_ionograms.py", line 423, in <module>
    ok = plot_ionogram(conf, args.plot_file)
  File "/home/ionouser/chirpsounder2/plot_ionograms.py", line 252, in plot_ionogram
    with h5py.File(fn, "r") as ho:
  File "/home/ionouser/chirpsounder2/.venv38/lib/python3.8/site-packages/h5py/_hl/files.py", line 562, in __init__
    fid = make_fid(name, mode, userblock_size, fapl, fcpl, swmr=swmr)
  File "/home/ionouser/chirpsounder2/.venv38/lib/python3.8/site-packages/h5py/_hl/files.py", line 235, in make_fid
    fid = h5f.open(name, flags, fapl=fapl)
  File "h5py/_objects.pyx", line 54, in h5py._objects.with_phil.wrapper
  File "h5py/_objects.pyx", line 55, in h5py._objects.with_phil.wrapper
  File "h5py/h5f.pyx", line 102, in h5py.h5f.open
OSError: Unable to synchronously open file (bad object header version number)
plot_ionograms.py: memory after lfm_ionogram-unkown-DOB-ch0-000-1786487400.01.h5: rss 111.6 MB, growth 0.7 MB, slope 0.00 MB/ionogram, r 0.96, samples 213
plot_ionograms.py: output_dir=/home/ionouser/ionozond_data2/, scanned 409 recent h5 files, 407 candidates newer than 48.0 h, 1 missing PNGs, 1 recently failed, current rss 111.6 MB, rss 111.6 MB, growth 0.7 MB, slope 0.00 MB/ionogram, r 0.96, samples 213
plot_ionograms.py: output_dir=/home/ionouser/ionozond_data2/, scanned 409 recent h5 files, 407 candidates newer than 48.0 h, 1 missing PNGs, 1 recently failed, current rss 111.6 MB, rss 111.6 MB, growth 0.7 MB, slope 0.00 MB/ionogram, r 0.96, samples 213
using pyfftw
plot_ionograms.py: reloaded config, rss 110.2 -> 110.4 MB
Plotting /home/ionouser/ionozond_data2/2026-08-12/lfm_ionogram-unkown-DOB-ch0-000-1786518545.01.h5 rate 100.00 (kHz/s) t0 1786518545.00936 (unix), rss 111.6 MB
failed to post /tmp/latest-lfm-unkown-DOB.png: HTTP 403
plot_ionograms.py: memory after lfm_ionogram-unkown-DOB-ch0-000-1786518545.01.h5: rss 111.6 MB, growth 0.7 MB, slope 0.00 MB/ionogram, r 0.96, samples 214
using pyfftw
plot_ionograms.py: reloaded config, rss 110.1 -> 110.4 MB
Plotting /home/ionouser/ionozond_data2/2026-08-12/lfm_ionogram-unkown-DOB-ch0-000-1786518540.01.h5 rate 100.00 (kHz/s) t0 1786518540.00887 (unix), rss 111.5 MB
failed to post /tmp/latest-lfm-unkown-DOB.png: HTTP 403
plot_ionograms.py: memory after lfm_ionogram-unkown-DOB-ch0-000-1786518540.01.h5: rss 111.6 MB, growth 0.7 MB, slope 0.00 MB/ionogram, r 0.96, samples 215
plot_ionograms.py: output_dir=/home/ionouser/ionozond_data2/, scanned 411 recent h5 files, 409 candidates newer than 48.0 h, 1 missing PNGs, 1 recently failed, current rss 111.6 MB, rss 111.6 MB, growth 0.7 MB, slope 0.00 MB/ionogram, r 0.96, samples 215
plot_ionograms.py: output_dir=/home/ionouser/ionozond_data2/, scanned 411 recent h5 files, 409 candidates newer than 48.0 h, 1 missing PNGs, 1 recently failed, current rss 111.6 MB, rss 111.6 MB, growth 0.7 MB, slope 0.00 MB/ionogram, r 0.96, samples 215
using pyfftw
plot_ionograms.py: reloaded config, rss 110.5 -> 110.8 MB
Traceback (most recent call last):
  File "/home/ionouser/chirpsounder2/plot_ionograms.py", line 423, in <module>
    ok = plot_ionogram(conf, args.plot_file)
  File "/home/ionouser/chirpsounder2/plot_ionograms.py", line 252, in plot_ionogram
    with h5py.File(fn, "r") as ho:
  File "/home/ionouser/chirpsounder2/.venv38/lib/python3.8/site-packages/h5py/_hl/files.py", line 562, in __init__
    fid = make_fid(name, mode, userblock_size, fapl, fcpl, swmr=swmr)
  File "/home/ionouser/chirpsounder2/.venv38/lib/python3.8/site-packages/h5py/_hl/files.py", line 235, in make_fid
    fid = h5f.open(name, flags, fapl=fapl)
  File "h5py/_objects.pyx", line 54, in h5py._objects.with_phil.wrapper
  File "h5py/_objects.pyx", line 55, in h5py._objects.with_phil.wrapper
  File "h5py/h5f.pyx", line 102, in h5py.h5f.open
OSError: Unable to synchronously open file (bad object header version number)
plot_ionograms.py: memory after lfm_ionogram-unkown-DOB-ch0-000-1786487400.01.h5: rss 111.6 MB, growth 0.6 MB, slope 0.00 MB/ionogram, r 0.96, samples 216
plot_ionograms.py: output_dir=/home/ionouser/ionozond_data2/, scanned 411 recent h5 files, 409 candidates newer than 48.0 h, 1 missing PNGs, 1 recently failed, current rss 111.6 MB, rss 111.6 MB, growth 0.6 MB, slope 0.00 MB/ionogram, r 0.96, samples 216
plot_ionograms.py: output_dir=/home/ionouser/ionozond_data2/, scanned 411 recent h5 files, 409 candidates newer than 48.0 h, 1 missing PNGs, 1 recently failed, current rss 111.6 MB, rss 111.6 MB, growth 0.6 MB, slope 0.00 MB/ionogram, r 0.96, samples 216
using pyfftw
plot_ionograms.py: reloaded config, rss 110.4 -> 110.6 MB
Plotting /home/ionouser/ionozond_data2/2026-08-12/lfm_ionogram-unkown-DOB-ch0-000-1786518845.01.h5 rate 100.00 (kHz/s) t0 1786518845.00905 (unix), rss 111.7 MB
failed to post /tmp/latest-lfm-unkown-DOB.png: HTTP 403
plot_ionograms.py: memory after lfm_ionogram-unkown-DOB-ch0-000-1786518845.01.h5: rss 111.6 MB, growth 0.7 MB, slope 0.00 MB/ionogram, r 0.96, samples 217
using pyfftw
plot_ionograms.py: reloaded config, rss 110.5 -> 110.8 MB
Plotting /home/ionouser/ionozond_data2/2026-08-12/lfm_ionogram-unkown-DOB-ch0-000-1786518840.01.h5 rate 100.00 (kHz/s) t0 1786518840.00930 (unix), rss 111.9 MB
failed to post /tmp/latest-lfm-unkown-DOB.png: HTTP 403
plot_ionograms.py: memory after lfm_ionogram-unkown-DOB-ch0-000-1786518840.01.h5: rss 111.6 MB, growth 0.7 MB, slope 0.00 MB/ionogram, r 0.96, samples 218
plot_ionograms.py: output_dir=/home/ionouser/ionozond_data2/, scanned 413 recent h5 files, 411 candidates newer than 48.0 h, 1 missing PNGs, 1 recently failed, current rss 111.6 MB, rss 111.6 MB, growth 0.7 MB, slope 0.00 MB/ionogram, r 0.96, samples 218
plot_ionograms.py: output_dir=/home/ionouser/ionozond_data2/, scanned 413 recent h5 files, 411 candidates newer than 48.0 h, 1 missing PNGs, 1 recently failed, current rss 111.6 MB, rss 111.6 MB, growth 0.7 MB, slope 0.00 MB/ionogram, r 0.96, samples 218
plot_ionograms.py: output_dir=/home/ionouser/ionozond_data2/, scanned 413 recent h5 files, 411 candidates newer than 48.0 h, 1 missing PNGs, 1 recently failed, current rss 111.6 MB, rss 111.6 MB, growth 0.7 MB, slope 0.00 MB/ionogram, r 0.96, samples 218
using pyfftw
plot_ionograms.py: reloaded config, rss 110.3 -> 110.6 MB
Traceback (most recent call last):
  File "/home/ionouser/chirpsounder2/plot_ionograms.py", line 423, in <module>
    ok = plot_ionogram(conf, args.plot_file)
  File "/home/ionouser/chirpsounder2/plot_ionograms.py", line 252, in plot_ionogram
    with h5py.File(fn, "r") as ho:
  File "/home/ionouser/chirpsounder2/.venv38/lib/python3.8/site-packages/h5py/_hl/files.py", line 562, in __init__
    fid = make_fid(name, mode, userblock_size, fapl, fcpl, swmr=swmr)
  File "/home/ionouser/chirpsounder2/.venv38/lib/python3.8/site-packages/h5py/_hl/files.py", line 235, in make_fid
    fid = h5f.open(name, flags, fapl=fapl)
  File "h5py/_objects.pyx", line 54, in h5py._objects.with_phil.wrapper
  File "h5py/_objects.pyx", line 55, in h5py._objects.with_phil.wrapper
  File "h5py/h5f.pyx", line 102, in h5py.h5f.open
OSError: Unable to synchronously open file (bad object header version number)
plot_ionograms.py: memory after lfm_ionogram-unkown-DOB-ch0-000-1786487400.01.h5: rss 111.6 MB, growth 0.7 MB, slope 0.00 MB/ionogram, r 0.96, samples 219
plot_ionograms.py: output_dir=/home/ionouser/ionozond_data2/, scanned 413 recent h5 files, 411 candidates newer than 48.0 h, 1 missing PNGs, 1 recently failed, current rss 111.6 MB, rss 111.6 MB, growth 0.7 MB, slope 0.00 MB/ionogram, r 0.96, samples 219
using pyfftw
plot_ionograms.py: reloaded config, rss 110.3 -> 110.5 MB
Plotting /home/ionouser/ionozond_data2/2026-08-12/lfm_ionogram-unkown-DOB-ch0-000-1786519145.01.h5 rate 100.00 (kHz/s) t0 1786519145.00925 (unix), rss 111.6 MB
failed to post /tmp/latest-lfm-unkown-DOB.png: HTTP 403
plot_ionograms.py: memory after lfm_ionogram-unkown-DOB-ch0-000-1786519145.01.h5: rss 111.6 MB, growth 0.7 MB, slope 0.00 MB/ionogram, r 0.95, samples 220
using pyfftw
plot_ionograms.py: reloaded config, rss 110.4 -> 110.6 MB
Plotting /home/ionouser/ionozond_data2/2026-08-12/lfm_ionogram-unkown-DOB-ch0-000-1786519140.01.h5 rate 100.00 (kHz/s) t0 1786519140.00890 (unix), rss 111.7 MB
failed to post /tmp/latest-lfm-unkown-DOB.png: HTTP 403
plot_ionograms.py: memory after lfm_ionogram-unkown-DOB-ch0-000-1786519140.01.h5: rss 111.6 MB, growth 0.7 MB, slope 0.00 MB/ionogram, r 0.95, samples 221
plot_ionograms.py: output_dir=/home/ionouser/ionozond_data2/, scanned 415 recent h5 files, 413 candidates newer than 48.0 h, 1 missing PNGs, 1 recently failed, current rss 111.6 MB, rss 111.6 MB, growth 0.7 MB, slope 0.00 MB/ionogram, r 0.95, samples 221
plot_ionograms.py: output_dir=/home/ionouser/ionozond_data2/, scanned 415 recent h5 files, 413 candidates newer than 48.0 h, 1 missing PNGs, 1 recently failed, current rss 111.6 MB, rss 111.6 MB, growth 0.7 MB, slope 0.00 MB/ionogram, r 0.95, samples 221
plot_ionograms.py: output_dir=/home/ionouser/ionozond_data2/, scanned 415 recent h5 files, 413 candidates newer than 48.0 h, 1 missing PNGs, 1 recently failed, current rss 111.6 MB, rss 111.6 MB, growth 0.7 MB, slope 0.00 MB/ionogram, r 0.95, samples 221
using pyfftw
plot_ionograms.py: reloaded config, rss 110.3 -> 110.6 MB
Traceback (most recent call last):
  File "/home/ionouser/chirpsounder2/plot_ionograms.py", line 423, in <module>
    ok = plot_ionogram(conf, args.plot_file)
  File "/home/ionouser/chirpsounder2/plot_ionograms.py", line 252, in plot_ionogram
    with h5py.File(fn, "r") as ho:
  File "/home/ionouser/chirpsounder2/.venv38/lib/python3.8/site-packages/h5py/_hl/files.py", line 562, in __init__
    fid = make_fid(name, mode, userblock_size, fapl, fcpl, swmr=swmr)
  File "/home/ionouser/chirpsounder2/.venv38/lib/python3.8/site-packages/h5py/_hl/files.py", line 235, in make_fid
    fid = h5f.open(name, flags, fapl=fapl)
  File "h5py/_objects.pyx", line 54, in h5py._objects.with_phil.wrapper
  File "h5py/_objects.pyx", line 55, in h5py._objects.with_phil.wrapper
  File "h5py/h5f.pyx", line 102, in h5py.h5f.open
OSError: Unable to synchronously open file (bad object header version number)
plot_ionograms.py: memory after lfm_ionogram-unkown-DOB-ch0-000-1786487400.01.h5: rss 111.6 MB, growth 0.7 MB, slope 0.00 MB/ionogram, r 0.95, samples 222
plot_ionograms.py: output_dir=/home/ionouser/ionozond_data2/, scanned 415 recent h5 files, 413 candidates newer than 48.0 h, 1 missing PNGs, 1 recently failed, current rss 111.6 MB, rss 111.6 MB, growth 0.7 MB, slope 0.00 MB/ionogram, r 0.95, samples 222
using pyfftw
plot_ionograms.py: reloaded config, rss 110.5 -> 110.7 MB
Plotting /home/ionouser/ionozond_data2/2026-08-12/lfm_ionogram-unkown-DOB-ch0-000-1786519445.01.h5 rate 100.00 (kHz/s) t0 1786519445.00922 (unix), rss 111.8 MB
failed to post /tmp/latest-lfm-unkown-DOB.png: HTTP 403
plot_ionograms.py: memory after lfm_ionogram-unkown-DOB-ch0-000-1786519445.01.h5: rss 111.6 MB, growth 0.7 MB, slope 0.00 MB/ionogram, r 0.95, samples 223
using pyfftw
plot_ionograms.py: reloaded config, rss 110.3 -> 110.5 MB
Plotting /home/ionouser/ionozond_data2/2026-08-12/lfm_ionogram-unkown-DOB-ch0-000-1786519440.01.h5 rate 100.00 (kHz/s) t0 1786519440.00888 (unix), rss 111.7 MB
failed to post /tmp/latest-lfm-unkown-DOB.png: HTTP 403
plot_ionograms.py: memory after lfm_ionogram-unkown-DOB-ch0-000-1786519440.01.h5: rss 111.6 MB, growth 0.7 MB, slope 0.00 MB/ionogram, r 0.95, samples 224
plot_ionograms.py: output_dir=/home/ionouser/ionozond_data2/, scanned 417 recent h5 files, 415 candidates newer than 48.0 h, 1 missing PNGs, 1 recently failed, current rss 111.6 MB, rss 111.6 MB, growth 0.7 MB, slope 0.00 MB/ionogram, r 0.95, samples 224
plot_ionograms.py: output_dir=/home/ionouser/ionozond_data2/, scanned 417 recent h5 files, 415 candidates newer than 48.0 h, 1 missing PNGs, 1 recently failed, current rss 111.6 MB, rss 111.6 MB, growth 0.7 MB, slope 0.00 MB/ionogram, r 0.95, samples 224
plot_ionograms.py: output_dir=/home/ionouser/ionozond_data2/, scanned 417 recent h5 files, 415 candidates newer than 48.0 h, 1 missing PNGs, 1 recently failed, current rss 111.6 MB, rss 111.6 MB, growth 0.7 MB, slope 0.00 MB/ionogram, r 0.95, samples 224
using pyfftw
plot_ionograms.py: reloaded config, rss 110.3 -> 110.5 MB
Traceback (most recent call last):
  File "/home/ionouser/chirpsounder2/plot_ionograms.py", line 423, in <module>
    ok = plot_ionogram(conf, args.plot_file)
  File "/home/ionouser/chirpsounder2/plot_ionograms.py", line 252, in plot_ionogram
    with h5py.File(fn, "r") as ho:
  File "/home/ionouser/chirpsounder2/.venv38/lib/python3.8/site-packages/h5py/_hl/files.py", line 562, in __init__
    fid = make_fid(name, mode, userblock_size, fapl, fcpl, swmr=swmr)
  File "/home/ionouser/chirpsounder2/.venv38/lib/python3.8/site-packages/h5py/_hl/files.py", line 235, in make_fid
    fid = h5f.open(name, flags, fapl=fapl)
  File "h5py/_objects.pyx", line 54, in h5py._objects.with_phil.wrapper
  File "h5py/_objects.pyx", line 55, in h5py._objects.with_phil.wrapper
  File "h5py/h5f.pyx", line 102, in h5py.h5f.open
OSError: Unable to synchronously open file (bad object header version number)
plot_ionograms.py: memory after lfm_ionogram-unkown-DOB-ch0-000-1786487400.01.h5: rss 111.6 MB, growth 0.7 MB, slope 0.00 MB/ionogram, r 0.95, samples 225
plot_ionograms.py: output_dir=/home/ionouser/ionozond_data2/, scanned 417 recent h5 files, 415 candidates newer than 48.0 h, 1 missing PNGs, 1 recently failed, current rss 111.6 MB, rss 111.6 MB, growth 0.7 MB, slope 0.00 MB/ionogram, r 0.95, samples 225
using pyfftw
plot_ionograms.py: reloaded config, rss 110.1 -> 110.3 MB
Plotting /home/ionouser/ionozond_data2/2026-08-12/lfm_ionogram-unkown-DOB-ch0-000-1786519740.01.h5 rate 100.00 (kHz/s) t0 1786519740.00918 (unix), rss 111.6 MB
failed to post /tmp/latest-lfm-unkown-DOB.png: HTTP 403
plot_ionograms.py: memory after lfm_ionogram-unkown-DOB-ch0-000-1786519740.01.h5: rss 111.6 MB, growth 0.7 MB, slope 0.00 MB/ionogram, r 0.95, samples 226
plot_ionograms.py: output_dir=/home/ionouser/ionozond_data2/, scanned 418 recent h5 files, 416 candidates newer than 48.0 h, 1 missing PNGs, 1 recently failed, current rss 111.6 MB, rss 111.6 MB, growth 0.7 MB, slope 0.00 MB/ionogram, r 0.95, samples 226
using pyfftw
plot_ionograms.py: reloaded config, rss 110.5 -> 110.7 MB
Plotting /home/ionouser/ionozond_data2/2026-08-12/lfm_ionogram-unkown-DOB-ch0-000-1786519745.01.h5 rate 100.00 (kHz/s) t0 1786519745.00923 (unix), rss 111.8 MB
failed to post /tmp/latest-lfm-unkown-DOB.png: HTTP 403
plot_ionograms.py: memory after lfm_ionogram-unkown-DOB-ch0-000-1786519745.01.h5: rss 111.6 MB, growth 0.6 MB, slope 0.00 MB/ionogram, r 0.95, samples 227
plot_ionograms.py: output_dir=/home/ionouser/ionozond_data2/, scanned 419 recent h5 files, 417 candidates newer than 48.0 h, 1 missing PNGs, 1 recently failed, current rss 111.6 MB, rss 111.6 MB, growth 0.6 MB, slope 0.00 MB/ionogram, r 0.95, samples 227
plot_ionograms.py: output_dir=/home/ionouser/ionozond_data2/, scanned 419 recent h5 files, 417 candidates newer than 48.0 h, 1 missing PNGs, 1 recently failed, current rss 111.6 MB, rss 111.6 MB, growth 0.6 MB, slope 0.00 MB/ionogram, r 0.95, samples 227
using pyfftw
plot_ionograms.py: reloaded config, rss 110.4 -> 110.6 MB
Traceback (most recent call last):
  File "/home/ionouser/chirpsounder2/plot_ionograms.py", line 423, in <module>
    ok = plot_ionogram(conf, args.plot_file)
  File "/home/ionouser/chirpsounder2/plot_ionograms.py", line 252, in plot_ionogram
    with h5py.File(fn, "r") as ho:
  File "/home/ionouser/chirpsounder2/.venv38/lib/python3.8/site-packages/h5py/_hl/files.py", line 562, in __init__
    fid = make_fid(name, mode, userblock_size, fapl, fcpl, swmr=swmr)
  File "/home/ionouser/chirpsounder2/.venv38/lib/python3.8/site-packages/h5py/_hl/files.py", line 235, in make_fid
    fid = h5f.open(name, flags, fapl=fapl)
  File "h5py/_objects.pyx", line 54, in h5py._objects.with_phil.wrapper
  File "h5py/_objects.pyx", line 55, in h5py._objects.with_phil.wrapper
  File "h5py/h5f.pyx", line 102, in h5py.h5f.open
OSError: Unable to synchronously open file (bad object header version number)
plot_ionograms.py: memory after lfm_ionogram-unkown-DOB-ch0-000-1786487400.01.h5: rss 111.6 MB, growth 0.6 MB, slope 0.00 MB/ionogram, r 0.95, samples 228
plot_ionograms.py: output_dir=/home/ionouser/ionozond_data2/, scanned 419 recent h5 files, 417 candidates newer than 48.0 h, 1 missing PNGs, 1 recently failed, current rss 111.6 MB, rss 111.6 MB, growth 0.6 MB, slope 0.00 MB/ionogram, r 0.95, samples 228
plot_ionograms.py: output_dir=/home/ionouser/ionozond_data2/, scanned 419 recent h5 files, 417 candidates newer than 48.0 h, 1 missing PNGs, 1 recently failed, current rss 111.6 MB, rss 111.6 MB, growth 0.6 MB, slope 0.00 MB/ionogram, r 0.95, samples 228
using pyfftw
plot_ionograms.py: reloaded config, rss 110.4 -> 110.6 MB
Plotting /home/ionouser/ionozond_data2/2026-08-12/lfm_ionogram-unkown-DOB-ch0-000-1786520100.01.h5 rate 100.00 (kHz/s) t0 1786520100.00929 (unix), rss 111.7 MB
failed to post /tmp/latest-lfm-unkown-DOB.png: HTTP 403
plot_ionograms.py: memory after lfm_ionogram-unkown-DOB-ch0-000-1786520100.01.h5: rss 111.6 MB, growth 0.7 MB, slope 0.00 MB/ionogram, r 0.95, samples 229
using pyfftw
plot_ionograms.py: reloaded config, rss 110.3 -> 110.5 MB
Plotting /home/ionouser/ionozond_data2/2026-08-12/lfm_ionogram-unkown-DOB-ch0-000-1786520045.01.h5 rate 100.00 (kHz/s) t0 1786520045.00915 (unix), rss 111.6 MB
failed to post /tmp/latest-lfm-unkown-DOB.png: HTTP 403
plot_ionograms.py: memory after lfm_ionogram-unkown-DOB-ch0-000-1786520045.01.h5: rss 111.6 MB, growth 0.7 MB, slope 0.00 MB/ionogram, r 0.95, samples 230
plot_ionograms.py: output_dir=/home/ionouser/ionozond_data2/, scanned 421 recent h5 files, 419 candidates newer than 48.0 h, 1 missing PNGs, 1 recently failed, current rss 111.6 MB, rss 111.6 MB, growth 0.7 MB, slope 0.00 MB/ionogram, r 0.95, samples 230
plot_ionograms.py: output_dir=/home/ionouser/ionozond_data2/, scanned 421 recent h5 files, 419 candidates newer than 48.0 h, 1 missing PNGs, 1 recently failed, current rss 111.6 MB, rss 111.6 MB, growth 0.7 MB, slope 0.00 MB/ionogram, r 0.95, samples 230
plot_ionograms.py: output_dir=/home/ionouser/ionozond_data2/, scanned 421 recent h5 files, 419 candidates newer than 48.0 h, 1 missing PNGs, 1 recently failed, current rss 111.6 MB, rss 111.6 MB, growth 0.7 MB, slope 0.00 MB/ionogram, r 0.95, samples 230
using pyfftw
plot_ionograms.py: reloaded config, rss 110.1 -> 110.3 MB
Traceback (most recent call last):
  File "/home/ionouser/chirpsounder2/plot_ionograms.py", line 423, in <module>
    ok = plot_ionogram(conf, args.plot_file)
  File "/home/ionouser/chirpsounder2/plot_ionograms.py", line 252, in plot_ionogram
    with h5py.File(fn, "r") as ho:
  File "/home/ionouser/chirpsounder2/.venv38/lib/python3.8/site-packages/h5py/_hl/files.py", line 562, in __init__
    fid = make_fid(name, mode, userblock_size, fapl, fcpl, swmr=swmr)
  File "/home/ionouser/chirpsounder2/.venv38/lib/python3.8/site-packages/h5py/_hl/files.py", line 235, in make_fid
    fid = h5f.open(name, flags, fapl=fapl)
  File "h5py/_objects.pyx", line 54, in h5py._objects.with_phil.wrapper
  File "h5py/_objects.pyx", line 55, in h5py._objects.with_phil.wrapper
  File "h5py/h5f.pyx", line 102, in h5py.h5f.open
OSError: Unable to synchronously open file (bad object header version number)
plot_ionograms.py: memory after lfm_ionogram-unkown-DOB-ch0-000-1786487400.01.h5: rss 111.6 MB, growth 0.7 MB, slope 0.00 MB/ionogram, r 0.95, samples 231
plot_ionograms.py: output_dir=/home/ionouser/ionozond_data2/, scanned 421 recent h5 files, 419 candidates newer than 48.0 h, 1 missing PNGs, 1 recently failed, current rss 111.6 MB, rss 111.6 MB, growth 0.7 MB, slope 0.00 MB/ionogram, r 0.95, samples 231
using pyfftw
plot_ionograms.py: reloaded config, rss 110.1 -> 110.3 MB
Plotting /home/ionouser/ionozond_data2/2026-08-12/lfm_ionogram-unkown-DOB-ch0-000-1786520345.01.h5 rate 100.00 (kHz/s) t0 1786520345.00898 (unix), rss 111.6 MB
failed to post /tmp/latest-lfm-unkown-DOB.png: HTTP 403
plot_ionograms.py: memory after lfm_ionogram-unkown-DOB-ch0-000-1786520345.01.h5: rss 111.6 MB, growth 0.7 MB, slope 0.00 MB/ionogram, r 0.95, samples 232
using pyfftw
plot_ionograms.py: reloaded config, rss 110.1 -> 110.3 MB
Plotting /home/ionouser/ionozond_data2/2026-08-12/lfm_ionogram-unkown-DOB-ch0-000-1786520340.01.h5 rate 100.00 (kHz/s) t0 1786520340.00958 (unix), rss 111.6 MB
failed to post /tmp/latest-lfm-unkown-DOB.png: HTTP 403
plot_ionograms.py: memory after lfm_ionogram-unkown-DOB-ch0-000-1786520340.01.h5: rss 111.6 MB, growth 0.7 MB, slope 0.00 MB/ionogram, r 0.95, samples 233
plot_ionograms.py: output_dir=/home/ionouser/ionozond_data2/, scanned 423 recent h5 files, 421 candidates newer than 48.0 h, 1 missing PNGs, 1 recently failed, current rss 111.6 MB, rss 111.6 MB, growth 0.7 MB, slope 0.00 MB/ionogram, r 0.95, samples 233
plot_ionograms.py: output_dir=/home/ionouser/ionozond_data2/, scanned 423 recent h5 files, 421 candidates newer than 48.0 h, 1 missing PNGs, 1 recently failed, current rss 111.6 MB, rss 111.6 MB, growth 0.7 MB, slope 0.00 MB/ionogram, r 0.95, samples 233
plot_ionograms.py: output_dir=/home/ionouser/ionozond_data2/, scanned 423 recent h5 files, 421 candidates newer than 48.0 h, 1 missing PNGs, 1 recently failed, current rss 111.6 MB, rss 111.6 MB, growth 0.7 MB, slope 0.00 MB/ionogram, r 0.95, samples 233
using pyfftw
plot_ionograms.py: reloaded config, rss 110.1 -> 110.4 MB
Traceback (most recent call last):
  File "/home/ionouser/chirpsounder2/plot_ionograms.py", line 423, in <module>
    ok = plot_ionogram(conf, args.plot_file)
  File "/home/ionouser/chirpsounder2/plot_ionograms.py", line 252, in plot_ionogram
    with h5py.File(fn, "r") as ho:
  File "/home/ionouser/chirpsounder2/.venv38/lib/python3.8/site-packages/h5py/_hl/files.py", line 562, in __init__
    fid = make_fid(name, mode, userblock_size, fapl, fcpl, swmr=swmr)
  File "/home/ionouser/chirpsounder2/.venv38/lib/python3.8/site-packages/h5py/_hl/files.py", line 235, in make_fid
    fid = h5f.open(name, flags, fapl=fapl)
  File "h5py/_objects.pyx", line 54, in h5py._objects.with_phil.wrapper
  File "h5py/_objects.pyx", line 55, in h5py._objects.with_phil.wrapper
  File "h5py/h5f.pyx", line 102, in h5py.h5f.open
OSError: Unable to synchronously open file (bad object header version number)
plot_ionograms.py: memory after lfm_ionogram-unkown-DOB-ch0-000-1786487400.01.h5: rss 111.6 MB, growth 0.7 MB, slope 0.00 MB/ionogram, r 0.94, samples 234
plot_ionograms.py: output_dir=/home/ionouser/ionozond_data2/, scanned 423 recent h5 files, 421 candidates newer than 48.0 h, 1 missing PNGs, 1 recently failed, current rss 111.6 MB, rss 111.6 MB, growth 0.7 MB, slope 0.00 MB/ionogram, r 0.94, samples 234
using pyfftw
plot_ionograms.py: reloaded config, rss 110.5 -> 110.7 MB
Plotting /home/ionouser/ionozond_data2/2026-08-12/lfm_ionogram-unkown-DOB-ch0-000-1786520645.01.h5 rate 100.00 (kHz/s) t0 1786520645.00898 (unix), rss 111.8 MB
failed to post /tmp/latest-lfm-unkown-DOB.png: HTTP 403
plot_ionograms.py: memory after lfm_ionogram-unkown-DOB-ch0-000-1786520645.01.h5: rss 111.6 MB, growth 0.7 MB, slope 0.00 MB/ionogram, r 0.94, samples 235
using pyfftw
plot_ionograms.py: reloaded config, rss 110.1 -> 110.4 MB
Plotting /home/ionouser/ionozond_data2/2026-08-12/lfm_ionogram-unkown-DOB-ch0-000-1786520640.01.h5 rate 100.00 (kHz/s) t0 1786520640.00890 (unix), rss 111.6 MB
failed to post /tmp/latest-lfm-unkown-DOB.png: HTTP 403
plot_ionograms.py: memory after lfm_ionogram-unkown-DOB-ch0-000-1786520640.01.h5: rss 111.6 MB, growth 0.7 MB, slope 0.00 MB/ionogram, r 0.94, samples 236
plot_ionograms.py: output_dir=/home/ionouser/ionozond_data2/, scanned 425 recent h5 files, 423 candidates newer than 48.0 h, 1 missing PNGs, 1 recently failed, current rss 111.6 MB, rss 111.6 MB, growth 0.7 MB, slope 0.00 MB/ionogram, r 0.94, samples 236
plot_ionograms.py: output_dir=/home/ionouser/ionozond_data2/, scanned 425 recent h5 files, 423 candidates newer than 48.0 h, 1 missing PNGs, 1 recently failed, current rss 111.6 MB, rss 111.6 MB, growth 0.7 MB, slope 0.00 MB/ionogram, r 0.94, samples 236
plot_ionograms.py: output_dir=/home/ionouser/ionozond_data2/, scanned 425 recent h5 files, 423 candidates newer than 48.0 h, 1 missing PNGs, 1 recently failed, current rss 111.6 MB, rss 111.6 MB, growth 0.7 MB, slope 0.00 MB/ionogram, r 0.94, samples 236
using pyfftw
plot_ionograms.py: reloaded config, rss 110.3 -> 110.5 MB
Traceback (most recent call last):
  File "/home/ionouser/chirpsounder2/plot_ionograms.py", line 423, in <module>
    ok = plot_ionogram(conf, args.plot_file)
  File "/home/ionouser/chirpsounder2/plot_ionograms.py", line 252, in plot_ionogram
    with h5py.File(fn, "r") as ho:
  File "/home/ionouser/chirpsounder2/.venv38/lib/python3.8/site-packages/h5py/_hl/files.py", line 562, in __init__
    fid = make_fid(name, mode, userblock_size, fapl, fcpl, swmr=swmr)
  File "/home/ionouser/chirpsounder2/.venv38/lib/python3.8/site-packages/h5py/_hl/files.py", line 235, in make_fid
    fid = h5f.open(name, flags, fapl=fapl)
  File "h5py/_objects.pyx", line 54, in h5py._objects.with_phil.wrapper
  File "h5py/_objects.pyx", line 55, in h5py._objects.with_phil.wrapper
  File "h5py/h5f.pyx", line 102, in h5py.h5f.open
OSError: Unable to synchronously open file (bad object header version number)
plot_ionograms.py: memory after lfm_ionogram-unkown-DOB-ch0-000-1786487400.01.h5: rss 111.6 MB, growth 0.7 MB, slope 0.00 MB/ionogram, r 0.94, samples 237
plot_ionograms.py: output_dir=/home/ionouser/ionozond_data2/, scanned 425 recent h5 files, 423 candidates newer than 48.0 h, 1 missing PNGs, 1 recently failed, current rss 111.6 MB, rss 111.6 MB, growth 0.7 MB, slope 0.00 MB/ionogram, r 0.94, samples 237
using pyfftw
plot_ionograms.py: reloaded config, rss 110.5 -> 110.7 MB
Plotting /home/ionouser/ionozond_data2/2026-08-12/lfm_ionogram-unkown-DOB-ch0-000-1786520945.01.h5 rate 100.00 (kHz/s) t0 1786520945.00908 (unix), rss 111.8 MB
failed to post /tmp/latest-lfm-unkown-DOB.png: HTTP 403
plot_ionograms.py: memory after lfm_ionogram-unkown-DOB-ch0-000-1786520945.01.h5: rss 111.6 MB, growth 0.7 MB, slope 0.00 MB/ionogram, r 0.94, samples 238
using pyfftw
plot_ionograms.py: reloaded config, rss 110.5 -> 110.7 MB
Plotting /home/ionouser/ionozond_data2/2026-08-12/lfm_ionogram-unkown-DOB-ch0-000-1786520940.01.h5 rate 100.00 (kHz/s) t0 1786520940.00889 (unix), rss 111.8 MB
failed to post /tmp/latest-lfm-unkown-DOB.png: HTTP 403
plot_ionograms.py: memory after lfm_ionogram-unkown-DOB-ch0-000-1786520940.01.h5: rss 111.6 MB, growth 0.7 MB, slope 0.00 MB/ionogram, r 0.94, samples 239
plot_ionograms.py: output_dir=/home/ionouser/ionozond_data2/, scanned 427 recent h5 files, 425 candidates newer than 48.0 h, 1 missing PNGs, 1 recently failed, current rss 111.6 MB, rss 111.6 MB, growth 0.7 MB, slope 0.00 MB/ionogram, r 0.94, samples 239
plot_ionograms.py: output_dir=/home/ionouser/ionozond_data2/, scanned 427 recent h5 files, 425 candidates newer than 48.0 h, 1 missing PNGs, 1 recently failed, current rss 111.6 MB, rss 111.6 MB, growth 0.7 MB, slope 0.00 MB/ionogram, r 0.94, samples 239
plot_ionograms.py: output_dir=/home/ionouser/ionozond_data2/, scanned 427 recent h5 files, 425 candidates newer than 48.0 h, 1 missing PNGs, 1 recently failed, current rss 111.6 MB, rss 111.6 MB, growth 0.7 MB, slope 0.00 MB/ionogram, r 0.94, samples 239
plot_ionograms.py: output_dir=/home/ionouser/ionozond_data2/, scanned 427 recent h5 files, 425 candidates newer than 48.0 h, 1 missing PNGs, 1 recently failed, current rss 111.6 MB, rss 111.6 MB, growth 0.7 MB, slope 0.00 MB/ionogram, r 0.94, samples 239
using pyfftw
plot_ionograms.py: reloaded config, rss 110.1 -> 110.4 MB
Traceback (most recent call last):
  File "/home/ionouser/chirpsounder2/plot_ionograms.py", line 423, in <module>
    ok = plot_ionogram(conf, args.plot_file)
  File "/home/ionouser/chirpsounder2/plot_ionograms.py", line 252, in plot_ionogram
    with h5py.File(fn, "r") as ho:
  File "/home/ionouser/chirpsounder2/.venv38/lib/python3.8/site-packages/h5py/_hl/files.py", line 562, in __init__
    fid = make_fid(name, mode, userblock_size, fapl, fcpl, swmr=swmr)
  File "/home/ionouser/chirpsounder2/.venv38/lib/python3.8/site-packages/h5py/_hl/files.py", line 235, in make_fid
    fid = h5f.open(name, flags, fapl=fapl)
  File "h5py/_objects.pyx", line 54, in h5py._objects.with_phil.wrapper
  File "h5py/_objects.pyx", line 55, in h5py._objects.with_phil.wrapper
  File "h5py/h5f.pyx", line 102, in h5py.h5f.open
OSError: Unable to synchronously open file (bad object header version number)
plot_ionograms.py: memory after lfm_ionogram-unkown-DOB-ch0-000-1786487400.01.h5: rss 111.6 MB, growth 0.7 MB, slope 0.00 MB/ionogram, r 0.94, samples 240
plot_ionograms.py: output_dir=/home/ionouser/ionozond_data2/, scanned 428 recent h5 files, 426 candidates newer than 48.0 h, 2 missing PNGs, 1 recently failed, current rss 111.6 MB, rss 111.6 MB, growth 0.7 MB, slope 0.00 MB/ionogram, r 0.94, samples 240
using pyfftw
plot_ionograms.py: reloaded config, rss 110.5 -> 110.7 MB
Plotting /home/ionouser/ionozond_data2/2026-08-12/lfm_ionogram-unkown-DOB-ch0-000-1786521240.01.h5 rate 100.00 (kHz/s) t0 1786521240.00888 (unix), rss 111.8 MB
failed to post /tmp/latest-lfm-unkown-DOB.png: HTTP 403
plot_ionograms.py: memory after lfm_ionogram-unkown-DOB-ch0-000-1786521240.01.h5: rss 111.6 MB, growth 0.7 MB, slope 0.00 MB/ionogram, r 0.94, samples 241
using pyfftw
plot_ionograms.py: reloaded config, rss 110.5 -> 110.8 MB
Plotting /home/ionouser/ionozond_data2/2026-08-12/lfm_ionogram-unkown-DOB-ch0-000-1786521245.01.h5 rate 100.00 (kHz/s) t0 1786521245.00918 (unix), rss 111.9 MB
failed to post /tmp/latest-lfm-unkown-DOB.png: HTTP 403
plot_ionograms.py: memory after lfm_ionogram-unkown-DOB-ch0-000-1786521245.01.h5: rss 111.6 MB, growth 0.7 MB, slope 0.00 MB/ionogram, r 0.94, samples 242
plot_ionograms.py: output_dir=/home/ionouser/ionozond_data2/, scanned 429 recent h5 files, 427 candidates newer than 48.0 h, 1 missing PNGs, 1 recently failed, current rss 111.6 MB, rss 111.6 MB, growth 0.7 MB, slope 0.00 MB/ionogram, r 0.94, samples 242
plot_ionograms.py: output_dir=/home/ionouser/ionozond_data2/, scanned 429 recent h5 files, 427 candidates newer than 48.0 h, 1 missing PNGs, 1 recently failed, current rss 111.6 MB, rss 111.6 MB, growth 0.7 MB, slope 0.00 MB/ionogram, r 0.94, samples 242
plot_ionograms.py: output_dir=/home/ionouser/ionozond_data2/, scanned 429 recent h5 files, 427 candidates newer than 48.0 h, 1 missing PNGs, 1 recently failed, current rss 111.6 MB, rss 111.6 MB, growth 0.7 MB, slope 0.00 MB/ionogram, r 0.94, samples 242
using pyfftw
plot_ionograms.py: reloaded config, rss 110.1 -> 110.3 MB
Traceback (most recent call last):
  File "/home/ionouser/chirpsounder2/plot_ionograms.py", line 423, in <module>
    ok = plot_ionogram(conf, args.plot_file)
  File "/home/ionouser/chirpsounder2/plot_ionograms.py", line 252, in plot_ionogram
    with h5py.File(fn, "r") as ho:
  File "/home/ionouser/chirpsounder2/.venv38/lib/python3.8/site-packages/h5py/_hl/files.py", line 562, in __init__
    fid = make_fid(name, mode, userblock_size, fapl, fcpl, swmr=swmr)
  File "/home/ionouser/chirpsounder2/.venv38/lib/python3.8/site-packages/h5py/_hl/files.py", line 235, in make_fid
    fid = h5f.open(name, flags, fapl=fapl)
  File "h5py/_objects.pyx", line 54, in h5py._objects.with_phil.wrapper
  File "h5py/_objects.pyx", line 55, in h5py._objects.with_phil.wrapper
  File "h5py/h5f.pyx", line 102, in h5py.h5f.open
OSError: Unable to synchronously open file (bad object header version number)
plot_ionograms.py: memory after lfm_ionogram-unkown-DOB-ch0-000-1786487400.01.h5: rss 111.6 MB, growth 0.7 MB, slope 0.00 MB/ionogram, r 0.94, samples 243
plot_ionograms.py: output_dir=/home/ionouser/ionozond_data2/, scanned 429 recent h5 files, 427 candidates newer than 48.0 h, 1 missing PNGs, 1 recently failed, current rss 111.6 MB, rss 111.6 MB, growth 0.7 MB, slope 0.00 MB/ionogram, r 0.94, samples 243
using pyfftw
plot_ionograms.py: reloaded config, rss 110.3 -> 110.6 MB
Plotting /home/ionouser/ionozond_data2/2026-08-12/lfm_ionogram-unkown-DOB-ch0-000-1786521540.01.h5 rate 100.00 (kHz/s) t0 1786521540.00907 (unix), rss 111.7 MB
failed to post /tmp/latest-lfm-unkown-DOB.png: HTTP 403
plot_ionograms.py: memory after lfm_ionogram-unkown-DOB-ch0-000-1786521540.01.h5: rss 111.6 MB, growth 0.7 MB, slope 0.00 MB/ionogram, r 0.94, samples 244
using pyfftw
plot_ionograms.py: reloaded config, rss 110.3 -> 110.6 MB
Plotting /home/ionouser/ionozond_data2/2026-08-12/lfm_ionogram-unkown-DOB-ch0-000-1786521545.01.h5 rate 100.00 (kHz/s) t0 1786521545.00907 (unix), rss 111.6 MB
failed to post /tmp/latest-lfm-unkown-DOB.png: HTTP 403
plot_ionograms.py: memory after lfm_ionogram-unkown-DOB-ch0-000-1786521545.01.h5: rss 111.6 MB, growth 0.7 MB, slope 0.00 MB/ionogram, r 0.94, samples 245
plot_ionograms.py: output_dir=/home/ionouser/ionozond_data2/, scanned 431 recent h5 files, 429 candidates newer than 48.0 h, 1 missing PNGs, 1 recently failed, current rss 111.6 MB, rss 111.6 MB, growth 0.7 MB, slope 0.00 MB/ionogram, r 0.94, samples 245
plot_ionograms.py: output_dir=/home/ionouser/ionozond_data2/, scanned 431 recent h5 files, 429 candidates newer than 48.0 h, 1 missing PNGs, 1 recently failed, current rss 111.6 MB, rss 111.6 MB, growth 0.7 MB, slope 0.00 MB/ionogram, r 0.94, samples 245
plot_ionograms.py: output_dir=/home/ionouser/ionozond_data2/, scanned 431 recent h5 files, 429 candidates newer than 48.0 h, 1 missing PNGs, 1 recently failed, current rss 111.6 MB, rss 111.6 MB, growth 0.7 MB, slope 0.00 MB/ionogram, r 0.94, samples 245
using pyfftw
plot_ionograms.py: reloaded config, rss 110.5 -> 110.8 MB
Traceback (most recent call last):
  File "/home/ionouser/chirpsounder2/plot_ionograms.py", line 423, in <module>
    ok = plot_ionogram(conf, args.plot_file)
  File "/home/ionouser/chirpsounder2/plot_ionograms.py", line 252, in plot_ionogram
    with h5py.File(fn, "r") as ho:
  File "/home/ionouser/chirpsounder2/.venv38/lib/python3.8/site-packages/h5py/_hl/files.py", line 562, in __init__
    fid = make_fid(name, mode, userblock_size, fapl, fcpl, swmr=swmr)
  File "/home/ionouser/chirpsounder2/.venv38/lib/python3.8/site-packages/h5py/_hl/files.py", line 235, in make_fid
    fid = h5f.open(name, flags, fapl=fapl)
  File "h5py/_objects.pyx", line 54, in h5py._objects.with_phil.wrapper
  File "h5py/_objects.pyx", line 55, in h5py._objects.with_phil.wrapper
  File "h5py/h5f.pyx", line 102, in h5py.h5f.open
OSError: Unable to synchronously open file (bad object header version number)
plot_ionograms.py: memory after lfm_ionogram-unkown-DOB-ch0-000-1786487400.01.h5: rss 111.6 MB, growth 0.7 MB, slope 0.00 MB/ionogram, r 0.94, samples 246
plot_ionograms.py: output_dir=/home/ionouser/ionozond_data2/, scanned 431 recent h5 files, 429 candidates newer than 48.0 h, 1 missing PNGs, 1 recently failed, current rss 111.6 MB, rss 111.6 MB, growth 0.7 MB, slope 0.00 MB/ionogram, r 0.94, samples 246
using pyfftw
plot_ionograms.py: reloaded config, rss 110.1 -> 110.3 MB
Plotting /home/ionouser/ionozond_data2/2026-08-12/lfm_ionogram-unkown-DOB-ch0-000-1786521845.01.h5 rate 100.00 (kHz/s) t0 1786521845.00915 (unix), rss 111.3 MB
failed to post /tmp/latest-lfm-unkown-DOB.png: HTTP 403
plot_ionograms.py: memory after lfm_ionogram-unkown-DOB-ch0-000-1786521845.01.h5: rss 111.6 MB, growth 0.7 MB, slope 0.00 MB/ionogram, r 0.93, samples 247
using pyfftw
plot_ionograms.py: reloaded config, rss 110.7 -> 110.9 MB
Plotting /home/ionouser/ionozond_data2/2026-08-12/lfm_ionogram-unkown-DOB-ch0-000-1786521840.01.h5 rate 100.00 (kHz/s) t0 1786521840.00920 (unix), rss 111.9 MB
failed to post /tmp/latest-lfm-unkown-DOB.png: HTTP 403
plot_ionograms.py: memory after lfm_ionogram-unkown-DOB-ch0-000-1786521840.01.h5: rss 111.6 MB, growth 0.7 MB, slope 0.00 MB/ionogram, r 0.93, samples 248
plot_ionograms.py: output_dir=/home/ionouser/ionozond_data2/, scanned 433 recent h5 files, 431 candidates newer than 48.0 h, 1 missing PNGs, 1 recently failed, current rss 111.6 MB, rss 111.6 MB, growth 0.7 MB, slope 0.00 MB/ionogram, r 0.93, samples 248
plot_ionograms.py: output_dir=/home/ionouser/ionozond_data2/, scanned 433 recent h5 files, 431 candidates newer than 48.0 h, 1 missing PNGs, 1 recently failed, current rss 111.6 MB, rss 111.6 MB, growth 0.7 MB, slope 0.00 MB/ionogram, r 0.93, samples 248
plot_ionograms.py: output_dir=/home/ionouser/ionozond_data2/, scanned 433 recent h5 files, 431 candidates newer than 48.0 h, 1 missing PNGs, 1 recently failed, current rss 111.6 MB, rss 111.6 MB, growth 0.7 MB, slope 0.00 MB/ionogram, r 0.93, samples 248
plot_ionograms.py: output_dir=/home/ionouser/ionozond_data2/, scanned 433 recent h5 files, 431 candidates newer than 48.0 h, 1 missing PNGs, 1 recently failed, current rss 111.6 MB, rss 111.6 MB, growth 0.7 MB, slope 0.00 MB/ionogram, r 0.93, samples 248
using pyfftw
plot_ionograms.py: reloaded config, rss 110.6 -> 110.8 MB
Traceback (most recent call last):
  File "/home/ionouser/chirpsounder2/plot_ionograms.py", line 423, in <module>
    ok = plot_ionogram(conf, args.plot_file)
  File "/home/ionouser/chirpsounder2/plot_ionograms.py", line 252, in plot_ionogram
    with h5py.File(fn, "r") as ho:
  File "/home/ionouser/chirpsounder2/.venv38/lib/python3.8/site-packages/h5py/_hl/files.py", line 562, in __init__
    fid = make_fid(name, mode, userblock_size, fapl, fcpl, swmr=swmr)
  File "/home/ionouser/chirpsounder2/.venv38/lib/python3.8/site-packages/h5py/_hl/files.py", line 235, in make_fid
    fid = h5f.open(name, flags, fapl=fapl)
  File "h5py/_objects.pyx", line 54, in h5py._objects.with_phil.wrapper
  File "h5py/_objects.pyx", line 55, in h5py._objects.with_phil.wrapper
  File "h5py/h5f.pyx", line 102, in h5py.h5f.open
OSError: Unable to synchronously open file (bad object header version number)
plot_ionograms.py: memory after lfm_ionogram-unkown-DOB-ch0-000-1786487400.01.h5: rss 111.6 MB, growth 0.7 MB, slope 0.00 MB/ionogram, r 0.93, samples 249
using pyfftw
plot_ionograms.py: reloaded config, rss 110.1 -> 110.4 MB
Plotting /home/ionouser/ionozond_data2/2026-08-12/lfm_ionogram-unkown-DOB-ch0-000-1786522145.01.h5 rate 100.00 (kHz/s) t0 1786522145.00898 (unix), rss 111.6 MB
failed to post /tmp/latest-lfm-unkown-DOB.png: HTTP 403
plot_ionograms.py: memory after lfm_ionogram-unkown-DOB-ch0-000-1786522145.01.h5: rss 111.6 MB, growth 0.7 MB, slope 0.00 MB/ionogram, r 0.93, samples 250
using pyfftw
plot_ionograms.py: reloaded config, rss 110.1 -> 110.4 MB
Plotting /home/ionouser/ionozond_data2/2026-08-12/lfm_ionogram-unkown-DOB-ch0-000-1786522140.01.h5 rate 100.00 (kHz/s) t0 1786522140.00937 (unix), rss 111.7 MB
failed to post /tmp/latest-lfm-unkown-DOB.png: HTTP 403
plot_ionograms.py: memory after lfm_ionogram-unkown-DOB-ch0-000-1786522140.01.h5: rss 111.6 MB, growth 0.7 MB, slope 0.00 MB/ionogram, r 0.93, samples 251
plot_ionograms.py: output_dir=/home/ionouser/ionozond_data2/, scanned 435 recent h5 files, 433 candidates newer than 48.0 h, 1 missing PNGs, 1 recently failed, current rss 111.6 MB, rss 111.6 MB, growth 0.7 MB, slope 0.00 MB/ionogram, r 0.93, samples 251
plot_ionograms.py: output_dir=/home/ionouser/ionozond_data2/, scanned 435 recent h5 files, 433 candidates newer than 48.0 h, 1 missing PNGs, 1 recently failed, current rss 111.6 MB, rss 111.6 MB, growth 0.7 MB, slope 0.00 MB/ionogram, r 0.93, samples 251
plot_ionograms.py: output_dir=/home/ionouser/ionozond_data2/, scanned 435 recent h5 files, 433 candidates newer than 48.0 h, 1 missing PNGs, 1 recently failed, current rss 111.6 MB, rss 111.6 MB, growth 0.7 MB, slope 0.00 MB/ionogram, r 0.93, samples 251
using pyfftw
plot_ionograms.py: reloaded config, rss 110.5 -> 110.8 MB
Traceback (most recent call last):
  File "/home/ionouser/chirpsounder2/plot_ionograms.py", line 423, in <module>
    ok = plot_ionogram(conf, args.plot_file)
  File "/home/ionouser/chirpsounder2/plot_ionograms.py", line 252, in plot_ionogram
    with h5py.File(fn, "r") as ho:
  File "/home/ionouser/chirpsounder2/.venv38/lib/python3.8/site-packages/h5py/_hl/files.py", line 562, in __init__
    fid = make_fid(name, mode, userblock_size, fapl, fcpl, swmr=swmr)
  File "/home/ionouser/chirpsounder2/.venv38/lib/python3.8/site-packages/h5py/_hl/files.py", line 235, in make_fid
    fid = h5f.open(name, flags, fapl=fapl)
  File "h5py/_objects.pyx", line 54, in h5py._objects.with_phil.wrapper
  File "h5py/_objects.pyx", line 55, in h5py._objects.with_phil.wrapper
  File "h5py/h5f.pyx", line 102, in h5py.h5f.open
OSError: Unable to synchronously open file (bad object header version number)
plot_ionograms.py: memory after lfm_ionogram-unkown-DOB-ch0-000-1786487400.01.h5: rss 111.6 MB, growth 0.7 MB, slope 0.00 MB/ionogram, r 0.93, samples 252
plot_ionograms.py: output_dir=/home/ionouser/ionozond_data2/, scanned 435 recent h5 files, 433 candidates newer than 48.0 h, 1 missing PNGs, 1 recently failed, current rss 111.6 MB, rss 111.6 MB, growth 0.7 MB, slope 0.00 MB/ionogram, r 0.93, samples 252
using pyfftw
plot_ionograms.py: reloaded config, rss 110.6 -> 110.8 MB
Plotting /home/ionouser/ionozond_data2/2026-08-12/lfm_ionogram-unkown-DOB-ch0-000-1786522445.01.h5 rate 100.00 (kHz/s) t0 1786522445.00927 (unix), rss 111.8 MB
failed to post /tmp/latest-lfm-unkown-DOB.png: HTTP 403
plot_ionograms.py: memory after lfm_ionogram-unkown-DOB-ch0-000-1786522445.01.h5: rss 111.6 MB, growth 0.7 MB, slope 0.00 MB/ionogram, r 0.93, samples 253
using pyfftw
plot_ionograms.py: reloaded config, rss 110.3 -> 110.5 MB
Plotting /home/ionouser/ionozond_data2/2026-08-12/lfm_ionogram-unkown-DOB-ch0-000-1786522440.01.h5 rate 100.00 (kHz/s) t0 1786522440.00980 (unix), rss 111.7 MB
failed to post /tmp/latest-lfm-unkown-DOB.png: HTTP 403
plot_ionograms.py: memory after lfm_ionogram-unkown-DOB-ch0-000-1786522440.01.h5: rss 111.6 MB, growth 0.7 MB, slope 0.00 MB/ionogram, r 0.93, samples 254
plot_ionograms.py: output_dir=/home/ionouser/ionozond_data2/, scanned 437 recent h5 files, 435 candidates newer than 48.0 h, 1 missing PNGs, 1 recently failed, current rss 111.6 MB, rss 111.6 MB, growth 0.7 MB, slope 0.00 MB/ionogram, r 0.93, samples 254
plot_ionograms.py: output_dir=/home/ionouser/ionozond_data2/, scanned 437 recent h5 files, 435 candidates newer than 48.0 h, 1 missing PNGs, 1 recently failed, current rss 111.6 MB, rss 111.6 MB, growth 0.7 MB, slope 0.00 MB/ionogram, r 0.93, samples 254
plot_ionograms.py: output_dir=/home/ionouser/ionozond_data2/, scanned 437 recent h5 files, 435 candidates newer than 48.0 h, 1 missing PNGs, 1 recently failed, current rss 111.6 MB, rss 111.6 MB, growth 0.7 MB, slope 0.00 MB/ionogram, r 0.93, samples 254
plot_ionograms.py: output_dir=/home/ionouser/ionozond_data2/, scanned 437 recent h5 files, 435 candidates newer than 48.0 h, 1 missing PNGs, 1 recently failed, current rss 111.6 MB, rss 111.6 MB, growth 0.7 MB, slope 0.00 MB/ionogram, r 0.93, samples 254
using pyfftw
plot_ionograms.py: reloaded config, rss 110.4 -> 110.6 MB
Traceback (most recent call last):
  File "/home/ionouser/chirpsounder2/plot_ionograms.py", line 423, in <module>
    ok = plot_ionogram(conf, args.plot_file)
  File "/home/ionouser/chirpsounder2/plot_ionograms.py", line 252, in plot_ionogram
    with h5py.File(fn, "r") as ho:
  File "/home/ionouser/chirpsounder2/.venv38/lib/python3.8/site-packages/h5py/_hl/files.py", line 562, in __init__
    fid = make_fid(name, mode, userblock_size, fapl, fcpl, swmr=swmr)
  File "/home/ionouser/chirpsounder2/.venv38/lib/python3.8/site-packages/h5py/_hl/files.py", line 235, in make_fid
    fid = h5f.open(name, flags, fapl=fapl)
  File "h5py/_objects.pyx", line 54, in h5py._objects.with_phil.wrapper
  File "h5py/_objects.pyx", line 55, in h5py._objects.with_phil.wrapper
  File "h5py/h5f.pyx", line 102, in h5py.h5f.open
OSError: Unable to synchronously open file (bad object header version number)
plot_ionograms.py: memory after lfm_ionogram-unkown-DOB-ch0-000-1786487400.01.h5: rss 111.6 MB, growth 0.7 MB, slope 0.00 MB/ionogram, r 0.93, samples 255
plot_ionograms.py: output_dir=/home/ionouser/ionozond_data2/, scanned 437 recent h5 files, 435 candidates newer than 48.0 h, 1 missing PNGs, 1 recently failed, current rss 111.6 MB, rss 111.6 MB, growth 0.7 MB, slope 0.00 MB/ionogram, r 0.93, samples 255
using pyfftw
plot_ionograms.py: reloaded config, rss 110.4 -> 110.7 MB
Plotting /home/ionouser/ionozond_data2/2026-08-12/lfm_ionogram-unkown-DOB-ch0-000-1786522745.01.h5 rate 100.00 (kHz/s) t0 1786522745.00975 (unix), rss 111.8 MB
failed to post /tmp/latest-lfm-unkown-DOB.png: HTTP 403
plot_ionograms.py: memory after lfm_ionogram-unkown-DOB-ch0-000-1786522745.01.h5: rss 111.6 MB, growth 0.7 MB, slope 0.00 MB/ionogram, r 0.93, samples 256
using pyfftw
plot_ionograms.py: reloaded config, rss 110.5 -> 110.8 MB
Plotting /home/ionouser/ionozond_data2/2026-08-12/lfm_ionogram-unkown-DOB-ch0-000-1786522740.01.h5 rate 100.00 (kHz/s) t0 1786522740.00977 (unix), rss 111.9 MB
failed to post /tmp/latest-lfm-unkown-DOB.png: HTTP 403
plot_ionograms.py: memory after lfm_ionogram-unkown-DOB-ch0-000-1786522740.01.h5: rss 111.6 MB, growth 0.7 MB, slope 0.00 MB/ionogram, r 0.93, samples 257
plot_ionograms.py: output_dir=/home/ionouser/ionozond_data2/, scanned 439 recent h5 files, 437 candidates newer than 48.0 h, 1 missing PNGs, 1 recently failed, current rss 111.6 MB, rss 111.6 MB, growth 0.7 MB, slope 0.00 MB/ionogram, r 0.93, samples 257
plot_ionograms.py: output_dir=/home/ionouser/ionozond_data2/, scanned 439 recent h5 files, 437 candidates newer than 48.0 h, 1 missing PNGs, 1 recently failed, current rss 111.6 MB, rss 111.6 MB, growth 0.7 MB, slope 0.00 MB/ionogram, r 0.93, samples 257
plot_ionograms.py: output_dir=/home/ionouser/ionozond_data2/, scanned 439 recent h5 files, 437 candidates newer than 48.0 h, 1 missing PNGs, 1 recently failed, current rss 111.6 MB, rss 111.6 MB, growth 0.7 MB, slope 0.00 MB/ionogram, r 0.93, samples 257
plot_ionograms.py: output_dir=/home/ionouser/ionozond_data2/, scanned 439 recent h5 files, 437 candidates newer than 48.0 h, 1 missing PNGs, 1 recently failed, current rss 111.6 MB, rss 111.6 MB, growth 0.7 MB, slope 0.00 MB/ionogram, r 0.93, samples 257
using pyfftw
plot_ionograms.py: reloaded config, rss 110.5 -> 110.8 MB
Traceback (most recent call last):
  File "/home/ionouser/chirpsounder2/plot_ionograms.py", line 423, in <module>
    ok = plot_ionogram(conf, args.plot_file)
  File "/home/ionouser/chirpsounder2/plot_ionograms.py", line 252, in plot_ionogram
    with h5py.File(fn, "r") as ho:
  File "/home/ionouser/chirpsounder2/.venv38/lib/python3.8/site-packages/h5py/_hl/files.py", line 562, in __init__
    fid = make_fid(name, mode, userblock_size, fapl, fcpl, swmr=swmr)
  File "/home/ionouser/chirpsounder2/.venv38/lib/python3.8/site-packages/h5py/_hl/files.py", line 235, in make_fid
    fid = h5f.open(name, flags, fapl=fapl)
  File "h5py/_objects.pyx", line 54, in h5py._objects.with_phil.wrapper
  File "h5py/_objects.pyx", line 55, in h5py._objects.with_phil.wrapper
  File "h5py/h5f.pyx", line 102, in h5py.h5f.open
OSError: Unable to synchronously open file (bad object header version number)
plot_ionograms.py: memory after lfm_ionogram-unkown-DOB-ch0-000-1786487400.01.h5: rss 111.6 MB, growth 0.7 MB, slope 0.00 MB/ionogram, r 0.93, samples 258
using pyfftw
plot_ionograms.py: reloaded config, rss 110.6 -> 110.8 MB
Plotting /home/ionouser/ionozond_data2/2026-08-12/lfm_ionogram-unkown-DOB-ch0-000-1786523040.01.h5 rate 100.00 (kHz/s) t0 1786523040.00890 (unix), rss 111.9 MB
failed to post /tmp/latest-lfm-unkown-DOB.png: HTTP 403
plot_ionograms.py: memory after lfm_ionogram-unkown-DOB-ch0-000-1786523040.01.h5: rss 111.6 MB, growth 0.7 MB, slope 0.00 MB/ionogram, r 0.93, samples 259
plot_ionograms.py: output_dir=/home/ionouser/ionozond_data2/, scanned 441 recent h5 files, 439 candidates newer than 48.0 h, 2 missing PNGs, 1 recently failed, current rss 111.6 MB, rss 111.6 MB, growth 0.7 MB, slope 0.00 MB/ionogram, r 0.93, samples 259
using pyfftw
plot_ionograms.py: reloaded config, rss 110.1 -> 110.4 MB
Plotting /home/ionouser/ionozond_data2/2026-08-12/lfm_ionogram-unkown-DOB-ch0-000-1786523045.01.h5 rate 100.00 (kHz/s) t0 1786523045.00952 (unix), rss 111.6 MB
failed to post /tmp/latest-lfm-unkown-DOB.png: HTTP 403
plot_ionograms.py: memory after lfm_ionogram-unkown-DOB-ch0-000-1786523045.01.h5: rss 111.6 MB, growth 0.7 MB, slope 0.00 MB/ionogram, r 0.92, samples 260
plot_ionograms.py: output_dir=/home/ionouser/ionozond_data2/, scanned 441 recent h5 files, 439 candidates newer than 48.0 h, 1 missing PNGs, 1 recently failed, current rss 111.6 MB, rss 111.6 MB, growth 0.7 MB, slope 0.00 MB/ionogram, r 0.92, samples 260
plot_ionograms.py: output_dir=/home/ionouser/ionozond_data2/, scanned 441 recent h5 files, 439 candidates newer than 48.0 h, 1 missing PNGs, 1 recently failed, current rss 111.6 MB, rss 111.6 MB, growth 0.7 MB, slope 0.00 MB/ionogram, r 0.92, samples 260
plot_ionograms.py: output_dir=/home/ionouser/ionozond_data2/, scanned 441 recent h5 files, 439 candidates newer than 48.0 h, 1 missing PNGs, 1 recently failed, current rss 111.6 MB, rss 111.6 MB, growth 0.7 MB, slope 0.00 MB/ionogram, r 0.92, samples 260
using pyfftw
plot_ionograms.py: reloaded config, rss 110.3 -> 110.5 MB
Traceback (most recent call last):
  File "/home/ionouser/chirpsounder2/plot_ionograms.py", line 423, in <module>
    ok = plot_ionogram(conf, args.plot_file)
  File "/home/ionouser/chirpsounder2/plot_ionograms.py", line 252, in plot_ionogram
    with h5py.File(fn, "r") as ho:
  File "/home/ionouser/chirpsounder2/.venv38/lib/python3.8/site-packages/h5py/_hl/files.py", line 562, in __init__
    fid = make_fid(name, mode, userblock_size, fapl, fcpl, swmr=swmr)
  File "/home/ionouser/chirpsounder2/.venv38/lib/python3.8/site-packages/h5py/_hl/files.py", line 235, in make_fid
    fid = h5f.open(name, flags, fapl=fapl)
  File "h5py/_objects.pyx", line 54, in h5py._objects.with_phil.wrapper
  File "h5py/_objects.pyx", line 55, in h5py._objects.with_phil.wrapper
  File "h5py/h5f.pyx", line 102, in h5py.h5f.open
OSError: Unable to synchronously open file (bad object header version number)
plot_ionograms.py: memory after lfm_ionogram-unkown-DOB-ch0-000-1786487400.01.h5: rss 111.6 MB, growth 0.7 MB, slope 0.00 MB/ionogram, r 0.92, samples 261
plot_ionograms.py: output_dir=/home/ionouser/ionozond_data2/, scanned 441 recent h5 files, 439 candidates newer than 48.0 h, 1 missing PNGs, 1 recently failed, current rss 111.6 MB, rss 111.6 MB, growth 0.7 MB, slope 0.00 MB/ionogram, r 0.92, samples 261
using pyfftw
plot_ionograms.py: reloaded config, rss 110.2 -> 110.5 MB
Plotting /home/ionouser/ionozond_data2/2026-08-12/lfm_ionogram-unkown-DOB-ch0-000-1786523340.01.h5 rate 100.00 (kHz/s) t0 1786523340.00911 (unix), rss 111.6 MB
failed to post /tmp/latest-lfm-unkown-DOB.png: HTTP 403
plot_ionograms.py: memory after lfm_ionogram-unkown-DOB-ch0-000-1786523340.01.h5: rss 111.6 MB, growth 0.7 MB, slope 0.00 MB/ionogram, r 0.92, samples 262
using pyfftw
plot_ionograms.py: reloaded config, rss 110.1 -> 110.4 MB
Plotting /home/ionouser/ionozond_data2/2026-08-12/lfm_ionogram-unkown-DOB-ch0-000-1786523345.01.h5 rate 100.00 (kHz/s) t0 1786523345.00943 (unix), rss 111.7 MB
failed to post /tmp/latest-lfm-unkown-DOB.png: HTTP 403
plot_ionograms.py: memory after lfm_ionogram-unkown-DOB-ch0-000-1786523345.01.h5: rss 111.6 MB, growth 0.7 MB, slope 0.00 MB/ionogram, r 0.92, samples 263
plot_ionograms.py: output_dir=/home/ionouser/ionozond_data2/, scanned 443 recent h5 files, 441 candidates newer than 48.0 h, 1 missing PNGs, 1 recently failed, current rss 111.6 MB, rss 111.6 MB, growth 0.7 MB, slope 0.00 MB/ionogram, r 0.92, samples 263
plot_ionograms.py: output_dir=/home/ionouser/ionozond_data2/, scanned 443 recent h5 files, 441 candidates newer than 48.0 h, 1 missing PNGs, 1 recently failed, current rss 111.6 MB, rss 111.6 MB, growth 0.7 MB, slope 0.00 MB/ionogram, r 0.92, samples 263
plot_ionograms.py: output_dir=/home/ionouser/ionozond_data2/, scanned 443 recent h5 files, 441 candidates newer than 48.0 h, 1 missing PNGs, 1 recently failed, current rss 111.6 MB, rss 111.6 MB, growth 0.7 MB, slope 0.00 MB/ionogram, r 0.92, samples 263
plot_ionograms.py: output_dir=/home/ionouser/ionozond_data2/, scanned 443 recent h5 files, 441 candidates newer than 48.0 h, 1 missing PNGs, 1 recently failed, current rss 111.6 MB, rss 111.6 MB, growth 0.7 MB, slope 0.00 MB/ionogram, r 0.92, samples 263
using pyfftw
plot_ionograms.py: reloaded config, rss 110.4 -> 110.6 MB
Traceback (most recent call last):
  File "/home/ionouser/chirpsounder2/plot_ionograms.py", line 423, in <module>
    ok = plot_ionogram(conf, args.plot_file)
  File "/home/ionouser/chirpsounder2/plot_ionograms.py", line 252, in plot_ionogram
    with h5py.File(fn, "r") as ho:
  File "/home/ionouser/chirpsounder2/.venv38/lib/python3.8/site-packages/h5py/_hl/files.py", line 562, in __init__
    fid = make_fid(name, mode, userblock_size, fapl, fcpl, swmr=swmr)
  File "/home/ionouser/chirpsounder2/.venv38/lib/python3.8/site-packages/h5py/_hl/files.py", line 235, in make_fid
    fid = h5f.open(name, flags, fapl=fapl)
  File "h5py/_objects.pyx", line 54, in h5py._objects.with_phil.wrapper
  File "h5py/_objects.pyx", line 55, in h5py._objects.with_phil.wrapper
  File "h5py/h5f.pyx", line 102, in h5py.h5f.open
OSError: Unable to synchronously open file (bad object header version number)
plot_ionograms.py: memory after lfm_ionogram-unkown-DOB-ch0-000-1786487400.01.h5: rss 111.6 MB, growth 0.7 MB, slope 0.00 MB/ionogram, r 0.92, samples 264
plot_ionograms.py: output_dir=/home/ionouser/ionozond_data2/, scanned 443 recent h5 files, 441 candidates newer than 48.0 h, 1 missing PNGs, 1 recently failed, current rss 111.6 MB, rss 111.6 MB, growth 0.7 MB, slope 0.00 MB/ionogram, r 0.92, samples 264
using pyfftw
plot_ionograms.py: reloaded config, rss 110.1 -> 110.4 MB
Plotting /home/ionouser/ionozond_data2/2026-08-12/lfm_ionogram-unkown-DOB-ch0-000-1786523645.01.h5 rate 100.00 (kHz/s) t0 1786523645.00918 (unix), rss 111.6 MB
failed to post /tmp/latest-lfm-unkown-DOB.png: HTTP 403
plot_ionograms.py: memory after lfm_ionogram-unkown-DOB-ch0-000-1786523645.01.h5: rss 111.6 MB, growth 0.7 MB, slope 0.00 MB/ionogram, r 0.92, samples 265
plot_ionograms.py: output_dir=/home/ionouser/ionozond_data2/, scanned 445 recent h5 files, 443 candidates newer than 48.0 h, 2 missing PNGs, 1 recently failed, current rss 111.6 MB, rss 111.6 MB, growth 0.7 MB, slope 0.00 MB/ionogram, r 0.92, samples 265
using pyfftw
plot_ionograms.py: reloaded config, rss 110.1 -> 110.3 MB
Plotting /home/ionouser/ionozond_data2/2026-08-12/lfm_ionogram-unkown-DOB-ch0-000-1786523700.01.h5 rate 100.00 (kHz/s) t0 1786523700.00940 (unix), rss 111.4 MB
failed to post /tmp/latest-lfm-unkown-DOB.png: HTTP 403
plot_ionograms.py: memory after lfm_ionogram-unkown-DOB-ch0-000-1786523700.01.h5: rss 111.6 MB, growth 0.7 MB, slope 0.00 MB/ionogram, r 0.92, samples 266
plot_ionograms.py: output_dir=/home/ionouser/ionozond_data2/, scanned 445 recent h5 files, 443 candidates newer than 48.0 h, 1 missing PNGs, 1 recently failed, current rss 111.6 MB, rss 111.6 MB, growth 0.7 MB, slope 0.00 MB/ionogram, r 0.92, samples 266
plot_ionograms.py: output_dir=/home/ionouser/ionozond_data2/, scanned 445 recent h5 files, 443 candidates newer than 48.0 h, 1 missing PNGs, 1 recently failed, current rss 111.6 MB, rss 111.6 MB, growth 0.7 MB, slope 0.00 MB/ionogram, r 0.92, samples 266
using pyfftw
plot_ionograms.py: reloaded config, rss 110.5 -> 110.7 MB
Traceback (most recent call last):
  File "/home/ionouser/chirpsounder2/plot_ionograms.py", line 423, in <module>
    ok = plot_ionogram(conf, args.plot_file)
  File "/home/ionouser/chirpsounder2/plot_ionograms.py", line 252, in plot_ionogram
    with h5py.File(fn, "r") as ho:
  File "/home/ionouser/chirpsounder2/.venv38/lib/python3.8/site-packages/h5py/_hl/files.py", line 562, in __init__
    fid = make_fid(name, mode, userblock_size, fapl, fcpl, swmr=swmr)
  File "/home/ionouser/chirpsounder2/.venv38/lib/python3.8/site-packages/h5py/_hl/files.py", line 235, in make_fid
    fid = h5f.open(name, flags, fapl=fapl)
  File "h5py/_objects.pyx", line 54, in h5py._objects.with_phil.wrapper
  File "h5py/_objects.pyx", line 55, in h5py._objects.with_phil.wrapper
  File "h5py/h5f.pyx", line 102, in h5py.h5f.open
OSError: Unable to synchronously open file (bad object header version number)
plot_ionograms.py: memory after lfm_ionogram-unkown-DOB-ch0-000-1786487400.01.h5: rss 111.6 MB, growth 0.7 MB, slope 0.00 MB/ionogram, r 0.92, samples 267
plot_ionograms.py: output_dir=/home/ionouser/ionozond_data2/, scanned 445 recent h5 files, 443 candidates newer than 48.0 h, 1 missing PNGs, 1 recently failed, current rss 111.6 MB, rss 111.6 MB, growth 0.7 MB, slope 0.00 MB/ionogram, r 0.92, samples 267
plot_ionograms.py: output_dir=/home/ionouser/ionozond_data2/, scanned 445 recent h5 files, 443 candidates newer than 48.0 h, 1 missing PNGs, 1 recently failed, current rss 111.6 MB, rss 111.6 MB, growth 0.7 MB, slope 0.00 MB/ionogram, r 0.92, samples 267
using pyfftw
plot_ionograms.py: reloaded config, rss 110.5 -> 110.7 MB
Plotting /home/ionouser/ionozond_data2/2026-08-12/lfm_ionogram-unkown-DOB-ch0-000-1786523940.01.h5 rate 100.00 (kHz/s) t0 1786523940.00983 (unix), rss 111.8 MB
failed to post /tmp/latest-lfm-unkown-DOB.png: HTTP 403
plot_ionograms.py: memory after lfm_ionogram-unkown-DOB-ch0-000-1786523940.01.h5: rss 111.6 MB, growth 0.6 MB, slope 0.00 MB/ionogram, r 0.92, samples 268
plot_ionograms.py: output_dir=/home/ionouser/ionozond_data2/, scanned 447 recent h5 files, 445 candidates newer than 48.0 h, 2 missing PNGs, 1 recently failed, current rss 111.6 MB, rss 111.6 MB, growth 0.6 MB, slope 0.00 MB/ionogram, r 0.92, samples 268
using pyfftw
plot_ionograms.py: reloaded config, rss 110.4 -> 110.6 MB
Plotting /home/ionouser/ionozond_data2/2026-08-12/lfm_ionogram-unkown-DOB-ch0-000-1786523945.01.h5 rate 100.00 (kHz/s) t0 1786523945.00933 (unix), rss 111.8 MB
failed to post /tmp/latest-lfm-unkown-DOB.png: HTTP 403
plot_ionograms.py: memory after lfm_ionogram-unkown-DOB-ch0-000-1786523945.01.h5: rss 111.6 MB, growth 0.6 MB, slope 0.00 MB/ionogram, r 0.92, samples 269
plot_ionograms.py: output_dir=/home/ionouser/ionozond_data2/, scanned 447 recent h5 files, 445 candidates newer than 48.0 h, 1 missing PNGs, 1 recently failed, current rss 111.6 MB, rss 111.6 MB, growth 0.6 MB, slope 0.00 MB/ionogram, r 0.92, samples 269
plot_ionograms.py: output_dir=/home/ionouser/ionozond_data2/, scanned 447 recent h5 files, 445 candidates newer than 48.0 h, 1 missing PNGs, 1 recently failed, current rss 111.6 MB, rss 111.6 MB, growth 0.6 MB, slope 0.00 MB/ionogram, r 0.92, samples 269
using pyfftw
plot_ionograms.py: reloaded config, rss 110.4 -> 110.6 MB
Traceback (most recent call last):
  File "/home/ionouser/chirpsounder2/plot_ionograms.py", line 423, in <module>
    ok = plot_ionogram(conf, args.plot_file)
  File "/home/ionouser/chirpsounder2/plot_ionograms.py", line 252, in plot_ionogram
    with h5py.File(fn, "r") as ho:
  File "/home/ionouser/chirpsounder2/.venv38/lib/python3.8/site-packages/h5py/_hl/files.py", line 562, in __init__
    fid = make_fid(name, mode, userblock_size, fapl, fcpl, swmr=swmr)
  File "/home/ionouser/chirpsounder2/.venv38/lib/python3.8/site-packages/h5py/_hl/files.py", line 235, in make_fid
    fid = h5f.open(name, flags, fapl=fapl)
  File "h5py/_objects.pyx", line 54, in h5py._objects.with_phil.wrapper
  File "h5py/_objects.pyx", line 55, in h5py._objects.with_phil.wrapper
  File "h5py/h5f.pyx", line 102, in h5py.h5f.open
OSError: Unable to synchronously open file (bad object header version number)
plot_ionograms.py: memory after lfm_ionogram-unkown-DOB-ch0-000-1786487400.01.h5: rss 111.6 MB, growth 0.6 MB, slope 0.00 MB/ionogram, r 0.91, samples 270
plot_ionograms.py: output_dir=/home/ionouser/ionozond_data2/, scanned 447 recent h5 files, 445 candidates newer than 48.0 h, 1 missing PNGs, 1 recently failed, current rss 111.6 MB, rss 111.6 MB, growth 0.6 MB, slope 0.00 MB/ionogram, r 0.91, samples 270
using pyfftw
plot_ionograms.py: reloaded config, rss 110.1 -> 110.3 MB
Plotting /home/ionouser/ionozond_data2/2026-08-12/lfm_ionogram-unkown-DOB-ch0-000-1786524240.01.h5 rate 100.00 (kHz/s) t0 1786524240.00917 (unix), rss 111.6 MB
failed to post /tmp/latest-lfm-unkown-DOB.png: HTTP 403
plot_ionograms.py: memory after lfm_ionogram-unkown-DOB-ch0-000-1786524240.01.h5: rss 111.6 MB, growth 0.6 MB, slope 0.00 MB/ionogram, r 0.91, samples 271
plot_ionograms.py: output_dir=/home/ionouser/ionozond_data2/, scanned 449 recent h5 files, 447 candidates newer than 48.0 h, 2 missing PNGs, 1 recently failed, current rss 111.6 MB, rss 111.6 MB, growth 0.6 MB, slope 0.00 MB/ionogram, r 0.91, samples 271
using pyfftw
plot_ionograms.py: reloaded config, rss 110.4 -> 110.6 MB
Plotting /home/ionouser/ionozond_data2/2026-08-12/lfm_ionogram-unkown-DOB-ch0-000-1786524245.01.h5 rate 100.00 (kHz/s) t0 1786524245.00950 (unix), rss 111.7 MB
failed to post /tmp/latest-lfm-unkown-DOB.png: HTTP 403
plot_ionograms.py: memory after lfm_ionogram-unkown-DOB-ch0-000-1786524245.01.h5: rss 111.6 MB, growth 0.6 MB, slope 0.00 MB/ionogram, r 0.91, samples 272
plot_ionograms.py: output_dir=/home/ionouser/ionozond_data2/, scanned 449 recent h5 files, 447 candidates newer than 48.0 h, 1 missing PNGs, 1 recently failed, current rss 111.6 MB, rss 111.6 MB, growth 0.6 MB, slope 0.00 MB/ionogram, r 0.91, samples 272
plot_ionograms.py: output_dir=/home/ionouser/ionozond_data2/, scanned 449 recent h5 files, 447 candidates newer than 48.0 h, 1 missing PNGs, 1 recently failed, current rss 111.6 MB, rss 111.6 MB, growth 0.6 MB, slope 0.00 MB/ionogram, r 0.91, samples 272
plot_ionograms.py: output_dir=/home/ionouser/ionozond_data2/, scanned 449 recent h5 files, 447 candidates newer than 48.0 h, 1 missing PNGs, 1 recently failed, current rss 111.6 MB, rss 111.6 MB, growth 0.6 MB, slope 0.00 MB/ionogram, r 0.91, samples 272
using pyfftw
plot_ionograms.py: reloaded config, rss 110.1 -> 110.4 MB
Traceback (most recent call last):
  File "/home/ionouser/chirpsounder2/plot_ionograms.py", line 423, in <module>
    ok = plot_ionogram(conf, args.plot_file)
  File "/home/ionouser/chirpsounder2/plot_ionograms.py", line 252, in plot_ionogram
    with h5py.File(fn, "r") as ho:
  File "/home/ionouser/chirpsounder2/.venv38/lib/python3.8/site-packages/h5py/_hl/files.py", line 562, in __init__
    fid = make_fid(name, mode, userblock_size, fapl, fcpl, swmr=swmr)
  File "/home/ionouser/chirpsounder2/.venv38/lib/python3.8/site-packages/h5py/_hl/files.py", line 235, in make_fid
    fid = h5f.open(name, flags, fapl=fapl)
  File "h5py/_objects.pyx", line 54, in h5py._objects.with_phil.wrapper
  File "h5py/_objects.pyx", line 55, in h5py._objects.with_phil.wrapper
  File "h5py/h5f.pyx", line 102, in h5py.h5f.open
OSError: Unable to synchronously open file (bad object header version number)
plot_ionograms.py: memory after lfm_ionogram-unkown-DOB-ch0-000-1786487400.01.h5: rss 111.6 MB, growth 0.6 MB, slope 0.00 MB/ionogram, r 0.91, samples 273
plot_ionograms.py: output_dir=/home/ionouser/ionozond_data2/, scanned 451 recent h5 files, 449 candidates newer than 48.0 h, 3 missing PNGs, 1 recently failed, current rss 111.6 MB, rss 111.6 MB, growth 0.6 MB, slope 0.00 MB/ionogram, r 0.91, samples 273
using pyfftw
plot_ionograms.py: reloaded config, rss 110.0 -> 110.3 MB
Plotting /home/ionouser/ionozond_data2/2026-08-12/lfm_ionogram-unkown-DOB-ch0-000-1786524545.01.h5 rate 100.00 (kHz/s) t0 1786524545.00917 (unix), rss 111.5 MB
failed to post /tmp/latest-lfm-unkown-DOB.png: HTTP 403
plot_ionograms.py: memory after lfm_ionogram-unkown-DOB-ch0-000-1786524545.01.h5: rss 111.6 MB, growth 0.6 MB, slope 0.00 MB/ionogram, r 0.91, samples 274
using pyfftw
plot_ionograms.py: reloaded config, rss 110.4 -> 110.6 MB
Plotting /home/ionouser/ionozond_data2/2026-08-12/lfm_ionogram-unkown-DOB-ch0-000-1786524540.01.h5 rate 100.00 (kHz/s) t0 1786524540.00948 (unix), rss 111.7 MB
failed to post /tmp/latest-lfm-unkown-DOB.png: HTTP 403
plot_ionograms.py: memory after lfm_ionogram-unkown-DOB-ch0-000-1786524540.01.h5: rss 111.6 MB, growth 0.6 MB, slope 0.00 MB/ionogram, r 0.91, samples 275
plot_ionograms.py: output_dir=/home/ionouser/ionozond_data2/, scanned 451 recent h5 files, 449 candidates newer than 48.0 h, 1 missing PNGs, 1 recently failed, current rss 111.6 MB, rss 111.6 MB, growth 0.6 MB, slope 0.00 MB/ionogram, r 0.91, samples 275
plot_ionograms.py: output_dir=/home/ionouser/ionozond_data2/, scanned 451 recent h5 files, 449 candidates newer than 48.0 h, 1 missing PNGs, 1 recently failed, current rss 111.6 MB, rss 111.6 MB, growth 0.6 MB, slope 0.00 MB/ionogram, r 0.91, samples 275
plot_ionograms.py: output_dir=/home/ionouser/ionozond_data2/, scanned 451 recent h5 files, 449 candidates newer than 48.0 h, 1 missing PNGs, 1 recently failed, current rss 111.6 MB, rss 111.6 MB, growth 0.6 MB, slope 0.00 MB/ionogram, r 0.91, samples 275
using pyfftw
plot_ionograms.py: reloaded config, rss 110.1 -> 110.3 MB
Traceback (most recent call last):
  File "/home/ionouser/chirpsounder2/plot_ionograms.py", line 423, in <module>
    ok = plot_ionogram(conf, args.plot_file)
  File "/home/ionouser/chirpsounder2/plot_ionograms.py", line 252, in plot_ionogram
    with h5py.File(fn, "r") as ho:
  File "/home/ionouser/chirpsounder2/.venv38/lib/python3.8/site-packages/h5py/_hl/files.py", line 562, in __init__
    fid = make_fid(name, mode, userblock_size, fapl, fcpl, swmr=swmr)
  File "/home/ionouser/chirpsounder2/.venv38/lib/python3.8/site-packages/h5py/_hl/files.py", line 235, in make_fid
    fid = h5f.open(name, flags, fapl=fapl)
  File "h5py/_objects.pyx", line 54, in h5py._objects.with_phil.wrapper
  File "h5py/_objects.pyx", line 55, in h5py._objects.with_phil.wrapper
  File "h5py/h5f.pyx", line 102, in h5py.h5f.open
OSError: Unable to synchronously open file (bad object header version number)
plot_ionograms.py: memory after lfm_ionogram-unkown-DOB-ch0-000-1786487400.01.h5: rss 111.6 MB, growth 0.6 MB, slope 0.00 MB/ionogram, r 0.91, samples 276
plot_ionograms.py: output_dir=/home/ionouser/ionozond_data2/, scanned 451 recent h5 files, 449 candidates newer than 48.0 h, 1 missing PNGs, 1 recently failed, current rss 111.6 MB, rss 111.6 MB, growth 0.6 MB, slope 0.00 MB/ionogram, r 0.91, samples 276
using pyfftw
plot_ionograms.py: reloaded config, rss 110.2 -> 110.4 MB
Plotting /home/ionouser/ionozond_data2/2026-08-12/lfm_ionogram-unkown-DOB-ch0-000-1786524835.01.h5 rate 100.00 (kHz/s) t0 1786524835.00913 (unix), rss 111.5 MB
failed to post /tmp/latest-lfm-unkown-DOB.png: HTTP 403
plot_ionograms.py: memory after lfm_ionogram-unkown-DOB-ch0-000-1786524835.01.h5: rss 111.6 MB, growth 0.6 MB, slope 0.00 MB/ionogram, r 0.90, samples 277
using pyfftw
plot_ionograms.py: reloaded config, rss 110.0 -> 110.3 MB
Plotting /home/ionouser/ionozond_data2/2026-08-12/lfm_ionogram-unkown-DOB-ch0-000-1786524840.01.h5 rate 100.00 (kHz/s) t0 1786524840.00920 (unix), rss 111.3 MB
failed to post /tmp/latest-lfm-unkown-DOB.png: HTTP 403
plot_ionograms.py: memory after lfm_ionogram-unkown-DOB-ch0-000-1786524840.01.h5: rss 111.6 MB, growth 0.6 MB, slope 0.00 MB/ionogram, r 0.90, samples 278
plot_ionograms.py: output_dir=/home/ionouser/ionozond_data2/, scanned 453 recent h5 files, 451 candidates newer than 48.0 h, 1 missing PNGs, 1 recently failed, current rss 111.6 MB, rss 111.6 MB, growth 0.6 MB, slope 0.00 MB/ionogram, r 0.90, samples 278
plot_ionograms.py: output_dir=/home/ionouser/ionozond_data2/, scanned 453 recent h5 files, 451 candidates newer than 48.0 h, 1 missing PNGs, 1 recently failed, current rss 111.6 MB, rss 111.6 MB, growth 0.6 MB, slope 0.00 MB/ionogram, r 0.90, samples 278
plot_ionograms.py: output_dir=/home/ionouser/ionozond_data2/, scanned 453 recent h5 files, 451 candidates newer than 48.0 h, 1 missing PNGs, 1 recently failed, current rss 111.6 MB, rss 111.6 MB, growth 0.6 MB, slope 0.00 MB/ionogram, r 0.90, samples 278
plot_ionograms.py: output_dir=/home/ionouser/ionozond_data2/, scanned 453 recent h5 files, 451 candidates newer than 48.0 h, 1 missing PNGs, 1 recently failed, current rss 111.6 MB, rss 111.6 MB, growth 0.6 MB, slope 0.00 MB/ionogram, r 0.90, samples 278
using pyfftw
plot_ionograms.py: reloaded config, rss 110.6 -> 110.8 MB
Traceback (most recent call last):
  File "/home/ionouser/chirpsounder2/plot_ionograms.py", line 423, in <module>
    ok = plot_ionogram(conf, args.plot_file)
  File "/home/ionouser/chirpsounder2/plot_ionograms.py", line 252, in plot_ionogram
    with h5py.File(fn, "r") as ho:
  File "/home/ionouser/chirpsounder2/.venv38/lib/python3.8/site-packages/h5py/_hl/files.py", line 562, in __init__
    fid = make_fid(name, mode, userblock_size, fapl, fcpl, swmr=swmr)
  File "/home/ionouser/chirpsounder2/.venv38/lib/python3.8/site-packages/h5py/_hl/files.py", line 235, in make_fid
    fid = h5f.open(name, flags, fapl=fapl)
  File "h5py/_objects.pyx", line 54, in h5py._objects.with_phil.wrapper
  File "h5py/_objects.pyx", line 55, in h5py._objects.with_phil.wrapper
  File "h5py/h5f.pyx", line 102, in h5py.h5f.open
OSError: Unable to synchronously open file (bad object header version number)
plot_ionograms.py: memory after lfm_ionogram-unkown-DOB-ch0-000-1786487400.01.h5: rss 111.6 MB, growth 0.6 MB, slope 0.00 MB/ionogram, r 0.90, samples 279
using pyfftw
plot_ionograms.py: reloaded config, rss 110.0 -> 110.3 MB
Plotting /home/ionouser/ionozond_data2/2026-08-12/lfm_ionogram-unkown-DOB-ch0-000-1786525140.01.h5 rate 100.00 (kHz/s) t0 1786525140.00935 (unix), rss 111.3 MB
failed to post /tmp/latest-lfm-unkown-DOB.png: HTTP 403
plot_ionograms.py: memory after lfm_ionogram-unkown-DOB-ch0-000-1786525140.01.h5: rss 111.6 MB, growth 0.6 MB, slope 0.00 MB/ionogram, r 0.90, samples 280
plot_ionograms.py: output_dir=/home/ionouser/ionozond_data2/, scanned 455 recent h5 files, 453 candidates newer than 48.0 h, 2 missing PNGs, 1 recently failed, current rss 111.6 MB, rss 111.6 MB, growth 0.6 MB, slope 0.00 MB/ionogram, r 0.90, samples 280
using pyfftw
plot_ionograms.py: reloaded config, rss 110.5 -> 110.7 MB
Plotting /home/ionouser/ionozond_data2/2026-08-12/lfm_ionogram-unkown-DOB-ch0-000-1786525145.01.h5 rate 100.00 (kHz/s) t0 1786525145.00928 (unix), rss 111.9 MB
failed to post /tmp/latest-lfm-unkown-DOB.png: HTTP 403
plot_ionograms.py: memory after lfm_ionogram-unkown-DOB-ch0-000-1786525145.01.h5: rss 111.6 MB, growth 0.6 MB, slope 0.00 MB/ionogram, r 0.90, samples 281
plot_ionograms.py: output_dir=/home/ionouser/ionozond_data2/, scanned 455 recent h5 files, 453 candidates newer than 48.0 h, 1 missing PNGs, 1 recently failed, current rss 111.6 MB, rss 111.6 MB, growth 0.6 MB, slope 0.00 MB/ionogram, r 0.90, samples 281
plot_ionograms.py: output_dir=/home/ionouser/ionozond_data2/, scanned 455 recent h5 files, 453 candidates newer than 48.0 h, 1 missing PNGs, 1 recently failed, current rss 111.6 MB, rss 111.6 MB, growth 0.6 MB, slope 0.00 MB/ionogram, r 0.90, samples 281
plot_ionograms.py: output_dir=/home/ionouser/ionozond_data2/, scanned 455 recent h5 files, 453 candidates newer than 48.0 h, 1 missing PNGs, 1 recently failed, current rss 111.6 MB, rss 111.6 MB, growth 0.6 MB, slope 0.00 MB/ionogram, r 0.90, samples 281
using pyfftw
plot_ionograms.py: reloaded config, rss 110.2 -> 110.4 MB
Traceback (most recent call last):
  File "/home/ionouser/chirpsounder2/plot_ionograms.py", line 423, in <module>
    ok = plot_ionogram(conf, args.plot_file)
  File "/home/ionouser/chirpsounder2/plot_ionograms.py", line 252, in plot_ionogram
    with h5py.File(fn, "r") as ho:
  File "/home/ionouser/chirpsounder2/.venv38/lib/python3.8/site-packages/h5py/_hl/files.py", line 562, in __init__
    fid = make_fid(name, mode, userblock_size, fapl, fcpl, swmr=swmr)
  File "/home/ionouser/chirpsounder2/.venv38/lib/python3.8/site-packages/h5py/_hl/files.py", line 235, in make_fid
    fid = h5f.open(name, flags, fapl=fapl)
  File "h5py/_objects.pyx", line 54, in h5py._objects.with_phil.wrapper
  File "h5py/_objects.pyx", line 55, in h5py._objects.with_phil.wrapper
  File "h5py/h5f.pyx", line 102, in h5py.h5f.open
OSError: Unable to synchronously open file (bad object header version number)
plot_ionograms.py: memory after lfm_ionogram-unkown-DOB-ch0-000-1786487400.01.h5: rss 111.6 MB, growth 0.6 MB, slope 0.00 MB/ionogram, r 0.90, samples 282
plot_ionograms.py: output_dir=/home/ionouser/ionozond_data2/, scanned 455 recent h5 files, 453 candidates newer than 48.0 h, 1 missing PNGs, 1 recently failed, current rss 111.6 MB, rss 111.6 MB, growth 0.6 MB, slope 0.00 MB/ionogram, r 0.90, samples 282
using pyfftw
plot_ionograms.py: reloaded config, rss 110.2 -> 110.4 MB
Plotting /home/ionouser/ionozond_data2/2026-08-12/lfm_ionogram-unkown-DOB-ch0-000-1786525445.01.h5 rate 100.00 (kHz/s) t0 1786525445.00925 (unix), rss 111.7 MB
failed to post /tmp/latest-lfm-unkown-DOB.png: HTTP 403
plot_ionograms.py: memory after lfm_ionogram-unkown-DOB-ch0-000-1786525445.01.h5: rss 111.6 MB, growth 0.6 MB, slope 0.00 MB/ionogram, r 0.90, samples 283
using pyfftw
plot_ionograms.py: reloaded config, rss 110.1 -> 110.4 MB
Plotting /home/ionouser/ionozond_data2/2026-08-12/lfm_ionogram-unkown-DOB-ch0-000-1786525440.01.h5 rate 100.00 (kHz/s) t0 1786525440.00943 (unix), rss 111.6 MB
failed to post /tmp/latest-lfm-unkown-DOB.png: HTTP 403
plot_ionograms.py: memory after lfm_ionogram-unkown-DOB-ch0-000-1786525440.01.h5: rss 111.6 MB, growth 0.6 MB, slope 0.00 MB/ionogram, r 0.90, samples 284
plot_ionograms.py: output_dir=/home/ionouser/ionozond_data2/, scanned 457 recent h5 files, 455 candidates newer than 48.0 h, 1 missing PNGs, 1 recently failed, current rss 111.6 MB, rss 111.6 MB, growth 0.6 MB, slope 0.00 MB/ionogram, r 0.90, samples 284
plot_ionograms.py: output_dir=/home/ionouser/ionozond_data2/, scanned 457 recent h5 files, 455 candidates newer than 48.0 h, 1 missing PNGs, 1 recently failed, current rss 111.6 MB, rss 111.6 MB, growth 0.6 MB, slope 0.00 MB/ionogram, r 0.90, samples 284
plot_ionograms.py: output_dir=/home/ionouser/ionozond_data2/, scanned 457 recent h5 files, 455 candidates newer than 48.0 h, 1 missing PNGs, 1 recently failed, current rss 111.6 MB, rss 111.6 MB, growth 0.6 MB, slope 0.00 MB/ionogram, r 0.90, samples 284
plot_ionograms.py: output_dir=/home/ionouser/ionozond_data2/, scanned 457 recent h5 files, 455 candidates newer than 48.0 h, 1 missing PNGs, 1 recently failed, current rss 111.6 MB, rss 111.6 MB, growth 0.6 MB, slope 0.00 MB/ionogram, r 0.90, samples 284
using pyfftw
plot_ionograms.py: reloaded config, rss 110.5 -> 110.7 MB
Traceback (most recent call last):
  File "/home/ionouser/chirpsounder2/plot_ionograms.py", line 423, in <module>
    ok = plot_ionogram(conf, args.plot_file)
  File "/home/ionouser/chirpsounder2/plot_ionograms.py", line 252, in plot_ionogram
    with h5py.File(fn, "r") as ho:
  File "/home/ionouser/chirpsounder2/.venv38/lib/python3.8/site-packages/h5py/_hl/files.py", line 562, in __init__
    fid = make_fid(name, mode, userblock_size, fapl, fcpl, swmr=swmr)
  File "/home/ionouser/chirpsounder2/.venv38/lib/python3.8/site-packages/h5py/_hl/files.py", line 235, in make_fid
    fid = h5f.open(name, flags, fapl=fapl)
  File "h5py/_objects.pyx", line 54, in h5py._objects.with_phil.wrapper
  File "h5py/_objects.pyx", line 55, in h5py._objects.with_phil.wrapper
  File "h5py/h5f.pyx", line 102, in h5py.h5f.open
OSError: Unable to synchronously open file (bad object header version number)
plot_ionograms.py: memory after lfm_ionogram-unkown-DOB-ch0-000-1786487400.01.h5: rss 111.6 MB, growth 0.6 MB, slope 0.00 MB/ionogram, r 0.89, samples 285
plot_ionograms.py: output_dir=/home/ionouser/ionozond_data2/, scanned 457 recent h5 files, 455 candidates newer than 48.0 h, 1 missing PNGs, 1 recently failed, current rss 111.6 MB, rss 111.6 MB, growth 0.6 MB, slope 0.00 MB/ionogram, r 0.89, samples 285
using pyfftw
plot_ionograms.py: reloaded config, rss 110.1 -> 110.4 MB
Plotting /home/ionouser/ionozond_data2/2026-08-12/lfm_ionogram-unkown-DOB-ch0-000-1786525740.01.h5 rate 100.00 (kHz/s) t0 1786525740.00925 (unix), rss 111.7 MB
failed to post /tmp/latest-lfm-unkown-DOB.png: HTTP 403
plot_ionograms.py: memory after lfm_ionogram-unkown-DOB-ch0-000-1786525740.01.h5: rss 111.6 MB, growth 0.6 MB, slope 0.00 MB/ionogram, r 0.89, samples 286
using pyfftw
plot_ionograms.py: reloaded config, rss 110.4 -> 110.6 MB
Plotting /home/ionouser/ionozond_data2/2026-08-12/lfm_ionogram-unkown-DOB-ch0-000-1786525735.01.h5 rate 100.00 (kHz/s) t0 1786525735.00927 (unix), rss 111.8 MB
failed to post /tmp/latest-lfm-unkown-DOB.png: HTTP 403
plot_ionograms.py: memory after lfm_ionogram-unkown-DOB-ch0-000-1786525735.01.h5: rss 111.6 MB, growth 0.6 MB, slope 0.00 MB/ionogram, r 0.89, samples 287
plot_ionograms.py: output_dir=/home/ionouser/ionozond_data2/, scanned 459 recent h5 files, 457 candidates newer than 48.0 h, 1 missing PNGs, 1 recently failed, current rss 111.6 MB, rss 111.6 MB, growth 0.6 MB, slope 0.00 MB/ionogram, r 0.89, samples 287
plot_ionograms.py: output_dir=/home/ionouser/ionozond_data2/, scanned 459 recent h5 files, 457 candidates newer than 48.0 h, 1 missing PNGs, 1 recently failed, current rss 111.6 MB, rss 111.6 MB, growth 0.6 MB, slope 0.00 MB/ionogram, r 0.89, samples 287
plot_ionograms.py: output_dir=/home/ionouser/ionozond_data2/, scanned 459 recent h5 files, 457 candidates newer than 48.0 h, 1 missing PNGs, 1 recently failed, current rss 111.6 MB, rss 111.6 MB, growth 0.6 MB, slope 0.00 MB/ionogram, r 0.89, samples 287
using pyfftw
plot_ionograms.py: reloaded config, rss 110.0 -> 110.2 MB
Plotting /home/ionouser/ionozond_data2/2026-08-12/lfm_ionogram-unkown-DOB-ch0-000-1786526035.01.h5 rate 100.00 (kHz/s) t0 1786526035.00890 (unix), rss 111.2 MB
failed to post /tmp/latest-lfm-unkown-DOB.png: HTTP 403
plot_ionograms.py: memory after lfm_ionogram-unkown-DOB-ch0-000-1786526035.01.h5: rss 111.6 MB, growth 0.6 MB, slope 0.00 MB/ionogram, r 0.89, samples 288
plot_ionograms.py: output_dir=/home/ionouser/ionozond_data2/, scanned 460 recent h5 files, 458 candidates newer than 48.0 h, 1 missing PNGs, 1 recently failed, current rss 111.6 MB, rss 111.6 MB, growth 0.6 MB, slope 0.00 MB/ionogram, r 0.89, samples 288
using pyfftw
plot_ionograms.py: reloaded config, rss 110.0 -> 110.2 MB
Traceback (most recent call last):
  File "/home/ionouser/chirpsounder2/plot_ionograms.py", line 423, in <module>
    ok = plot_ionogram(conf, args.plot_file)
  File "/home/ionouser/chirpsounder2/plot_ionograms.py", line 252, in plot_ionogram
    with h5py.File(fn, "r") as ho:
  File "/home/ionouser/chirpsounder2/.venv38/lib/python3.8/site-packages/h5py/_hl/files.py", line 562, in __init__
    fid = make_fid(name, mode, userblock_size, fapl, fcpl, swmr=swmr)
  File "/home/ionouser/chirpsounder2/.venv38/lib/python3.8/site-packages/h5py/_hl/files.py", line 235, in make_fid
    fid = h5f.open(name, flags, fapl=fapl)
  File "h5py/_objects.pyx", line 54, in h5py._objects.with_phil.wrapper
  File "h5py/_objects.pyx", line 55, in h5py._objects.with_phil.wrapper
  File "h5py/h5f.pyx", line 102, in h5py.h5f.open
OSError: Unable to synchronously open file (bad object header version number)
plot_ionograms.py: memory after lfm_ionogram-unkown-DOB-ch0-000-1786487400.01.h5: rss 111.6 MB, growth 0.6 MB, slope 0.00 MB/ionogram, r 0.89, samples 289
plot_ionograms.py: output_dir=/home/ionouser/ionozond_data2/, scanned 460 recent h5 files, 458 candidates newer than 48.0 h, 1 missing PNGs, 1 recently failed, current rss 111.6 MB, rss 111.6 MB, growth 0.6 MB, slope 0.00 MB/ionogram, r 0.89, samples 289
plot_ionograms.py: output_dir=/home/ionouser/ionozond_data2/, scanned 460 recent h5 files, 458 candidates newer than 48.0 h, 1 missing PNGs, 1 recently failed, current rss 111.6 MB, rss 111.6 MB, growth 0.6 MB, slope 0.00 MB/ionogram, r 0.89, samples 289
plot_ionograms.py: output_dir=/home/ionouser/ionozond_data2/, scanned 460 recent h5 files, 458 candidates newer than 48.0 h, 1 missing PNGs, 1 recently failed, current rss 111.6 MB, rss 111.6 MB, growth 0.6 MB, slope 0.00 MB/ionogram, r 0.89, samples 289
plot_ionograms.py: output_dir=/home/ionouser/ionozond_data2/, scanned 359 recent h5 files, 357 candidates newer than 48.0 h, 1 missing PNGs, 1 recently failed, current rss 111.6 MB, rss 111.6 MB, growth 0.6 MB, slope 0.00 MB/ionogram, r 0.89, samples 289
using pyfftw
plot_ionograms.py: reloaded config, rss 110.2 -> 110.5 MB
Plotting /home/ionouser/ionozond_data2/2026-08-12/lfm_ionogram-unkown-DOB-ch0-000-1786526340.01.h5 rate 100.00 (kHz/s) t0 1786526340.00947 (unix), rss 111.6 MB
failed to post /tmp/latest-lfm-unkown-DOB.png: HTTP 403
plot_ionograms.py: memory after lfm_ionogram-unkown-DOB-ch0-000-1786526340.01.h5: rss 111.6 MB, growth 0.6 MB, slope 0.00 MB/ionogram, r 0.89, samples 290
using pyfftw
plot_ionograms.py: reloaded config, rss 110.2 -> 110.4 MB
Plotting /home/ionouser/ionozond_data2/2026-08-12/lfm_ionogram-unkown-DOB-ch0-000-1786526040.01.h5 rate 100.00 (kHz/s) t0 1786526040.00947 (unix), rss 111.6 MB
failed to post /tmp/latest-lfm-unkown-DOB.png: HTTP 403
plot_ionograms.py: memory after lfm_ionogram-unkown-DOB-ch0-000-1786526040.01.h5: rss 111.6 MB, growth 0.6 MB, slope 0.00 MB/ionogram, r 0.89, samples 291
using pyfftw
plot_ionograms.py: reloaded config, rss 110.2 -> 110.4 MB
Traceback (most recent call last):
  File "/home/ionouser/chirpsounder2/plot_ionograms.py", line 423, in <module>
    ok = plot_ionogram(conf, args.plot_file)
  File "/home/ionouser/chirpsounder2/plot_ionograms.py", line 252, in plot_ionogram
    with h5py.File(fn, "r") as ho:
  File "/home/ionouser/chirpsounder2/.venv38/lib/python3.8/site-packages/h5py/_hl/files.py", line 562, in __init__
    fid = make_fid(name, mode, userblock_size, fapl, fcpl, swmr=swmr)
  File "/home/ionouser/chirpsounder2/.venv38/lib/python3.8/site-packages/h5py/_hl/files.py", line 235, in make_fid
    fid = h5f.open(name, flags, fapl=fapl)
  File "h5py/_objects.pyx", line 54, in h5py._objects.with_phil.wrapper
  File "h5py/_objects.pyx", line 55, in h5py._objects.with_phil.wrapper
  File "h5py/h5f.pyx", line 102, in h5py.h5f.open
OSError: Unable to synchronously open file (bad object header version number)
plot_ionograms.py: memory after lfm_ionogram-unkown-DOB-ch0-000-1786487400.01.h5: rss 111.6 MB, growth 0.6 MB, slope 0.00 MB/ionogram, r 0.88, samples 292
plot_ionograms.py: output_dir=/home/ionouser/ionozond_data2/, scanned 361 recent h5 files, 359 candidates newer than 48.0 h, 1 missing PNGs, 1 recently failed, current rss 111.6 MB, rss 111.6 MB, growth 0.6 MB, slope 0.00 MB/ionogram, r 0.88, samples 292
plot_ionograms.py: output_dir=/home/ionouser/ionozond_data2/, scanned 361 recent h5 files, 359 candidates newer than 48.0 h, 1 missing PNGs, 1 recently failed, current rss 111.6 MB, rss 111.6 MB, growth 0.6 MB, slope 0.00 MB/ionogram, r 0.88, samples 292
plot_ionograms.py: output_dir=/home/ionouser/ionozond_data2/, scanned 361 recent h5 files, 359 candidates newer than 48.0 h, 1 missing PNGs, 1 recently failed, current rss 111.6 MB, rss 111.6 MB, growth 0.6 MB, slope 0.00 MB/ionogram, r 0.88, samples 292
plot_ionograms.py: output_dir=/home/ionouser/ionozond_data2/, scanned 361 recent h5 files, 359 candidates newer than 48.0 h, 1 missing PNGs, 1 recently failed, current rss 111.6 MB, rss 111.6 MB, growth 0.6 MB, slope 0.00 MB/ionogram, r 0.88, samples 292
