reading /home/ionouser/chirpsounder2/my_station.ini
/dev/shm/hf25
/home/ionouser/ionozond_data2/2026-08-11/cdetections-DOB-1786406400.h5
/home/ionouser/ionozond_data2/2026-08-11/cdetections-DOB-1786407300.h5
/home/ionouser/ionozond_data2/2026-08-11/cdetections-DOB-1786408200.h5
/home/ionouser/ionozond_data2/2026-08-11/cdetections-DOB-1786409100.h5
/home/ionouser/ionozond_data2/2026-08-11/cdetections-DOB-1786410000.h5
/home/ionouser/ionozond_data2/2026-08-11/cdetections-DOB-1786410900.h5
/home/ionouser/ionozond_data2/2026-08-11/cdetections-DOB-1786411800.h5
/home/ionouser/ionozond_data2/2026-08-11/cdetections-DOB-1786412700.h5
/home/ionouser/ionozond_data2/2026-08-11/cdetections-DOB-1786413600.h5
/home/ionouser/ionozond_data2/2026-08-11/cdetections-DOB-1786414500.h5
/home/ionouser/ionozond_data2/2026-08-11/cdetections-DOB-1786415400.h5
/home/ionouser/ionozond_data2/2026-08-11/cdetections-DOB-1786416300.h5
/home/ionouser/ionozond_data2/2026-08-11/cdetections-DOB-1786417200.h5
/home/ionouser/ionozond_data2/2026-08-11/cdetections-DOB-1786418100.h5
/home/ionouser/ionozond_data2/2026-08-11/cdetections-DOB-1786419000.h5
/home/ionouser/ionozond_data2/2026-08-11/cdetections-DOB-1786419900.h5
/home/ionouser/ionozond_data2/2026-08-11/cdetections-DOB-1786420800.h5
/home/ionouser/ionozond_data2/2026-08-11/cdetections-DOB-1786421700.h5
/home/ionouser/ionozond_data2/2026-08-11/cdetections-DOB-1786422600.h5
/home/ionouser/ionozond_data2/2026-08-11/cdetections-DOB-1786423500.h5
/home/ionouser/ionozond_data2/2026-08-11/cdetections-DOB-1786424400.h5
/home/ionouser/ionozond_data2/2026-08-11/cdetections-DOB-1786425300.h5
/home/ionouser/ionozond_data2/2026-08-11/cdetections-DOB-1786426200.h5
/home/ionouser/ionozond_data2/2026-08-11/cdetections-DOB-1786427100.h5
/home/ionouser/ionozond_data2/2026-08-11/cdetections-DOB-1786428000.h5
/home/ionouser/ionozond_data2/2026-08-11/cdetections-DOB-1786428900.h5
/home/ionouser/ionozond_data2/2026-08-11/cdetections-DOB-1786429800.h5
/home/ionouser/ionozond_data2/2026-08-11/cdetections-DOB-1786430700.h5
/home/ionouser/ionozond_data2/2026-08-11/cdetections-DOB-1786431600.h5
/home/ionouser/ionozond_data2/2026-08-11/cdetections-DOB-1786432500.h5
/home/ionouser/ionozond_data2/2026-08-11/cdetections-DOB-1786433400.h5
/home/ionouser/ionozond_data2/2026-08-11/cdetections-DOB-1786434300.h5
/home/ionouser/ionozond_data2/2026-08-11/cdetections-DOB-1786435200.h5
/home/ionouser/ionozond_data2/2026-08-11/cdetections-DOB-1786436100.h5
/home/ionouser/ionozond_data2/2026-08-11/cdetections-DOB-1786437000.h5
/home/ionouser/ionozond_data2/2026-08-11/cdetections-DOB-1786437900.h5
/home/ionouser/ionozond_data2/2026-08-11/cdetections-DOB-1786438800.h5
/home/ionouser/ionozond_data2/2026-08-11/cdetections-DOB-1786439700.h5
/home/ionouser/ionozond_data2/2026-08-11/cdetections-DOB-1786440600.h5
/home/ionouser/ionozond_data2/2026-08-11/cdetections-DOB-1786441500.h5
/home/ionouser/ionozond_data2/2026-08-11/cdetections-DOB-1786442400.h5
/home/ionouser/ionozond_data2/2026-08-11/cdetections-DOB-1786443300.h5
/home/ionouser/ionozond_data2/2026-08-11/cdetections-DOB-1786444200.h5
/home/ionouser/ionozond_data2/2026-08-11/cdetections-DOB-1786445100.h5
/home/ionouser/ionozond_data2/2026-08-11/cdetections-DOB-1786446000.h5
/home/ionouser/ionozond_data2/2026-08-11/cdetections-DOB-1786446900.h5
/home/ionouser/ionozond_data2/2026-08-11/cdetections-DOB-1786447800.h5
/home/ionouser/ionozond_data2/2026-08-11/cdetections-DOB-1786448700.h5
/home/ionouser/ionozond_data2/2026-08-11/cdetections-DOB-1786449600.h5
/home/ionouser/ionozond_data2/2026-08-11/cdetections-DOB-1786450500.h5
/home/ionouser/ionozond_data2/2026-08-11/cdetections-DOB-1786451400.h5
/home/ionouser/ionozond_data2/2026-08-11/cdetections-DOB-1786452300.h5
/home/ionouser/ionozond_data2/2026-08-11/cdetections-DOB-1786453200.h5
/home/ionouser/ionozond_data2/2026-08-11/cdetections-DOB-1786454100.h5
/home/ionouser/ionozond_data2/2026-08-11/cdetections-DOB-1786455000.h5
/home/ionouser/ionozond_data2/2026-08-11/cdetections-DOB-1786455900.h5
/home/ionouser/ionozond_data2/2026-08-11/cdetections-DOB-1786456800.h5
/home/ionouser/ionozond_data2/2026-08-11/cdetections-DOB-1786457700.h5
/home/ionouser/ionozond_data2/2026-08-11/cdetections-DOB-1786458600.h5
/home/ionouser/ionozond_data2/2026-08-11/cdetections-DOB-1786459500.h5
/home/ionouser/ionozond_data2/2026-08-11/cdetections-DOB-1786460400.h5
/home/ionouser/ionozond_data2/2026-08-11/cdetections-DOB-1786461300.h5
/home/ionouser/ionozond_data2/2026-08-11/cdetections-DOB-1786462200.h5
/home/ionouser/ionozond_data2/2026-08-11/cdetections-DOB-1786463100.h5
/home/ionouser/ionozond_data2/2026-08-11/cdetections-DOB-1786464000.h5
/home/ionouser/ionozond_data2/2026-08-11/cdetections-DOB-1786464900.h5
/home/ionouser/ionozond_data2/2026-08-11/cdetections-DOB-1786465800.h5
/home/ionouser/ionozond_data2/2026-08-11/cdetections-DOB-1786466700.h5
/home/ionouser/ionozond_data2/2026-08-11/cdetections-DOB-1786467600.h5
/home/ionouser/ionozond_data2/2026-08-11/cdetections-DOB-1786468500.h5
/home/ionouser/ionozond_data2/2026-08-11/cdetections-DOB-1786469400.h5
/home/ionouser/ionozond_data2/2026-08-11/cdetections-DOB-1786470300.h5
/home/ionouser/ionozond_data2/2026-08-11/cdetections-DOB-1786471200.h5
/home/ionouser/ionozond_data2/2026-08-11/cdetections-DOB-1786472100.h5
/home/ionouser/ionozond_data2/2026-08-11/cdetections-DOB-1786473000.h5
/home/ionouser/ionozond_data2/2026-08-11/cdetections-DOB-1786473900.h5
/home/ionouser/ionozond_data2/2026-08-11/cdetections-DOB-1786474800.h5
/home/ionouser/ionozond_data2/2026-08-11/cdetections-DOB-1786475700.h5
/home/ionouser/ionozond_data2/2026-08-11/cdetections-DOB-1786476600.h5
/home/ionouser/ionozond_data2/2026-08-11/cdetections-DOB-1786477500.h5
/home/ionouser/ionozond_data2/2026-08-11/cdetections-DOB-1786478400.h5
/home/ionouser/ionozond_data2/2026-08-11/cdetections-DOB-1786479300.h5
/home/ionouser/ionozond_data2/2026-08-11/cdetections-DOB-1786480200.h5
/home/ionouser/ionozond_data2/2026-08-11/cdetections-DOB-1786481100.h5
/home/ionouser/ionozond_data2/2026-08-11/cdetections-DOB-1786482000.h5
/home/ionouser/ionozond_data2/2026-08-11/cdetections-DOB-1786482900.h5
/home/ionouser/ionozond_data2/2026-08-11/cdetections-DOB-1786483800.h5
/home/ionouser/ionozond_data2/2026-08-11/cdetections-DOB-1786484700.h5
/home/ionouser/ionozond_data2/2026-08-11/cdetections-DOB-1786485600.h5
/home/ionouser/ionozond_data2/2026-08-11/cdetections-DOB-1786486500.h5
/home/ionouser/ionozond_data2/2026-08-11/cdetections-DOB-1786487400.h5
/home/ionouser/ionozond_data2/2026-08-11/cdetections-DOB-1786488300.h5
/home/ionouser/ionozond_data2/2026-08-11/cdetections-DOB-1786489200.h5
/home/ionouser/ionozond_data2/2026-08-11/cdetections-DOB-1786490100.h5
/home/ionouser/ionozond_data2/2026-08-11/cdetections-DOB-1786491000.h5
/home/ionouser/ionozond_data2/2026-08-11/cdetections-DOB-1786491900.h5
/home/ionouser/ionozond_data2/2026-08-12/cdetections-DOB-1786492800.h5
filtering
No artists with labels found to put in legend.  Note that artists whose label start with an underscore are ignored when legend() is called with no argument.
saved /tmp/latest-rothr_jorn-DOB.png
/home/ionouser/ionozond_data2/2026-08-11/cdetections-DOB-1786406400.h5
/home/ionouser/ionozond_data2/2026-08-11/cdetections-DOB-1786407300.h5
/home/ionouser/ionozond_data2/2026-08-11/cdetections-DOB-1786408200.h5
/home/ionouser/ionozond_data2/2026-08-11/cdetections-DOB-1786409100.h5
/home/ionouser/ionozond_data2/2026-08-11/cdetections-DOB-1786410000.h5
/home/ionouser/ionozond_data2/2026-08-11/cdetections-DOB-1786410900.h5
/home/ionouser/ionozond_data2/2026-08-11/cdetections-DOB-1786411800.h5
/home/ionouser/ionozond_data2/2026-08-11/cdetections-DOB-1786412700.h5
/home/ionouser/ionozond_data2/2026-08-11/cdetections-DOB-1786413600.h5
/home/ionouser/ionozond_data2/2026-08-11/cdetections-DOB-1786414500.h5
/home/ionouser/ionozond_data2/2026-08-11/cdetections-DOB-1786415400.h5
/home/ionouser/ionozond_data2/2026-08-11/cdetections-DOB-1786416300.h5
/home/ionouser/ionozond_data2/2026-08-11/cdetections-DOB-1786417200.h5
/home/ionouser/ionozond_data2/2026-08-11/cdetections-DOB-1786418100.h5
/home/ionouser/ionozond_data2/2026-08-11/cdetections-DOB-1786419000.h5
/home/ionouser/ionozond_data2/2026-08-11/cdetections-DOB-1786419900.h5
/home/ionouser/ionozond_data2/2026-08-11/cdetections-DOB-1786420800.h5
/home/ionouser/ionozond_data2/2026-08-11/cdetections-DOB-1786421700.h5
/home/ionouser/ionozond_data2/2026-08-11/cdetections-DOB-1786422600.h5
/home/ionouser/ionozond_data2/2026-08-11/cdetections-DOB-1786423500.h5
/home/ionouser/ionozond_data2/2026-08-11/cdetections-DOB-1786424400.h5
/home/ionouser/ionozond_data2/2026-08-11/cdetections-DOB-1786425300.h5
/home/ionouser/ionozond_data2/2026-08-11/cdetections-DOB-1786426200.h5
/home/ionouser/ionozond_data2/2026-08-11/cdetections-DOB-1786427100.h5
/home/ionouser/ionozond_data2/2026-08-11/cdetections-DOB-1786428000.h5
/home/ionouser/ionozond_data2/2026-08-11/cdetections-DOB-1786428900.h5
/home/ionouser/ionozond_data2/2026-08-11/cdetections-DOB-1786429800.h5
/home/ionouser/ionozond_data2/2026-08-11/cdetections-DOB-1786430700.h5
/home/ionouser/ionozond_data2/2026-08-11/cdetections-DOB-1786431600.h5
/home/ionouser/ionozond_data2/2026-08-11/cdetections-DOB-1786432500.h5
/home/ionouser/ionozond_data2/2026-08-11/cdetections-DOB-1786433400.h5
/home/ionouser/ionozond_data2/2026-08-11/cdetections-DOB-1786434300.h5
/home/ionouser/ionozond_data2/2026-08-11/cdetections-DOB-1786435200.h5
/home/ionouser/ionozond_data2/2026-08-11/cdetections-DOB-1786436100.h5
/home/ionouser/ionozond_data2/2026-08-11/cdetections-DOB-1786437000.h5
/home/ionouser/ionozond_data2/2026-08-11/cdetections-DOB-1786437900.h5
/home/ionouser/ionozond_data2/2026-08-11/cdetections-DOB-1786438800.h5
/home/ionouser/ionozond_data2/2026-08-11/cdetections-DOB-1786439700.h5
/home/ionouser/ionozond_data2/2026-08-11/cdetections-DOB-1786440600.h5
/home/ionouser/ionozond_data2/2026-08-11/cdetections-DOB-1786441500.h5
/home/ionouser/ionozond_data2/2026-08-11/cdetections-DOB-1786442400.h5
/home/ionouser/ionozond_data2/2026-08-11/cdetections-DOB-1786443300.h5
/home/ionouser/ionozond_data2/2026-08-11/cdetections-DOB-1786444200.h5
/home/ionouser/ionozond_data2/2026-08-11/cdetections-DOB-1786445100.h5
/home/ionouser/ionozond_data2/2026-08-11/cdetections-DOB-1786446000.h5
/home/ionouser/ionozond_data2/2026-08-11/cdetections-DOB-1786446900.h5
/home/ionouser/ionozond_data2/2026-08-11/cdetections-DOB-1786447800.h5
/home/ionouser/ionozond_data2/2026-08-11/cdetections-DOB-1786448700.h5
/home/ionouser/ionozond_data2/2026-08-11/cdetections-DOB-1786449600.h5
/home/ionouser/ionozond_data2/2026-08-11/cdetections-DOB-1786450500.h5
/home/ionouser/ionozond_data2/2026-08-11/cdetections-DOB-1786451400.h5
/home/ionouser/ionozond_data2/2026-08-11/cdetections-DOB-1786452300.h5
/home/ionouser/ionozond_data2/2026-08-11/cdetections-DOB-1786453200.h5
/home/ionouser/ionozond_data2/2026-08-11/cdetections-DOB-1786454100.h5
/home/ionouser/ionozond_data2/2026-08-11/cdetections-DOB-1786455000.h5
/home/ionouser/ionozond_data2/2026-08-11/cdetections-DOB-1786455900.h5
/home/ionouser/ionozond_data2/2026-08-11/cdetections-DOB-1786456800.h5
/home/ionouser/ionozond_data2/2026-08-11/cdetections-DOB-1786457700.h5
/home/ionouser/ionozond_data2/2026-08-11/cdetections-DOB-1786458600.h5
/home/ionouser/ionozond_data2/2026-08-11/cdetections-DOB-1786459500.h5
/home/ionouser/ionozond_data2/2026-08-11/cdetections-DOB-1786460400.h5
/home/ionouser/ionozond_data2/2026-08-11/cdetections-DOB-1786461300.h5
/home/ionouser/ionozond_data2/2026-08-11/cdetections-DOB-1786462200.h5
/home/ionouser/ionozond_data2/2026-08-11/cdetections-DOB-1786463100.h5
/home/ionouser/ionozond_data2/2026-08-11/cdetections-DOB-1786464000.h5
/home/ionouser/ionozond_data2/2026-08-11/cdetections-DOB-1786464900.h5
/home/ionouser/ionozond_data2/2026-08-11/cdetections-DOB-1786465800.h5
/home/ionouser/ionozond_data2/2026-08-11/cdetections-DOB-1786466700.h5
/home/ionouser/ionozond_data2/2026-08-11/cdetections-DOB-1786467600.h5
/home/ionouser/ionozond_data2/2026-08-11/cdetections-DOB-1786468500.h5
/home/ionouser/ionozond_data2/2026-08-11/cdetections-DOB-1786469400.h5
/home/ionouser/ionozond_data2/2026-08-11/cdetections-DOB-1786470300.h5
/home/ionouser/ionozond_data2/2026-08-11/cdetections-DOB-1786471200.h5
/home/ionouser/ionozond_data2/2026-08-11/cdetections-DOB-1786472100.h5
/home/ionouser/ionozond_data2/2026-08-11/cdetections-DOB-1786473000.h5
/home/ionouser/ionozond_data2/2026-08-11/cdetections-DOB-1786473900.h5
/home/ionouser/ionozond_data2/2026-08-11/cdetections-DOB-1786474800.h5
/home/ionouser/ionozond_data2/2026-08-11/cdetections-DOB-1786475700.h5
/home/ionouser/ionozond_data2/2026-08-11/cdetections-DOB-1786476600.h5
/home/ionouser/ionozond_data2/2026-08-11/cdetections-DOB-1786477500.h5
/home/ionouser/ionozond_data2/2026-08-11/cdetections-DOB-1786478400.h5
/home/ionouser/ionozond_data2/2026-08-11/cdetections-DOB-1786479300.h5
/home/ionouser/ionozond_data2/2026-08-11/cdetections-DOB-1786480200.h5
/home/ionouser/ionozond_data2/2026-08-11/cdetections-DOB-1786481100.h5
/home/ionouser/ionozond_data2/2026-08-11/cdetections-DOB-1786482000.h5
/home/ionouser/ionozond_data2/2026-08-11/cdetections-DOB-1786482900.h5
/home/ionouser/ionozond_data2/2026-08-11/cdetections-DOB-1786483800.h5
/home/ionouser/ionozond_data2/2026-08-11/cdetections-DOB-1786484700.h5
/home/ionouser/ionozond_data2/2026-08-11/cdetections-DOB-1786485600.h5
/home/ionouser/ionozond_data2/2026-08-11/cdetections-DOB-1786486500.h5
/home/ionouser/ionozond_data2/2026-08-11/cdetections-DOB-1786487400.h5
/home/ionouser/ionozond_data2/2026-08-11/cdetections-DOB-1786488300.h5
/home/ionouser/ionozond_data2/2026-08-11/cdetections-DOB-1786489200.h5
/home/ionouser/ionozond_data2/2026-08-11/cdetections-DOB-1786490100.h5
/home/ionouser/ionozond_data2/2026-08-11/cdetections-DOB-1786491000.h5
/home/ionouser/ionozond_data2/2026-08-11/cdetections-DOB-1786491900.h5
/home/ionouser/ionozond_data2/2026-08-12/cdetections-DOB-1786492800.h5
/home/ionouser/ionozond_data2/2026-08-12/cdetections-DOB-1786493700.h5
/home/ionouser/ionozond_data2/2026-08-12/cdetections-DOB-1786494600.h5
filtering
No artists with labels found to put in legend.  Note that artists whose label start with an underscore are ignored when legend() is called with no argument.
saved /tmp/latest-rothr_jorn-DOB.png
/home/ionouser/ionozond_data2/2026-08-11/cdetections-DOB-1786406400.h5
/home/ionouser/ionozond_data2/2026-08-11/cdetections-DOB-1786407300.h5
/home/ionouser/ionozond_data2/2026-08-11/cdetections-DOB-1786408200.h5
/home/ionouser/ionozond_data2/2026-08-11/cdetections-DOB-1786409100.h5
/home/ionouser/ionozond_data2/2026-08-11/cdetections-DOB-1786410000.h5
/home/ionouser/ionozond_data2/2026-08-11/cdetections-DOB-1786410900.h5
/home/ionouser/ionozond_data2/2026-08-11/cdetections-DOB-1786411800.h5
/home/ionouser/ionozond_data2/2026-08-11/cdetections-DOB-1786412700.h5
/home/ionouser/ionozond_data2/2026-08-11/cdetections-DOB-1786413600.h5
/home/ionouser/ionozond_data2/2026-08-11/cdetections-DOB-1786414500.h5
/home/ionouser/ionozond_data2/2026-08-11/cdetections-DOB-1786415400.h5
/home/ionouser/ionozond_data2/2026-08-11/cdetections-DOB-1786416300.h5
/home/ionouser/ionozond_data2/2026-08-11/cdetections-DOB-1786417200.h5
/home/ionouser/ionozond_data2/2026-08-11/cdetections-DOB-1786418100.h5
/home/ionouser/ionozond_data2/2026-08-11/cdetections-DOB-1786419000.h5
/home/ionouser/ionozond_data2/2026-08-11/cdetections-DOB-1786419900.h5
/home/ionouser/ionozond_data2/2026-08-11/cdetections-DOB-1786420800.h5
/home/ionouser/ionozond_data2/2026-08-11/cdetections-DOB-1786421700.h5
/home/ionouser/ionozond_data2/2026-08-11/cdetections-DOB-1786422600.h5
/home/ionouser/ionozond_data2/2026-08-11/cdetections-DOB-1786423500.h5
/home/ionouser/ionozond_data2/2026-08-11/cdetections-DOB-1786424400.h5
/home/ionouser/ionozond_data2/2026-08-11/cdetections-DOB-1786425300.h5
/home/ionouser/ionozond_data2/2026-08-11/cdetections-DOB-1786426200.h5
/home/ionouser/ionozond_data2/2026-08-11/cdetections-DOB-1786427100.h5
/home/ionouser/ionozond_data2/2026-08-11/cdetections-DOB-1786428000.h5
/home/ionouser/ionozond_data2/2026-08-11/cdetections-DOB-1786428900.h5
/home/ionouser/ionozond_data2/2026-08-11/cdetections-DOB-1786429800.h5
/home/ionouser/ionozond_data2/2026-08-11/cdetections-DOB-1786430700.h5
/home/ionouser/ionozond_data2/2026-08-11/cdetections-DOB-1786431600.h5
/home/ionouser/ionozond_data2/2026-08-11/cdetections-DOB-1786432500.h5
/home/ionouser/ionozond_data2/2026-08-11/cdetections-DOB-1786433400.h5
/home/ionouser/ionozond_data2/2026-08-11/cdetections-DOB-1786434300.h5
/home/ionouser/ionozond_data2/2026-08-11/cdetections-DOB-1786435200.h5
/home/ionouser/ionozond_data2/2026-08-11/cdetections-DOB-1786436100.h5
/home/ionouser/ionozond_data2/2026-08-11/cdetections-DOB-1786437000.h5
/home/ionouser/ionozond_data2/2026-08-11/cdetections-DOB-1786437900.h5
/home/ionouser/ionozond_data2/2026-08-11/cdetections-DOB-1786438800.h5
/home/ionouser/ionozond_data2/2026-08-11/cdetections-DOB-1786439700.h5
/home/ionouser/ionozond_data2/2026-08-11/cdetections-DOB-1786440600.h5
/home/ionouser/ionozond_data2/2026-08-11/cdetections-DOB-1786441500.h5
/home/ionouser/ionozond_data2/2026-08-11/cdetections-DOB-1786442400.h5
/home/ionouser/ionozond_data2/2026-08-11/cdetections-DOB-1786443300.h5
/home/ionouser/ionozond_data2/2026-08-11/cdetections-DOB-1786444200.h5
/home/ionouser/ionozond_data2/2026-08-11/cdetections-DOB-1786445100.h5
/home/ionouser/ionozond_data2/2026-08-11/cdetections-DOB-1786446000.h5
/home/ionouser/ionozond_data2/2026-08-11/cdetections-DOB-1786446900.h5
/home/ionouser/ionozond_data2/2026-08-11/cdetections-DOB-1786447800.h5
/home/ionouser/ionozond_data2/2026-08-11/cdetections-DOB-1786448700.h5
/home/ionouser/ionozond_data2/2026-08-11/cdetections-DOB-1786449600.h5
/home/ionouser/ionozond_data2/2026-08-11/cdetections-DOB-1786450500.h5
/home/ionouser/ionozond_data2/2026-08-11/cdetections-DOB-1786451400.h5
/home/ionouser/ionozond_data2/2026-08-11/cdetections-DOB-1786452300.h5
/home/ionouser/ionozond_data2/2026-08-11/cdetections-DOB-1786453200.h5
/home/ionouser/ionozond_data2/2026-08-11/cdetections-DOB-1786454100.h5
/home/ionouser/ionozond_data2/2026-08-11/cdetections-DOB-1786455000.h5
/home/ionouser/ionozond_data2/2026-08-11/cdetections-DOB-1786455900.h5
/home/ionouser/ionozond_data2/2026-08-11/cdetections-DOB-1786456800.h5
/home/ionouser/ionozond_data2/2026-08-11/cdetections-DOB-1786457700.h5
/home/ionouser/ionozond_data2/2026-08-11/cdetections-DOB-1786458600.h5
/home/ionouser/ionozond_data2/2026-08-11/cdetections-DOB-1786459500.h5
/home/ionouser/ionozond_data2/2026-08-11/cdetections-DOB-1786460400.h5
/home/ionouser/ionozond_data2/2026-08-11/cdetections-DOB-1786461300.h5
/home/ionouser/ionozond_data2/2026-08-11/cdetections-DOB-1786462200.h5
/home/ionouser/ionozond_data2/2026-08-11/cdetections-DOB-1786463100.h5
/home/ionouser/ionozond_data2/2026-08-11/cdetections-DOB-1786464000.h5
/home/ionouser/ionozond_data2/2026-08-11/cdetections-DOB-1786464900.h5
/home/ionouser/ionozond_data2/2026-08-11/cdetections-DOB-1786465800.h5
/home/ionouser/ionozond_data2/2026-08-11/cdetections-DOB-1786466700.h5
/home/ionouser/ionozond_data2/2026-08-11/cdetections-DOB-1786467600.h5
/home/ionouser/ionozond_data2/2026-08-11/cdetections-DOB-1786468500.h5
/home/ionouser/ionozond_data2/2026-08-11/cdetections-DOB-1786469400.h5
/home/ionouser/ionozond_data2/2026-08-11/cdetections-DOB-1786470300.h5
/home/ionouser/ionozond_data2/2026-08-11/cdetections-DOB-1786471200.h5
/home/ionouser/ionozond_data2/2026-08-11/cdetections-DOB-1786472100.h5
/home/ionouser/ionozond_data2/2026-08-11/cdetections-DOB-1786473000.h5
/home/ionouser/ionozond_data2/2026-08-11/cdetections-DOB-1786473900.h5
/home/ionouser/ionozond_data2/2026-08-11/cdetections-DOB-1786474800.h5
/home/ionouser/ionozond_data2/2026-08-11/cdetections-DOB-1786475700.h5
/home/ionouser/ionozond_data2/2026-08-11/cdetections-DOB-1786476600.h5
/home/ionouser/ionozond_data2/2026-08-11/cdetections-DOB-1786477500.h5
/home/ionouser/ionozond_data2/2026-08-11/cdetections-DOB-1786478400.h5
/home/ionouser/ionozond_data2/2026-08-11/cdetections-DOB-1786479300.h5
/home/ionouser/ionozond_data2/2026-08-11/cdetections-DOB-1786480200.h5
/home/ionouser/ionozond_data2/2026-08-11/cdetections-DOB-1786481100.h5
/home/ionouser/ionozond_data2/2026-08-11/cdetections-DOB-1786482000.h5
/home/ionouser/ionozond_data2/2026-08-11/cdetections-DOB-1786482900.h5
/home/ionouser/ionozond_data2/2026-08-11/cdetections-DOB-1786483800.h5
/home/ionouser/ionozond_data2/2026-08-11/cdetections-DOB-1786484700.h5
/home/ionouser/ionozond_data2/2026-08-11/cdetections-DOB-1786485600.h5
/home/ionouser/ionozond_data2/2026-08-11/cdetections-DOB-1786486500.h5
/home/ionouser/ionozond_data2/2026-08-11/cdetections-DOB-1786487400.h5
/home/ionouser/ionozond_data2/2026-08-11/cdetections-DOB-1786488300.h5
/home/ionouser/ionozond_data2/2026-08-11/cdetections-DOB-1786489200.h5
/home/ionouser/ionozond_data2/2026-08-11/cdetections-DOB-1786490100.h5
/home/ionouser/ionozond_data2/2026-08-11/cdetections-DOB-1786491000.h5
/home/ionouser/ionozond_data2/2026-08-11/cdetections-DOB-1786491900.h5
/home/ionouser/ionozond_data2/2026-08-12/cdetections-DOB-1786492800.h5
/home/ionouser/ionozond_data2/2026-08-12/cdetections-DOB-1786493700.h5
/home/ionouser/ionozond_data2/2026-08-12/cdetections-DOB-1786494600.h5
/home/ionouser/ionozond_data2/2026-08-12/cdetections-DOB-1786495500.h5
filtering
No artists with labels found to put in legend.  Note that artists whose label start with an underscore are ignored when legend() is called with no argument.
saved /tmp/latest-rothr_jorn-DOB.png
/home/ionouser/ionozond_data2/2026-08-11/cdetections-DOB-1786406400.h5
/home/ionouser/ionozond_data2/2026-08-11/cdetections-DOB-1786407300.h5
/home/ionouser/ionozond_data2/2026-08-11/cdetections-DOB-1786408200.h5
/home/ionouser/ionozond_data2/2026-08-11/cdetections-DOB-1786409100.h5
/home/ionouser/ionozond_data2/2026-08-11/cdetections-DOB-1786410000.h5
/home/ionouser/ionozond_data2/2026-08-11/cdetections-DOB-1786410900.h5
/home/ionouser/ionozond_data2/2026-08-11/cdetections-DOB-1786411800.h5
/home/ionouser/ionozond_data2/2026-08-11/cdetections-DOB-1786412700.h5
/home/ionouser/ionozond_data2/2026-08-11/cdetections-DOB-1786413600.h5
/home/ionouser/ionozond_data2/2026-08-11/cdetections-DOB-1786414500.h5
/home/ionouser/ionozond_data2/2026-08-11/cdetections-DOB-1786415400.h5
/home/ionouser/ionozond_data2/2026-08-11/cdetections-DOB-1786416300.h5
/home/ionouser/ionozond_data2/2026-08-11/cdetections-DOB-1786417200.h5
/home/ionouser/ionozond_data2/2026-08-11/cdetections-DOB-1786418100.h5
/home/ionouser/ionozond_data2/2026-08-11/cdetections-DOB-1786419000.h5
/home/ionouser/ionozond_data2/2026-08-11/cdetections-DOB-1786419900.h5
/home/ionouser/ionozond_data2/2026-08-11/cdetections-DOB-1786420800.h5
/home/ionouser/ionozond_data2/2026-08-11/cdetections-DOB-1786421700.h5
/home/ionouser/ionozond_data2/2026-08-11/cdetections-DOB-1786422600.h5
/home/ionouser/ionozond_data2/2026-08-11/cdetections-DOB-1786423500.h5
/home/ionouser/ionozond_data2/2026-08-11/cdetections-DOB-1786424400.h5
/home/ionouser/ionozond_data2/2026-08-11/cdetections-DOB-1786425300.h5
/home/ionouser/ionozond_data2/2026-08-11/cdetections-DOB-1786426200.h5
/home/ionouser/ionozond_data2/2026-08-11/cdetections-DOB-1786427100.h5
/home/ionouser/ionozond_data2/2026-08-11/cdetections-DOB-1786428000.h5
/home/ionouser/ionozond_data2/2026-08-11/cdetections-DOB-1786428900.h5
/home/ionouser/ionozond_data2/2026-08-11/cdetections-DOB-1786429800.h5
/home/ionouser/ionozond_data2/2026-08-11/cdetections-DOB-1786430700.h5
/home/ionouser/ionozond_data2/2026-08-11/cdetections-DOB-1786431600.h5
/home/ionouser/ionozond_data2/2026-08-11/cdetections-DOB-1786432500.h5
/home/ionouser/ionozond_data2/2026-08-11/cdetections-DOB-1786433400.h5
/home/ionouser/ionozond_data2/2026-08-11/cdetections-DOB-1786434300.h5
/home/ionouser/ionozond_data2/2026-08-11/cdetections-DOB-1786435200.h5
/home/ionouser/ionozond_data2/2026-08-11/cdetections-DOB-1786436100.h5
/home/ionouser/ionozond_data2/2026-08-11/cdetections-DOB-1786437000.h5
/home/ionouser/ionozond_data2/2026-08-11/cdetections-DOB-1786437900.h5
/home/ionouser/ionozond_data2/2026-08-11/cdetections-DOB-1786438800.h5
/home/ionouser/ionozond_data2/2026-08-11/cdetections-DOB-1786439700.h5
/home/ionouser/ionozond_data2/2026-08-11/cdetections-DOB-1786440600.h5
/home/ionouser/ionozond_data2/2026-08-11/cdetections-DOB-1786441500.h5
/home/ionouser/ionozond_data2/2026-08-11/cdetections-DOB-1786442400.h5
/home/ionouser/ionozond_data2/2026-08-11/cdetections-DOB-1786443300.h5
/home/ionouser/ionozond_data2/2026-08-11/cdetections-DOB-1786444200.h5
/home/ionouser/ionozond_data2/2026-08-11/cdetections-DOB-1786445100.h5
/home/ionouser/ionozond_data2/2026-08-11/cdetections-DOB-1786446000.h5
/home/ionouser/ionozond_data2/2026-08-11/cdetections-DOB-1786446900.h5
/home/ionouser/ionozond_data2/2026-08-11/cdetections-DOB-1786447800.h5
/home/ionouser/ionozond_data2/2026-08-11/cdetections-DOB-1786448700.h5
/home/ionouser/ionozond_data2/2026-08-11/cdetections-DOB-1786449600.h5
/home/ionouser/ionozond_data2/2026-08-11/cdetections-DOB-1786450500.h5
/home/ionouser/ionozond_data2/2026-08-11/cdetections-DOB-1786451400.h5
/home/ionouser/ionozond_data2/2026-08-11/cdetections-DOB-1786452300.h5
/home/ionouser/ionozond_data2/2026-08-11/cdetections-DOB-1786453200.h5
/home/ionouser/ionozond_data2/2026-08-11/cdetections-DOB-1786454100.h5
/home/ionouser/ionozond_data2/2026-08-11/cdetections-DOB-1786455000.h5
/home/ionouser/ionozond_data2/2026-08-11/cdetections-DOB-1786455900.h5
/home/ionouser/ionozond_data2/2026-08-11/cdetections-DOB-1786456800.h5
/home/ionouser/ionozond_data2/2026-08-11/cdetections-DOB-1786457700.h5
/home/ionouser/ionozond_data2/2026-08-11/cdetections-DOB-1786458600.h5
/home/ionouser/ionozond_data2/2026-08-11/cdetections-DOB-1786459500.h5
/home/ionouser/ionozond_data2/2026-08-11/cdetections-DOB-1786460400.h5
/home/ionouser/ionozond_data2/2026-08-11/cdetections-DOB-1786461300.h5
/home/ionouser/ionozond_data2/2026-08-11/cdetections-DOB-1786462200.h5
/home/ionouser/ionozond_data2/2026-08-11/cdetections-DOB-1786463100.h5
/home/ionouser/ionozond_data2/2026-08-11/cdetections-DOB-1786464000.h5
/home/ionouser/ionozond_data2/2026-08-11/cdetections-DOB-1786464900.h5
/home/ionouser/ionozond_data2/2026-08-11/cdetections-DOB-1786465800.h5
/home/ionouser/ionozond_data2/2026-08-11/cdetections-DOB-1786466700.h5
/home/ionouser/ionozond_data2/2026-08-11/cdetections-DOB-1786467600.h5
/home/ionouser/ionozond_data2/2026-08-11/cdetections-DOB-1786468500.h5
/home/ionouser/ionozond_data2/2026-08-11/cdetections-DOB-1786469400.h5
/home/ionouser/ionozond_data2/2026-08-11/cdetections-DOB-1786470300.h5
/home/ionouser/ionozond_data2/2026-08-11/cdetections-DOB-1786471200.h5
/home/ionouser/ionozond_data2/2026-08-11/cdetections-DOB-1786472100.h5
/home/ionouser/ionozond_data2/2026-08-11/cdetections-DOB-1786473000.h5
/home/ionouser/ionozond_data2/2026-08-11/cdetections-DOB-1786473900.h5
/home/ionouser/ionozond_data2/2026-08-11/cdetections-DOB-1786474800.h5
/home/ionouser/ionozond_data2/2026-08-11/cdetections-DOB-1786475700.h5
/home/ionouser/ionozond_data2/2026-08-11/cdetections-DOB-1786476600.h5
/home/ionouser/ionozond_data2/2026-08-11/cdetections-DOB-1786477500.h5
/home/ionouser/ionozond_data2/2026-08-11/cdetections-DOB-1786478400.h5
/home/ionouser/ionozond_data2/2026-08-11/cdetections-DOB-1786479300.h5
/home/ionouser/ionozond_data2/2026-08-11/cdetections-DOB-1786480200.h5
/home/ionouser/ionozond_data2/2026-08-11/cdetections-DOB-1786481100.h5
/home/ionouser/ionozond_data2/2026-08-11/cdetections-DOB-1786482000.h5
/home/ionouser/ionozond_data2/2026-08-11/cdetections-DOB-1786482900.h5
/home/ionouser/ionozond_data2/2026-08-11/cdetections-DOB-1786483800.h5
/home/ionouser/ionozond_data2/2026-08-11/cdetections-DOB-1786484700.h5
/home/ionouser/ionozond_data2/2026-08-11/cdetections-DOB-1786485600.h5
/home/ionouser/ionozond_data2/2026-08-11/cdetections-DOB-1786486500.h5
/home/ionouser/ionozond_data2/2026-08-11/cdetections-DOB-1786487400.h5
/home/ionouser/ionozond_data2/2026-08-11/cdetections-DOB-1786488300.h5
/home/ionouser/ionozond_data2/2026-08-11/cdetections-DOB-1786489200.h5
/home/ionouser/ionozond_data2/2026-08-11/cdetections-DOB-1786490100.h5
/home/ionouser/ionozond_data2/2026-08-11/cdetections-DOB-1786491000.h5
/home/ionouser/ionozond_data2/2026-08-11/cdetections-DOB-1786491900.h5
/home/ionouser/ionozond_data2/2026-08-12/cdetections-DOB-1786492800.h5
/home/ionouser/ionozond_data2/2026-08-12/cdetections-DOB-1786493700.h5
/home/ionouser/ionozond_data2/2026-08-12/cdetections-DOB-1786494600.h5
/home/ionouser/ionozond_data2/2026-08-12/cdetections-DOB-1786495500.h5
/home/ionouser/ionozond_data2/2026-08-12/cdetections-DOB-1786496400.h5
filtering
No artists with labels found to put in legend.  Note that artists whose label start with an underscore are ignored when legend() is called with no argument.
saved /tmp/latest-rothr_jorn-DOB.png
/home/ionouser/ionozond_data2/2026-08-11/cdetections-DOB-1786406400.h5
/home/ionouser/ionozond_data2/2026-08-11/cdetections-DOB-1786407300.h5
/home/ionouser/ionozond_data2/2026-08-11/cdetections-DOB-1786408200.h5
/home/ionouser/ionozond_data2/2026-08-11/cdetections-DOB-1786409100.h5
/home/ionouser/ionozond_data2/2026-08-11/cdetections-DOB-1786410000.h5
/home/ionouser/ionozond_data2/2026-08-11/cdetections-DOB-1786410900.h5
/home/ionouser/ionozond_data2/2026-08-11/cdetections-DOB-1786411800.h5
/home/ionouser/ionozond_data2/2026-08-11/cdetections-DOB-1786412700.h5
/home/ionouser/ionozond_data2/2026-08-11/cdetections-DOB-1786413600.h5
/home/ionouser/ionozond_data2/2026-08-11/cdetections-DOB-1786414500.h5
/home/ionouser/ionozond_data2/2026-08-11/cdetections-DOB-1786415400.h5
/home/ionouser/ionozond_data2/2026-08-11/cdetections-DOB-1786416300.h5
/home/ionouser/ionozond_data2/2026-08-11/cdetections-DOB-1786417200.h5
/home/ionouser/ionozond_data2/2026-08-11/cdetections-DOB-1786418100.h5
/home/ionouser/ionozond_data2/2026-08-11/cdetections-DOB-1786419000.h5
/home/ionouser/ionozond_data2/2026-08-11/cdetections-DOB-1786419900.h5
/home/ionouser/ionozond_data2/2026-08-11/cdetections-DOB-1786420800.h5
/home/ionouser/ionozond_data2/2026-08-11/cdetections-DOB-1786421700.h5
/home/ionouser/ionozond_data2/2026-08-11/cdetections-DOB-1786422600.h5
/home/ionouser/ionozond_data2/2026-08-11/cdetections-DOB-1786423500.h5
/home/ionouser/ionozond_data2/2026-08-11/cdetections-DOB-1786424400.h5
/home/ionouser/ionozond_data2/2026-08-11/cdetections-DOB-1786425300.h5
/home/ionouser/ionozond_data2/2026-08-11/cdetections-DOB-1786426200.h5
/home/ionouser/ionozond_data2/2026-08-11/cdetections-DOB-1786427100.h5
/home/ionouser/ionozond_data2/2026-08-11/cdetections-DOB-1786428000.h5
/home/ionouser/ionozond_data2/2026-08-11/cdetections-DOB-1786428900.h5
/home/ionouser/ionozond_data2/2026-08-11/cdetections-DOB-1786429800.h5
/home/ionouser/ionozond_data2/2026-08-11/cdetections-DOB-1786430700.h5
/home/ionouser/ionozond_data2/2026-08-11/cdetections-DOB-1786431600.h5
/home/ionouser/ionozond_data2/2026-08-11/cdetections-DOB-1786432500.h5
/home/ionouser/ionozond_data2/2026-08-11/cdetections-DOB-1786433400.h5
/home/ionouser/ionozond_data2/2026-08-11/cdetections-DOB-1786434300.h5
/home/ionouser/ionozond_data2/2026-08-11/cdetections-DOB-1786435200.h5
/home/ionouser/ionozond_data2/2026-08-11/cdetections-DOB-1786436100.h5
/home/ionouser/ionozond_data2/2026-08-11/cdetections-DOB-1786437000.h5
/home/ionouser/ionozond_data2/2026-08-11/cdetections-DOB-1786437900.h5
/home/ionouser/ionozond_data2/2026-08-11/cdetections-DOB-1786438800.h5
/home/ionouser/ionozond_data2/2026-08-11/cdetections-DOB-1786439700.h5
/home/ionouser/ionozond_data2/2026-08-11/cdetections-DOB-1786440600.h5
/home/ionouser/ionozond_data2/2026-08-11/cdetections-DOB-1786441500.h5
/home/ionouser/ionozond_data2/2026-08-11/cdetections-DOB-1786442400.h5
/home/ionouser/ionozond_data2/2026-08-11/cdetections-DOB-1786443300.h5
/home/ionouser/ionozond_data2/2026-08-11/cdetections-DOB-1786444200.h5
/home/ionouser/ionozond_data2/2026-08-11/cdetections-DOB-1786445100.h5
/home/ionouser/ionozond_data2/2026-08-11/cdetections-DOB-1786446000.h5
/home/ionouser/ionozond_data2/2026-08-11/cdetections-DOB-1786446900.h5
/home/ionouser/ionozond_data2/2026-08-11/cdetections-DOB-1786447800.h5
/home/ionouser/ionozond_data2/2026-08-11/cdetections-DOB-1786448700.h5
/home/ionouser/ionozond_data2/2026-08-11/cdetections-DOB-1786449600.h5
/home/ionouser/ionozond_data2/2026-08-11/cdetections-DOB-1786450500.h5
/home/ionouser/ionozond_data2/2026-08-11/cdetections-DOB-1786451400.h5
/home/ionouser/ionozond_data2/2026-08-11/cdetections-DOB-1786452300.h5
/home/ionouser/ionozond_data2/2026-08-11/cdetections-DOB-1786453200.h5
/home/ionouser/ionozond_data2/2026-08-11/cdetections-DOB-1786454100.h5
/home/ionouser/ionozond_data2/2026-08-11/cdetections-DOB-1786455000.h5
/home/ionouser/ionozond_data2/2026-08-11/cdetections-DOB-1786455900.h5
/home/ionouser/ionozond_data2/2026-08-11/cdetections-DOB-1786456800.h5
/home/ionouser/ionozond_data2/2026-08-11/cdetections-DOB-1786457700.h5
/home/ionouser/ionozond_data2/2026-08-11/cdetections-DOB-1786458600.h5
/home/ionouser/ionozond_data2/2026-08-11/cdetections-DOB-1786459500.h5
/home/ionouser/ionozond_data2/2026-08-11/cdetections-DOB-1786460400.h5
/home/ionouser/ionozond_data2/2026-08-11/cdetections-DOB-1786461300.h5
/home/ionouser/ionozond_data2/2026-08-11/cdetections-DOB-1786462200.h5
/home/ionouser/ionozond_data2/2026-08-11/cdetections-DOB-1786463100.h5
/home/ionouser/ionozond_data2/2026-08-11/cdetections-DOB-1786464000.h5
/home/ionouser/ionozond_data2/2026-08-11/cdetections-DOB-1786464900.h5
/home/ionouser/ionozond_data2/2026-08-11/cdetections-DOB-1786465800.h5
/home/ionouser/ionozond_data2/2026-08-11/cdetections-DOB-1786466700.h5
/home/ionouser/ionozond_data2/2026-08-11/cdetections-DOB-1786467600.h5
/home/ionouser/ionozond_data2/2026-08-11/cdetections-DOB-1786468500.h5
/home/ionouser/ionozond_data2/2026-08-11/cdetections-DOB-1786469400.h5
/home/ionouser/ionozond_data2/2026-08-11/cdetections-DOB-1786470300.h5
/home/ionouser/ionozond_data2/2026-08-11/cdetections-DOB-1786471200.h5
/home/ionouser/ionozond_data2/2026-08-11/cdetections-DOB-1786472100.h5
/home/ionouser/ionozond_data2/2026-08-11/cdetections-DOB-1786473000.h5
/home/ionouser/ionozond_data2/2026-08-11/cdetections-DOB-1786473900.h5
/home/ionouser/ionozond_data2/2026-08-11/cdetections-DOB-1786474800.h5
/home/ionouser/ionozond_data2/2026-08-11/cdetections-DOB-1786475700.h5
/home/ionouser/ionozond_data2/2026-08-11/cdetections-DOB-1786476600.h5
/home/ionouser/ionozond_data2/2026-08-11/cdetections-DOB-1786477500.h5
/home/ionouser/ionozond_data2/2026-08-11/cdetections-DOB-1786478400.h5
/home/ionouser/ionozond_data2/2026-08-11/cdetections-DOB-1786479300.h5
/home/ionouser/ionozond_data2/2026-08-11/cdetections-DOB-1786480200.h5
/home/ionouser/ionozond_data2/2026-08-11/cdetections-DOB-1786481100.h5
/home/ionouser/ionozond_data2/2026-08-11/cdetections-DOB-1786482000.h5
/home/ionouser/ionozond_data2/2026-08-11/cdetections-DOB-1786482900.h5
/home/ionouser/ionozond_data2/2026-08-11/cdetections-DOB-1786483800.h5
/home/ionouser/ionozond_data2/2026-08-11/cdetections-DOB-1786484700.h5
/home/ionouser/ionozond_data2/2026-08-11/cdetections-DOB-1786485600.h5
/home/ionouser/ionozond_data2/2026-08-11/cdetections-DOB-1786486500.h5
/home/ionouser/ionozond_data2/2026-08-11/cdetections-DOB-1786487400.h5
/home/ionouser/ionozond_data2/2026-08-11/cdetections-DOB-1786488300.h5
/home/ionouser/ionozond_data2/2026-08-11/cdetections-DOB-1786489200.h5
/home/ionouser/ionozond_data2/2026-08-11/cdetections-DOB-1786490100.h5
/home/ionouser/ionozond_data2/2026-08-11/cdetections-DOB-1786491000.h5
/home/ionouser/ionozond_data2/2026-08-11/cdetections-DOB-1786491900.h5
/home/ionouser/ionozond_data2/2026-08-12/cdetections-DOB-1786492800.h5
/home/ionouser/ionozond_data2/2026-08-12/cdetections-DOB-1786493700.h5
/home/ionouser/ionozond_data2/2026-08-12/cdetections-DOB-1786494600.h5
/home/ionouser/ionozond_data2/2026-08-12/cdetections-DOB-1786495500.h5
/home/ionouser/ionozond_data2/2026-08-12/cdetections-DOB-1786496400.h5
/home/ionouser/ionozond_data2/2026-08-12/cdetections-DOB-1786497300.h5
filtering
No artists with labels found to put in legend.  Note that artists whose label start with an underscore are ignored when legend() is called with no argument.
saved /tmp/latest-rothr_jorn-DOB.png
/home/ionouser/ionozond_data2/2026-08-11/cdetections-DOB-1786406400.h5
/home/ionouser/ionozond_data2/2026-08-11/cdetections-DOB-1786407300.h5
/home/ionouser/ionozond_data2/2026-08-11/cdetections-DOB-1786408200.h5
/home/ionouser/ionozond_data2/2026-08-11/cdetections-DOB-1786409100.h5
/home/ionouser/ionozond_data2/2026-08-11/cdetections-DOB-1786410000.h5
/home/ionouser/ionozond_data2/2026-08-11/cdetections-DOB-1786410900.h5
/home/ionouser/ionozond_data2/2026-08-11/cdetections-DOB-1786411800.h5
/home/ionouser/ionozond_data2/2026-08-11/cdetections-DOB-1786412700.h5
/home/ionouser/ionozond_data2/2026-08-11/cdetections-DOB-1786413600.h5
/home/ionouser/ionozond_data2/2026-08-11/cdetections-DOB-1786414500.h5
/home/ionouser/ionozond_data2/2026-08-11/cdetections-DOB-1786415400.h5
/home/ionouser/ionozond_data2/2026-08-11/cdetections-DOB-1786416300.h5
/home/ionouser/ionozond_data2/2026-08-11/cdetections-DOB-1786417200.h5
/home/ionouser/ionozond_data2/2026-08-11/cdetections-DOB-1786418100.h5
/home/ionouser/ionozond_data2/2026-08-11/cdetections-DOB-1786419000.h5
/home/ionouser/ionozond_data2/2026-08-11/cdetections-DOB-1786419900.h5
/home/ionouser/ionozond_data2/2026-08-11/cdetections-DOB-1786420800.h5
/home/ionouser/ionozond_data2/2026-08-11/cdetections-DOB-1786421700.h5
/home/ionouser/ionozond_data2/2026-08-11/cdetections-DOB-1786422600.h5
/home/ionouser/ionozond_data2/2026-08-11/cdetections-DOB-1786423500.h5
/home/ionouser/ionozond_data2/2026-08-11/cdetections-DOB-1786424400.h5
/home/ionouser/ionozond_data2/2026-08-11/cdetections-DOB-1786425300.h5
/home/ionouser/ionozond_data2/2026-08-11/cdetections-DOB-1786426200.h5
/home/ionouser/ionozond_data2/2026-08-11/cdetections-DOB-1786427100.h5
/home/ionouser/ionozond_data2/2026-08-11/cdetections-DOB-1786428000.h5
/home/ionouser/ionozond_data2/2026-08-11/cdetections-DOB-1786428900.h5
/home/ionouser/ionozond_data2/2026-08-11/cdetections-DOB-1786429800.h5
/home/ionouser/ionozond_data2/2026-08-11/cdetections-DOB-1786430700.h5
/home/ionouser/ionozond_data2/2026-08-11/cdetections-DOB-1786431600.h5
/home/ionouser/ionozond_data2/2026-08-11/cdetections-DOB-1786432500.h5
/home/ionouser/ionozond_data2/2026-08-11/cdetections-DOB-1786433400.h5
/home/ionouser/ionozond_data2/2026-08-11/cdetections-DOB-1786434300.h5
/home/ionouser/ionozond_data2/2026-08-11/cdetections-DOB-1786435200.h5
/home/ionouser/ionozond_data2/2026-08-11/cdetections-DOB-1786436100.h5
/home/ionouser/ionozond_data2/2026-08-11/cdetections-DOB-1786437000.h5
/home/ionouser/ionozond_data2/2026-08-11/cdetections-DOB-1786437900.h5
/home/ionouser/ionozond_data2/2026-08-11/cdetections-DOB-1786438800.h5
/home/ionouser/ionozond_data2/2026-08-11/cdetections-DOB-1786439700.h5
/home/ionouser/ionozond_data2/2026-08-11/cdetections-DOB-1786440600.h5
/home/ionouser/ionozond_data2/2026-08-11/cdetections-DOB-1786441500.h5
/home/ionouser/ionozond_data2/2026-08-11/cdetections-DOB-1786442400.h5
/home/ionouser/ionozond_data2/2026-08-11/cdetections-DOB-1786443300.h5
/home/ionouser/ionozond_data2/2026-08-11/cdetections-DOB-1786444200.h5
/home/ionouser/ionozond_data2/2026-08-11/cdetections-DOB-1786445100.h5
/home/ionouser/ionozond_data2/2026-08-11/cdetections-DOB-1786446000.h5
/home/ionouser/ionozond_data2/2026-08-11/cdetections-DOB-1786446900.h5
/home/ionouser/ionozond_data2/2026-08-11/cdetections-DOB-1786447800.h5
/home/ionouser/ionozond_data2/2026-08-11/cdetections-DOB-1786448700.h5
/home/ionouser/ionozond_data2/2026-08-11/cdetections-DOB-1786449600.h5
/home/ionouser/ionozond_data2/2026-08-11/cdetections-DOB-1786450500.h5
/home/ionouser/ionozond_data2/2026-08-11/cdetections-DOB-1786451400.h5
/home/ionouser/ionozond_data2/2026-08-11/cdetections-DOB-1786452300.h5
/home/ionouser/ionozond_data2/2026-08-11/cdetections-DOB-1786453200.h5
/home/ionouser/ionozond_data2/2026-08-11/cdetections-DOB-1786454100.h5
/home/ionouser/ionozond_data2/2026-08-11/cdetections-DOB-1786455000.h5
/home/ionouser/ionozond_data2/2026-08-11/cdetections-DOB-1786455900.h5
/home/ionouser/ionozond_data2/2026-08-11/cdetections-DOB-1786456800.h5
/home/ionouser/ionozond_data2/2026-08-11/cdetections-DOB-1786457700.h5
/home/ionouser/ionozond_data2/2026-08-11/cdetections-DOB-1786458600.h5
/home/ionouser/ionozond_data2/2026-08-11/cdetections-DOB-1786459500.h5
/home/ionouser/ionozond_data2/2026-08-11/cdetections-DOB-1786460400.h5
/home/ionouser/ionozond_data2/2026-08-11/cdetections-DOB-1786461300.h5
/home/ionouser/ionozond_data2/2026-08-11/cdetections-DOB-1786462200.h5
/home/ionouser/ionozond_data2/2026-08-11/cdetections-DOB-1786463100.h5
/home/ionouser/ionozond_data2/2026-08-11/cdetections-DOB-1786464000.h5
/home/ionouser/ionozond_data2/2026-08-11/cdetections-DOB-1786464900.h5
/home/ionouser/ionozond_data2/2026-08-11/cdetections-DOB-1786465800.h5
/home/ionouser/ionozond_data2/2026-08-11/cdetections-DOB-1786466700.h5
/home/ionouser/ionozond_data2/2026-08-11/cdetections-DOB-1786467600.h5
/home/ionouser/ionozond_data2/2026-08-11/cdetections-DOB-1786468500.h5
/home/ionouser/ionozond_data2/2026-08-11/cdetections-DOB-1786469400.h5
/home/ionouser/ionozond_data2/2026-08-11/cdetections-DOB-1786470300.h5
/home/ionouser/ionozond_data2/2026-08-11/cdetections-DOB-1786471200.h5
/home/ionouser/ionozond_data2/2026-08-11/cdetections-DOB-1786472100.h5
/home/ionouser/ionozond_data2/2026-08-11/cdetections-DOB-1786473000.h5
/home/ionouser/ionozond_data2/2026-08-11/cdetections-DOB-1786473900.h5
/home/ionouser/ionozond_data2/2026-08-11/cdetections-DOB-1786474800.h5
/home/ionouser/ionozond_data2/2026-08-11/cdetections-DOB-1786475700.h5
/home/ionouser/ionozond_data2/2026-08-11/cdetections-DOB-1786476600.h5
/home/ionouser/ionozond_data2/2026-08-11/cdetections-DOB-1786477500.h5
/home/ionouser/ionozond_data2/2026-08-11/cdetections-DOB-1786478400.h5
/home/ionouser/ionozond_data2/2026-08-11/cdetections-DOB-1786479300.h5
/home/ionouser/ionozond_data2/2026-08-11/cdetections-DOB-1786480200.h5
/home/ionouser/ionozond_data2/2026-08-11/cdetections-DOB-1786481100.h5
/home/ionouser/ionozond_data2/2026-08-11/cdetections-DOB-1786482000.h5
/home/ionouser/ionozond_data2/2026-08-11/cdetections-DOB-1786482900.h5
/home/ionouser/ionozond_data2/2026-08-11/cdetections-DOB-1786483800.h5
/home/ionouser/ionozond_data2/2026-08-11/cdetections-DOB-1786484700.h5
/home/ionouser/ionozond_data2/2026-08-11/cdetections-DOB-1786485600.h5
/home/ionouser/ionozond_data2/2026-08-11/cdetections-DOB-1786486500.h5
/home/ionouser/ionozond_data2/2026-08-11/cdetections-DOB-1786487400.h5
/home/ionouser/ionozond_data2/2026-08-11/cdetections-DOB-1786488300.h5
/home/ionouser/ionozond_data2/2026-08-11/cdetections-DOB-1786489200.h5
/home/ionouser/ionozond_data2/2026-08-11/cdetections-DOB-1786490100.h5
/home/ionouser/ionozond_data2/2026-08-11/cdetections-DOB-1786491000.h5
/home/ionouser/ionozond_data2/2026-08-11/cdetections-DOB-1786491900.h5
/home/ionouser/ionozond_data2/2026-08-12/cdetections-DOB-1786492800.h5
/home/ionouser/ionozond_data2/2026-08-12/cdetections-DOB-1786493700.h5
/home/ionouser/ionozond_data2/2026-08-12/cdetections-DOB-1786494600.h5
/home/ionouser/ionozond_data2/2026-08-12/cdetections-DOB-1786495500.h5
/home/ionouser/ionozond_data2/2026-08-12/cdetections-DOB-1786496400.h5
/home/ionouser/ionozond_data2/2026-08-12/cdetections-DOB-1786497300.h5
/home/ionouser/ionozond_data2/2026-08-12/cdetections-DOB-1786498200.h5
filtering
No artists with labels found to put in legend.  Note that artists whose label start with an underscore are ignored when legend() is called with no argument.
saved /tmp/latest-rothr_jorn-DOB.png
/home/ionouser/ionozond_data2/2026-08-11/cdetections-DOB-1786406400.h5
/home/ionouser/ionozond_data2/2026-08-11/cdetections-DOB-1786407300.h5
/home/ionouser/ionozond_data2/2026-08-11/cdetections-DOB-1786408200.h5
/home/ionouser/ionozond_data2/2026-08-11/cdetections-DOB-1786409100.h5
/home/ionouser/ionozond_data2/2026-08-11/cdetections-DOB-1786410000.h5
/home/ionouser/ionozond_data2/2026-08-11/cdetections-DOB-1786410900.h5
/home/ionouser/ionozond_data2/2026-08-11/cdetections-DOB-1786411800.h5
/home/ionouser/ionozond_data2/2026-08-11/cdetections-DOB-1786412700.h5
/home/ionouser/ionozond_data2/2026-08-11/cdetections-DOB-1786413600.h5
/home/ionouser/ionozond_data2/2026-08-11/cdetections-DOB-1786414500.h5
/home/ionouser/ionozond_data2/2026-08-11/cdetections-DOB-1786415400.h5
/home/ionouser/ionozond_data2/2026-08-11/cdetections-DOB-1786416300.h5
/home/ionouser/ionozond_data2/2026-08-11/cdetections-DOB-1786417200.h5
/home/ionouser/ionozond_data2/2026-08-11/cdetections-DOB-1786418100.h5
/home/ionouser/ionozond_data2/2026-08-11/cdetections-DOB-1786419000.h5
/home/ionouser/ionozond_data2/2026-08-11/cdetections-DOB-1786419900.h5
/home/ionouser/ionozond_data2/2026-08-11/cdetections-DOB-1786420800.h5
/home/ionouser/ionozond_data2/2026-08-11/cdetections-DOB-1786421700.h5
/home/ionouser/ionozond_data2/2026-08-11/cdetections-DOB-1786422600.h5
/home/ionouser/ionozond_data2/2026-08-11/cdetections-DOB-1786423500.h5
/home/ionouser/ionozond_data2/2026-08-11/cdetections-DOB-1786424400.h5
/home/ionouser/ionozond_data2/2026-08-11/cdetections-DOB-1786425300.h5
/home/ionouser/ionozond_data2/2026-08-11/cdetections-DOB-1786426200.h5
/home/ionouser/ionozond_data2/2026-08-11/cdetections-DOB-1786427100.h5
/home/ionouser/ionozond_data2/2026-08-11/cdetections-DOB-1786428000.h5
/home/ionouser/ionozond_data2/2026-08-11/cdetections-DOB-1786428900.h5
/home/ionouser/ionozond_data2/2026-08-11/cdetections-DOB-1786429800.h5
/home/ionouser/ionozond_data2/2026-08-11/cdetections-DOB-1786430700.h5
/home/ionouser/ionozond_data2/2026-08-11/cdetections-DOB-1786431600.h5
/home/ionouser/ionozond_data2/2026-08-11/cdetections-DOB-1786432500.h5
/home/ionouser/ionozond_data2/2026-08-11/cdetections-DOB-1786433400.h5
/home/ionouser/ionozond_data2/2026-08-11/cdetections-DOB-1786434300.h5
/home/ionouser/ionozond_data2/2026-08-11/cdetections-DOB-1786435200.h5
/home/ionouser/ionozond_data2/2026-08-11/cdetections-DOB-1786436100.h5
/home/ionouser/ionozond_data2/2026-08-11/cdetections-DOB-1786437000.h5
/home/ionouser/ionozond_data2/2026-08-11/cdetections-DOB-1786437900.h5
/home/ionouser/ionozond_data2/2026-08-11/cdetections-DOB-1786438800.h5
/home/ionouser/ionozond_data2/2026-08-11/cdetections-DOB-1786439700.h5
/home/ionouser/ionozond_data2/2026-08-11/cdetections-DOB-1786440600.h5
/home/ionouser/ionozond_data2/2026-08-11/cdetections-DOB-1786441500.h5
/home/ionouser/ionozond_data2/2026-08-11/cdetections-DOB-1786442400.h5
/home/ionouser/ionozond_data2/2026-08-11/cdetections-DOB-1786443300.h5
/home/ionouser/ionozond_data2/2026-08-11/cdetections-DOB-1786444200.h5
/home/ionouser/ionozond_data2/2026-08-11/cdetections-DOB-1786445100.h5
/home/ionouser/ionozond_data2/2026-08-11/cdetections-DOB-1786446000.h5
/home/ionouser/ionozond_data2/2026-08-11/cdetections-DOB-1786446900.h5
/home/ionouser/ionozond_data2/2026-08-11/cdetections-DOB-1786447800.h5
/home/ionouser/ionozond_data2/2026-08-11/cdetections-DOB-1786448700.h5
/home/ionouser/ionozond_data2/2026-08-11/cdetections-DOB-1786449600.h5
/home/ionouser/ionozond_data2/2026-08-11/cdetections-DOB-1786450500.h5
/home/ionouser/ionozond_data2/2026-08-11/cdetections-DOB-1786451400.h5
/home/ionouser/ionozond_data2/2026-08-11/cdetections-DOB-1786452300.h5
/home/ionouser/ionozond_data2/2026-08-11/cdetections-DOB-1786453200.h5
/home/ionouser/ionozond_data2/2026-08-11/cdetections-DOB-1786454100.h5
/home/ionouser/ionozond_data2/2026-08-11/cdetections-DOB-1786455000.h5
/home/ionouser/ionozond_data2/2026-08-11/cdetections-DOB-1786455900.h5
/home/ionouser/ionozond_data2/2026-08-11/cdetections-DOB-1786456800.h5
/home/ionouser/ionozond_data2/2026-08-11/cdetections-DOB-1786457700.h5
/home/ionouser/ionozond_data2/2026-08-11/cdetections-DOB-1786458600.h5
/home/ionouser/ionozond_data2/2026-08-11/cdetections-DOB-1786459500.h5
/home/ionouser/ionozond_data2/2026-08-11/cdetections-DOB-1786460400.h5
/home/ionouser/ionozond_data2/2026-08-11/cdetections-DOB-1786461300.h5
/home/ionouser/ionozond_data2/2026-08-11/cdetections-DOB-1786462200.h5
/home/ionouser/ionozond_data2/2026-08-11/cdetections-DOB-1786463100.h5
/home/ionouser/ionozond_data2/2026-08-11/cdetections-DOB-1786464000.h5
/home/ionouser/ionozond_data2/2026-08-11/cdetections-DOB-1786464900.h5
/home/ionouser/ionozond_data2/2026-08-11/cdetections-DOB-1786465800.h5
/home/ionouser/ionozond_data2/2026-08-11/cdetections-DOB-1786466700.h5
/home/ionouser/ionozond_data2/2026-08-11/cdetections-DOB-1786467600.h5
/home/ionouser/ionozond_data2/2026-08-11/cdetections-DOB-1786468500.h5
/home/ionouser/ionozond_data2/2026-08-11/cdetections-DOB-1786469400.h5
/home/ionouser/ionozond_data2/2026-08-11/cdetections-DOB-1786470300.h5
/home/ionouser/ionozond_data2/2026-08-11/cdetections-DOB-1786471200.h5
/home/ionouser/ionozond_data2/2026-08-11/cdetections-DOB-1786472100.h5
/home/ionouser/ionozond_data2/2026-08-11/cdetections-DOB-1786473000.h5
/home/ionouser/ionozond_data2/2026-08-11/cdetections-DOB-1786473900.h5
/home/ionouser/ionozond_data2/2026-08-11/cdetections-DOB-1786474800.h5
/home/ionouser/ionozond_data2/2026-08-11/cdetections-DOB-1786475700.h5
/home/ionouser/ionozond_data2/2026-08-11/cdetections-DOB-1786476600.h5
/home/ionouser/ionozond_data2/2026-08-11/cdetections-DOB-1786477500.h5
/home/ionouser/ionozond_data2/2026-08-11/cdetections-DOB-1786478400.h5
/home/ionouser/ionozond_data2/2026-08-11/cdetections-DOB-1786479300.h5
/home/ionouser/ionozond_data2/2026-08-11/cdetections-DOB-1786480200.h5
/home/ionouser/ionozond_data2/2026-08-11/cdetections-DOB-1786481100.h5
/home/ionouser/ionozond_data2/2026-08-11/cdetections-DOB-1786482000.h5
/home/ionouser/ionozond_data2/2026-08-11/cdetections-DOB-1786482900.h5
/home/ionouser/ionozond_data2/2026-08-11/cdetections-DOB-1786483800.h5
/home/ionouser/ionozond_data2/2026-08-11/cdetections-DOB-1786484700.h5
/home/ionouser/ionozond_data2/2026-08-11/cdetections-DOB-1786485600.h5
/home/ionouser/ionozond_data2/2026-08-11/cdetections-DOB-1786486500.h5
/home/ionouser/ionozond_data2/2026-08-11/cdetections-DOB-1786487400.h5
/home/ionouser/ionozond_data2/2026-08-11/cdetections-DOB-1786488300.h5
/home/ionouser/ionozond_data2/2026-08-11/cdetections-DOB-1786489200.h5
/home/ionouser/ionozond_data2/2026-08-11/cdetections-DOB-1786490100.h5
/home/ionouser/ionozond_data2/2026-08-11/cdetections-DOB-1786491000.h5
/home/ionouser/ionozond_data2/2026-08-11/cdetections-DOB-1786491900.h5
/home/ionouser/ionozond_data2/2026-08-12/cdetections-DOB-1786492800.h5
/home/ionouser/ionozond_data2/2026-08-12/cdetections-DOB-1786493700.h5
/home/ionouser/ionozond_data2/2026-08-12/cdetections-DOB-1786494600.h5
/home/ionouser/ionozond_data2/2026-08-12/cdetections-DOB-1786495500.h5
/home/ionouser/ionozond_data2/2026-08-12/cdetections-DOB-1786496400.h5
/home/ionouser/ionozond_data2/2026-08-12/cdetections-DOB-1786497300.h5
/home/ionouser/ionozond_data2/2026-08-12/cdetections-DOB-1786498200.h5
/home/ionouser/ionozond_data2/2026-08-12/cdetections-DOB-1786499100.h5
filtering
No artists with labels found to put in legend.  Note that artists whose label start with an underscore are ignored when legend() is called with no argument.
saved /tmp/latest-rothr_jorn-DOB.png
/home/ionouser/ionozond_data2/2026-08-11/cdetections-DOB-1786406400.h5
/home/ionouser/ionozond_data2/2026-08-11/cdetections-DOB-1786407300.h5
/home/ionouser/ionozond_data2/2026-08-11/cdetections-DOB-1786408200.h5
/home/ionouser/ionozond_data2/2026-08-11/cdetections-DOB-1786409100.h5
/home/ionouser/ionozond_data2/2026-08-11/cdetections-DOB-1786410000.h5
/home/ionouser/ionozond_data2/2026-08-11/cdetections-DOB-1786410900.h5
/home/ionouser/ionozond_data2/2026-08-11/cdetections-DOB-1786411800.h5
/home/ionouser/ionozond_data2/2026-08-11/cdetections-DOB-1786412700.h5
/home/ionouser/ionozond_data2/2026-08-11/cdetections-DOB-1786413600.h5
/home/ionouser/ionozond_data2/2026-08-11/cdetections-DOB-1786414500.h5
/home/ionouser/ionozond_data2/2026-08-11/cdetections-DOB-1786415400.h5
/home/ionouser/ionozond_data2/2026-08-11/cdetections-DOB-1786416300.h5
/home/ionouser/ionozond_data2/2026-08-11/cdetections-DOB-1786417200.h5
/home/ionouser/ionozond_data2/2026-08-11/cdetections-DOB-1786418100.h5
/home/ionouser/ionozond_data2/2026-08-11/cdetections-DOB-1786419000.h5
/home/ionouser/ionozond_data2/2026-08-11/cdetections-DOB-1786419900.h5
/home/ionouser/ionozond_data2/2026-08-11/cdetections-DOB-1786420800.h5
/home/ionouser/ionozond_data2/2026-08-11/cdetections-DOB-1786421700.h5
/home/ionouser/ionozond_data2/2026-08-11/cdetections-DOB-1786422600.h5
/home/ionouser/ionozond_data2/2026-08-11/cdetections-DOB-1786423500.h5
/home/ionouser/ionozond_data2/2026-08-11/cdetections-DOB-1786424400.h5
/home/ionouser/ionozond_data2/2026-08-11/cdetections-DOB-1786425300.h5
/home/ionouser/ionozond_data2/2026-08-11/cdetections-DOB-1786426200.h5
/home/ionouser/ionozond_data2/2026-08-11/cdetections-DOB-1786427100.h5
/home/ionouser/ionozond_data2/2026-08-11/cdetections-DOB-1786428000.h5
/home/ionouser/ionozond_data2/2026-08-11/cdetections-DOB-1786428900.h5
/home/ionouser/ionozond_data2/2026-08-11/cdetections-DOB-1786429800.h5
/home/ionouser/ionozond_data2/2026-08-11/cdetections-DOB-1786430700.h5
/home/ionouser/ionozond_data2/2026-08-11/cdetections-DOB-1786431600.h5
/home/ionouser/ionozond_data2/2026-08-11/cdetections-DOB-1786432500.h5
/home/ionouser/ionozond_data2/2026-08-11/cdetections-DOB-1786433400.h5
/home/ionouser/ionozond_data2/2026-08-11/cdetections-DOB-1786434300.h5
/home/ionouser/ionozond_data2/2026-08-11/cdetections-DOB-1786435200.h5
/home/ionouser/ionozond_data2/2026-08-11/cdetections-DOB-1786436100.h5
/home/ionouser/ionozond_data2/2026-08-11/cdetections-DOB-1786437000.h5
/home/ionouser/ionozond_data2/2026-08-11/cdetections-DOB-1786437900.h5
/home/ionouser/ionozond_data2/2026-08-11/cdetections-DOB-1786438800.h5
/home/ionouser/ionozond_data2/2026-08-11/cdetections-DOB-1786439700.h5
/home/ionouser/ionozond_data2/2026-08-11/cdetections-DOB-1786440600.h5
/home/ionouser/ionozond_data2/2026-08-11/cdetections-DOB-1786441500.h5
/home/ionouser/ionozond_data2/2026-08-11/cdetections-DOB-1786442400.h5
/home/ionouser/ionozond_data2/2026-08-11/cdetections-DOB-1786443300.h5
/home/ionouser/ionozond_data2/2026-08-11/cdetections-DOB-1786444200.h5
/home/ionouser/ionozond_data2/2026-08-11/cdetections-DOB-1786445100.h5
/home/ionouser/ionozond_data2/2026-08-11/cdetections-DOB-1786446000.h5
/home/ionouser/ionozond_data2/2026-08-11/cdetections-DOB-1786446900.h5
/home/ionouser/ionozond_data2/2026-08-11/cdetections-DOB-1786447800.h5
/home/ionouser/ionozond_data2/2026-08-11/cdetections-DOB-1786448700.h5
/home/ionouser/ionozond_data2/2026-08-11/cdetections-DOB-1786449600.h5
/home/ionouser/ionozond_data2/2026-08-11/cdetections-DOB-1786450500.h5
/home/ionouser/ionozond_data2/2026-08-11/cdetections-DOB-1786451400.h5
/home/ionouser/ionozond_data2/2026-08-11/cdetections-DOB-1786452300.h5
/home/ionouser/ionozond_data2/2026-08-11/cdetections-DOB-1786453200.h5
/home/ionouser/ionozond_data2/2026-08-11/cdetections-DOB-1786454100.h5
/home/ionouser/ionozond_data2/2026-08-11/cdetections-DOB-1786455000.h5
/home/ionouser/ionozond_data2/2026-08-11/cdetections-DOB-1786455900.h5
/home/ionouser/ionozond_data2/2026-08-11/cdetections-DOB-1786456800.h5
/home/ionouser/ionozond_data2/2026-08-11/cdetections-DOB-1786457700.h5
/home/ionouser/ionozond_data2/2026-08-11/cdetections-DOB-1786458600.h5
/home/ionouser/ionozond_data2/2026-08-11/cdetections-DOB-1786459500.h5
/home/ionouser/ionozond_data2/2026-08-11/cdetections-DOB-1786460400.h5
/home/ionouser/ionozond_data2/2026-08-11/cdetections-DOB-1786461300.h5
/home/ionouser/ionozond_data2/2026-08-11/cdetections-DOB-1786462200.h5
/home/ionouser/ionozond_data2/2026-08-11/cdetections-DOB-1786463100.h5
/home/ionouser/ionozond_data2/2026-08-11/cdetections-DOB-1786464000.h5
/home/ionouser/ionozond_data2/2026-08-11/cdetections-DOB-1786464900.h5
/home/ionouser/ionozond_data2/2026-08-11/cdetections-DOB-1786465800.h5
/home/ionouser/ionozond_data2/2026-08-11/cdetections-DOB-1786466700.h5
/home/ionouser/ionozond_data2/2026-08-11/cdetections-DOB-1786467600.h5
/home/ionouser/ionozond_data2/2026-08-11/cdetections-DOB-1786468500.h5
/home/ionouser/ionozond_data2/2026-08-11/cdetections-DOB-1786469400.h5
/home/ionouser/ionozond_data2/2026-08-11/cdetections-DOB-1786470300.h5
/home/ionouser/ionozond_data2/2026-08-11/cdetections-DOB-1786471200.h5
/home/ionouser/ionozond_data2/2026-08-11/cdetections-DOB-1786472100.h5
/home/ionouser/ionozond_data2/2026-08-11/cdetections-DOB-1786473000.h5
/home/ionouser/ionozond_data2/2026-08-11/cdetections-DOB-1786473900.h5
/home/ionouser/ionozond_data2/2026-08-11/cdetections-DOB-1786474800.h5
/home/ionouser/ionozond_data2/2026-08-11/cdetections-DOB-1786475700.h5
/home/ionouser/ionozond_data2/2026-08-11/cdetections-DOB-1786476600.h5
/home/ionouser/ionozond_data2/2026-08-11/cdetections-DOB-1786477500.h5
/home/ionouser/ionozond_data2/2026-08-11/cdetections-DOB-1786478400.h5
/home/ionouser/ionozond_data2/2026-08-11/cdetections-DOB-1786479300.h5
/home/ionouser/ionozond_data2/2026-08-11/cdetections-DOB-1786480200.h5
/home/ionouser/ionozond_data2/2026-08-11/cdetections-DOB-1786481100.h5
/home/ionouser/ionozond_data2/2026-08-11/cdetections-DOB-1786482000.h5
/home/ionouser/ionozond_data2/2026-08-11/cdetections-DOB-1786482900.h5
/home/ionouser/ionozond_data2/2026-08-11/cdetections-DOB-1786483800.h5
/home/ionouser/ionozond_data2/2026-08-11/cdetections-DOB-1786484700.h5
/home/ionouser/ionozond_data2/2026-08-11/cdetections-DOB-1786485600.h5
/home/ionouser/ionozond_data2/2026-08-11/cdetections-DOB-1786486500.h5
/home/ionouser/ionozond_data2/2026-08-11/cdetections-DOB-1786487400.h5
/home/ionouser/ionozond_data2/2026-08-11/cdetections-DOB-1786488300.h5
/home/ionouser/ionozond_data2/2026-08-11/cdetections-DOB-1786489200.h5
/home/ionouser/ionozond_data2/2026-08-11/cdetections-DOB-1786490100.h5
/home/ionouser/ionozond_data2/2026-08-11/cdetections-DOB-1786491000.h5
/home/ionouser/ionozond_data2/2026-08-11/cdetections-DOB-1786491900.h5
/home/ionouser/ionozond_data2/2026-08-12/cdetections-DOB-1786492800.h5
/home/ionouser/ionozond_data2/2026-08-12/cdetections-DOB-1786493700.h5
/home/ionouser/ionozond_data2/2026-08-12/cdetections-DOB-1786494600.h5
/home/ionouser/ionozond_data2/2026-08-12/cdetections-DOB-1786495500.h5
/home/ionouser/ionozond_data2/2026-08-12/cdetections-DOB-1786496400.h5
/home/ionouser/ionozond_data2/2026-08-12/cdetections-DOB-1786497300.h5
/home/ionouser/ionozond_data2/2026-08-12/cdetections-DOB-1786498200.h5
/home/ionouser/ionozond_data2/2026-08-12/cdetections-DOB-1786499100.h5
/home/ionouser/ionozond_data2/2026-08-12/cdetections-DOB-1786500000.h5
filtering
No artists with labels found to put in legend.  Note that artists whose label start with an underscore are ignored when legend() is called with no argument.
saved /tmp/latest-rothr_jorn-DOB.png
/home/ionouser/ionozond_data2/2026-08-11/cdetections-DOB-1786406400.h5
/home/ionouser/ionozond_data2/2026-08-11/cdetections-DOB-1786407300.h5
/home/ionouser/ionozond_data2/2026-08-11/cdetections-DOB-1786408200.h5
/home/ionouser/ionozond_data2/2026-08-11/cdetections-DOB-1786409100.h5
/home/ionouser/ionozond_data2/2026-08-11/cdetections-DOB-1786410000.h5
/home/ionouser/ionozond_data2/2026-08-11/cdetections-DOB-1786410900.h5
/home/ionouser/ionozond_data2/2026-08-11/cdetections-DOB-1786411800.h5
/home/ionouser/ionozond_data2/2026-08-11/cdetections-DOB-1786412700.h5
/home/ionouser/ionozond_data2/2026-08-11/cdetections-DOB-1786413600.h5
/home/ionouser/ionozond_data2/2026-08-11/cdetections-DOB-1786414500.h5
/home/ionouser/ionozond_data2/2026-08-11/cdetections-DOB-1786415400.h5
/home/ionouser/ionozond_data2/2026-08-11/cdetections-DOB-1786416300.h5
/home/ionouser/ionozond_data2/2026-08-11/cdetections-DOB-1786417200.h5
/home/ionouser/ionozond_data2/2026-08-11/cdetections-DOB-1786418100.h5
/home/ionouser/ionozond_data2/2026-08-11/cdetections-DOB-1786419000.h5
/home/ionouser/ionozond_data2/2026-08-11/cdetections-DOB-1786419900.h5
/home/ionouser/ionozond_data2/2026-08-11/cdetections-DOB-1786420800.h5
/home/ionouser/ionozond_data2/2026-08-11/cdetections-DOB-1786421700.h5
/home/ionouser/ionozond_data2/2026-08-11/cdetections-DOB-1786422600.h5
/home/ionouser/ionozond_data2/2026-08-11/cdetections-DOB-1786423500.h5
/home/ionouser/ionozond_data2/2026-08-11/cdetections-DOB-1786424400.h5
/home/ionouser/ionozond_data2/2026-08-11/cdetections-DOB-1786425300.h5
/home/ionouser/ionozond_data2/2026-08-11/cdetections-DOB-1786426200.h5
/home/ionouser/ionozond_data2/2026-08-11/cdetections-DOB-1786427100.h5
/home/ionouser/ionozond_data2/2026-08-11/cdetections-DOB-1786428000.h5
/home/ionouser/ionozond_data2/2026-08-11/cdetections-DOB-1786428900.h5
/home/ionouser/ionozond_data2/2026-08-11/cdetections-DOB-1786429800.h5
/home/ionouser/ionozond_data2/2026-08-11/cdetections-DOB-1786430700.h5
/home/ionouser/ionozond_data2/2026-08-11/cdetections-DOB-1786431600.h5
/home/ionouser/ionozond_data2/2026-08-11/cdetections-DOB-1786432500.h5
/home/ionouser/ionozond_data2/2026-08-11/cdetections-DOB-1786433400.h5
/home/ionouser/ionozond_data2/2026-08-11/cdetections-DOB-1786434300.h5
/home/ionouser/ionozond_data2/2026-08-11/cdetections-DOB-1786435200.h5
/home/ionouser/ionozond_data2/2026-08-11/cdetections-DOB-1786436100.h5
/home/ionouser/ionozond_data2/2026-08-11/cdetections-DOB-1786437000.h5
/home/ionouser/ionozond_data2/2026-08-11/cdetections-DOB-1786437900.h5
/home/ionouser/ionozond_data2/2026-08-11/cdetections-DOB-1786438800.h5
/home/ionouser/ionozond_data2/2026-08-11/cdetections-DOB-1786439700.h5
/home/ionouser/ionozond_data2/2026-08-11/cdetections-DOB-1786440600.h5
/home/ionouser/ionozond_data2/2026-08-11/cdetections-DOB-1786441500.h5
/home/ionouser/ionozond_data2/2026-08-11/cdetections-DOB-1786442400.h5
/home/ionouser/ionozond_data2/2026-08-11/cdetections-DOB-1786443300.h5
/home/ionouser/ionozond_data2/2026-08-11/cdetections-DOB-1786444200.h5
/home/ionouser/ionozond_data2/2026-08-11/cdetections-DOB-1786445100.h5
/home/ionouser/ionozond_data2/2026-08-11/cdetections-DOB-1786446000.h5
/home/ionouser/ionozond_data2/2026-08-11/cdetections-DOB-1786446900.h5
/home/ionouser/ionozond_data2/2026-08-11/cdetections-DOB-1786447800.h5
/home/ionouser/ionozond_data2/2026-08-11/cdetections-DOB-1786448700.h5
/home/ionouser/ionozond_data2/2026-08-11/cdetections-DOB-1786449600.h5
/home/ionouser/ionozond_data2/2026-08-11/cdetections-DOB-1786450500.h5
/home/ionouser/ionozond_data2/2026-08-11/cdetections-DOB-1786451400.h5
/home/ionouser/ionozond_data2/2026-08-11/cdetections-DOB-1786452300.h5
/home/ionouser/ionozond_data2/2026-08-11/cdetections-DOB-1786453200.h5
/home/ionouser/ionozond_data2/2026-08-11/cdetections-DOB-1786454100.h5
/home/ionouser/ionozond_data2/2026-08-11/cdetections-DOB-1786455000.h5
/home/ionouser/ionozond_data2/2026-08-11/cdetections-DOB-1786455900.h5
/home/ionouser/ionozond_data2/2026-08-11/cdetections-DOB-1786456800.h5
/home/ionouser/ionozond_data2/2026-08-11/cdetections-DOB-1786457700.h5
/home/ionouser/ionozond_data2/2026-08-11/cdetections-DOB-1786458600.h5
/home/ionouser/ionozond_data2/2026-08-11/cdetections-DOB-1786459500.h5
/home/ionouser/ionozond_data2/2026-08-11/cdetections-DOB-1786460400.h5
/home/ionouser/ionozond_data2/2026-08-11/cdetections-DOB-1786461300.h5
/home/ionouser/ionozond_data2/2026-08-11/cdetections-DOB-1786462200.h5
/home/ionouser/ionozond_data2/2026-08-11/cdetections-DOB-1786463100.h5
/home/ionouser/ionozond_data2/2026-08-11/cdetections-DOB-1786464000.h5
/home/ionouser/ionozond_data2/2026-08-11/cdetections-DOB-1786464900.h5
/home/ionouser/ionozond_data2/2026-08-11/cdetections-DOB-1786465800.h5
/home/ionouser/ionozond_data2/2026-08-11/cdetections-DOB-1786466700.h5
/home/ionouser/ionozond_data2/2026-08-11/cdetections-DOB-1786467600.h5
/home/ionouser/ionozond_data2/2026-08-11/cdetections-DOB-1786468500.h5
/home/ionouser/ionozond_data2/2026-08-11/cdetections-DOB-1786469400.h5
/home/ionouser/ionozond_data2/2026-08-11/cdetections-DOB-1786470300.h5
/home/ionouser/ionozond_data2/2026-08-11/cdetections-DOB-1786471200.h5
/home/ionouser/ionozond_data2/2026-08-11/cdetections-DOB-1786472100.h5
/home/ionouser/ionozond_data2/2026-08-11/cdetections-DOB-1786473000.h5
/home/ionouser/ionozond_data2/2026-08-11/cdetections-DOB-1786473900.h5
/home/ionouser/ionozond_data2/2026-08-11/cdetections-DOB-1786474800.h5
/home/ionouser/ionozond_data2/2026-08-11/cdetections-DOB-1786475700.h5
/home/ionouser/ionozond_data2/2026-08-11/cdetections-DOB-1786476600.h5
/home/ionouser/ionozond_data2/2026-08-11/cdetections-DOB-1786477500.h5
/home/ionouser/ionozond_data2/2026-08-11/cdetections-DOB-1786478400.h5
/home/ionouser/ionozond_data2/2026-08-11/cdetections-DOB-1786479300.h5
/home/ionouser/ionozond_data2/2026-08-11/cdetections-DOB-1786480200.h5
/home/ionouser/ionozond_data2/2026-08-11/cdetections-DOB-1786481100.h5
/home/ionouser/ionozond_data2/2026-08-11/cdetections-DOB-1786482000.h5
/home/ionouser/ionozond_data2/2026-08-11/cdetections-DOB-1786482900.h5
/home/ionouser/ionozond_data2/2026-08-11/cdetections-DOB-1786483800.h5
/home/ionouser/ionozond_data2/2026-08-11/cdetections-DOB-1786484700.h5
/home/ionouser/ionozond_data2/2026-08-11/cdetections-DOB-1786485600.h5
/home/ionouser/ionozond_data2/2026-08-11/cdetections-DOB-1786486500.h5
/home/ionouser/ionozond_data2/2026-08-11/cdetections-DOB-1786487400.h5
/home/ionouser/ionozond_data2/2026-08-11/cdetections-DOB-1786488300.h5
/home/ionouser/ionozond_data2/2026-08-11/cdetections-DOB-1786489200.h5
/home/ionouser/ionozond_data2/2026-08-11/cdetections-DOB-1786490100.h5
/home/ionouser/ionozond_data2/2026-08-11/cdetections-DOB-1786491000.h5
/home/ionouser/ionozond_data2/2026-08-11/cdetections-DOB-1786491900.h5
/home/ionouser/ionozond_data2/2026-08-12/cdetections-DOB-1786492800.h5
/home/ionouser/ionozond_data2/2026-08-12/cdetections-DOB-1786493700.h5
/home/ionouser/ionozond_data2/2026-08-12/cdetections-DOB-1786494600.h5
/home/ionouser/ionozond_data2/2026-08-12/cdetections-DOB-1786495500.h5
/home/ionouser/ionozond_data2/2026-08-12/cdetections-DOB-1786496400.h5
/home/ionouser/ionozond_data2/2026-08-12/cdetections-DOB-1786497300.h5
/home/ionouser/ionozond_data2/2026-08-12/cdetections-DOB-1786498200.h5
/home/ionouser/ionozond_data2/2026-08-12/cdetections-DOB-1786499100.h5
/home/ionouser/ionozond_data2/2026-08-12/cdetections-DOB-1786500000.h5
/home/ionouser/ionozond_data2/2026-08-12/cdetections-DOB-1786500900.h5
filtering
No artists with labels found to put in legend.  Note that artists whose label start with an underscore are ignored when legend() is called with no argument.
saved /tmp/latest-rothr_jorn-DOB.png
/home/ionouser/ionozond_data2/2026-08-11/cdetections-DOB-1786406400.h5
/home/ionouser/ionozond_data2/2026-08-11/cdetections-DOB-1786407300.h5
/home/ionouser/ionozond_data2/2026-08-11/cdetections-DOB-1786408200.h5
/home/ionouser/ionozond_data2/2026-08-11/cdetections-DOB-1786409100.h5
/home/ionouser/ionozond_data2/2026-08-11/cdetections-DOB-1786410000.h5
/home/ionouser/ionozond_data2/2026-08-11/cdetections-DOB-1786410900.h5
/home/ionouser/ionozond_data2/2026-08-11/cdetections-DOB-1786411800.h5
/home/ionouser/ionozond_data2/2026-08-11/cdetections-DOB-1786412700.h5
/home/ionouser/ionozond_data2/2026-08-11/cdetections-DOB-1786413600.h5
/home/ionouser/ionozond_data2/2026-08-11/cdetections-DOB-1786414500.h5
/home/ionouser/ionozond_data2/2026-08-11/cdetections-DOB-1786415400.h5
/home/ionouser/ionozond_data2/2026-08-11/cdetections-DOB-1786416300.h5
/home/ionouser/ionozond_data2/2026-08-11/cdetections-DOB-1786417200.h5
/home/ionouser/ionozond_data2/2026-08-11/cdetections-DOB-1786418100.h5
/home/ionouser/ionozond_data2/2026-08-11/cdetections-DOB-1786419000.h5
/home/ionouser/ionozond_data2/2026-08-11/cdetections-DOB-1786419900.h5
/home/ionouser/ionozond_data2/2026-08-11/cdetections-DOB-1786420800.h5
/home/ionouser/ionozond_data2/2026-08-11/cdetections-DOB-1786421700.h5
/home/ionouser/ionozond_data2/2026-08-11/cdetections-DOB-1786422600.h5
/home/ionouser/ionozond_data2/2026-08-11/cdetections-DOB-1786423500.h5
/home/ionouser/ionozond_data2/2026-08-11/cdetections-DOB-1786424400.h5
/home/ionouser/ionozond_data2/2026-08-11/cdetections-DOB-1786425300.h5
/home/ionouser/ionozond_data2/2026-08-11/cdetections-DOB-1786426200.h5
/home/ionouser/ionozond_data2/2026-08-11/cdetections-DOB-1786427100.h5
/home/ionouser/ionozond_data2/2026-08-11/cdetections-DOB-1786428000.h5
/home/ionouser/ionozond_data2/2026-08-11/cdetections-DOB-1786428900.h5
/home/ionouser/ionozond_data2/2026-08-11/cdetections-DOB-1786429800.h5
/home/ionouser/ionozond_data2/2026-08-11/cdetections-DOB-1786430700.h5
/home/ionouser/ionozond_data2/2026-08-11/cdetections-DOB-1786431600.h5
/home/ionouser/ionozond_data2/2026-08-11/cdetections-DOB-1786432500.h5
/home/ionouser/ionozond_data2/2026-08-11/cdetections-DOB-1786433400.h5
/home/ionouser/ionozond_data2/2026-08-11/cdetections-DOB-1786434300.h5
/home/ionouser/ionozond_data2/2026-08-11/cdetections-DOB-1786435200.h5
/home/ionouser/ionozond_data2/2026-08-11/cdetections-DOB-1786436100.h5
/home/ionouser/ionozond_data2/2026-08-11/cdetections-DOB-1786437000.h5
/home/ionouser/ionozond_data2/2026-08-11/cdetections-DOB-1786437900.h5
/home/ionouser/ionozond_data2/2026-08-11/cdetections-DOB-1786438800.h5
/home/ionouser/ionozond_data2/2026-08-11/cdetections-DOB-1786439700.h5
/home/ionouser/ionozond_data2/2026-08-11/cdetections-DOB-1786440600.h5
/home/ionouser/ionozond_data2/2026-08-11/cdetections-DOB-1786441500.h5
/home/ionouser/ionozond_data2/2026-08-11/cdetections-DOB-1786442400.h5
/home/ionouser/ionozond_data2/2026-08-11/cdetections-DOB-1786443300.h5
/home/ionouser/ionozond_data2/2026-08-11/cdetections-DOB-1786444200.h5
/home/ionouser/ionozond_data2/2026-08-11/cdetections-DOB-1786445100.h5
/home/ionouser/ionozond_data2/2026-08-11/cdetections-DOB-1786446000.h5
/home/ionouser/ionozond_data2/2026-08-11/cdetections-DOB-1786446900.h5
/home/ionouser/ionozond_data2/2026-08-11/cdetections-DOB-1786447800.h5
/home/ionouser/ionozond_data2/2026-08-11/cdetections-DOB-1786448700.h5
/home/ionouser/ionozond_data2/2026-08-11/cdetections-DOB-1786449600.h5
/home/ionouser/ionozond_data2/2026-08-11/cdetections-DOB-1786450500.h5
/home/ionouser/ionozond_data2/2026-08-11/cdetections-DOB-1786451400.h5
/home/ionouser/ionozond_data2/2026-08-11/cdetections-DOB-1786452300.h5
/home/ionouser/ionozond_data2/2026-08-11/cdetections-DOB-1786453200.h5
/home/ionouser/ionozond_data2/2026-08-11/cdetections-DOB-1786454100.h5
/home/ionouser/ionozond_data2/2026-08-11/cdetections-DOB-1786455000.h5
/home/ionouser/ionozond_data2/2026-08-11/cdetections-DOB-1786455900.h5
/home/ionouser/ionozond_data2/2026-08-11/cdetections-DOB-1786456800.h5
/home/ionouser/ionozond_data2/2026-08-11/cdetections-DOB-1786457700.h5
/home/ionouser/ionozond_data2/2026-08-11/cdetections-DOB-1786458600.h5
/home/ionouser/ionozond_data2/2026-08-11/cdetections-DOB-1786459500.h5
/home/ionouser/ionozond_data2/2026-08-11/cdetections-DOB-1786460400.h5
/home/ionouser/ionozond_data2/2026-08-11/cdetections-DOB-1786461300.h5
/home/ionouser/ionozond_data2/2026-08-11/cdetections-DOB-1786462200.h5
/home/ionouser/ionozond_data2/2026-08-11/cdetections-DOB-1786463100.h5
/home/ionouser/ionozond_data2/2026-08-11/cdetections-DOB-1786464000.h5
/home/ionouser/ionozond_data2/2026-08-11/cdetections-DOB-1786464900.h5
/home/ionouser/ionozond_data2/2026-08-11/cdetections-DOB-1786465800.h5
/home/ionouser/ionozond_data2/2026-08-11/cdetections-DOB-1786466700.h5
/home/ionouser/ionozond_data2/2026-08-11/cdetections-DOB-1786467600.h5
/home/ionouser/ionozond_data2/2026-08-11/cdetections-DOB-1786468500.h5
/home/ionouser/ionozond_data2/2026-08-11/cdetections-DOB-1786469400.h5
/home/ionouser/ionozond_data2/2026-08-11/cdetections-DOB-1786470300.h5
/home/ionouser/ionozond_data2/2026-08-11/cdetections-DOB-1786471200.h5
/home/ionouser/ionozond_data2/2026-08-11/cdetections-DOB-1786472100.h5
/home/ionouser/ionozond_data2/2026-08-11/cdetections-DOB-1786473000.h5
/home/ionouser/ionozond_data2/2026-08-11/cdetections-DOB-1786473900.h5
/home/ionouser/ionozond_data2/2026-08-11/cdetections-DOB-1786474800.h5
/home/ionouser/ionozond_data2/2026-08-11/cdetections-DOB-1786475700.h5
/home/ionouser/ionozond_data2/2026-08-11/cdetections-DOB-1786476600.h5
/home/ionouser/ionozond_data2/2026-08-11/cdetections-DOB-1786477500.h5
/home/ionouser/ionozond_data2/2026-08-11/cdetections-DOB-1786478400.h5
/home/ionouser/ionozond_data2/2026-08-11/cdetections-DOB-1786479300.h5
/home/ionouser/ionozond_data2/2026-08-11/cdetections-DOB-1786480200.h5
/home/ionouser/ionozond_data2/2026-08-11/cdetections-DOB-1786481100.h5
/home/ionouser/ionozond_data2/2026-08-11/cdetections-DOB-1786482000.h5
/home/ionouser/ionozond_data2/2026-08-11/cdetections-DOB-1786482900.h5
/home/ionouser/ionozond_data2/2026-08-11/cdetections-DOB-1786483800.h5
/home/ionouser/ionozond_data2/2026-08-11/cdetections-DOB-1786484700.h5
/home/ionouser/ionozond_data2/2026-08-11/cdetections-DOB-1786485600.h5
/home/ionouser/ionozond_data2/2026-08-11/cdetections-DOB-1786486500.h5
/home/ionouser/ionozond_data2/2026-08-11/cdetections-DOB-1786487400.h5
/home/ionouser/ionozond_data2/2026-08-11/cdetections-DOB-1786488300.h5
/home/ionouser/ionozond_data2/2026-08-11/cdetections-DOB-1786489200.h5
/home/ionouser/ionozond_data2/2026-08-11/cdetections-DOB-1786490100.h5
/home/ionouser/ionozond_data2/2026-08-11/cdetections-DOB-1786491000.h5
/home/ionouser/ionozond_data2/2026-08-11/cdetections-DOB-1786491900.h5
/home/ionouser/ionozond_data2/2026-08-12/cdetections-DOB-1786492800.h5
/home/ionouser/ionozond_data2/2026-08-12/cdetections-DOB-1786493700.h5
/home/ionouser/ionozond_data2/2026-08-12/cdetections-DOB-1786494600.h5
/home/ionouser/ionozond_data2/2026-08-12/cdetections-DOB-1786495500.h5
/home/ionouser/ionozond_data2/2026-08-12/cdetections-DOB-1786496400.h5
/home/ionouser/ionozond_data2/2026-08-12/cdetections-DOB-1786497300.h5
/home/ionouser/ionozond_data2/2026-08-12/cdetections-DOB-1786498200.h5
/home/ionouser/ionozond_data2/2026-08-12/cdetections-DOB-1786499100.h5
/home/ionouser/ionozond_data2/2026-08-12/cdetections-DOB-1786500000.h5
/home/ionouser/ionozond_data2/2026-08-12/cdetections-DOB-1786500900.h5
/home/ionouser/ionozond_data2/2026-08-12/cdetections-DOB-1786501800.h5
filtering
No artists with labels found to put in legend.  Note that artists whose label start with an underscore are ignored when legend() is called with no argument.
saved /tmp/latest-rothr_jorn-DOB.png
/home/ionouser/ionozond_data2/2026-08-11/cdetections-DOB-1786406400.h5
/home/ionouser/ionozond_data2/2026-08-11/cdetections-DOB-1786407300.h5
/home/ionouser/ionozond_data2/2026-08-11/cdetections-DOB-1786408200.h5
/home/ionouser/ionozond_data2/2026-08-11/cdetections-DOB-1786409100.h5
/home/ionouser/ionozond_data2/2026-08-11/cdetections-DOB-1786410000.h5
/home/ionouser/ionozond_data2/2026-08-11/cdetections-DOB-1786410900.h5
/home/ionouser/ionozond_data2/2026-08-11/cdetections-DOB-1786411800.h5
/home/ionouser/ionozond_data2/2026-08-11/cdetections-DOB-1786412700.h5
/home/ionouser/ionozond_data2/2026-08-11/cdetections-DOB-1786413600.h5
/home/ionouser/ionozond_data2/2026-08-11/cdetections-DOB-1786414500.h5
/home/ionouser/ionozond_data2/2026-08-11/cdetections-DOB-1786415400.h5
/home/ionouser/ionozond_data2/2026-08-11/cdetections-DOB-1786416300.h5
/home/ionouser/ionozond_data2/2026-08-11/cdetections-DOB-1786417200.h5
/home/ionouser/ionozond_data2/2026-08-11/cdetections-DOB-1786418100.h5
/home/ionouser/ionozond_data2/2026-08-11/cdetections-DOB-1786419000.h5
/home/ionouser/ionozond_data2/2026-08-11/cdetections-DOB-1786419900.h5
/home/ionouser/ionozond_data2/2026-08-11/cdetections-DOB-1786420800.h5
/home/ionouser/ionozond_data2/2026-08-11/cdetections-DOB-1786421700.h5
/home/ionouser/ionozond_data2/2026-08-11/cdetections-DOB-1786422600.h5
/home/ionouser/ionozond_data2/2026-08-11/cdetections-DOB-1786423500.h5
/home/ionouser/ionozond_data2/2026-08-11/cdetections-DOB-1786424400.h5
/home/ionouser/ionozond_data2/2026-08-11/cdetections-DOB-1786425300.h5
/home/ionouser/ionozond_data2/2026-08-11/cdetections-DOB-1786426200.h5
/home/ionouser/ionozond_data2/2026-08-11/cdetections-DOB-1786427100.h5
/home/ionouser/ionozond_data2/2026-08-11/cdetections-DOB-1786428000.h5
/home/ionouser/ionozond_data2/2026-08-11/cdetections-DOB-1786428900.h5
/home/ionouser/ionozond_data2/2026-08-11/cdetections-DOB-1786429800.h5
/home/ionouser/ionozond_data2/2026-08-11/cdetections-DOB-1786430700.h5
/home/ionouser/ionozond_data2/2026-08-11/cdetections-DOB-1786431600.h5
/home/ionouser/ionozond_data2/2026-08-11/cdetections-DOB-1786432500.h5
/home/ionouser/ionozond_data2/2026-08-11/cdetections-DOB-1786433400.h5
/home/ionouser/ionozond_data2/2026-08-11/cdetections-DOB-1786434300.h5
/home/ionouser/ionozond_data2/2026-08-11/cdetections-DOB-1786435200.h5
/home/ionouser/ionozond_data2/2026-08-11/cdetections-DOB-1786436100.h5
/home/ionouser/ionozond_data2/2026-08-11/cdetections-DOB-1786437000.h5
/home/ionouser/ionozond_data2/2026-08-11/cdetections-DOB-1786437900.h5
/home/ionouser/ionozond_data2/2026-08-11/cdetections-DOB-1786438800.h5
/home/ionouser/ionozond_data2/2026-08-11/cdetections-DOB-1786439700.h5
/home/ionouser/ionozond_data2/2026-08-11/cdetections-DOB-1786440600.h5
/home/ionouser/ionozond_data2/2026-08-11/cdetections-DOB-1786441500.h5
/home/ionouser/ionozond_data2/2026-08-11/cdetections-DOB-1786442400.h5
/home/ionouser/ionozond_data2/2026-08-11/cdetections-DOB-1786443300.h5
/home/ionouser/ionozond_data2/2026-08-11/cdetections-DOB-1786444200.h5
/home/ionouser/ionozond_data2/2026-08-11/cdetections-DOB-1786445100.h5
/home/ionouser/ionozond_data2/2026-08-11/cdetections-DOB-1786446000.h5
/home/ionouser/ionozond_data2/2026-08-11/cdetections-DOB-1786446900.h5
/home/ionouser/ionozond_data2/2026-08-11/cdetections-DOB-1786447800.h5
/home/ionouser/ionozond_data2/2026-08-11/cdetections-DOB-1786448700.h5
/home/ionouser/ionozond_data2/2026-08-11/cdetections-DOB-1786449600.h5
/home/ionouser/ionozond_data2/2026-08-11/cdetections-DOB-1786450500.h5
/home/ionouser/ionozond_data2/2026-08-11/cdetections-DOB-1786451400.h5
/home/ionouser/ionozond_data2/2026-08-11/cdetections-DOB-1786452300.h5
/home/ionouser/ionozond_data2/2026-08-11/cdetections-DOB-1786453200.h5
/home/ionouser/ionozond_data2/2026-08-11/cdetections-DOB-1786454100.h5
/home/ionouser/ionozond_data2/2026-08-11/cdetections-DOB-1786455000.h5
/home/ionouser/ionozond_data2/2026-08-11/cdetections-DOB-1786455900.h5
/home/ionouser/ionozond_data2/2026-08-11/cdetections-DOB-1786456800.h5
/home/ionouser/ionozond_data2/2026-08-11/cdetections-DOB-1786457700.h5
/home/ionouser/ionozond_data2/2026-08-11/cdetections-DOB-1786458600.h5
/home/ionouser/ionozond_data2/2026-08-11/cdetections-DOB-1786459500.h5
/home/ionouser/ionozond_data2/2026-08-11/cdetections-DOB-1786460400.h5
/home/ionouser/ionozond_data2/2026-08-11/cdetections-DOB-1786461300.h5
/home/ionouser/ionozond_data2/2026-08-11/cdetections-DOB-1786462200.h5
/home/ionouser/ionozond_data2/2026-08-11/cdetections-DOB-1786463100.h5
/home/ionouser/ionozond_data2/2026-08-11/cdetections-DOB-1786464000.h5
/home/ionouser/ionozond_data2/2026-08-11/cdetections-DOB-1786464900.h5
/home/ionouser/ionozond_data2/2026-08-11/cdetections-DOB-1786465800.h5
/home/ionouser/ionozond_data2/2026-08-11/cdetections-DOB-1786466700.h5
/home/ionouser/ionozond_data2/2026-08-11/cdetections-DOB-1786467600.h5
/home/ionouser/ionozond_data2/2026-08-11/cdetections-DOB-1786468500.h5
/home/ionouser/ionozond_data2/2026-08-11/cdetections-DOB-1786469400.h5
/home/ionouser/ionozond_data2/2026-08-11/cdetections-DOB-1786470300.h5
/home/ionouser/ionozond_data2/2026-08-11/cdetections-DOB-1786471200.h5
/home/ionouser/ionozond_data2/2026-08-11/cdetections-DOB-1786472100.h5
/home/ionouser/ionozond_data2/2026-08-11/cdetections-DOB-1786473000.h5
/home/ionouser/ionozond_data2/2026-08-11/cdetections-DOB-1786473900.h5
/home/ionouser/ionozond_data2/2026-08-11/cdetections-DOB-1786474800.h5
/home/ionouser/ionozond_data2/2026-08-11/cdetections-DOB-1786475700.h5
/home/ionouser/ionozond_data2/2026-08-11/cdetections-DOB-1786476600.h5
/home/ionouser/ionozond_data2/2026-08-11/cdetections-DOB-1786477500.h5
/home/ionouser/ionozond_data2/2026-08-11/cdetections-DOB-1786478400.h5
/home/ionouser/ionozond_data2/2026-08-11/cdetections-DOB-1786479300.h5
/home/ionouser/ionozond_data2/2026-08-11/cdetections-DOB-1786480200.h5
/home/ionouser/ionozond_data2/2026-08-11/cdetections-DOB-1786481100.h5
/home/ionouser/ionozond_data2/2026-08-11/cdetections-DOB-1786482000.h5
/home/ionouser/ionozond_data2/2026-08-11/cdetections-DOB-1786482900.h5
/home/ionouser/ionozond_data2/2026-08-11/cdetections-DOB-1786483800.h5
/home/ionouser/ionozond_data2/2026-08-11/cdetections-DOB-1786484700.h5
/home/ionouser/ionozond_data2/2026-08-11/cdetections-DOB-1786485600.h5
/home/ionouser/ionozond_data2/2026-08-11/cdetections-DOB-1786486500.h5
/home/ionouser/ionozond_data2/2026-08-11/cdetections-DOB-1786487400.h5
/home/ionouser/ionozond_data2/2026-08-11/cdetections-DOB-1786488300.h5
/home/ionouser/ionozond_data2/2026-08-11/cdetections-DOB-1786489200.h5
/home/ionouser/ionozond_data2/2026-08-11/cdetections-DOB-1786490100.h5
/home/ionouser/ionozond_data2/2026-08-11/cdetections-DOB-1786491000.h5
/home/ionouser/ionozond_data2/2026-08-11/cdetections-DOB-1786491900.h5
/home/ionouser/ionozond_data2/2026-08-12/cdetections-DOB-1786492800.h5
/home/ionouser/ionozond_data2/2026-08-12/cdetections-DOB-1786493700.h5
/home/ionouser/ionozond_data2/2026-08-12/cdetections-DOB-1786494600.h5
/home/ionouser/ionozond_data2/2026-08-12/cdetections-DOB-1786495500.h5
/home/ionouser/ionozond_data2/2026-08-12/cdetections-DOB-1786496400.h5
/home/ionouser/ionozond_data2/2026-08-12/cdetections-DOB-1786497300.h5
/home/ionouser/ionozond_data2/2026-08-12/cdetections-DOB-1786498200.h5
/home/ionouser/ionozond_data2/2026-08-12/cdetections-DOB-1786499100.h5
/home/ionouser/ionozond_data2/2026-08-12/cdetections-DOB-1786500000.h5
/home/ionouser/ionozond_data2/2026-08-12/cdetections-DOB-1786500900.h5
/home/ionouser/ionozond_data2/2026-08-12/cdetections-DOB-1786501800.h5
/home/ionouser/ionozond_data2/2026-08-12/cdetections-DOB-1786502700.h5
filtering
No artists with labels found to put in legend.  Note that artists whose label start with an underscore are ignored when legend() is called with no argument.
saved /tmp/latest-rothr_jorn-DOB.png
/home/ionouser/ionozond_data2/2026-08-11/cdetections-DOB-1786406400.h5
/home/ionouser/ionozond_data2/2026-08-11/cdetections-DOB-1786407300.h5
/home/ionouser/ionozond_data2/2026-08-11/cdetections-DOB-1786408200.h5
/home/ionouser/ionozond_data2/2026-08-11/cdetections-DOB-1786409100.h5
/home/ionouser/ionozond_data2/2026-08-11/cdetections-DOB-1786410000.h5
/home/ionouser/ionozond_data2/2026-08-11/cdetections-DOB-1786410900.h5
/home/ionouser/ionozond_data2/2026-08-11/cdetections-DOB-1786411800.h5
/home/ionouser/ionozond_data2/2026-08-11/cdetections-DOB-1786412700.h5
/home/ionouser/ionozond_data2/2026-08-11/cdetections-DOB-1786413600.h5
/home/ionouser/ionozond_data2/2026-08-11/cdetections-DOB-1786414500.h5
/home/ionouser/ionozond_data2/2026-08-11/cdetections-DOB-1786415400.h5
/home/ionouser/ionozond_data2/2026-08-11/cdetections-DOB-1786416300.h5
/home/ionouser/ionozond_data2/2026-08-11/cdetections-DOB-1786417200.h5
/home/ionouser/ionozond_data2/2026-08-11/cdetections-DOB-1786418100.h5
/home/ionouser/ionozond_data2/2026-08-11/cdetections-DOB-1786419000.h5
/home/ionouser/ionozond_data2/2026-08-11/cdetections-DOB-1786419900.h5
/home/ionouser/ionozond_data2/2026-08-11/cdetections-DOB-1786420800.h5
/home/ionouser/ionozond_data2/2026-08-11/cdetections-DOB-1786421700.h5
/home/ionouser/ionozond_data2/2026-08-11/cdetections-DOB-1786422600.h5
/home/ionouser/ionozond_data2/2026-08-11/cdetections-DOB-1786423500.h5
/home/ionouser/ionozond_data2/2026-08-11/cdetections-DOB-1786424400.h5
/home/ionouser/ionozond_data2/2026-08-11/cdetections-DOB-1786425300.h5
/home/ionouser/ionozond_data2/2026-08-11/cdetections-DOB-1786426200.h5
/home/ionouser/ionozond_data2/2026-08-11/cdetections-DOB-1786427100.h5
/home/ionouser/ionozond_data2/2026-08-11/cdetections-DOB-1786428000.h5
/home/ionouser/ionozond_data2/2026-08-11/cdetections-DOB-1786428900.h5
/home/ionouser/ionozond_data2/2026-08-11/cdetections-DOB-1786429800.h5
/home/ionouser/ionozond_data2/2026-08-11/cdetections-DOB-1786430700.h5
/home/ionouser/ionozond_data2/2026-08-11/cdetections-DOB-1786431600.h5
/home/ionouser/ionozond_data2/2026-08-11/cdetections-DOB-1786432500.h5
/home/ionouser/ionozond_data2/2026-08-11/cdetections-DOB-1786433400.h5
/home/ionouser/ionozond_data2/2026-08-11/cdetections-DOB-1786434300.h5
/home/ionouser/ionozond_data2/2026-08-11/cdetections-DOB-1786435200.h5
/home/ionouser/ionozond_data2/2026-08-11/cdetections-DOB-1786436100.h5
/home/ionouser/ionozond_data2/2026-08-11/cdetections-DOB-1786437000.h5
/home/ionouser/ionozond_data2/2026-08-11/cdetections-DOB-1786437900.h5
/home/ionouser/ionozond_data2/2026-08-11/cdetections-DOB-1786438800.h5
/home/ionouser/ionozond_data2/2026-08-11/cdetections-DOB-1786439700.h5
/home/ionouser/ionozond_data2/2026-08-11/cdetections-DOB-1786440600.h5
/home/ionouser/ionozond_data2/2026-08-11/cdetections-DOB-1786441500.h5
/home/ionouser/ionozond_data2/2026-08-11/cdetections-DOB-1786442400.h5
/home/ionouser/ionozond_data2/2026-08-11/cdetections-DOB-1786443300.h5
/home/ionouser/ionozond_data2/2026-08-11/cdetections-DOB-1786444200.h5
/home/ionouser/ionozond_data2/2026-08-11/cdetections-DOB-1786445100.h5
/home/ionouser/ionozond_data2/2026-08-11/cdetections-DOB-1786446000.h5
/home/ionouser/ionozond_data2/2026-08-11/cdetections-DOB-1786446900.h5
/home/ionouser/ionozond_data2/2026-08-11/cdetections-DOB-1786447800.h5
/home/ionouser/ionozond_data2/2026-08-11/cdetections-DOB-1786448700.h5
/home/ionouser/ionozond_data2/2026-08-11/cdetections-DOB-1786449600.h5
/home/ionouser/ionozond_data2/2026-08-11/cdetections-DOB-1786450500.h5
/home/ionouser/ionozond_data2/2026-08-11/cdetections-DOB-1786451400.h5
/home/ionouser/ionozond_data2/2026-08-11/cdetections-DOB-1786452300.h5
/home/ionouser/ionozond_data2/2026-08-11/cdetections-DOB-1786453200.h5
/home/ionouser/ionozond_data2/2026-08-11/cdetections-DOB-1786454100.h5
/home/ionouser/ionozond_data2/2026-08-11/cdetections-DOB-1786455000.h5
/home/ionouser/ionozond_data2/2026-08-11/cdetections-DOB-1786455900.h5
/home/ionouser/ionozond_data2/2026-08-11/cdetections-DOB-1786456800.h5
/home/ionouser/ionozond_data2/2026-08-11/cdetections-DOB-1786457700.h5
/home/ionouser/ionozond_data2/2026-08-11/cdetections-DOB-1786458600.h5
/home/ionouser/ionozond_data2/2026-08-11/cdetections-DOB-1786459500.h5
/home/ionouser/ionozond_data2/2026-08-11/cdetections-DOB-1786460400.h5
/home/ionouser/ionozond_data2/2026-08-11/cdetections-DOB-1786461300.h5
/home/ionouser/ionozond_data2/2026-08-11/cdetections-DOB-1786462200.h5
/home/ionouser/ionozond_data2/2026-08-11/cdetections-DOB-1786463100.h5
/home/ionouser/ionozond_data2/2026-08-11/cdetections-DOB-1786464000.h5
/home/ionouser/ionozond_data2/2026-08-11/cdetections-DOB-1786464900.h5
/home/ionouser/ionozond_data2/2026-08-11/cdetections-DOB-1786465800.h5
/home/ionouser/ionozond_data2/2026-08-11/cdetections-DOB-1786466700.h5
/home/ionouser/ionozond_data2/2026-08-11/cdetections-DOB-1786467600.h5
/home/ionouser/ionozond_data2/2026-08-11/cdetections-DOB-1786468500.h5
/home/ionouser/ionozond_data2/2026-08-11/cdetections-DOB-1786469400.h5
/home/ionouser/ionozond_data2/2026-08-11/cdetections-DOB-1786470300.h5
/home/ionouser/ionozond_data2/2026-08-11/cdetections-DOB-1786471200.h5
/home/ionouser/ionozond_data2/2026-08-11/cdetections-DOB-1786472100.h5
/home/ionouser/ionozond_data2/2026-08-11/cdetections-DOB-1786473000.h5
/home/ionouser/ionozond_data2/2026-08-11/cdetections-DOB-1786473900.h5
/home/ionouser/ionozond_data2/2026-08-11/cdetections-DOB-1786474800.h5
/home/ionouser/ionozond_data2/2026-08-11/cdetections-DOB-1786475700.h5
/home/ionouser/ionozond_data2/2026-08-11/cdetections-DOB-1786476600.h5
/home/ionouser/ionozond_data2/2026-08-11/cdetections-DOB-1786477500.h5
/home/ionouser/ionozond_data2/2026-08-11/cdetections-DOB-1786478400.h5
/home/ionouser/ionozond_data2/2026-08-11/cdetections-DOB-1786479300.h5
/home/ionouser/ionozond_data2/2026-08-11/cdetections-DOB-1786480200.h5
/home/ionouser/ionozond_data2/2026-08-11/cdetections-DOB-1786481100.h5
/home/ionouser/ionozond_data2/2026-08-11/cdetections-DOB-1786482000.h5
/home/ionouser/ionozond_data2/2026-08-11/cdetections-DOB-1786482900.h5
/home/ionouser/ionozond_data2/2026-08-11/cdetections-DOB-1786483800.h5
/home/ionouser/ionozond_data2/2026-08-11/cdetections-DOB-1786484700.h5
/home/ionouser/ionozond_data2/2026-08-11/cdetections-DOB-1786485600.h5
/home/ionouser/ionozond_data2/2026-08-11/cdetections-DOB-1786486500.h5
/home/ionouser/ionozond_data2/2026-08-11/cdetections-DOB-1786487400.h5
/home/ionouser/ionozond_data2/2026-08-11/cdetections-DOB-1786488300.h5
/home/ionouser/ionozond_data2/2026-08-11/cdetections-DOB-1786489200.h5
/home/ionouser/ionozond_data2/2026-08-11/cdetections-DOB-1786490100.h5
/home/ionouser/ionozond_data2/2026-08-11/cdetections-DOB-1786491000.h5
/home/ionouser/ionozond_data2/2026-08-11/cdetections-DOB-1786491900.h5
/home/ionouser/ionozond_data2/2026-08-12/cdetections-DOB-1786492800.h5
/home/ionouser/ionozond_data2/2026-08-12/cdetections-DOB-1786493700.h5
/home/ionouser/ionozond_data2/2026-08-12/cdetections-DOB-1786494600.h5
/home/ionouser/ionozond_data2/2026-08-12/cdetections-DOB-1786495500.h5
/home/ionouser/ionozond_data2/2026-08-12/cdetections-DOB-1786496400.h5
/home/ionouser/ionozond_data2/2026-08-12/cdetections-DOB-1786497300.h5
/home/ionouser/ionozond_data2/2026-08-12/cdetections-DOB-1786498200.h5
/home/ionouser/ionozond_data2/2026-08-12/cdetections-DOB-1786499100.h5
/home/ionouser/ionozond_data2/2026-08-12/cdetections-DOB-1786500000.h5
/home/ionouser/ionozond_data2/2026-08-12/cdetections-DOB-1786500900.h5
/home/ionouser/ionozond_data2/2026-08-12/cdetections-DOB-1786501800.h5
/home/ionouser/ionozond_data2/2026-08-12/cdetections-DOB-1786502700.h5
/home/ionouser/ionozond_data2/2026-08-12/cdetections-DOB-1786503600.h5
filtering
No artists with labels found to put in legend.  Note that artists whose label start with an underscore are ignored when legend() is called with no argument.
saved /tmp/latest-rothr_jorn-DOB.png
/home/ionouser/ionozond_data2/2026-08-11/cdetections-DOB-1786406400.h5
/home/ionouser/ionozond_data2/2026-08-11/cdetections-DOB-1786407300.h5
/home/ionouser/ionozond_data2/2026-08-11/cdetections-DOB-1786408200.h5
/home/ionouser/ionozond_data2/2026-08-11/cdetections-DOB-1786409100.h5
/home/ionouser/ionozond_data2/2026-08-11/cdetections-DOB-1786410000.h5
/home/ionouser/ionozond_data2/2026-08-11/cdetections-DOB-1786410900.h5
/home/ionouser/ionozond_data2/2026-08-11/cdetections-DOB-1786411800.h5
/home/ionouser/ionozond_data2/2026-08-11/cdetections-DOB-1786412700.h5
/home/ionouser/ionozond_data2/2026-08-11/cdetections-DOB-1786413600.h5
/home/ionouser/ionozond_data2/2026-08-11/cdetections-DOB-1786414500.h5
/home/ionouser/ionozond_data2/2026-08-11/cdetections-DOB-1786415400.h5
/home/ionouser/ionozond_data2/2026-08-11/cdetections-DOB-1786416300.h5
/home/ionouser/ionozond_data2/2026-08-11/cdetections-DOB-1786417200.h5
/home/ionouser/ionozond_data2/2026-08-11/cdetections-DOB-1786418100.h5
/home/ionouser/ionozond_data2/2026-08-11/cdetections-DOB-1786419000.h5
/home/ionouser/ionozond_data2/2026-08-11/cdetections-DOB-1786419900.h5
/home/ionouser/ionozond_data2/2026-08-11/cdetections-DOB-1786420800.h5
/home/ionouser/ionozond_data2/2026-08-11/cdetections-DOB-1786421700.h5
/home/ionouser/ionozond_data2/2026-08-11/cdetections-DOB-1786422600.h5
/home/ionouser/ionozond_data2/2026-08-11/cdetections-DOB-1786423500.h5
/home/ionouser/ionozond_data2/2026-08-11/cdetections-DOB-1786424400.h5
/home/ionouser/ionozond_data2/2026-08-11/cdetections-DOB-1786425300.h5
/home/ionouser/ionozond_data2/2026-08-11/cdetections-DOB-1786426200.h5
/home/ionouser/ionozond_data2/2026-08-11/cdetections-DOB-1786427100.h5
/home/ionouser/ionozond_data2/2026-08-11/cdetections-DOB-1786428000.h5
/home/ionouser/ionozond_data2/2026-08-11/cdetections-DOB-1786428900.h5
/home/ionouser/ionozond_data2/2026-08-11/cdetections-DOB-1786429800.h5
/home/ionouser/ionozond_data2/2026-08-11/cdetections-DOB-1786430700.h5
/home/ionouser/ionozond_data2/2026-08-11/cdetections-DOB-1786431600.h5
/home/ionouser/ionozond_data2/2026-08-11/cdetections-DOB-1786432500.h5
/home/ionouser/ionozond_data2/2026-08-11/cdetections-DOB-1786433400.h5
/home/ionouser/ionozond_data2/2026-08-11/cdetections-DOB-1786434300.h5
/home/ionouser/ionozond_data2/2026-08-11/cdetections-DOB-1786435200.h5
/home/ionouser/ionozond_data2/2026-08-11/cdetections-DOB-1786436100.h5
/home/ionouser/ionozond_data2/2026-08-11/cdetections-DOB-1786437000.h5
/home/ionouser/ionozond_data2/2026-08-11/cdetections-DOB-1786437900.h5
/home/ionouser/ionozond_data2/2026-08-11/cdetections-DOB-1786438800.h5
/home/ionouser/ionozond_data2/2026-08-11/cdetections-DOB-1786439700.h5
/home/ionouser/ionozond_data2/2026-08-11/cdetections-DOB-1786440600.h5
/home/ionouser/ionozond_data2/2026-08-11/cdetections-DOB-1786441500.h5
/home/ionouser/ionozond_data2/2026-08-11/cdetections-DOB-1786442400.h5
/home/ionouser/ionozond_data2/2026-08-11/cdetections-DOB-1786443300.h5
/home/ionouser/ionozond_data2/2026-08-11/cdetections-DOB-1786444200.h5
/home/ionouser/ionozond_data2/2026-08-11/cdetections-DOB-1786445100.h5
/home/ionouser/ionozond_data2/2026-08-11/cdetections-DOB-1786446000.h5
/home/ionouser/ionozond_data2/2026-08-11/cdetections-DOB-1786446900.h5
/home/ionouser/ionozond_data2/2026-08-11/cdetections-DOB-1786447800.h5
/home/ionouser/ionozond_data2/2026-08-11/cdetections-DOB-1786448700.h5
/home/ionouser/ionozond_data2/2026-08-11/cdetections-DOB-1786449600.h5
/home/ionouser/ionozond_data2/2026-08-11/cdetections-DOB-1786450500.h5
/home/ionouser/ionozond_data2/2026-08-11/cdetections-DOB-1786451400.h5
/home/ionouser/ionozond_data2/2026-08-11/cdetections-DOB-1786452300.h5
/home/ionouser/ionozond_data2/2026-08-11/cdetections-DOB-1786453200.h5
/home/ionouser/ionozond_data2/2026-08-11/cdetections-DOB-1786454100.h5
/home/ionouser/ionozond_data2/2026-08-11/cdetections-DOB-1786455000.h5
/home/ionouser/ionozond_data2/2026-08-11/cdetections-DOB-1786455900.h5
/home/ionouser/ionozond_data2/2026-08-11/cdetections-DOB-1786456800.h5
/home/ionouser/ionozond_data2/2026-08-11/cdetections-DOB-1786457700.h5
/home/ionouser/ionozond_data2/2026-08-11/cdetections-DOB-1786458600.h5
/home/ionouser/ionozond_data2/2026-08-11/cdetections-DOB-1786459500.h5
/home/ionouser/ionozond_data2/2026-08-11/cdetections-DOB-1786460400.h5
/home/ionouser/ionozond_data2/2026-08-11/cdetections-DOB-1786461300.h5
/home/ionouser/ionozond_data2/2026-08-11/cdetections-DOB-1786462200.h5
/home/ionouser/ionozond_data2/2026-08-11/cdetections-DOB-1786463100.h5
/home/ionouser/ionozond_data2/2026-08-11/cdetections-DOB-1786464000.h5
/home/ionouser/ionozond_data2/2026-08-11/cdetections-DOB-1786464900.h5
/home/ionouser/ionozond_data2/2026-08-11/cdetections-DOB-1786465800.h5
/home/ionouser/ionozond_data2/2026-08-11/cdetections-DOB-1786466700.h5
/home/ionouser/ionozond_data2/2026-08-11/cdetections-DOB-1786467600.h5
/home/ionouser/ionozond_data2/2026-08-11/cdetections-DOB-1786468500.h5
/home/ionouser/ionozond_data2/2026-08-11/cdetections-DOB-1786469400.h5
/home/ionouser/ionozond_data2/2026-08-11/cdetections-DOB-1786470300.h5
/home/ionouser/ionozond_data2/2026-08-11/cdetections-DOB-1786471200.h5
/home/ionouser/ionozond_data2/2026-08-11/cdetections-DOB-1786472100.h5
/home/ionouser/ionozond_data2/2026-08-11/cdetections-DOB-1786473000.h5
/home/ionouser/ionozond_data2/2026-08-11/cdetections-DOB-1786473900.h5
/home/ionouser/ionozond_data2/2026-08-11/cdetections-DOB-1786474800.h5
/home/ionouser/ionozond_data2/2026-08-11/cdetections-DOB-1786475700.h5
/home/ionouser/ionozond_data2/2026-08-11/cdetections-DOB-1786476600.h5
/home/ionouser/ionozond_data2/2026-08-11/cdetections-DOB-1786477500.h5
/home/ionouser/ionozond_data2/2026-08-11/cdetections-DOB-1786478400.h5
/home/ionouser/ionozond_data2/2026-08-11/cdetections-DOB-1786479300.h5
/home/ionouser/ionozond_data2/2026-08-11/cdetections-DOB-1786480200.h5
/home/ionouser/ionozond_data2/2026-08-11/cdetections-DOB-1786481100.h5
/home/ionouser/ionozond_data2/2026-08-11/cdetections-DOB-1786482000.h5
/home/ionouser/ionozond_data2/2026-08-11/cdetections-DOB-1786482900.h5
/home/ionouser/ionozond_data2/2026-08-11/cdetections-DOB-1786483800.h5
/home/ionouser/ionozond_data2/2026-08-11/cdetections-DOB-1786484700.h5
/home/ionouser/ionozond_data2/2026-08-11/cdetections-DOB-1786485600.h5
/home/ionouser/ionozond_data2/2026-08-11/cdetections-DOB-1786486500.h5
/home/ionouser/ionozond_data2/2026-08-11/cdetections-DOB-1786487400.h5
/home/ionouser/ionozond_data2/2026-08-11/cdetections-DOB-1786488300.h5
/home/ionouser/ionozond_data2/2026-08-11/cdetections-DOB-1786489200.h5
/home/ionouser/ionozond_data2/2026-08-11/cdetections-DOB-1786490100.h5
/home/ionouser/ionozond_data2/2026-08-11/cdetections-DOB-1786491000.h5
/home/ionouser/ionozond_data2/2026-08-11/cdetections-DOB-1786491900.h5
/home/ionouser/ionozond_data2/2026-08-12/cdetections-DOB-1786492800.h5
/home/ionouser/ionozond_data2/2026-08-12/cdetections-DOB-1786493700.h5
/home/ionouser/ionozond_data2/2026-08-12/cdetections-DOB-1786494600.h5
/home/ionouser/ionozond_data2/2026-08-12/cdetections-DOB-1786495500.h5
/home/ionouser/ionozond_data2/2026-08-12/cdetections-DOB-1786496400.h5
/home/ionouser/ionozond_data2/2026-08-12/cdetections-DOB-1786497300.h5
/home/ionouser/ionozond_data2/2026-08-12/cdetections-DOB-1786498200.h5
/home/ionouser/ionozond_data2/2026-08-12/cdetections-DOB-1786499100.h5
/home/ionouser/ionozond_data2/2026-08-12/cdetections-DOB-1786500000.h5
/home/ionouser/ionozond_data2/2026-08-12/cdetections-DOB-1786500900.h5
/home/ionouser/ionozond_data2/2026-08-12/cdetections-DOB-1786501800.h5
/home/ionouser/ionozond_data2/2026-08-12/cdetections-DOB-1786502700.h5
/home/ionouser/ionozond_data2/2026-08-12/cdetections-DOB-1786503600.h5
/home/ionouser/ionozond_data2/2026-08-12/cdetections-DOB-1786504500.h5
filtering
No artists with labels found to put in legend.  Note that artists whose label start with an underscore are ignored when legend() is called with no argument.
saved /tmp/latest-rothr_jorn-DOB.png
/home/ionouser/ionozond_data2/2026-08-11/cdetections-DOB-1786406400.h5
/home/ionouser/ionozond_data2/2026-08-11/cdetections-DOB-1786407300.h5
/home/ionouser/ionozond_data2/2026-08-11/cdetections-DOB-1786408200.h5
/home/ionouser/ionozond_data2/2026-08-11/cdetections-DOB-1786409100.h5
/home/ionouser/ionozond_data2/2026-08-11/cdetections-DOB-1786410000.h5
/home/ionouser/ionozond_data2/2026-08-11/cdetections-DOB-1786410900.h5
/home/ionouser/ionozond_data2/2026-08-11/cdetections-DOB-1786411800.h5
/home/ionouser/ionozond_data2/2026-08-11/cdetections-DOB-1786412700.h5
/home/ionouser/ionozond_data2/2026-08-11/cdetections-DOB-1786413600.h5
/home/ionouser/ionozond_data2/2026-08-11/cdetections-DOB-1786414500.h5
/home/ionouser/ionozond_data2/2026-08-11/cdetections-DOB-1786415400.h5
/home/ionouser/ionozond_data2/2026-08-11/cdetections-DOB-1786416300.h5
/home/ionouser/ionozond_data2/2026-08-11/cdetections-DOB-1786417200.h5
/home/ionouser/ionozond_data2/2026-08-11/cdetections-DOB-1786418100.h5
/home/ionouser/ionozond_data2/2026-08-11/cdetections-DOB-1786419000.h5
/home/ionouser/ionozond_data2/2026-08-11/cdetections-DOB-1786419900.h5
/home/ionouser/ionozond_data2/2026-08-11/cdetections-DOB-1786420800.h5
/home/ionouser/ionozond_data2/2026-08-11/cdetections-DOB-1786421700.h5
/home/ionouser/ionozond_data2/2026-08-11/cdetections-DOB-1786422600.h5
/home/ionouser/ionozond_data2/2026-08-11/cdetections-DOB-1786423500.h5
/home/ionouser/ionozond_data2/2026-08-11/cdetections-DOB-1786424400.h5
/home/ionouser/ionozond_data2/2026-08-11/cdetections-DOB-1786425300.h5
/home/ionouser/ionozond_data2/2026-08-11/cdetections-DOB-1786426200.h5
/home/ionouser/ionozond_data2/2026-08-11/cdetections-DOB-1786427100.h5
/home/ionouser/ionozond_data2/2026-08-11/cdetections-DOB-1786428000.h5
/home/ionouser/ionozond_data2/2026-08-11/cdetections-DOB-1786428900.h5
/home/ionouser/ionozond_data2/2026-08-11/cdetections-DOB-1786429800.h5
/home/ionouser/ionozond_data2/2026-08-11/cdetections-DOB-1786430700.h5
/home/ionouser/ionozond_data2/2026-08-11/cdetections-DOB-1786431600.h5
/home/ionouser/ionozond_data2/2026-08-11/cdetections-DOB-1786432500.h5
/home/ionouser/ionozond_data2/2026-08-11/cdetections-DOB-1786433400.h5
/home/ionouser/ionozond_data2/2026-08-11/cdetections-DOB-1786434300.h5
/home/ionouser/ionozond_data2/2026-08-11/cdetections-DOB-1786435200.h5
/home/ionouser/ionozond_data2/2026-08-11/cdetections-DOB-1786436100.h5
/home/ionouser/ionozond_data2/2026-08-11/cdetections-DOB-1786437000.h5
/home/ionouser/ionozond_data2/2026-08-11/cdetections-DOB-1786437900.h5
/home/ionouser/ionozond_data2/2026-08-11/cdetections-DOB-1786438800.h5
/home/ionouser/ionozond_data2/2026-08-11/cdetections-DOB-1786439700.h5
/home/ionouser/ionozond_data2/2026-08-11/cdetections-DOB-1786440600.h5
/home/ionouser/ionozond_data2/2026-08-11/cdetections-DOB-1786441500.h5
/home/ionouser/ionozond_data2/2026-08-11/cdetections-DOB-1786442400.h5
/home/ionouser/ionozond_data2/2026-08-11/cdetections-DOB-1786443300.h5
/home/ionouser/ionozond_data2/2026-08-11/cdetections-DOB-1786444200.h5
/home/ionouser/ionozond_data2/2026-08-11/cdetections-DOB-1786445100.h5
/home/ionouser/ionozond_data2/2026-08-11/cdetections-DOB-1786446000.h5
/home/ionouser/ionozond_data2/2026-08-11/cdetections-DOB-1786446900.h5
/home/ionouser/ionozond_data2/2026-08-11/cdetections-DOB-1786447800.h5
/home/ionouser/ionozond_data2/2026-08-11/cdetections-DOB-1786448700.h5
/home/ionouser/ionozond_data2/2026-08-11/cdetections-DOB-1786449600.h5
/home/ionouser/ionozond_data2/2026-08-11/cdetections-DOB-1786450500.h5
/home/ionouser/ionozond_data2/2026-08-11/cdetections-DOB-1786451400.h5
/home/ionouser/ionozond_data2/2026-08-11/cdetections-DOB-1786452300.h5
/home/ionouser/ionozond_data2/2026-08-11/cdetections-DOB-1786453200.h5
/home/ionouser/ionozond_data2/2026-08-11/cdetections-DOB-1786454100.h5
/home/ionouser/ionozond_data2/2026-08-11/cdetections-DOB-1786455000.h5
/home/ionouser/ionozond_data2/2026-08-11/cdetections-DOB-1786455900.h5
/home/ionouser/ionozond_data2/2026-08-11/cdetections-DOB-1786456800.h5
/home/ionouser/ionozond_data2/2026-08-11/cdetections-DOB-1786457700.h5
/home/ionouser/ionozond_data2/2026-08-11/cdetections-DOB-1786458600.h5
/home/ionouser/ionozond_data2/2026-08-11/cdetections-DOB-1786459500.h5
/home/ionouser/ionozond_data2/2026-08-11/cdetections-DOB-1786460400.h5
/home/ionouser/ionozond_data2/2026-08-11/cdetections-DOB-1786461300.h5
/home/ionouser/ionozond_data2/2026-08-11/cdetections-DOB-1786462200.h5
/home/ionouser/ionozond_data2/2026-08-11/cdetections-DOB-1786463100.h5
/home/ionouser/ionozond_data2/2026-08-11/cdetections-DOB-1786464000.h5
/home/ionouser/ionozond_data2/2026-08-11/cdetections-DOB-1786464900.h5
/home/ionouser/ionozond_data2/2026-08-11/cdetections-DOB-1786465800.h5
/home/ionouser/ionozond_data2/2026-08-11/cdetections-DOB-1786466700.h5
/home/ionouser/ionozond_data2/2026-08-11/cdetections-DOB-1786467600.h5
/home/ionouser/ionozond_data2/2026-08-11/cdetections-DOB-1786468500.h5
/home/ionouser/ionozond_data2/2026-08-11/cdetections-DOB-1786469400.h5
/home/ionouser/ionozond_data2/2026-08-11/cdetections-DOB-1786470300.h5
/home/ionouser/ionozond_data2/2026-08-11/cdetections-DOB-1786471200.h5
/home/ionouser/ionozond_data2/2026-08-11/cdetections-DOB-1786472100.h5
/home/ionouser/ionozond_data2/2026-08-11/cdetections-DOB-1786473000.h5
/home/ionouser/ionozond_data2/2026-08-11/cdetections-DOB-1786473900.h5
/home/ionouser/ionozond_data2/2026-08-11/cdetections-DOB-1786474800.h5
/home/ionouser/ionozond_data2/2026-08-11/cdetections-DOB-1786475700.h5
/home/ionouser/ionozond_data2/2026-08-11/cdetections-DOB-1786476600.h5
/home/ionouser/ionozond_data2/2026-08-11/cdetections-DOB-1786477500.h5
/home/ionouser/ionozond_data2/2026-08-11/cdetections-DOB-1786478400.h5
/home/ionouser/ionozond_data2/2026-08-11/cdetections-DOB-1786479300.h5
/home/ionouser/ionozond_data2/2026-08-11/cdetections-DOB-1786480200.h5
/home/ionouser/ionozond_data2/2026-08-11/cdetections-DOB-1786481100.h5
/home/ionouser/ionozond_data2/2026-08-11/cdetections-DOB-1786482000.h5
/home/ionouser/ionozond_data2/2026-08-11/cdetections-DOB-1786482900.h5
/home/ionouser/ionozond_data2/2026-08-11/cdetections-DOB-1786483800.h5
/home/ionouser/ionozond_data2/2026-08-11/cdetections-DOB-1786484700.h5
/home/ionouser/ionozond_data2/2026-08-11/cdetections-DOB-1786485600.h5
/home/ionouser/ionozond_data2/2026-08-11/cdetections-DOB-1786486500.h5
/home/ionouser/ionozond_data2/2026-08-11/cdetections-DOB-1786487400.h5
/home/ionouser/ionozond_data2/2026-08-11/cdetections-DOB-1786488300.h5
/home/ionouser/ionozond_data2/2026-08-11/cdetections-DOB-1786489200.h5
/home/ionouser/ionozond_data2/2026-08-11/cdetections-DOB-1786490100.h5
/home/ionouser/ionozond_data2/2026-08-11/cdetections-DOB-1786491000.h5
/home/ionouser/ionozond_data2/2026-08-11/cdetections-DOB-1786491900.h5
/home/ionouser/ionozond_data2/2026-08-12/cdetections-DOB-1786492800.h5
/home/ionouser/ionozond_data2/2026-08-12/cdetections-DOB-1786493700.h5
/home/ionouser/ionozond_data2/2026-08-12/cdetections-DOB-1786494600.h5
/home/ionouser/ionozond_data2/2026-08-12/cdetections-DOB-1786495500.h5
/home/ionouser/ionozond_data2/2026-08-12/cdetections-DOB-1786496400.h5
/home/ionouser/ionozond_data2/2026-08-12/cdetections-DOB-1786497300.h5
/home/ionouser/ionozond_data2/2026-08-12/cdetections-DOB-1786498200.h5
/home/ionouser/ionozond_data2/2026-08-12/cdetections-DOB-1786499100.h5
/home/ionouser/ionozond_data2/2026-08-12/cdetections-DOB-1786500000.h5
/home/ionouser/ionozond_data2/2026-08-12/cdetections-DOB-1786500900.h5
/home/ionouser/ionozond_data2/2026-08-12/cdetections-DOB-1786501800.h5
/home/ionouser/ionozond_data2/2026-08-12/cdetections-DOB-1786502700.h5
/home/ionouser/ionozond_data2/2026-08-12/cdetections-DOB-1786503600.h5
/home/ionouser/ionozond_data2/2026-08-12/cdetections-DOB-1786504500.h5
/home/ionouser/ionozond_data2/2026-08-12/cdetections-DOB-1786505400.h5
filtering
No artists with labels found to put in legend.  Note that artists whose label start with an underscore are ignored when legend() is called with no argument.
saved /tmp/latest-rothr_jorn-DOB.png
/home/ionouser/ionozond_data2/2026-08-11/cdetections-DOB-1786406400.h5
/home/ionouser/ionozond_data2/2026-08-11/cdetections-DOB-1786407300.h5
/home/ionouser/ionozond_data2/2026-08-11/cdetections-DOB-1786408200.h5
/home/ionouser/ionozond_data2/2026-08-11/cdetections-DOB-1786409100.h5
/home/ionouser/ionozond_data2/2026-08-11/cdetections-DOB-1786410000.h5
/home/ionouser/ionozond_data2/2026-08-11/cdetections-DOB-1786410900.h5
/home/ionouser/ionozond_data2/2026-08-11/cdetections-DOB-1786411800.h5
/home/ionouser/ionozond_data2/2026-08-11/cdetections-DOB-1786412700.h5
/home/ionouser/ionozond_data2/2026-08-11/cdetections-DOB-1786413600.h5
/home/ionouser/ionozond_data2/2026-08-11/cdetections-DOB-1786414500.h5
/home/ionouser/ionozond_data2/2026-08-11/cdetections-DOB-1786415400.h5
/home/ionouser/ionozond_data2/2026-08-11/cdetections-DOB-1786416300.h5
/home/ionouser/ionozond_data2/2026-08-11/cdetections-DOB-1786417200.h5
/home/ionouser/ionozond_data2/2026-08-11/cdetections-DOB-1786418100.h5
/home/ionouser/ionozond_data2/2026-08-11/cdetections-DOB-1786419000.h5
/home/ionouser/ionozond_data2/2026-08-11/cdetections-DOB-1786419900.h5
/home/ionouser/ionozond_data2/2026-08-11/cdetections-DOB-1786420800.h5
/home/ionouser/ionozond_data2/2026-08-11/cdetections-DOB-1786421700.h5
/home/ionouser/ionozond_data2/2026-08-11/cdetections-DOB-1786422600.h5
/home/ionouser/ionozond_data2/2026-08-11/cdetections-DOB-1786423500.h5
/home/ionouser/ionozond_data2/2026-08-11/cdetections-DOB-1786424400.h5
/home/ionouser/ionozond_data2/2026-08-11/cdetections-DOB-1786425300.h5
/home/ionouser/ionozond_data2/2026-08-11/cdetections-DOB-1786426200.h5
/home/ionouser/ionozond_data2/2026-08-11/cdetections-DOB-1786427100.h5
/home/ionouser/ionozond_data2/2026-08-11/cdetections-DOB-1786428000.h5
/home/ionouser/ionozond_data2/2026-08-11/cdetections-DOB-1786428900.h5
/home/ionouser/ionozond_data2/2026-08-11/cdetections-DOB-1786429800.h5
/home/ionouser/ionozond_data2/2026-08-11/cdetections-DOB-1786430700.h5
/home/ionouser/ionozond_data2/2026-08-11/cdetections-DOB-1786431600.h5
/home/ionouser/ionozond_data2/2026-08-11/cdetections-DOB-1786432500.h5
/home/ionouser/ionozond_data2/2026-08-11/cdetections-DOB-1786433400.h5
/home/ionouser/ionozond_data2/2026-08-11/cdetections-DOB-1786434300.h5
/home/ionouser/ionozond_data2/2026-08-11/cdetections-DOB-1786435200.h5
/home/ionouser/ionozond_data2/2026-08-11/cdetections-DOB-1786436100.h5
/home/ionouser/ionozond_data2/2026-08-11/cdetections-DOB-1786437000.h5
/home/ionouser/ionozond_data2/2026-08-11/cdetections-DOB-1786437900.h5
/home/ionouser/ionozond_data2/2026-08-11/cdetections-DOB-1786438800.h5
/home/ionouser/ionozond_data2/2026-08-11/cdetections-DOB-1786439700.h5
/home/ionouser/ionozond_data2/2026-08-11/cdetections-DOB-1786440600.h5
/home/ionouser/ionozond_data2/2026-08-11/cdetections-DOB-1786441500.h5
/home/ionouser/ionozond_data2/2026-08-11/cdetections-DOB-1786442400.h5
/home/ionouser/ionozond_data2/2026-08-11/cdetections-DOB-1786443300.h5
/home/ionouser/ionozond_data2/2026-08-11/cdetections-DOB-1786444200.h5
/home/ionouser/ionozond_data2/2026-08-11/cdetections-DOB-1786445100.h5
/home/ionouser/ionozond_data2/2026-08-11/cdetections-DOB-1786446000.h5
/home/ionouser/ionozond_data2/2026-08-11/cdetections-DOB-1786446900.h5
/home/ionouser/ionozond_data2/2026-08-11/cdetections-DOB-1786447800.h5
/home/ionouser/ionozond_data2/2026-08-11/cdetections-DOB-1786448700.h5
/home/ionouser/ionozond_data2/2026-08-11/cdetections-DOB-1786449600.h5
/home/ionouser/ionozond_data2/2026-08-11/cdetections-DOB-1786450500.h5
/home/ionouser/ionozond_data2/2026-08-11/cdetections-DOB-1786451400.h5
/home/ionouser/ionozond_data2/2026-08-11/cdetections-DOB-1786452300.h5
/home/ionouser/ionozond_data2/2026-08-11/cdetections-DOB-1786453200.h5
/home/ionouser/ionozond_data2/2026-08-11/cdetections-DOB-1786454100.h5
/home/ionouser/ionozond_data2/2026-08-11/cdetections-DOB-1786455000.h5
/home/ionouser/ionozond_data2/2026-08-11/cdetections-DOB-1786455900.h5
/home/ionouser/ionozond_data2/2026-08-11/cdetections-DOB-1786456800.h5
/home/ionouser/ionozond_data2/2026-08-11/cdetections-DOB-1786457700.h5
/home/ionouser/ionozond_data2/2026-08-11/cdetections-DOB-1786458600.h5
/home/ionouser/ionozond_data2/2026-08-11/cdetections-DOB-1786459500.h5
/home/ionouser/ionozond_data2/2026-08-11/cdetections-DOB-1786460400.h5
/home/ionouser/ionozond_data2/2026-08-11/cdetections-DOB-1786461300.h5
/home/ionouser/ionozond_data2/2026-08-11/cdetections-DOB-1786462200.h5
/home/ionouser/ionozond_data2/2026-08-11/cdetections-DOB-1786463100.h5
/home/ionouser/ionozond_data2/2026-08-11/cdetections-DOB-1786464000.h5
/home/ionouser/ionozond_data2/2026-08-11/cdetections-DOB-1786464900.h5
/home/ionouser/ionozond_data2/2026-08-11/cdetections-DOB-1786465800.h5
/home/ionouser/ionozond_data2/2026-08-11/cdetections-DOB-1786466700.h5
/home/ionouser/ionozond_data2/2026-08-11/cdetections-DOB-1786467600.h5
/home/ionouser/ionozond_data2/2026-08-11/cdetections-DOB-1786468500.h5
/home/ionouser/ionozond_data2/2026-08-11/cdetections-DOB-1786469400.h5
/home/ionouser/ionozond_data2/2026-08-11/cdetections-DOB-1786470300.h5
/home/ionouser/ionozond_data2/2026-08-11/cdetections-DOB-1786471200.h5
/home/ionouser/ionozond_data2/2026-08-11/cdetections-DOB-1786472100.h5
/home/ionouser/ionozond_data2/2026-08-11/cdetections-DOB-1786473000.h5
/home/ionouser/ionozond_data2/2026-08-11/cdetections-DOB-1786473900.h5
/home/ionouser/ionozond_data2/2026-08-11/cdetections-DOB-1786474800.h5
/home/ionouser/ionozond_data2/2026-08-11/cdetections-DOB-1786475700.h5
/home/ionouser/ionozond_data2/2026-08-11/cdetections-DOB-1786476600.h5
/home/ionouser/ionozond_data2/2026-08-11/cdetections-DOB-1786477500.h5
/home/ionouser/ionozond_data2/2026-08-11/cdetections-DOB-1786478400.h5
/home/ionouser/ionozond_data2/2026-08-11/cdetections-DOB-1786479300.h5
/home/ionouser/ionozond_data2/2026-08-11/cdetections-DOB-1786480200.h5
/home/ionouser/ionozond_data2/2026-08-11/cdetections-DOB-1786481100.h5
/home/ionouser/ionozond_data2/2026-08-11/cdetections-DOB-1786482000.h5
/home/ionouser/ionozond_data2/2026-08-11/cdetections-DOB-1786482900.h5
/home/ionouser/ionozond_data2/2026-08-11/cdetections-DOB-1786483800.h5
/home/ionouser/ionozond_data2/2026-08-11/cdetections-DOB-1786484700.h5
/home/ionouser/ionozond_data2/2026-08-11/cdetections-DOB-1786485600.h5
/home/ionouser/ionozond_data2/2026-08-11/cdetections-DOB-1786486500.h5
/home/ionouser/ionozond_data2/2026-08-11/cdetections-DOB-1786487400.h5
/home/ionouser/ionozond_data2/2026-08-11/cdetections-DOB-1786488300.h5
/home/ionouser/ionozond_data2/2026-08-11/cdetections-DOB-1786489200.h5
/home/ionouser/ionozond_data2/2026-08-11/cdetections-DOB-1786490100.h5
/home/ionouser/ionozond_data2/2026-08-11/cdetections-DOB-1786491000.h5
/home/ionouser/ionozond_data2/2026-08-11/cdetections-DOB-1786491900.h5
/home/ionouser/ionozond_data2/2026-08-12/cdetections-DOB-1786492800.h5
/home/ionouser/ionozond_data2/2026-08-12/cdetections-DOB-1786493700.h5
/home/ionouser/ionozond_data2/2026-08-12/cdetections-DOB-1786494600.h5
/home/ionouser/ionozond_data2/2026-08-12/cdetections-DOB-1786495500.h5
/home/ionouser/ionozond_data2/2026-08-12/cdetections-DOB-1786496400.h5
/home/ionouser/ionozond_data2/2026-08-12/cdetections-DOB-1786497300.h5
/home/ionouser/ionozond_data2/2026-08-12/cdetections-DOB-1786498200.h5
/home/ionouser/ionozond_data2/2026-08-12/cdetections-DOB-1786499100.h5
/home/ionouser/ionozond_data2/2026-08-12/cdetections-DOB-1786500000.h5
/home/ionouser/ionozond_data2/2026-08-12/cdetections-DOB-1786500900.h5
/home/ionouser/ionozond_data2/2026-08-12/cdetections-DOB-1786501800.h5
/home/ionouser/ionozond_data2/2026-08-12/cdetections-DOB-1786502700.h5
/home/ionouser/ionozond_data2/2026-08-12/cdetections-DOB-1786503600.h5
/home/ionouser/ionozond_data2/2026-08-12/cdetections-DOB-1786504500.h5
/home/ionouser/ionozond_data2/2026-08-12/cdetections-DOB-1786505400.h5
/home/ionouser/ionozond_data2/2026-08-12/cdetections-DOB-1786506300.h5
filtering
No artists with labels found to put in legend.  Note that artists whose label start with an underscore are ignored when legend() is called with no argument.
saved /tmp/latest-rothr_jorn-DOB.png
/home/ionouser/ionozond_data2/2026-08-11/cdetections-DOB-1786406400.h5
/home/ionouser/ionozond_data2/2026-08-11/cdetections-DOB-1786407300.h5
/home/ionouser/ionozond_data2/2026-08-11/cdetections-DOB-1786408200.h5
/home/ionouser/ionozond_data2/2026-08-11/cdetections-DOB-1786409100.h5
/home/ionouser/ionozond_data2/2026-08-11/cdetections-DOB-1786410000.h5
/home/ionouser/ionozond_data2/2026-08-11/cdetections-DOB-1786410900.h5
/home/ionouser/ionozond_data2/2026-08-11/cdetections-DOB-1786411800.h5
/home/ionouser/ionozond_data2/2026-08-11/cdetections-DOB-1786412700.h5
/home/ionouser/ionozond_data2/2026-08-11/cdetections-DOB-1786413600.h5
/home/ionouser/ionozond_data2/2026-08-11/cdetections-DOB-1786414500.h5
/home/ionouser/ionozond_data2/2026-08-11/cdetections-DOB-1786415400.h5
/home/ionouser/ionozond_data2/2026-08-11/cdetections-DOB-1786416300.h5
/home/ionouser/ionozond_data2/2026-08-11/cdetections-DOB-1786417200.h5
/home/ionouser/ionozond_data2/2026-08-11/cdetections-DOB-1786418100.h5
/home/ionouser/ionozond_data2/2026-08-11/cdetections-DOB-1786419000.h5
/home/ionouser/ionozond_data2/2026-08-11/cdetections-DOB-1786419900.h5
/home/ionouser/ionozond_data2/2026-08-11/cdetections-DOB-1786420800.h5
/home/ionouser/ionozond_data2/2026-08-11/cdetections-DOB-1786421700.h5
/home/ionouser/ionozond_data2/2026-08-11/cdetections-DOB-1786422600.h5
/home/ionouser/ionozond_data2/2026-08-11/cdetections-DOB-1786423500.h5
/home/ionouser/ionozond_data2/2026-08-11/cdetections-DOB-1786424400.h5
/home/ionouser/ionozond_data2/2026-08-11/cdetections-DOB-1786425300.h5
/home/ionouser/ionozond_data2/2026-08-11/cdetections-DOB-1786426200.h5
/home/ionouser/ionozond_data2/2026-08-11/cdetections-DOB-1786427100.h5
/home/ionouser/ionozond_data2/2026-08-11/cdetections-DOB-1786428000.h5
/home/ionouser/ionozond_data2/2026-08-11/cdetections-DOB-1786428900.h5
/home/ionouser/ionozond_data2/2026-08-11/cdetections-DOB-1786429800.h5
/home/ionouser/ionozond_data2/2026-08-11/cdetections-DOB-1786430700.h5
/home/ionouser/ionozond_data2/2026-08-11/cdetections-DOB-1786431600.h5
/home/ionouser/ionozond_data2/2026-08-11/cdetections-DOB-1786432500.h5
/home/ionouser/ionozond_data2/2026-08-11/cdetections-DOB-1786433400.h5
/home/ionouser/ionozond_data2/2026-08-11/cdetections-DOB-1786434300.h5
/home/ionouser/ionozond_data2/2026-08-11/cdetections-DOB-1786435200.h5
/home/ionouser/ionozond_data2/2026-08-11/cdetections-DOB-1786436100.h5
/home/ionouser/ionozond_data2/2026-08-11/cdetections-DOB-1786437000.h5
/home/ionouser/ionozond_data2/2026-08-11/cdetections-DOB-1786437900.h5
/home/ionouser/ionozond_data2/2026-08-11/cdetections-DOB-1786438800.h5
/home/ionouser/ionozond_data2/2026-08-11/cdetections-DOB-1786439700.h5
/home/ionouser/ionozond_data2/2026-08-11/cdetections-DOB-1786440600.h5
/home/ionouser/ionozond_data2/2026-08-11/cdetections-DOB-1786441500.h5
/home/ionouser/ionozond_data2/2026-08-11/cdetections-DOB-1786442400.h5
/home/ionouser/ionozond_data2/2026-08-11/cdetections-DOB-1786443300.h5
/home/ionouser/ionozond_data2/2026-08-11/cdetections-DOB-1786444200.h5
/home/ionouser/ionozond_data2/2026-08-11/cdetections-DOB-1786445100.h5
/home/ionouser/ionozond_data2/2026-08-11/cdetections-DOB-1786446000.h5
/home/ionouser/ionozond_data2/2026-08-11/cdetections-DOB-1786446900.h5
/home/ionouser/ionozond_data2/2026-08-11/cdetections-DOB-1786447800.h5
/home/ionouser/ionozond_data2/2026-08-11/cdetections-DOB-1786448700.h5
/home/ionouser/ionozond_data2/2026-08-11/cdetections-DOB-1786449600.h5
/home/ionouser/ionozond_data2/2026-08-11/cdetections-DOB-1786450500.h5
/home/ionouser/ionozond_data2/2026-08-11/cdetections-DOB-1786451400.h5
/home/ionouser/ionozond_data2/2026-08-11/cdetections-DOB-1786452300.h5
/home/ionouser/ionozond_data2/2026-08-11/cdetections-DOB-1786453200.h5
/home/ionouser/ionozond_data2/2026-08-11/cdetections-DOB-1786454100.h5
/home/ionouser/ionozond_data2/2026-08-11/cdetections-DOB-1786455000.h5
/home/ionouser/ionozond_data2/2026-08-11/cdetections-DOB-1786455900.h5
/home/ionouser/ionozond_data2/2026-08-11/cdetections-DOB-1786456800.h5
/home/ionouser/ionozond_data2/2026-08-11/cdetections-DOB-1786457700.h5
/home/ionouser/ionozond_data2/2026-08-11/cdetections-DOB-1786458600.h5
/home/ionouser/ionozond_data2/2026-08-11/cdetections-DOB-1786459500.h5
/home/ionouser/ionozond_data2/2026-08-11/cdetections-DOB-1786460400.h5
/home/ionouser/ionozond_data2/2026-08-11/cdetections-DOB-1786461300.h5
/home/ionouser/ionozond_data2/2026-08-11/cdetections-DOB-1786462200.h5
/home/ionouser/ionozond_data2/2026-08-11/cdetections-DOB-1786463100.h5
/home/ionouser/ionozond_data2/2026-08-11/cdetections-DOB-1786464000.h5
/home/ionouser/ionozond_data2/2026-08-11/cdetections-DOB-1786464900.h5
/home/ionouser/ionozond_data2/2026-08-11/cdetections-DOB-1786465800.h5
/home/ionouser/ionozond_data2/2026-08-11/cdetections-DOB-1786466700.h5
/home/ionouser/ionozond_data2/2026-08-11/cdetections-DOB-1786467600.h5
/home/ionouser/ionozond_data2/2026-08-11/cdetections-DOB-1786468500.h5
/home/ionouser/ionozond_data2/2026-08-11/cdetections-DOB-1786469400.h5
/home/ionouser/ionozond_data2/2026-08-11/cdetections-DOB-1786470300.h5
/home/ionouser/ionozond_data2/2026-08-11/cdetections-DOB-1786471200.h5
/home/ionouser/ionozond_data2/2026-08-11/cdetections-DOB-1786472100.h5
/home/ionouser/ionozond_data2/2026-08-11/cdetections-DOB-1786473000.h5
/home/ionouser/ionozond_data2/2026-08-11/cdetections-DOB-1786473900.h5
/home/ionouser/ionozond_data2/2026-08-11/cdetections-DOB-1786474800.h5
/home/ionouser/ionozond_data2/2026-08-11/cdetections-DOB-1786475700.h5
/home/ionouser/ionozond_data2/2026-08-11/cdetections-DOB-1786476600.h5
/home/ionouser/ionozond_data2/2026-08-11/cdetections-DOB-1786477500.h5
/home/ionouser/ionozond_data2/2026-08-11/cdetections-DOB-1786478400.h5
/home/ionouser/ionozond_data2/2026-08-11/cdetections-DOB-1786479300.h5
/home/ionouser/ionozond_data2/2026-08-11/cdetections-DOB-1786480200.h5
/home/ionouser/ionozond_data2/2026-08-11/cdetections-DOB-1786481100.h5
/home/ionouser/ionozond_data2/2026-08-11/cdetections-DOB-1786482000.h5
/home/ionouser/ionozond_data2/2026-08-11/cdetections-DOB-1786482900.h5
/home/ionouser/ionozond_data2/2026-08-11/cdetections-DOB-1786483800.h5
/home/ionouser/ionozond_data2/2026-08-11/cdetections-DOB-1786484700.h5
/home/ionouser/ionozond_data2/2026-08-11/cdetections-DOB-1786485600.h5
/home/ionouser/ionozond_data2/2026-08-11/cdetections-DOB-1786486500.h5
/home/ionouser/ionozond_data2/2026-08-11/cdetections-DOB-1786487400.h5
/home/ionouser/ionozond_data2/2026-08-11/cdetections-DOB-1786488300.h5
/home/ionouser/ionozond_data2/2026-08-11/cdetections-DOB-1786489200.h5
/home/ionouser/ionozond_data2/2026-08-11/cdetections-DOB-1786490100.h5
/home/ionouser/ionozond_data2/2026-08-11/cdetections-DOB-1786491000.h5
/home/ionouser/ionozond_data2/2026-08-11/cdetections-DOB-1786491900.h5
/home/ionouser/ionozond_data2/2026-08-12/cdetections-DOB-1786492800.h5
/home/ionouser/ionozond_data2/2026-08-12/cdetections-DOB-1786493700.h5
/home/ionouser/ionozond_data2/2026-08-12/cdetections-DOB-1786494600.h5
/home/ionouser/ionozond_data2/2026-08-12/cdetections-DOB-1786495500.h5
/home/ionouser/ionozond_data2/2026-08-12/cdetections-DOB-1786496400.h5
/home/ionouser/ionozond_data2/2026-08-12/cdetections-DOB-1786497300.h5
/home/ionouser/ionozond_data2/2026-08-12/cdetections-DOB-1786498200.h5
/home/ionouser/ionozond_data2/2026-08-12/cdetections-DOB-1786499100.h5
/home/ionouser/ionozond_data2/2026-08-12/cdetections-DOB-1786500000.h5
/home/ionouser/ionozond_data2/2026-08-12/cdetections-DOB-1786500900.h5
/home/ionouser/ionozond_data2/2026-08-12/cdetections-DOB-1786501800.h5
/home/ionouser/ionozond_data2/2026-08-12/cdetections-DOB-1786502700.h5
/home/ionouser/ionozond_data2/2026-08-12/cdetections-DOB-1786503600.h5
/home/ionouser/ionozond_data2/2026-08-12/cdetections-DOB-1786504500.h5
/home/ionouser/ionozond_data2/2026-08-12/cdetections-DOB-1786505400.h5
/home/ionouser/ionozond_data2/2026-08-12/cdetections-DOB-1786506300.h5
/home/ionouser/ionozond_data2/2026-08-12/cdetections-DOB-1786507200.h5
filtering
No artists with labels found to put in legend.  Note that artists whose label start with an underscore are ignored when legend() is called with no argument.
saved /tmp/latest-rothr_jorn-DOB.png
/home/ionouser/ionozond_data2/2026-08-11/cdetections-DOB-1786406400.h5
/home/ionouser/ionozond_data2/2026-08-11/cdetections-DOB-1786407300.h5
/home/ionouser/ionozond_data2/2026-08-11/cdetections-DOB-1786408200.h5
/home/ionouser/ionozond_data2/2026-08-11/cdetections-DOB-1786409100.h5
/home/ionouser/ionozond_data2/2026-08-11/cdetections-DOB-1786410000.h5
/home/ionouser/ionozond_data2/2026-08-11/cdetections-DOB-1786410900.h5
/home/ionouser/ionozond_data2/2026-08-11/cdetections-DOB-1786411800.h5
/home/ionouser/ionozond_data2/2026-08-11/cdetections-DOB-1786412700.h5
/home/ionouser/ionozond_data2/2026-08-11/cdetections-DOB-1786413600.h5
/home/ionouser/ionozond_data2/2026-08-11/cdetections-DOB-1786414500.h5
/home/ionouser/ionozond_data2/2026-08-11/cdetections-DOB-1786415400.h5
/home/ionouser/ionozond_data2/2026-08-11/cdetections-DOB-1786416300.h5
/home/ionouser/ionozond_data2/2026-08-11/cdetections-DOB-1786417200.h5
/home/ionouser/ionozond_data2/2026-08-11/cdetections-DOB-1786418100.h5
/home/ionouser/ionozond_data2/2026-08-11/cdetections-DOB-1786419000.h5
/home/ionouser/ionozond_data2/2026-08-11/cdetections-DOB-1786419900.h5
/home/ionouser/ionozond_data2/2026-08-11/cdetections-DOB-1786420800.h5
/home/ionouser/ionozond_data2/2026-08-11/cdetections-DOB-1786421700.h5
/home/ionouser/ionozond_data2/2026-08-11/cdetections-DOB-1786422600.h5
/home/ionouser/ionozond_data2/2026-08-11/cdetections-DOB-1786423500.h5
/home/ionouser/ionozond_data2/2026-08-11/cdetections-DOB-1786424400.h5
/home/ionouser/ionozond_data2/2026-08-11/cdetections-DOB-1786425300.h5
/home/ionouser/ionozond_data2/2026-08-11/cdetections-DOB-1786426200.h5
/home/ionouser/ionozond_data2/2026-08-11/cdetections-DOB-1786427100.h5
/home/ionouser/ionozond_data2/2026-08-11/cdetections-DOB-1786428000.h5
/home/ionouser/ionozond_data2/2026-08-11/cdetections-DOB-1786428900.h5
/home/ionouser/ionozond_data2/2026-08-11/cdetections-DOB-1786429800.h5
/home/ionouser/ionozond_data2/2026-08-11/cdetections-DOB-1786430700.h5
/home/ionouser/ionozond_data2/2026-08-11/cdetections-DOB-1786431600.h5
/home/ionouser/ionozond_data2/2026-08-11/cdetections-DOB-1786432500.h5
/home/ionouser/ionozond_data2/2026-08-11/cdetections-DOB-1786433400.h5
/home/ionouser/ionozond_data2/2026-08-11/cdetections-DOB-1786434300.h5
/home/ionouser/ionozond_data2/2026-08-11/cdetections-DOB-1786435200.h5
/home/ionouser/ionozond_data2/2026-08-11/cdetections-DOB-1786436100.h5
/home/ionouser/ionozond_data2/2026-08-11/cdetections-DOB-1786437000.h5
/home/ionouser/ionozond_data2/2026-08-11/cdetections-DOB-1786437900.h5
/home/ionouser/ionozond_data2/2026-08-11/cdetections-DOB-1786438800.h5
/home/ionouser/ionozond_data2/2026-08-11/cdetections-DOB-1786439700.h5
/home/ionouser/ionozond_data2/2026-08-11/cdetections-DOB-1786440600.h5
/home/ionouser/ionozond_data2/2026-08-11/cdetections-DOB-1786441500.h5
/home/ionouser/ionozond_data2/2026-08-11/cdetections-DOB-1786442400.h5
/home/ionouser/ionozond_data2/2026-08-11/cdetections-DOB-1786443300.h5
/home/ionouser/ionozond_data2/2026-08-11/cdetections-DOB-1786444200.h5
/home/ionouser/ionozond_data2/2026-08-11/cdetections-DOB-1786445100.h5
/home/ionouser/ionozond_data2/2026-08-11/cdetections-DOB-1786446000.h5
/home/ionouser/ionozond_data2/2026-08-11/cdetections-DOB-1786446900.h5
/home/ionouser/ionozond_data2/2026-08-11/cdetections-DOB-1786447800.h5
/home/ionouser/ionozond_data2/2026-08-11/cdetections-DOB-1786448700.h5
/home/ionouser/ionozond_data2/2026-08-11/cdetections-DOB-1786449600.h5
/home/ionouser/ionozond_data2/2026-08-11/cdetections-DOB-1786450500.h5
/home/ionouser/ionozond_data2/2026-08-11/cdetections-DOB-1786451400.h5
/home/ionouser/ionozond_data2/2026-08-11/cdetections-DOB-1786452300.h5
/home/ionouser/ionozond_data2/2026-08-11/cdetections-DOB-1786453200.h5
/home/ionouser/ionozond_data2/2026-08-11/cdetections-DOB-1786454100.h5
/home/ionouser/ionozond_data2/2026-08-11/cdetections-DOB-1786455000.h5
/home/ionouser/ionozond_data2/2026-08-11/cdetections-DOB-1786455900.h5
/home/ionouser/ionozond_data2/2026-08-11/cdetections-DOB-1786456800.h5
/home/ionouser/ionozond_data2/2026-08-11/cdetections-DOB-1786457700.h5
/home/ionouser/ionozond_data2/2026-08-11/cdetections-DOB-1786458600.h5
/home/ionouser/ionozond_data2/2026-08-11/cdetections-DOB-1786459500.h5
/home/ionouser/ionozond_data2/2026-08-11/cdetections-DOB-1786460400.h5
/home/ionouser/ionozond_data2/2026-08-11/cdetections-DOB-1786461300.h5
/home/ionouser/ionozond_data2/2026-08-11/cdetections-DOB-1786462200.h5
/home/ionouser/ionozond_data2/2026-08-11/cdetections-DOB-1786463100.h5
/home/ionouser/ionozond_data2/2026-08-11/cdetections-DOB-1786464000.h5
/home/ionouser/ionozond_data2/2026-08-11/cdetections-DOB-1786464900.h5
/home/ionouser/ionozond_data2/2026-08-11/cdetections-DOB-1786465800.h5
/home/ionouser/ionozond_data2/2026-08-11/cdetections-DOB-1786466700.h5
/home/ionouser/ionozond_data2/2026-08-11/cdetections-DOB-1786467600.h5
/home/ionouser/ionozond_data2/2026-08-11/cdetections-DOB-1786468500.h5
/home/ionouser/ionozond_data2/2026-08-11/cdetections-DOB-1786469400.h5
/home/ionouser/ionozond_data2/2026-08-11/cdetections-DOB-1786470300.h5
/home/ionouser/ionozond_data2/2026-08-11/cdetections-DOB-1786471200.h5
/home/ionouser/ionozond_data2/2026-08-11/cdetections-DOB-1786472100.h5
/home/ionouser/ionozond_data2/2026-08-11/cdetections-DOB-1786473000.h5
/home/ionouser/ionozond_data2/2026-08-11/cdetections-DOB-1786473900.h5
/home/ionouser/ionozond_data2/2026-08-11/cdetections-DOB-1786474800.h5
/home/ionouser/ionozond_data2/2026-08-11/cdetections-DOB-1786475700.h5
/home/ionouser/ionozond_data2/2026-08-11/cdetections-DOB-1786476600.h5
/home/ionouser/ionozond_data2/2026-08-11/cdetections-DOB-1786477500.h5
/home/ionouser/ionozond_data2/2026-08-11/cdetections-DOB-1786478400.h5
/home/ionouser/ionozond_data2/2026-08-11/cdetections-DOB-1786479300.h5
/home/ionouser/ionozond_data2/2026-08-11/cdetections-DOB-1786480200.h5
/home/ionouser/ionozond_data2/2026-08-11/cdetections-DOB-1786481100.h5
/home/ionouser/ionozond_data2/2026-08-11/cdetections-DOB-1786482000.h5
/home/ionouser/ionozond_data2/2026-08-11/cdetections-DOB-1786482900.h5
/home/ionouser/ionozond_data2/2026-08-11/cdetections-DOB-1786483800.h5
/home/ionouser/ionozond_data2/2026-08-11/cdetections-DOB-1786484700.h5
/home/ionouser/ionozond_data2/2026-08-11/cdetections-DOB-1786485600.h5
/home/ionouser/ionozond_data2/2026-08-11/cdetections-DOB-1786486500.h5
/home/ionouser/ionozond_data2/2026-08-11/cdetections-DOB-1786487400.h5
/home/ionouser/ionozond_data2/2026-08-11/cdetections-DOB-1786488300.h5
/home/ionouser/ionozond_data2/2026-08-11/cdetections-DOB-1786489200.h5
/home/ionouser/ionozond_data2/2026-08-11/cdetections-DOB-1786490100.h5
/home/ionouser/ionozond_data2/2026-08-11/cdetections-DOB-1786491000.h5
/home/ionouser/ionozond_data2/2026-08-11/cdetections-DOB-1786491900.h5
/home/ionouser/ionozond_data2/2026-08-12/cdetections-DOB-1786492800.h5
/home/ionouser/ionozond_data2/2026-08-12/cdetections-DOB-1786493700.h5
/home/ionouser/ionozond_data2/2026-08-12/cdetections-DOB-1786494600.h5
/home/ionouser/ionozond_data2/2026-08-12/cdetections-DOB-1786495500.h5
/home/ionouser/ionozond_data2/2026-08-12/cdetections-DOB-1786496400.h5
/home/ionouser/ionozond_data2/2026-08-12/cdetections-DOB-1786497300.h5
/home/ionouser/ionozond_data2/2026-08-12/cdetections-DOB-1786498200.h5
/home/ionouser/ionozond_data2/2026-08-12/cdetections-DOB-1786499100.h5
/home/ionouser/ionozond_data2/2026-08-12/cdetections-DOB-1786500000.h5
/home/ionouser/ionozond_data2/2026-08-12/cdetections-DOB-1786500900.h5
/home/ionouser/ionozond_data2/2026-08-12/cdetections-DOB-1786501800.h5
/home/ionouser/ionozond_data2/2026-08-12/cdetections-DOB-1786502700.h5
/home/ionouser/ionozond_data2/2026-08-12/cdetections-DOB-1786503600.h5
/home/ionouser/ionozond_data2/2026-08-12/cdetections-DOB-1786504500.h5
/home/ionouser/ionozond_data2/2026-08-12/cdetections-DOB-1786505400.h5
/home/ionouser/ionozond_data2/2026-08-12/cdetections-DOB-1786506300.h5
/home/ionouser/ionozond_data2/2026-08-12/cdetections-DOB-1786507200.h5
/home/ionouser/ionozond_data2/2026-08-12/cdetections-DOB-1786508100.h5
filtering
No artists with labels found to put in legend.  Note that artists whose label start with an underscore are ignored when legend() is called with no argument.
saved /tmp/latest-rothr_jorn-DOB.png
/home/ionouser/ionozond_data2/2026-08-11/cdetections-DOB-1786406400.h5
/home/ionouser/ionozond_data2/2026-08-11/cdetections-DOB-1786407300.h5
/home/ionouser/ionozond_data2/2026-08-11/cdetections-DOB-1786408200.h5
/home/ionouser/ionozond_data2/2026-08-11/cdetections-DOB-1786409100.h5
/home/ionouser/ionozond_data2/2026-08-11/cdetections-DOB-1786410000.h5
/home/ionouser/ionozond_data2/2026-08-11/cdetections-DOB-1786410900.h5
/home/ionouser/ionozond_data2/2026-08-11/cdetections-DOB-1786411800.h5
/home/ionouser/ionozond_data2/2026-08-11/cdetections-DOB-1786412700.h5
/home/ionouser/ionozond_data2/2026-08-11/cdetections-DOB-1786413600.h5
/home/ionouser/ionozond_data2/2026-08-11/cdetections-DOB-1786414500.h5
/home/ionouser/ionozond_data2/2026-08-11/cdetections-DOB-1786415400.h5
/home/ionouser/ionozond_data2/2026-08-11/cdetections-DOB-1786416300.h5
/home/ionouser/ionozond_data2/2026-08-11/cdetections-DOB-1786417200.h5
/home/ionouser/ionozond_data2/2026-08-11/cdetections-DOB-1786418100.h5
/home/ionouser/ionozond_data2/2026-08-11/cdetections-DOB-1786419000.h5
/home/ionouser/ionozond_data2/2026-08-11/cdetections-DOB-1786419900.h5
/home/ionouser/ionozond_data2/2026-08-11/cdetections-DOB-1786420800.h5
/home/ionouser/ionozond_data2/2026-08-11/cdetections-DOB-1786421700.h5
/home/ionouser/ionozond_data2/2026-08-11/cdetections-DOB-1786422600.h5
/home/ionouser/ionozond_data2/2026-08-11/cdetections-DOB-1786423500.h5
/home/ionouser/ionozond_data2/2026-08-11/cdetections-DOB-1786424400.h5
/home/ionouser/ionozond_data2/2026-08-11/cdetections-DOB-1786425300.h5
/home/ionouser/ionozond_data2/2026-08-11/cdetections-DOB-1786426200.h5
/home/ionouser/ionozond_data2/2026-08-11/cdetections-DOB-1786427100.h5
/home/ionouser/ionozond_data2/2026-08-11/cdetections-DOB-1786428000.h5
/home/ionouser/ionozond_data2/2026-08-11/cdetections-DOB-1786428900.h5
/home/ionouser/ionozond_data2/2026-08-11/cdetections-DOB-1786429800.h5
/home/ionouser/ionozond_data2/2026-08-11/cdetections-DOB-1786430700.h5
/home/ionouser/ionozond_data2/2026-08-11/cdetections-DOB-1786431600.h5
/home/ionouser/ionozond_data2/2026-08-11/cdetections-DOB-1786432500.h5
/home/ionouser/ionozond_data2/2026-08-11/cdetections-DOB-1786433400.h5
/home/ionouser/ionozond_data2/2026-08-11/cdetections-DOB-1786434300.h5
/home/ionouser/ionozond_data2/2026-08-11/cdetections-DOB-1786435200.h5
/home/ionouser/ionozond_data2/2026-08-11/cdetections-DOB-1786436100.h5
/home/ionouser/ionozond_data2/2026-08-11/cdetections-DOB-1786437000.h5
/home/ionouser/ionozond_data2/2026-08-11/cdetections-DOB-1786437900.h5
/home/ionouser/ionozond_data2/2026-08-11/cdetections-DOB-1786438800.h5
/home/ionouser/ionozond_data2/2026-08-11/cdetections-DOB-1786439700.h5
/home/ionouser/ionozond_data2/2026-08-11/cdetections-DOB-1786440600.h5
/home/ionouser/ionozond_data2/2026-08-11/cdetections-DOB-1786441500.h5
/home/ionouser/ionozond_data2/2026-08-11/cdetections-DOB-1786442400.h5
/home/ionouser/ionozond_data2/2026-08-11/cdetections-DOB-1786443300.h5
/home/ionouser/ionozond_data2/2026-08-11/cdetections-DOB-1786444200.h5
/home/ionouser/ionozond_data2/2026-08-11/cdetections-DOB-1786445100.h5
/home/ionouser/ionozond_data2/2026-08-11/cdetections-DOB-1786446000.h5
/home/ionouser/ionozond_data2/2026-08-11/cdetections-DOB-1786446900.h5
/home/ionouser/ionozond_data2/2026-08-11/cdetections-DOB-1786447800.h5
/home/ionouser/ionozond_data2/2026-08-11/cdetections-DOB-1786448700.h5
/home/ionouser/ionozond_data2/2026-08-11/cdetections-DOB-1786449600.h5
/home/ionouser/ionozond_data2/2026-08-11/cdetections-DOB-1786450500.h5
/home/ionouser/ionozond_data2/2026-08-11/cdetections-DOB-1786451400.h5
/home/ionouser/ionozond_data2/2026-08-11/cdetections-DOB-1786452300.h5
/home/ionouser/ionozond_data2/2026-08-11/cdetections-DOB-1786453200.h5
/home/ionouser/ionozond_data2/2026-08-11/cdetections-DOB-1786454100.h5
/home/ionouser/ionozond_data2/2026-08-11/cdetections-DOB-1786455000.h5
/home/ionouser/ionozond_data2/2026-08-11/cdetections-DOB-1786455900.h5
/home/ionouser/ionozond_data2/2026-08-11/cdetections-DOB-1786456800.h5
/home/ionouser/ionozond_data2/2026-08-11/cdetections-DOB-1786457700.h5
/home/ionouser/ionozond_data2/2026-08-11/cdetections-DOB-1786458600.h5
/home/ionouser/ionozond_data2/2026-08-11/cdetections-DOB-1786459500.h5
/home/ionouser/ionozond_data2/2026-08-11/cdetections-DOB-1786460400.h5
/home/ionouser/ionozond_data2/2026-08-11/cdetections-DOB-1786461300.h5
/home/ionouser/ionozond_data2/2026-08-11/cdetections-DOB-1786462200.h5
/home/ionouser/ionozond_data2/2026-08-11/cdetections-DOB-1786463100.h5
/home/ionouser/ionozond_data2/2026-08-11/cdetections-DOB-1786464000.h5
/home/ionouser/ionozond_data2/2026-08-11/cdetections-DOB-1786464900.h5
/home/ionouser/ionozond_data2/2026-08-11/cdetections-DOB-1786465800.h5
/home/ionouser/ionozond_data2/2026-08-11/cdetections-DOB-1786466700.h5
/home/ionouser/ionozond_data2/2026-08-11/cdetections-DOB-1786467600.h5
/home/ionouser/ionozond_data2/2026-08-11/cdetections-DOB-1786468500.h5
/home/ionouser/ionozond_data2/2026-08-11/cdetections-DOB-1786469400.h5
/home/ionouser/ionozond_data2/2026-08-11/cdetections-DOB-1786470300.h5
/home/ionouser/ionozond_data2/2026-08-11/cdetections-DOB-1786471200.h5
/home/ionouser/ionozond_data2/2026-08-11/cdetections-DOB-1786472100.h5
/home/ionouser/ionozond_data2/2026-08-11/cdetections-DOB-1786473000.h5
/home/ionouser/ionozond_data2/2026-08-11/cdetections-DOB-1786473900.h5
/home/ionouser/ionozond_data2/2026-08-11/cdetections-DOB-1786474800.h5
/home/ionouser/ionozond_data2/2026-08-11/cdetections-DOB-1786475700.h5
/home/ionouser/ionozond_data2/2026-08-11/cdetections-DOB-1786476600.h5
/home/ionouser/ionozond_data2/2026-08-11/cdetections-DOB-1786477500.h5
/home/ionouser/ionozond_data2/2026-08-11/cdetections-DOB-1786478400.h5
/home/ionouser/ionozond_data2/2026-08-11/cdetections-DOB-1786479300.h5
/home/ionouser/ionozond_data2/2026-08-11/cdetections-DOB-1786480200.h5
/home/ionouser/ionozond_data2/2026-08-11/cdetections-DOB-1786481100.h5
/home/ionouser/ionozond_data2/2026-08-11/cdetections-DOB-1786482000.h5
/home/ionouser/ionozond_data2/2026-08-11/cdetections-DOB-1786482900.h5
/home/ionouser/ionozond_data2/2026-08-11/cdetections-DOB-1786483800.h5
/home/ionouser/ionozond_data2/2026-08-11/cdetections-DOB-1786484700.h5
/home/ionouser/ionozond_data2/2026-08-11/cdetections-DOB-1786485600.h5
/home/ionouser/ionozond_data2/2026-08-11/cdetections-DOB-1786486500.h5
/home/ionouser/ionozond_data2/2026-08-11/cdetections-DOB-1786487400.h5
/home/ionouser/ionozond_data2/2026-08-11/cdetections-DOB-1786488300.h5
/home/ionouser/ionozond_data2/2026-08-11/cdetections-DOB-1786489200.h5
/home/ionouser/ionozond_data2/2026-08-11/cdetections-DOB-1786490100.h5
/home/ionouser/ionozond_data2/2026-08-11/cdetections-DOB-1786491000.h5
/home/ionouser/ionozond_data2/2026-08-11/cdetections-DOB-1786491900.h5
/home/ionouser/ionozond_data2/2026-08-12/cdetections-DOB-1786492800.h5
/home/ionouser/ionozond_data2/2026-08-12/cdetections-DOB-1786493700.h5
/home/ionouser/ionozond_data2/2026-08-12/cdetections-DOB-1786494600.h5
/home/ionouser/ionozond_data2/2026-08-12/cdetections-DOB-1786495500.h5
/home/ionouser/ionozond_data2/2026-08-12/cdetections-DOB-1786496400.h5
/home/ionouser/ionozond_data2/2026-08-12/cdetections-DOB-1786497300.h5
/home/ionouser/ionozond_data2/2026-08-12/cdetections-DOB-1786498200.h5
/home/ionouser/ionozond_data2/2026-08-12/cdetections-DOB-1786499100.h5
/home/ionouser/ionozond_data2/2026-08-12/cdetections-DOB-1786500000.h5
/home/ionouser/ionozond_data2/2026-08-12/cdetections-DOB-1786500900.h5
/home/ionouser/ionozond_data2/2026-08-12/cdetections-DOB-1786501800.h5
/home/ionouser/ionozond_data2/2026-08-12/cdetections-DOB-1786502700.h5
/home/ionouser/ionozond_data2/2026-08-12/cdetections-DOB-1786503600.h5
/home/ionouser/ionozond_data2/2026-08-12/cdetections-DOB-1786504500.h5
/home/ionouser/ionozond_data2/2026-08-12/cdetections-DOB-1786505400.h5
/home/ionouser/ionozond_data2/2026-08-12/cdetections-DOB-1786506300.h5
/home/ionouser/ionozond_data2/2026-08-12/cdetections-DOB-1786507200.h5
/home/ionouser/ionozond_data2/2026-08-12/cdetections-DOB-1786508100.h5
/home/ionouser/ionozond_data2/2026-08-12/cdetections-DOB-1786509000.h5
filtering
No artists with labels found to put in legend.  Note that artists whose label start with an underscore are ignored when legend() is called with no argument.
saved /tmp/latest-rothr_jorn-DOB.png
/home/ionouser/ionozond_data2/2026-08-11/cdetections-DOB-1786406400.h5
/home/ionouser/ionozond_data2/2026-08-11/cdetections-DOB-1786407300.h5
/home/ionouser/ionozond_data2/2026-08-11/cdetections-DOB-1786408200.h5
/home/ionouser/ionozond_data2/2026-08-11/cdetections-DOB-1786409100.h5
/home/ionouser/ionozond_data2/2026-08-11/cdetections-DOB-1786410000.h5
/home/ionouser/ionozond_data2/2026-08-11/cdetections-DOB-1786410900.h5
/home/ionouser/ionozond_data2/2026-08-11/cdetections-DOB-1786411800.h5
/home/ionouser/ionozond_data2/2026-08-11/cdetections-DOB-1786412700.h5
/home/ionouser/ionozond_data2/2026-08-11/cdetections-DOB-1786413600.h5
/home/ionouser/ionozond_data2/2026-08-11/cdetections-DOB-1786414500.h5
/home/ionouser/ionozond_data2/2026-08-11/cdetections-DOB-1786415400.h5
/home/ionouser/ionozond_data2/2026-08-11/cdetections-DOB-1786416300.h5
/home/ionouser/ionozond_data2/2026-08-11/cdetections-DOB-1786417200.h5
/home/ionouser/ionozond_data2/2026-08-11/cdetections-DOB-1786418100.h5
/home/ionouser/ionozond_data2/2026-08-11/cdetections-DOB-1786419000.h5
/home/ionouser/ionozond_data2/2026-08-11/cdetections-DOB-1786419900.h5
/home/ionouser/ionozond_data2/2026-08-11/cdetections-DOB-1786420800.h5
/home/ionouser/ionozond_data2/2026-08-11/cdetections-DOB-1786421700.h5
/home/ionouser/ionozond_data2/2026-08-11/cdetections-DOB-1786422600.h5
/home/ionouser/ionozond_data2/2026-08-11/cdetections-DOB-1786423500.h5
/home/ionouser/ionozond_data2/2026-08-11/cdetections-DOB-1786424400.h5
/home/ionouser/ionozond_data2/2026-08-11/cdetections-DOB-1786425300.h5
/home/ionouser/ionozond_data2/2026-08-11/cdetections-DOB-1786426200.h5
/home/ionouser/ionozond_data2/2026-08-11/cdetections-DOB-1786427100.h5
/home/ionouser/ionozond_data2/2026-08-11/cdetections-DOB-1786428000.h5
/home/ionouser/ionozond_data2/2026-08-11/cdetections-DOB-1786428900.h5
/home/ionouser/ionozond_data2/2026-08-11/cdetections-DOB-1786429800.h5
/home/ionouser/ionozond_data2/2026-08-11/cdetections-DOB-1786430700.h5
/home/ionouser/ionozond_data2/2026-08-11/cdetections-DOB-1786431600.h5
/home/ionouser/ionozond_data2/2026-08-11/cdetections-DOB-1786432500.h5
/home/ionouser/ionozond_data2/2026-08-11/cdetections-DOB-1786433400.h5
/home/ionouser/ionozond_data2/2026-08-11/cdetections-DOB-1786434300.h5
/home/ionouser/ionozond_data2/2026-08-11/cdetections-DOB-1786435200.h5
/home/ionouser/ionozond_data2/2026-08-11/cdetections-DOB-1786436100.h5
/home/ionouser/ionozond_data2/2026-08-11/cdetections-DOB-1786437000.h5
/home/ionouser/ionozond_data2/2026-08-11/cdetections-DOB-1786437900.h5
/home/ionouser/ionozond_data2/2026-08-11/cdetections-DOB-1786438800.h5
/home/ionouser/ionozond_data2/2026-08-11/cdetections-DOB-1786439700.h5
/home/ionouser/ionozond_data2/2026-08-11/cdetections-DOB-1786440600.h5
/home/ionouser/ionozond_data2/2026-08-11/cdetections-DOB-1786441500.h5
/home/ionouser/ionozond_data2/2026-08-11/cdetections-DOB-1786442400.h5
/home/ionouser/ionozond_data2/2026-08-11/cdetections-DOB-1786443300.h5
/home/ionouser/ionozond_data2/2026-08-11/cdetections-DOB-1786444200.h5
/home/ionouser/ionozond_data2/2026-08-11/cdetections-DOB-1786445100.h5
/home/ionouser/ionozond_data2/2026-08-11/cdetections-DOB-1786446000.h5
/home/ionouser/ionozond_data2/2026-08-11/cdetections-DOB-1786446900.h5
/home/ionouser/ionozond_data2/2026-08-11/cdetections-DOB-1786447800.h5
/home/ionouser/ionozond_data2/2026-08-11/cdetections-DOB-1786448700.h5
/home/ionouser/ionozond_data2/2026-08-11/cdetections-DOB-1786449600.h5
/home/ionouser/ionozond_data2/2026-08-11/cdetections-DOB-1786450500.h5
/home/ionouser/ionozond_data2/2026-08-11/cdetections-DOB-1786451400.h5
/home/ionouser/ionozond_data2/2026-08-11/cdetections-DOB-1786452300.h5
/home/ionouser/ionozond_data2/2026-08-11/cdetections-DOB-1786453200.h5
/home/ionouser/ionozond_data2/2026-08-11/cdetections-DOB-1786454100.h5
/home/ionouser/ionozond_data2/2026-08-11/cdetections-DOB-1786455000.h5
/home/ionouser/ionozond_data2/2026-08-11/cdetections-DOB-1786455900.h5
/home/ionouser/ionozond_data2/2026-08-11/cdetections-DOB-1786456800.h5
/home/ionouser/ionozond_data2/2026-08-11/cdetections-DOB-1786457700.h5
/home/ionouser/ionozond_data2/2026-08-11/cdetections-DOB-1786458600.h5
/home/ionouser/ionozond_data2/2026-08-11/cdetections-DOB-1786459500.h5
/home/ionouser/ionozond_data2/2026-08-11/cdetections-DOB-1786460400.h5
/home/ionouser/ionozond_data2/2026-08-11/cdetections-DOB-1786461300.h5
/home/ionouser/ionozond_data2/2026-08-11/cdetections-DOB-1786462200.h5
/home/ionouser/ionozond_data2/2026-08-11/cdetections-DOB-1786463100.h5
/home/ionouser/ionozond_data2/2026-08-11/cdetections-DOB-1786464000.h5
/home/ionouser/ionozond_data2/2026-08-11/cdetections-DOB-1786464900.h5
/home/ionouser/ionozond_data2/2026-08-11/cdetections-DOB-1786465800.h5
/home/ionouser/ionozond_data2/2026-08-11/cdetections-DOB-1786466700.h5
/home/ionouser/ionozond_data2/2026-08-11/cdetections-DOB-1786467600.h5
/home/ionouser/ionozond_data2/2026-08-11/cdetections-DOB-1786468500.h5
/home/ionouser/ionozond_data2/2026-08-11/cdetections-DOB-1786469400.h5
/home/ionouser/ionozond_data2/2026-08-11/cdetections-DOB-1786470300.h5
/home/ionouser/ionozond_data2/2026-08-11/cdetections-DOB-1786471200.h5
/home/ionouser/ionozond_data2/2026-08-11/cdetections-DOB-1786472100.h5
/home/ionouser/ionozond_data2/2026-08-11/cdetections-DOB-1786473000.h5
/home/ionouser/ionozond_data2/2026-08-11/cdetections-DOB-1786473900.h5
/home/ionouser/ionozond_data2/2026-08-11/cdetections-DOB-1786474800.h5
/home/ionouser/ionozond_data2/2026-08-11/cdetections-DOB-1786475700.h5
/home/ionouser/ionozond_data2/2026-08-11/cdetections-DOB-1786476600.h5
/home/ionouser/ionozond_data2/2026-08-11/cdetections-DOB-1786477500.h5
/home/ionouser/ionozond_data2/2026-08-11/cdetections-DOB-1786478400.h5
/home/ionouser/ionozond_data2/2026-08-11/cdetections-DOB-1786479300.h5
/home/ionouser/ionozond_data2/2026-08-11/cdetections-DOB-1786480200.h5
/home/ionouser/ionozond_data2/2026-08-11/cdetections-DOB-1786481100.h5
/home/ionouser/ionozond_data2/2026-08-11/cdetections-DOB-1786482000.h5
/home/ionouser/ionozond_data2/2026-08-11/cdetections-DOB-1786482900.h5
/home/ionouser/ionozond_data2/2026-08-11/cdetections-DOB-1786483800.h5
/home/ionouser/ionozond_data2/2026-08-11/cdetections-DOB-1786484700.h5
/home/ionouser/ionozond_data2/2026-08-11/cdetections-DOB-1786485600.h5
/home/ionouser/ionozond_data2/2026-08-11/cdetections-DOB-1786486500.h5
/home/ionouser/ionozond_data2/2026-08-11/cdetections-DOB-1786487400.h5
/home/ionouser/ionozond_data2/2026-08-11/cdetections-DOB-1786488300.h5
/home/ionouser/ionozond_data2/2026-08-11/cdetections-DOB-1786489200.h5
/home/ionouser/ionozond_data2/2026-08-11/cdetections-DOB-1786490100.h5
/home/ionouser/ionozond_data2/2026-08-11/cdetections-DOB-1786491000.h5
/home/ionouser/ionozond_data2/2026-08-11/cdetections-DOB-1786491900.h5
/home/ionouser/ionozond_data2/2026-08-12/cdetections-DOB-1786492800.h5
/home/ionouser/ionozond_data2/2026-08-12/cdetections-DOB-1786493700.h5
/home/ionouser/ionozond_data2/2026-08-12/cdetections-DOB-1786494600.h5
/home/ionouser/ionozond_data2/2026-08-12/cdetections-DOB-1786495500.h5
/home/ionouser/ionozond_data2/2026-08-12/cdetections-DOB-1786496400.h5
/home/ionouser/ionozond_data2/2026-08-12/cdetections-DOB-1786497300.h5
/home/ionouser/ionozond_data2/2026-08-12/cdetections-DOB-1786498200.h5
/home/ionouser/ionozond_data2/2026-08-12/cdetections-DOB-1786499100.h5
/home/ionouser/ionozond_data2/2026-08-12/cdetections-DOB-1786500000.h5
/home/ionouser/ionozond_data2/2026-08-12/cdetections-DOB-1786500900.h5
/home/ionouser/ionozond_data2/2026-08-12/cdetections-DOB-1786501800.h5
/home/ionouser/ionozond_data2/2026-08-12/cdetections-DOB-1786502700.h5
/home/ionouser/ionozond_data2/2026-08-12/cdetections-DOB-1786503600.h5
/home/ionouser/ionozond_data2/2026-08-12/cdetections-DOB-1786504500.h5
/home/ionouser/ionozond_data2/2026-08-12/cdetections-DOB-1786505400.h5
/home/ionouser/ionozond_data2/2026-08-12/cdetections-DOB-1786506300.h5
/home/ionouser/ionozond_data2/2026-08-12/cdetections-DOB-1786507200.h5
/home/ionouser/ionozond_data2/2026-08-12/cdetections-DOB-1786508100.h5
/home/ionouser/ionozond_data2/2026-08-12/cdetections-DOB-1786509000.h5
/home/ionouser/ionozond_data2/2026-08-12/cdetections-DOB-1786509900.h5
filtering
No artists with labels found to put in legend.  Note that artists whose label start with an underscore are ignored when legend() is called with no argument.
saved /tmp/latest-rothr_jorn-DOB.png
/home/ionouser/ionozond_data2/2026-08-11/cdetections-DOB-1786406400.h5
/home/ionouser/ionozond_data2/2026-08-11/cdetections-DOB-1786407300.h5
/home/ionouser/ionozond_data2/2026-08-11/cdetections-DOB-1786408200.h5
/home/ionouser/ionozond_data2/2026-08-11/cdetections-DOB-1786409100.h5
/home/ionouser/ionozond_data2/2026-08-11/cdetections-DOB-1786410000.h5
/home/ionouser/ionozond_data2/2026-08-11/cdetections-DOB-1786410900.h5
/home/ionouser/ionozond_data2/2026-08-11/cdetections-DOB-1786411800.h5
/home/ionouser/ionozond_data2/2026-08-11/cdetections-DOB-1786412700.h5
/home/ionouser/ionozond_data2/2026-08-11/cdetections-DOB-1786413600.h5
/home/ionouser/ionozond_data2/2026-08-11/cdetections-DOB-1786414500.h5
/home/ionouser/ionozond_data2/2026-08-11/cdetections-DOB-1786415400.h5
/home/ionouser/ionozond_data2/2026-08-11/cdetections-DOB-1786416300.h5
/home/ionouser/ionozond_data2/2026-08-11/cdetections-DOB-1786417200.h5
/home/ionouser/ionozond_data2/2026-08-11/cdetections-DOB-1786418100.h5
/home/ionouser/ionozond_data2/2026-08-11/cdetections-DOB-1786419000.h5
/home/ionouser/ionozond_data2/2026-08-11/cdetections-DOB-1786419900.h5
/home/ionouser/ionozond_data2/2026-08-11/cdetections-DOB-1786420800.h5
/home/ionouser/ionozond_data2/2026-08-11/cdetections-DOB-1786421700.h5
/home/ionouser/ionozond_data2/2026-08-11/cdetections-DOB-1786422600.h5
/home/ionouser/ionozond_data2/2026-08-11/cdetections-DOB-1786423500.h5
/home/ionouser/ionozond_data2/2026-08-11/cdetections-DOB-1786424400.h5
/home/ionouser/ionozond_data2/2026-08-11/cdetections-DOB-1786425300.h5
/home/ionouser/ionozond_data2/2026-08-11/cdetections-DOB-1786426200.h5
/home/ionouser/ionozond_data2/2026-08-11/cdetections-DOB-1786427100.h5
/home/ionouser/ionozond_data2/2026-08-11/cdetections-DOB-1786428000.h5
/home/ionouser/ionozond_data2/2026-08-11/cdetections-DOB-1786428900.h5
/home/ionouser/ionozond_data2/2026-08-11/cdetections-DOB-1786429800.h5
/home/ionouser/ionozond_data2/2026-08-11/cdetections-DOB-1786430700.h5
/home/ionouser/ionozond_data2/2026-08-11/cdetections-DOB-1786431600.h5
/home/ionouser/ionozond_data2/2026-08-11/cdetections-DOB-1786432500.h5
/home/ionouser/ionozond_data2/2026-08-11/cdetections-DOB-1786433400.h5
/home/ionouser/ionozond_data2/2026-08-11/cdetections-DOB-1786434300.h5
/home/ionouser/ionozond_data2/2026-08-11/cdetections-DOB-1786435200.h5
/home/ionouser/ionozond_data2/2026-08-11/cdetections-DOB-1786436100.h5
/home/ionouser/ionozond_data2/2026-08-11/cdetections-DOB-1786437000.h5
/home/ionouser/ionozond_data2/2026-08-11/cdetections-DOB-1786437900.h5
/home/ionouser/ionozond_data2/2026-08-11/cdetections-DOB-1786438800.h5
/home/ionouser/ionozond_data2/2026-08-11/cdetections-DOB-1786439700.h5
/home/ionouser/ionozond_data2/2026-08-11/cdetections-DOB-1786440600.h5
/home/ionouser/ionozond_data2/2026-08-11/cdetections-DOB-1786441500.h5
/home/ionouser/ionozond_data2/2026-08-11/cdetections-DOB-1786442400.h5
/home/ionouser/ionozond_data2/2026-08-11/cdetections-DOB-1786443300.h5
/home/ionouser/ionozond_data2/2026-08-11/cdetections-DOB-1786444200.h5
/home/ionouser/ionozond_data2/2026-08-11/cdetections-DOB-1786445100.h5
/home/ionouser/ionozond_data2/2026-08-11/cdetections-DOB-1786446000.h5
/home/ionouser/ionozond_data2/2026-08-11/cdetections-DOB-1786446900.h5
/home/ionouser/ionozond_data2/2026-08-11/cdetections-DOB-1786447800.h5
/home/ionouser/ionozond_data2/2026-08-11/cdetections-DOB-1786448700.h5
/home/ionouser/ionozond_data2/2026-08-11/cdetections-DOB-1786449600.h5
/home/ionouser/ionozond_data2/2026-08-11/cdetections-DOB-1786450500.h5
/home/ionouser/ionozond_data2/2026-08-11/cdetections-DOB-1786451400.h5
/home/ionouser/ionozond_data2/2026-08-11/cdetections-DOB-1786452300.h5
/home/ionouser/ionozond_data2/2026-08-11/cdetections-DOB-1786453200.h5
/home/ionouser/ionozond_data2/2026-08-11/cdetections-DOB-1786454100.h5
/home/ionouser/ionozond_data2/2026-08-11/cdetections-DOB-1786455000.h5
/home/ionouser/ionozond_data2/2026-08-11/cdetections-DOB-1786455900.h5
/home/ionouser/ionozond_data2/2026-08-11/cdetections-DOB-1786456800.h5
/home/ionouser/ionozond_data2/2026-08-11/cdetections-DOB-1786457700.h5
/home/ionouser/ionozond_data2/2026-08-11/cdetections-DOB-1786458600.h5
/home/ionouser/ionozond_data2/2026-08-11/cdetections-DOB-1786459500.h5
/home/ionouser/ionozond_data2/2026-08-11/cdetections-DOB-1786460400.h5
/home/ionouser/ionozond_data2/2026-08-11/cdetections-DOB-1786461300.h5
/home/ionouser/ionozond_data2/2026-08-11/cdetections-DOB-1786462200.h5
/home/ionouser/ionozond_data2/2026-08-11/cdetections-DOB-1786463100.h5
/home/ionouser/ionozond_data2/2026-08-11/cdetections-DOB-1786464000.h5
/home/ionouser/ionozond_data2/2026-08-11/cdetections-DOB-1786464900.h5
/home/ionouser/ionozond_data2/2026-08-11/cdetections-DOB-1786465800.h5
/home/ionouser/ionozond_data2/2026-08-11/cdetections-DOB-1786466700.h5
/home/ionouser/ionozond_data2/2026-08-11/cdetections-DOB-1786467600.h5
/home/ionouser/ionozond_data2/2026-08-11/cdetections-DOB-1786468500.h5
/home/ionouser/ionozond_data2/2026-08-11/cdetections-DOB-1786469400.h5
/home/ionouser/ionozond_data2/2026-08-11/cdetections-DOB-1786470300.h5
/home/ionouser/ionozond_data2/2026-08-11/cdetections-DOB-1786471200.h5
/home/ionouser/ionozond_data2/2026-08-11/cdetections-DOB-1786472100.h5
/home/ionouser/ionozond_data2/2026-08-11/cdetections-DOB-1786473000.h5
/home/ionouser/ionozond_data2/2026-08-11/cdetections-DOB-1786473900.h5
/home/ionouser/ionozond_data2/2026-08-11/cdetections-DOB-1786474800.h5
/home/ionouser/ionozond_data2/2026-08-11/cdetections-DOB-1786475700.h5
/home/ionouser/ionozond_data2/2026-08-11/cdetections-DOB-1786476600.h5
/home/ionouser/ionozond_data2/2026-08-11/cdetections-DOB-1786477500.h5
/home/ionouser/ionozond_data2/2026-08-11/cdetections-DOB-1786478400.h5
/home/ionouser/ionozond_data2/2026-08-11/cdetections-DOB-1786479300.h5
/home/ionouser/ionozond_data2/2026-08-11/cdetections-DOB-1786480200.h5
/home/ionouser/ionozond_data2/2026-08-11/cdetections-DOB-1786481100.h5
/home/ionouser/ionozond_data2/2026-08-11/cdetections-DOB-1786482000.h5
/home/ionouser/ionozond_data2/2026-08-11/cdetections-DOB-1786482900.h5
/home/ionouser/ionozond_data2/2026-08-11/cdetections-DOB-1786483800.h5
/home/ionouser/ionozond_data2/2026-08-11/cdetections-DOB-1786484700.h5
/home/ionouser/ionozond_data2/2026-08-11/cdetections-DOB-1786485600.h5
/home/ionouser/ionozond_data2/2026-08-11/cdetections-DOB-1786486500.h5
/home/ionouser/ionozond_data2/2026-08-11/cdetections-DOB-1786487400.h5
/home/ionouser/ionozond_data2/2026-08-11/cdetections-DOB-1786488300.h5
/home/ionouser/ionozond_data2/2026-08-11/cdetections-DOB-1786489200.h5
/home/ionouser/ionozond_data2/2026-08-11/cdetections-DOB-1786490100.h5
/home/ionouser/ionozond_data2/2026-08-11/cdetections-DOB-1786491000.h5
/home/ionouser/ionozond_data2/2026-08-11/cdetections-DOB-1786491900.h5
/home/ionouser/ionozond_data2/2026-08-12/cdetections-DOB-1786492800.h5
/home/ionouser/ionozond_data2/2026-08-12/cdetections-DOB-1786493700.h5
/home/ionouser/ionozond_data2/2026-08-12/cdetections-DOB-1786494600.h5
/home/ionouser/ionozond_data2/2026-08-12/cdetections-DOB-1786495500.h5
/home/ionouser/ionozond_data2/2026-08-12/cdetections-DOB-1786496400.h5
/home/ionouser/ionozond_data2/2026-08-12/cdetections-DOB-1786497300.h5
/home/ionouser/ionozond_data2/2026-08-12/cdetections-DOB-1786498200.h5
/home/ionouser/ionozond_data2/2026-08-12/cdetections-DOB-1786499100.h5
/home/ionouser/ionozond_data2/2026-08-12/cdetections-DOB-1786500000.h5
/home/ionouser/ionozond_data2/2026-08-12/cdetections-DOB-1786500900.h5
/home/ionouser/ionozond_data2/2026-08-12/cdetections-DOB-1786501800.h5
/home/ionouser/ionozond_data2/2026-08-12/cdetections-DOB-1786502700.h5
/home/ionouser/ionozond_data2/2026-08-12/cdetections-DOB-1786503600.h5
/home/ionouser/ionozond_data2/2026-08-12/cdetections-DOB-1786504500.h5
/home/ionouser/ionozond_data2/2026-08-12/cdetections-DOB-1786505400.h5
/home/ionouser/ionozond_data2/2026-08-12/cdetections-DOB-1786506300.h5
/home/ionouser/ionozond_data2/2026-08-12/cdetections-DOB-1786507200.h5
/home/ionouser/ionozond_data2/2026-08-12/cdetections-DOB-1786508100.h5
/home/ionouser/ionozond_data2/2026-08-12/cdetections-DOB-1786509000.h5
/home/ionouser/ionozond_data2/2026-08-12/cdetections-DOB-1786509900.h5
/home/ionouser/ionozond_data2/2026-08-12/cdetections-DOB-1786510800.h5
filtering
No artists with labels found to put in legend.  Note that artists whose label start with an underscore are ignored when legend() is called with no argument.
saved /tmp/latest-rothr_jorn-DOB.png
/home/ionouser/ionozond_data2/2026-08-11/cdetections-DOB-1786406400.h5
/home/ionouser/ionozond_data2/2026-08-11/cdetections-DOB-1786407300.h5
/home/ionouser/ionozond_data2/2026-08-11/cdetections-DOB-1786408200.h5
/home/ionouser/ionozond_data2/2026-08-11/cdetections-DOB-1786409100.h5
/home/ionouser/ionozond_data2/2026-08-11/cdetections-DOB-1786410000.h5
/home/ionouser/ionozond_data2/2026-08-11/cdetections-DOB-1786410900.h5
/home/ionouser/ionozond_data2/2026-08-11/cdetections-DOB-1786411800.h5
/home/ionouser/ionozond_data2/2026-08-11/cdetections-DOB-1786412700.h5
/home/ionouser/ionozond_data2/2026-08-11/cdetections-DOB-1786413600.h5
/home/ionouser/ionozond_data2/2026-08-11/cdetections-DOB-1786414500.h5
/home/ionouser/ionozond_data2/2026-08-11/cdetections-DOB-1786415400.h5
/home/ionouser/ionozond_data2/2026-08-11/cdetections-DOB-1786416300.h5
/home/ionouser/ionozond_data2/2026-08-11/cdetections-DOB-1786417200.h5
/home/ionouser/ionozond_data2/2026-08-11/cdetections-DOB-1786418100.h5
/home/ionouser/ionozond_data2/2026-08-11/cdetections-DOB-1786419000.h5
/home/ionouser/ionozond_data2/2026-08-11/cdetections-DOB-1786419900.h5
/home/ionouser/ionozond_data2/2026-08-11/cdetections-DOB-1786420800.h5
/home/ionouser/ionozond_data2/2026-08-11/cdetections-DOB-1786421700.h5
/home/ionouser/ionozond_data2/2026-08-11/cdetections-DOB-1786422600.h5
/home/ionouser/ionozond_data2/2026-08-11/cdetections-DOB-1786423500.h5
/home/ionouser/ionozond_data2/2026-08-11/cdetections-DOB-1786424400.h5
/home/ionouser/ionozond_data2/2026-08-11/cdetections-DOB-1786425300.h5
/home/ionouser/ionozond_data2/2026-08-11/cdetections-DOB-1786426200.h5
/home/ionouser/ionozond_data2/2026-08-11/cdetections-DOB-1786427100.h5
/home/ionouser/ionozond_data2/2026-08-11/cdetections-DOB-1786428000.h5
/home/ionouser/ionozond_data2/2026-08-11/cdetections-DOB-1786428900.h5
/home/ionouser/ionozond_data2/2026-08-11/cdetections-DOB-1786429800.h5
/home/ionouser/ionozond_data2/2026-08-11/cdetections-DOB-1786430700.h5
/home/ionouser/ionozond_data2/2026-08-11/cdetections-DOB-1786431600.h5
/home/ionouser/ionozond_data2/2026-08-11/cdetections-DOB-1786432500.h5
/home/ionouser/ionozond_data2/2026-08-11/cdetections-DOB-1786433400.h5
/home/ionouser/ionozond_data2/2026-08-11/cdetections-DOB-1786434300.h5
/home/ionouser/ionozond_data2/2026-08-11/cdetections-DOB-1786435200.h5
/home/ionouser/ionozond_data2/2026-08-11/cdetections-DOB-1786436100.h5
/home/ionouser/ionozond_data2/2026-08-11/cdetections-DOB-1786437000.h5
/home/ionouser/ionozond_data2/2026-08-11/cdetections-DOB-1786437900.h5
/home/ionouser/ionozond_data2/2026-08-11/cdetections-DOB-1786438800.h5
/home/ionouser/ionozond_data2/2026-08-11/cdetections-DOB-1786439700.h5
/home/ionouser/ionozond_data2/2026-08-11/cdetections-DOB-1786440600.h5
/home/ionouser/ionozond_data2/2026-08-11/cdetections-DOB-1786441500.h5
/home/ionouser/ionozond_data2/2026-08-11/cdetections-DOB-1786442400.h5
/home/ionouser/ionozond_data2/2026-08-11/cdetections-DOB-1786443300.h5
/home/ionouser/ionozond_data2/2026-08-11/cdetections-DOB-1786444200.h5
/home/ionouser/ionozond_data2/2026-08-11/cdetections-DOB-1786445100.h5
/home/ionouser/ionozond_data2/2026-08-11/cdetections-DOB-1786446000.h5
/home/ionouser/ionozond_data2/2026-08-11/cdetections-DOB-1786446900.h5
/home/ionouser/ionozond_data2/2026-08-11/cdetections-DOB-1786447800.h5
/home/ionouser/ionozond_data2/2026-08-11/cdetections-DOB-1786448700.h5
/home/ionouser/ionozond_data2/2026-08-11/cdetections-DOB-1786449600.h5
/home/ionouser/ionozond_data2/2026-08-11/cdetections-DOB-1786450500.h5
/home/ionouser/ionozond_data2/2026-08-11/cdetections-DOB-1786451400.h5
/home/ionouser/ionozond_data2/2026-08-11/cdetections-DOB-1786452300.h5
/home/ionouser/ionozond_data2/2026-08-11/cdetections-DOB-1786453200.h5
/home/ionouser/ionozond_data2/2026-08-11/cdetections-DOB-1786454100.h5
/home/ionouser/ionozond_data2/2026-08-11/cdetections-DOB-1786455000.h5
/home/ionouser/ionozond_data2/2026-08-11/cdetections-DOB-1786455900.h5
/home/ionouser/ionozond_data2/2026-08-11/cdetections-DOB-1786456800.h5
/home/ionouser/ionozond_data2/2026-08-11/cdetections-DOB-1786457700.h5
/home/ionouser/ionozond_data2/2026-08-11/cdetections-DOB-1786458600.h5
/home/ionouser/ionozond_data2/2026-08-11/cdetections-DOB-1786459500.h5
/home/ionouser/ionozond_data2/2026-08-11/cdetections-DOB-1786460400.h5
/home/ionouser/ionozond_data2/2026-08-11/cdetections-DOB-1786461300.h5
/home/ionouser/ionozond_data2/2026-08-11/cdetections-DOB-1786462200.h5
/home/ionouser/ionozond_data2/2026-08-11/cdetections-DOB-1786463100.h5
/home/ionouser/ionozond_data2/2026-08-11/cdetections-DOB-1786464000.h5
/home/ionouser/ionozond_data2/2026-08-11/cdetections-DOB-1786464900.h5
/home/ionouser/ionozond_data2/2026-08-11/cdetections-DOB-1786465800.h5
/home/ionouser/ionozond_data2/2026-08-11/cdetections-DOB-1786466700.h5
/home/ionouser/ionozond_data2/2026-08-11/cdetections-DOB-1786467600.h5
/home/ionouser/ionozond_data2/2026-08-11/cdetections-DOB-1786468500.h5
/home/ionouser/ionozond_data2/2026-08-11/cdetections-DOB-1786469400.h5
/home/ionouser/ionozond_data2/2026-08-11/cdetections-DOB-1786470300.h5
/home/ionouser/ionozond_data2/2026-08-11/cdetections-DOB-1786471200.h5
/home/ionouser/ionozond_data2/2026-08-11/cdetections-DOB-1786472100.h5
/home/ionouser/ionozond_data2/2026-08-11/cdetections-DOB-1786473000.h5
/home/ionouser/ionozond_data2/2026-08-11/cdetections-DOB-1786473900.h5
/home/ionouser/ionozond_data2/2026-08-11/cdetections-DOB-1786474800.h5
/home/ionouser/ionozond_data2/2026-08-11/cdetections-DOB-1786475700.h5
/home/ionouser/ionozond_data2/2026-08-11/cdetections-DOB-1786476600.h5
/home/ionouser/ionozond_data2/2026-08-11/cdetections-DOB-1786477500.h5
/home/ionouser/ionozond_data2/2026-08-11/cdetections-DOB-1786478400.h5
/home/ionouser/ionozond_data2/2026-08-11/cdetections-DOB-1786479300.h5
/home/ionouser/ionozond_data2/2026-08-11/cdetections-DOB-1786480200.h5
/home/ionouser/ionozond_data2/2026-08-11/cdetections-DOB-1786481100.h5
/home/ionouser/ionozond_data2/2026-08-11/cdetections-DOB-1786482000.h5
/home/ionouser/ionozond_data2/2026-08-11/cdetections-DOB-1786482900.h5
/home/ionouser/ionozond_data2/2026-08-11/cdetections-DOB-1786483800.h5
/home/ionouser/ionozond_data2/2026-08-11/cdetections-DOB-1786484700.h5
/home/ionouser/ionozond_data2/2026-08-11/cdetections-DOB-1786485600.h5
/home/ionouser/ionozond_data2/2026-08-11/cdetections-DOB-1786486500.h5
/home/ionouser/ionozond_data2/2026-08-11/cdetections-DOB-1786487400.h5
/home/ionouser/ionozond_data2/2026-08-11/cdetections-DOB-1786488300.h5
/home/ionouser/ionozond_data2/2026-08-11/cdetections-DOB-1786489200.h5
/home/ionouser/ionozond_data2/2026-08-11/cdetections-DOB-1786490100.h5
/home/ionouser/ionozond_data2/2026-08-11/cdetections-DOB-1786491000.h5
/home/ionouser/ionozond_data2/2026-08-11/cdetections-DOB-1786491900.h5
/home/ionouser/ionozond_data2/2026-08-12/cdetections-DOB-1786492800.h5
/home/ionouser/ionozond_data2/2026-08-12/cdetections-DOB-1786493700.h5
/home/ionouser/ionozond_data2/2026-08-12/cdetections-DOB-1786494600.h5
/home/ionouser/ionozond_data2/2026-08-12/cdetections-DOB-1786495500.h5
/home/ionouser/ionozond_data2/2026-08-12/cdetections-DOB-1786496400.h5
/home/ionouser/ionozond_data2/2026-08-12/cdetections-DOB-1786497300.h5
/home/ionouser/ionozond_data2/2026-08-12/cdetections-DOB-1786498200.h5
/home/ionouser/ionozond_data2/2026-08-12/cdetections-DOB-1786499100.h5
/home/ionouser/ionozond_data2/2026-08-12/cdetections-DOB-1786500000.h5
/home/ionouser/ionozond_data2/2026-08-12/cdetections-DOB-1786500900.h5
/home/ionouser/ionozond_data2/2026-08-12/cdetections-DOB-1786501800.h5
/home/ionouser/ionozond_data2/2026-08-12/cdetections-DOB-1786502700.h5
/home/ionouser/ionozond_data2/2026-08-12/cdetections-DOB-1786503600.h5
/home/ionouser/ionozond_data2/2026-08-12/cdetections-DOB-1786504500.h5
/home/ionouser/ionozond_data2/2026-08-12/cdetections-DOB-1786505400.h5
/home/ionouser/ionozond_data2/2026-08-12/cdetections-DOB-1786506300.h5
/home/ionouser/ionozond_data2/2026-08-12/cdetections-DOB-1786507200.h5
/home/ionouser/ionozond_data2/2026-08-12/cdetections-DOB-1786508100.h5
/home/ionouser/ionozond_data2/2026-08-12/cdetections-DOB-1786509000.h5
/home/ionouser/ionozond_data2/2026-08-12/cdetections-DOB-1786509900.h5
/home/ionouser/ionozond_data2/2026-08-12/cdetections-DOB-1786510800.h5
/home/ionouser/ionozond_data2/2026-08-12/cdetections-DOB-1786511700.h5
filtering
No artists with labels found to put in legend.  Note that artists whose label start with an underscore are ignored when legend() is called with no argument.
saved /tmp/latest-rothr_jorn-DOB.png
/home/ionouser/ionozond_data2/2026-08-11/cdetections-DOB-1786406400.h5
/home/ionouser/ionozond_data2/2026-08-11/cdetections-DOB-1786407300.h5
/home/ionouser/ionozond_data2/2026-08-11/cdetections-DOB-1786408200.h5
/home/ionouser/ionozond_data2/2026-08-11/cdetections-DOB-1786409100.h5
/home/ionouser/ionozond_data2/2026-08-11/cdetections-DOB-1786410000.h5
/home/ionouser/ionozond_data2/2026-08-11/cdetections-DOB-1786410900.h5
/home/ionouser/ionozond_data2/2026-08-11/cdetections-DOB-1786411800.h5
/home/ionouser/ionozond_data2/2026-08-11/cdetections-DOB-1786412700.h5
/home/ionouser/ionozond_data2/2026-08-11/cdetections-DOB-1786413600.h5
/home/ionouser/ionozond_data2/2026-08-11/cdetections-DOB-1786414500.h5
/home/ionouser/ionozond_data2/2026-08-11/cdetections-DOB-1786415400.h5
/home/ionouser/ionozond_data2/2026-08-11/cdetections-DOB-1786416300.h5
/home/ionouser/ionozond_data2/2026-08-11/cdetections-DOB-1786417200.h5
/home/ionouser/ionozond_data2/2026-08-11/cdetections-DOB-1786418100.h5
/home/ionouser/ionozond_data2/2026-08-11/cdetections-DOB-1786419000.h5
/home/ionouser/ionozond_data2/2026-08-11/cdetections-DOB-1786419900.h5
/home/ionouser/ionozond_data2/2026-08-11/cdetections-DOB-1786420800.h5
/home/ionouser/ionozond_data2/2026-08-11/cdetections-DOB-1786421700.h5
/home/ionouser/ionozond_data2/2026-08-11/cdetections-DOB-1786422600.h5
/home/ionouser/ionozond_data2/2026-08-11/cdetections-DOB-1786423500.h5
/home/ionouser/ionozond_data2/2026-08-11/cdetections-DOB-1786424400.h5
/home/ionouser/ionozond_data2/2026-08-11/cdetections-DOB-1786425300.h5
/home/ionouser/ionozond_data2/2026-08-11/cdetections-DOB-1786426200.h5
/home/ionouser/ionozond_data2/2026-08-11/cdetections-DOB-1786427100.h5
/home/ionouser/ionozond_data2/2026-08-11/cdetections-DOB-1786428000.h5
/home/ionouser/ionozond_data2/2026-08-11/cdetections-DOB-1786428900.h5
/home/ionouser/ionozond_data2/2026-08-11/cdetections-DOB-1786429800.h5
/home/ionouser/ionozond_data2/2026-08-11/cdetections-DOB-1786430700.h5
/home/ionouser/ionozond_data2/2026-08-11/cdetections-DOB-1786431600.h5
/home/ionouser/ionozond_data2/2026-08-11/cdetections-DOB-1786432500.h5
/home/ionouser/ionozond_data2/2026-08-11/cdetections-DOB-1786433400.h5
/home/ionouser/ionozond_data2/2026-08-11/cdetections-DOB-1786434300.h5
/home/ionouser/ionozond_data2/2026-08-11/cdetections-DOB-1786435200.h5
/home/ionouser/ionozond_data2/2026-08-11/cdetections-DOB-1786436100.h5
/home/ionouser/ionozond_data2/2026-08-11/cdetections-DOB-1786437000.h5
/home/ionouser/ionozond_data2/2026-08-11/cdetections-DOB-1786437900.h5
/home/ionouser/ionozond_data2/2026-08-11/cdetections-DOB-1786438800.h5
/home/ionouser/ionozond_data2/2026-08-11/cdetections-DOB-1786439700.h5
/home/ionouser/ionozond_data2/2026-08-11/cdetections-DOB-1786440600.h5
/home/ionouser/ionozond_data2/2026-08-11/cdetections-DOB-1786441500.h5
/home/ionouser/ionozond_data2/2026-08-11/cdetections-DOB-1786442400.h5
/home/ionouser/ionozond_data2/2026-08-11/cdetections-DOB-1786443300.h5
/home/ionouser/ionozond_data2/2026-08-11/cdetections-DOB-1786444200.h5
/home/ionouser/ionozond_data2/2026-08-11/cdetections-DOB-1786445100.h5
/home/ionouser/ionozond_data2/2026-08-11/cdetections-DOB-1786446000.h5
/home/ionouser/ionozond_data2/2026-08-11/cdetections-DOB-1786446900.h5
/home/ionouser/ionozond_data2/2026-08-11/cdetections-DOB-1786447800.h5
/home/ionouser/ionozond_data2/2026-08-11/cdetections-DOB-1786448700.h5
/home/ionouser/ionozond_data2/2026-08-11/cdetections-DOB-1786449600.h5
/home/ionouser/ionozond_data2/2026-08-11/cdetections-DOB-1786450500.h5
/home/ionouser/ionozond_data2/2026-08-11/cdetections-DOB-1786451400.h5
/home/ionouser/ionozond_data2/2026-08-11/cdetections-DOB-1786452300.h5
/home/ionouser/ionozond_data2/2026-08-11/cdetections-DOB-1786453200.h5
/home/ionouser/ionozond_data2/2026-08-11/cdetections-DOB-1786454100.h5
/home/ionouser/ionozond_data2/2026-08-11/cdetections-DOB-1786455000.h5
/home/ionouser/ionozond_data2/2026-08-11/cdetections-DOB-1786455900.h5
/home/ionouser/ionozond_data2/2026-08-11/cdetections-DOB-1786456800.h5
/home/ionouser/ionozond_data2/2026-08-11/cdetections-DOB-1786457700.h5
/home/ionouser/ionozond_data2/2026-08-11/cdetections-DOB-1786458600.h5
/home/ionouser/ionozond_data2/2026-08-11/cdetections-DOB-1786459500.h5
/home/ionouser/ionozond_data2/2026-08-11/cdetections-DOB-1786460400.h5
/home/ionouser/ionozond_data2/2026-08-11/cdetections-DOB-1786461300.h5
/home/ionouser/ionozond_data2/2026-08-11/cdetections-DOB-1786462200.h5
/home/ionouser/ionozond_data2/2026-08-11/cdetections-DOB-1786463100.h5
/home/ionouser/ionozond_data2/2026-08-11/cdetections-DOB-1786464000.h5
/home/ionouser/ionozond_data2/2026-08-11/cdetections-DOB-1786464900.h5
/home/ionouser/ionozond_data2/2026-08-11/cdetections-DOB-1786465800.h5
/home/ionouser/ionozond_data2/2026-08-11/cdetections-DOB-1786466700.h5
/home/ionouser/ionozond_data2/2026-08-11/cdetections-DOB-1786467600.h5
/home/ionouser/ionozond_data2/2026-08-11/cdetections-DOB-1786468500.h5
/home/ionouser/ionozond_data2/2026-08-11/cdetections-DOB-1786469400.h5
/home/ionouser/ionozond_data2/2026-08-11/cdetections-DOB-1786470300.h5
/home/ionouser/ionozond_data2/2026-08-11/cdetections-DOB-1786471200.h5
/home/ionouser/ionozond_data2/2026-08-11/cdetections-DOB-1786472100.h5
/home/ionouser/ionozond_data2/2026-08-11/cdetections-DOB-1786473000.h5
/home/ionouser/ionozond_data2/2026-08-11/cdetections-DOB-1786473900.h5
/home/ionouser/ionozond_data2/2026-08-11/cdetections-DOB-1786474800.h5
/home/ionouser/ionozond_data2/2026-08-11/cdetections-DOB-1786475700.h5
/home/ionouser/ionozond_data2/2026-08-11/cdetections-DOB-1786476600.h5
/home/ionouser/ionozond_data2/2026-08-11/cdetections-DOB-1786477500.h5
/home/ionouser/ionozond_data2/2026-08-11/cdetections-DOB-1786478400.h5
/home/ionouser/ionozond_data2/2026-08-11/cdetections-DOB-1786479300.h5
/home/ionouser/ionozond_data2/2026-08-11/cdetections-DOB-1786480200.h5
/home/ionouser/ionozond_data2/2026-08-11/cdetections-DOB-1786481100.h5
/home/ionouser/ionozond_data2/2026-08-11/cdetections-DOB-1786482000.h5
/home/ionouser/ionozond_data2/2026-08-11/cdetections-DOB-1786482900.h5
/home/ionouser/ionozond_data2/2026-08-11/cdetections-DOB-1786483800.h5
/home/ionouser/ionozond_data2/2026-08-11/cdetections-DOB-1786484700.h5
/home/ionouser/ionozond_data2/2026-08-11/cdetections-DOB-1786485600.h5
/home/ionouser/ionozond_data2/2026-08-11/cdetections-DOB-1786486500.h5
/home/ionouser/ionozond_data2/2026-08-11/cdetections-DOB-1786487400.h5
/home/ionouser/ionozond_data2/2026-08-11/cdetections-DOB-1786488300.h5
/home/ionouser/ionozond_data2/2026-08-11/cdetections-DOB-1786489200.h5
/home/ionouser/ionozond_data2/2026-08-11/cdetections-DOB-1786490100.h5
/home/ionouser/ionozond_data2/2026-08-11/cdetections-DOB-1786491000.h5
/home/ionouser/ionozond_data2/2026-08-11/cdetections-DOB-1786491900.h5
/home/ionouser/ionozond_data2/2026-08-12/cdetections-DOB-1786492800.h5
/home/ionouser/ionozond_data2/2026-08-12/cdetections-DOB-1786493700.h5
/home/ionouser/ionozond_data2/2026-08-12/cdetections-DOB-1786494600.h5
/home/ionouser/ionozond_data2/2026-08-12/cdetections-DOB-1786495500.h5
/home/ionouser/ionozond_data2/2026-08-12/cdetections-DOB-1786496400.h5
/home/ionouser/ionozond_data2/2026-08-12/cdetections-DOB-1786497300.h5
/home/ionouser/ionozond_data2/2026-08-12/cdetections-DOB-1786498200.h5
/home/ionouser/ionozond_data2/2026-08-12/cdetections-DOB-1786499100.h5
/home/ionouser/ionozond_data2/2026-08-12/cdetections-DOB-1786500000.h5
/home/ionouser/ionozond_data2/2026-08-12/cdetections-DOB-1786500900.h5
/home/ionouser/ionozond_data2/2026-08-12/cdetections-DOB-1786501800.h5
/home/ionouser/ionozond_data2/2026-08-12/cdetections-DOB-1786502700.h5
/home/ionouser/ionozond_data2/2026-08-12/cdetections-DOB-1786503600.h5
/home/ionouser/ionozond_data2/2026-08-12/cdetections-DOB-1786504500.h5
/home/ionouser/ionozond_data2/2026-08-12/cdetections-DOB-1786505400.h5
/home/ionouser/ionozond_data2/2026-08-12/cdetections-DOB-1786506300.h5
/home/ionouser/ionozond_data2/2026-08-12/cdetections-DOB-1786507200.h5
/home/ionouser/ionozond_data2/2026-08-12/cdetections-DOB-1786508100.h5
/home/ionouser/ionozond_data2/2026-08-12/cdetections-DOB-1786509000.h5
/home/ionouser/ionozond_data2/2026-08-12/cdetections-DOB-1786509900.h5
/home/ionouser/ionozond_data2/2026-08-12/cdetections-DOB-1786510800.h5
/home/ionouser/ionozond_data2/2026-08-12/cdetections-DOB-1786511700.h5
/home/ionouser/ionozond_data2/2026-08-12/cdetections-DOB-1786512600.h5
filtering
No artists with labels found to put in legend.  Note that artists whose label start with an underscore are ignored when legend() is called with no argument.
saved /tmp/latest-rothr_jorn-DOB.png
/home/ionouser/ionozond_data2/2026-08-11/cdetections-DOB-1786406400.h5
/home/ionouser/ionozond_data2/2026-08-11/cdetections-DOB-1786407300.h5
/home/ionouser/ionozond_data2/2026-08-11/cdetections-DOB-1786408200.h5
/home/ionouser/ionozond_data2/2026-08-11/cdetections-DOB-1786409100.h5
/home/ionouser/ionozond_data2/2026-08-11/cdetections-DOB-1786410000.h5
/home/ionouser/ionozond_data2/2026-08-11/cdetections-DOB-1786410900.h5
/home/ionouser/ionozond_data2/2026-08-11/cdetections-DOB-1786411800.h5
/home/ionouser/ionozond_data2/2026-08-11/cdetections-DOB-1786412700.h5
/home/ionouser/ionozond_data2/2026-08-11/cdetections-DOB-1786413600.h5
/home/ionouser/ionozond_data2/2026-08-11/cdetections-DOB-1786414500.h5
/home/ionouser/ionozond_data2/2026-08-11/cdetections-DOB-1786415400.h5
/home/ionouser/ionozond_data2/2026-08-11/cdetections-DOB-1786416300.h5
/home/ionouser/ionozond_data2/2026-08-11/cdetections-DOB-1786417200.h5
/home/ionouser/ionozond_data2/2026-08-11/cdetections-DOB-1786418100.h5
/home/ionouser/ionozond_data2/2026-08-11/cdetections-DOB-1786419000.h5
/home/ionouser/ionozond_data2/2026-08-11/cdetections-DOB-1786419900.h5
/home/ionouser/ionozond_data2/2026-08-11/cdetections-DOB-1786420800.h5
/home/ionouser/ionozond_data2/2026-08-11/cdetections-DOB-1786421700.h5
/home/ionouser/ionozond_data2/2026-08-11/cdetections-DOB-1786422600.h5
/home/ionouser/ionozond_data2/2026-08-11/cdetections-DOB-1786423500.h5
/home/ionouser/ionozond_data2/2026-08-11/cdetections-DOB-1786424400.h5
/home/ionouser/ionozond_data2/2026-08-11/cdetections-DOB-1786425300.h5
/home/ionouser/ionozond_data2/2026-08-11/cdetections-DOB-1786426200.h5
/home/ionouser/ionozond_data2/2026-08-11/cdetections-DOB-1786427100.h5
/home/ionouser/ionozond_data2/2026-08-11/cdetections-DOB-1786428000.h5
/home/ionouser/ionozond_data2/2026-08-11/cdetections-DOB-1786428900.h5
/home/ionouser/ionozond_data2/2026-08-11/cdetections-DOB-1786429800.h5
/home/ionouser/ionozond_data2/2026-08-11/cdetections-DOB-1786430700.h5
/home/ionouser/ionozond_data2/2026-08-11/cdetections-DOB-1786431600.h5
/home/ionouser/ionozond_data2/2026-08-11/cdetections-DOB-1786432500.h5
/home/ionouser/ionozond_data2/2026-08-11/cdetections-DOB-1786433400.h5
/home/ionouser/ionozond_data2/2026-08-11/cdetections-DOB-1786434300.h5
/home/ionouser/ionozond_data2/2026-08-11/cdetections-DOB-1786435200.h5
/home/ionouser/ionozond_data2/2026-08-11/cdetections-DOB-1786436100.h5
/home/ionouser/ionozond_data2/2026-08-11/cdetections-DOB-1786437000.h5
/home/ionouser/ionozond_data2/2026-08-11/cdetections-DOB-1786437900.h5
/home/ionouser/ionozond_data2/2026-08-11/cdetections-DOB-1786438800.h5
/home/ionouser/ionozond_data2/2026-08-11/cdetections-DOB-1786439700.h5
/home/ionouser/ionozond_data2/2026-08-11/cdetections-DOB-1786440600.h5
/home/ionouser/ionozond_data2/2026-08-11/cdetections-DOB-1786441500.h5
/home/ionouser/ionozond_data2/2026-08-11/cdetections-DOB-1786442400.h5
/home/ionouser/ionozond_data2/2026-08-11/cdetections-DOB-1786443300.h5
/home/ionouser/ionozond_data2/2026-08-11/cdetections-DOB-1786444200.h5
/home/ionouser/ionozond_data2/2026-08-11/cdetections-DOB-1786445100.h5
/home/ionouser/ionozond_data2/2026-08-11/cdetections-DOB-1786446000.h5
/home/ionouser/ionozond_data2/2026-08-11/cdetections-DOB-1786446900.h5
/home/ionouser/ionozond_data2/2026-08-11/cdetections-DOB-1786447800.h5
/home/ionouser/ionozond_data2/2026-08-11/cdetections-DOB-1786448700.h5
/home/ionouser/ionozond_data2/2026-08-11/cdetections-DOB-1786449600.h5
/home/ionouser/ionozond_data2/2026-08-11/cdetections-DOB-1786450500.h5
/home/ionouser/ionozond_data2/2026-08-11/cdetections-DOB-1786451400.h5
/home/ionouser/ionozond_data2/2026-08-11/cdetections-DOB-1786452300.h5
/home/ionouser/ionozond_data2/2026-08-11/cdetections-DOB-1786453200.h5
/home/ionouser/ionozond_data2/2026-08-11/cdetections-DOB-1786454100.h5
/home/ionouser/ionozond_data2/2026-08-11/cdetections-DOB-1786455000.h5
/home/ionouser/ionozond_data2/2026-08-11/cdetections-DOB-1786455900.h5
/home/ionouser/ionozond_data2/2026-08-11/cdetections-DOB-1786456800.h5
/home/ionouser/ionozond_data2/2026-08-11/cdetections-DOB-1786457700.h5
/home/ionouser/ionozond_data2/2026-08-11/cdetections-DOB-1786458600.h5
/home/ionouser/ionozond_data2/2026-08-11/cdetections-DOB-1786459500.h5
/home/ionouser/ionozond_data2/2026-08-11/cdetections-DOB-1786460400.h5
/home/ionouser/ionozond_data2/2026-08-11/cdetections-DOB-1786461300.h5
/home/ionouser/ionozond_data2/2026-08-11/cdetections-DOB-1786462200.h5
/home/ionouser/ionozond_data2/2026-08-11/cdetections-DOB-1786463100.h5
/home/ionouser/ionozond_data2/2026-08-11/cdetections-DOB-1786464000.h5
/home/ionouser/ionozond_data2/2026-08-11/cdetections-DOB-1786464900.h5
/home/ionouser/ionozond_data2/2026-08-11/cdetections-DOB-1786465800.h5
/home/ionouser/ionozond_data2/2026-08-11/cdetections-DOB-1786466700.h5
/home/ionouser/ionozond_data2/2026-08-11/cdetections-DOB-1786467600.h5
/home/ionouser/ionozond_data2/2026-08-11/cdetections-DOB-1786468500.h5
/home/ionouser/ionozond_data2/2026-08-11/cdetections-DOB-1786469400.h5
/home/ionouser/ionozond_data2/2026-08-11/cdetections-DOB-1786470300.h5
/home/ionouser/ionozond_data2/2026-08-11/cdetections-DOB-1786471200.h5
/home/ionouser/ionozond_data2/2026-08-11/cdetections-DOB-1786472100.h5
/home/ionouser/ionozond_data2/2026-08-11/cdetections-DOB-1786473000.h5
/home/ionouser/ionozond_data2/2026-08-11/cdetections-DOB-1786473900.h5
/home/ionouser/ionozond_data2/2026-08-11/cdetections-DOB-1786474800.h5
/home/ionouser/ionozond_data2/2026-08-11/cdetections-DOB-1786475700.h5
/home/ionouser/ionozond_data2/2026-08-11/cdetections-DOB-1786476600.h5
/home/ionouser/ionozond_data2/2026-08-11/cdetections-DOB-1786477500.h5
/home/ionouser/ionozond_data2/2026-08-11/cdetections-DOB-1786478400.h5
/home/ionouser/ionozond_data2/2026-08-11/cdetections-DOB-1786479300.h5
/home/ionouser/ionozond_data2/2026-08-11/cdetections-DOB-1786480200.h5
/home/ionouser/ionozond_data2/2026-08-11/cdetections-DOB-1786481100.h5
/home/ionouser/ionozond_data2/2026-08-11/cdetections-DOB-1786482000.h5
/home/ionouser/ionozond_data2/2026-08-11/cdetections-DOB-1786482900.h5
/home/ionouser/ionozond_data2/2026-08-11/cdetections-DOB-1786483800.h5
/home/ionouser/ionozond_data2/2026-08-11/cdetections-DOB-1786484700.h5
/home/ionouser/ionozond_data2/2026-08-11/cdetections-DOB-1786485600.h5
/home/ionouser/ionozond_data2/2026-08-11/cdetections-DOB-1786486500.h5
/home/ionouser/ionozond_data2/2026-08-11/cdetections-DOB-1786487400.h5
/home/ionouser/ionozond_data2/2026-08-11/cdetections-DOB-1786488300.h5
/home/ionouser/ionozond_data2/2026-08-11/cdetections-DOB-1786489200.h5
/home/ionouser/ionozond_data2/2026-08-11/cdetections-DOB-1786490100.h5
/home/ionouser/ionozond_data2/2026-08-11/cdetections-DOB-1786491000.h5
/home/ionouser/ionozond_data2/2026-08-11/cdetections-DOB-1786491900.h5
/home/ionouser/ionozond_data2/2026-08-12/cdetections-DOB-1786492800.h5
/home/ionouser/ionozond_data2/2026-08-12/cdetections-DOB-1786493700.h5
/home/ionouser/ionozond_data2/2026-08-12/cdetections-DOB-1786494600.h5
/home/ionouser/ionozond_data2/2026-08-12/cdetections-DOB-1786495500.h5
/home/ionouser/ionozond_data2/2026-08-12/cdetections-DOB-1786496400.h5
/home/ionouser/ionozond_data2/2026-08-12/cdetections-DOB-1786497300.h5
/home/ionouser/ionozond_data2/2026-08-12/cdetections-DOB-1786498200.h5
/home/ionouser/ionozond_data2/2026-08-12/cdetections-DOB-1786499100.h5
/home/ionouser/ionozond_data2/2026-08-12/cdetections-DOB-1786500000.h5
/home/ionouser/ionozond_data2/2026-08-12/cdetections-DOB-1786500900.h5
/home/ionouser/ionozond_data2/2026-08-12/cdetections-DOB-1786501800.h5
/home/ionouser/ionozond_data2/2026-08-12/cdetections-DOB-1786502700.h5
/home/ionouser/ionozond_data2/2026-08-12/cdetections-DOB-1786503600.h5
/home/ionouser/ionozond_data2/2026-08-12/cdetections-DOB-1786504500.h5
/home/ionouser/ionozond_data2/2026-08-12/cdetections-DOB-1786505400.h5
/home/ionouser/ionozond_data2/2026-08-12/cdetections-DOB-1786506300.h5
/home/ionouser/ionozond_data2/2026-08-12/cdetections-DOB-1786507200.h5
/home/ionouser/ionozond_data2/2026-08-12/cdetections-DOB-1786508100.h5
/home/ionouser/ionozond_data2/2026-08-12/cdetections-DOB-1786509000.h5
/home/ionouser/ionozond_data2/2026-08-12/cdetections-DOB-1786509900.h5
/home/ionouser/ionozond_data2/2026-08-12/cdetections-DOB-1786510800.h5
/home/ionouser/ionozond_data2/2026-08-12/cdetections-DOB-1786511700.h5
/home/ionouser/ionozond_data2/2026-08-12/cdetections-DOB-1786512600.h5
/home/ionouser/ionozond_data2/2026-08-12/cdetections-DOB-1786513500.h5
filtering
No artists with labels found to put in legend.  Note that artists whose label start with an underscore are ignored when legend() is called with no argument.
saved /tmp/latest-rothr_jorn-DOB.png
/home/ionouser/ionozond_data2/2026-08-11/cdetections-DOB-1786406400.h5
/home/ionouser/ionozond_data2/2026-08-11/cdetections-DOB-1786407300.h5
/home/ionouser/ionozond_data2/2026-08-11/cdetections-DOB-1786408200.h5
/home/ionouser/ionozond_data2/2026-08-11/cdetections-DOB-1786409100.h5
/home/ionouser/ionozond_data2/2026-08-11/cdetections-DOB-1786410000.h5
/home/ionouser/ionozond_data2/2026-08-11/cdetections-DOB-1786410900.h5
/home/ionouser/ionozond_data2/2026-08-11/cdetections-DOB-1786411800.h5
/home/ionouser/ionozond_data2/2026-08-11/cdetections-DOB-1786412700.h5
/home/ionouser/ionozond_data2/2026-08-11/cdetections-DOB-1786413600.h5
/home/ionouser/ionozond_data2/2026-08-11/cdetections-DOB-1786414500.h5
/home/ionouser/ionozond_data2/2026-08-11/cdetections-DOB-1786415400.h5
/home/ionouser/ionozond_data2/2026-08-11/cdetections-DOB-1786416300.h5
/home/ionouser/ionozond_data2/2026-08-11/cdetections-DOB-1786417200.h5
/home/ionouser/ionozond_data2/2026-08-11/cdetections-DOB-1786418100.h5
/home/ionouser/ionozond_data2/2026-08-11/cdetections-DOB-1786419000.h5
/home/ionouser/ionozond_data2/2026-08-11/cdetections-DOB-1786419900.h5
/home/ionouser/ionozond_data2/2026-08-11/cdetections-DOB-1786420800.h5
/home/ionouser/ionozond_data2/2026-08-11/cdetections-DOB-1786421700.h5
/home/ionouser/ionozond_data2/2026-08-11/cdetections-DOB-1786422600.h5
/home/ionouser/ionozond_data2/2026-08-11/cdetections-DOB-1786423500.h5
/home/ionouser/ionozond_data2/2026-08-11/cdetections-DOB-1786424400.h5
/home/ionouser/ionozond_data2/2026-08-11/cdetections-DOB-1786425300.h5
/home/ionouser/ionozond_data2/2026-08-11/cdetections-DOB-1786426200.h5
/home/ionouser/ionozond_data2/2026-08-11/cdetections-DOB-1786427100.h5
/home/ionouser/ionozond_data2/2026-08-11/cdetections-DOB-1786428000.h5
/home/ionouser/ionozond_data2/2026-08-11/cdetections-DOB-1786428900.h5
/home/ionouser/ionozond_data2/2026-08-11/cdetections-DOB-1786429800.h5
/home/ionouser/ionozond_data2/2026-08-11/cdetections-DOB-1786430700.h5
/home/ionouser/ionozond_data2/2026-08-11/cdetections-DOB-1786431600.h5
/home/ionouser/ionozond_data2/2026-08-11/cdetections-DOB-1786432500.h5
/home/ionouser/ionozond_data2/2026-08-11/cdetections-DOB-1786433400.h5
/home/ionouser/ionozond_data2/2026-08-11/cdetections-DOB-1786434300.h5
/home/ionouser/ionozond_data2/2026-08-11/cdetections-DOB-1786435200.h5
/home/ionouser/ionozond_data2/2026-08-11/cdetections-DOB-1786436100.h5
/home/ionouser/ionozond_data2/2026-08-11/cdetections-DOB-1786437000.h5
/home/ionouser/ionozond_data2/2026-08-11/cdetections-DOB-1786437900.h5
/home/ionouser/ionozond_data2/2026-08-11/cdetections-DOB-1786438800.h5
/home/ionouser/ionozond_data2/2026-08-11/cdetections-DOB-1786439700.h5
/home/ionouser/ionozond_data2/2026-08-11/cdetections-DOB-1786440600.h5
/home/ionouser/ionozond_data2/2026-08-11/cdetections-DOB-1786441500.h5
/home/ionouser/ionozond_data2/2026-08-11/cdetections-DOB-1786442400.h5
/home/ionouser/ionozond_data2/2026-08-11/cdetections-DOB-1786443300.h5
/home/ionouser/ionozond_data2/2026-08-11/cdetections-DOB-1786444200.h5
/home/ionouser/ionozond_data2/2026-08-11/cdetections-DOB-1786445100.h5
/home/ionouser/ionozond_data2/2026-08-11/cdetections-DOB-1786446000.h5
/home/ionouser/ionozond_data2/2026-08-11/cdetections-DOB-1786446900.h5
/home/ionouser/ionozond_data2/2026-08-11/cdetections-DOB-1786447800.h5
/home/ionouser/ionozond_data2/2026-08-11/cdetections-DOB-1786448700.h5
/home/ionouser/ionozond_data2/2026-08-11/cdetections-DOB-1786449600.h5
/home/ionouser/ionozond_data2/2026-08-11/cdetections-DOB-1786450500.h5
/home/ionouser/ionozond_data2/2026-08-11/cdetections-DOB-1786451400.h5
/home/ionouser/ionozond_data2/2026-08-11/cdetections-DOB-1786452300.h5
/home/ionouser/ionozond_data2/2026-08-11/cdetections-DOB-1786453200.h5
/home/ionouser/ionozond_data2/2026-08-11/cdetections-DOB-1786454100.h5
/home/ionouser/ionozond_data2/2026-08-11/cdetections-DOB-1786455000.h5
/home/ionouser/ionozond_data2/2026-08-11/cdetections-DOB-1786455900.h5
/home/ionouser/ionozond_data2/2026-08-11/cdetections-DOB-1786456800.h5
/home/ionouser/ionozond_data2/2026-08-11/cdetections-DOB-1786457700.h5
/home/ionouser/ionozond_data2/2026-08-11/cdetections-DOB-1786458600.h5
/home/ionouser/ionozond_data2/2026-08-11/cdetections-DOB-1786459500.h5
/home/ionouser/ionozond_data2/2026-08-11/cdetections-DOB-1786460400.h5
/home/ionouser/ionozond_data2/2026-08-11/cdetections-DOB-1786461300.h5
/home/ionouser/ionozond_data2/2026-08-11/cdetections-DOB-1786462200.h5
/home/ionouser/ionozond_data2/2026-08-11/cdetections-DOB-1786463100.h5
/home/ionouser/ionozond_data2/2026-08-11/cdetections-DOB-1786464000.h5
/home/ionouser/ionozond_data2/2026-08-11/cdetections-DOB-1786464900.h5
/home/ionouser/ionozond_data2/2026-08-11/cdetections-DOB-1786465800.h5
/home/ionouser/ionozond_data2/2026-08-11/cdetections-DOB-1786466700.h5
/home/ionouser/ionozond_data2/2026-08-11/cdetections-DOB-1786467600.h5
/home/ionouser/ionozond_data2/2026-08-11/cdetections-DOB-1786468500.h5
/home/ionouser/ionozond_data2/2026-08-11/cdetections-DOB-1786469400.h5
/home/ionouser/ionozond_data2/2026-08-11/cdetections-DOB-1786470300.h5
/home/ionouser/ionozond_data2/2026-08-11/cdetections-DOB-1786471200.h5
/home/ionouser/ionozond_data2/2026-08-11/cdetections-DOB-1786472100.h5
/home/ionouser/ionozond_data2/2026-08-11/cdetections-DOB-1786473000.h5
/home/ionouser/ionozond_data2/2026-08-11/cdetections-DOB-1786473900.h5
/home/ionouser/ionozond_data2/2026-08-11/cdetections-DOB-1786474800.h5
/home/ionouser/ionozond_data2/2026-08-11/cdetections-DOB-1786475700.h5
/home/ionouser/ionozond_data2/2026-08-11/cdetections-DOB-1786476600.h5
/home/ionouser/ionozond_data2/2026-08-11/cdetections-DOB-1786477500.h5
/home/ionouser/ionozond_data2/2026-08-11/cdetections-DOB-1786478400.h5
/home/ionouser/ionozond_data2/2026-08-11/cdetections-DOB-1786479300.h5
/home/ionouser/ionozond_data2/2026-08-11/cdetections-DOB-1786480200.h5
/home/ionouser/ionozond_data2/2026-08-11/cdetections-DOB-1786481100.h5
/home/ionouser/ionozond_data2/2026-08-11/cdetections-DOB-1786482000.h5
/home/ionouser/ionozond_data2/2026-08-11/cdetections-DOB-1786482900.h5
/home/ionouser/ionozond_data2/2026-08-11/cdetections-DOB-1786483800.h5
/home/ionouser/ionozond_data2/2026-08-11/cdetections-DOB-1786484700.h5
/home/ionouser/ionozond_data2/2026-08-11/cdetections-DOB-1786485600.h5
/home/ionouser/ionozond_data2/2026-08-11/cdetections-DOB-1786486500.h5
/home/ionouser/ionozond_data2/2026-08-11/cdetections-DOB-1786487400.h5
/home/ionouser/ionozond_data2/2026-08-11/cdetections-DOB-1786488300.h5
/home/ionouser/ionozond_data2/2026-08-11/cdetections-DOB-1786489200.h5
/home/ionouser/ionozond_data2/2026-08-11/cdetections-DOB-1786490100.h5
/home/ionouser/ionozond_data2/2026-08-11/cdetections-DOB-1786491000.h5
/home/ionouser/ionozond_data2/2026-08-11/cdetections-DOB-1786491900.h5
/home/ionouser/ionozond_data2/2026-08-12/cdetections-DOB-1786492800.h5
/home/ionouser/ionozond_data2/2026-08-12/cdetections-DOB-1786493700.h5
/home/ionouser/ionozond_data2/2026-08-12/cdetections-DOB-1786494600.h5
/home/ionouser/ionozond_data2/2026-08-12/cdetections-DOB-1786495500.h5
/home/ionouser/ionozond_data2/2026-08-12/cdetections-DOB-1786496400.h5
/home/ionouser/ionozond_data2/2026-08-12/cdetections-DOB-1786497300.h5
/home/ionouser/ionozond_data2/2026-08-12/cdetections-DOB-1786498200.h5
/home/ionouser/ionozond_data2/2026-08-12/cdetections-DOB-1786499100.h5
/home/ionouser/ionozond_data2/2026-08-12/cdetections-DOB-1786500000.h5
/home/ionouser/ionozond_data2/2026-08-12/cdetections-DOB-1786500900.h5
/home/ionouser/ionozond_data2/2026-08-12/cdetections-DOB-1786501800.h5
/home/ionouser/ionozond_data2/2026-08-12/cdetections-DOB-1786502700.h5
/home/ionouser/ionozond_data2/2026-08-12/cdetections-DOB-1786503600.h5
/home/ionouser/ionozond_data2/2026-08-12/cdetections-DOB-1786504500.h5
/home/ionouser/ionozond_data2/2026-08-12/cdetections-DOB-1786505400.h5
/home/ionouser/ionozond_data2/2026-08-12/cdetections-DOB-1786506300.h5
/home/ionouser/ionozond_data2/2026-08-12/cdetections-DOB-1786507200.h5
/home/ionouser/ionozond_data2/2026-08-12/cdetections-DOB-1786508100.h5
/home/ionouser/ionozond_data2/2026-08-12/cdetections-DOB-1786509000.h5
/home/ionouser/ionozond_data2/2026-08-12/cdetections-DOB-1786509900.h5
/home/ionouser/ionozond_data2/2026-08-12/cdetections-DOB-1786510800.h5
/home/ionouser/ionozond_data2/2026-08-12/cdetections-DOB-1786511700.h5
/home/ionouser/ionozond_data2/2026-08-12/cdetections-DOB-1786512600.h5
/home/ionouser/ionozond_data2/2026-08-12/cdetections-DOB-1786513500.h5
/home/ionouser/ionozond_data2/2026-08-12/cdetections-DOB-1786514400.h5
filtering
No artists with labels found to put in legend.  Note that artists whose label start with an underscore are ignored when legend() is called with no argument.
saved /tmp/latest-rothr_jorn-DOB.png
/home/ionouser/ionozond_data2/2026-08-11/cdetections-DOB-1786406400.h5
/home/ionouser/ionozond_data2/2026-08-11/cdetections-DOB-1786407300.h5
/home/ionouser/ionozond_data2/2026-08-11/cdetections-DOB-1786408200.h5
/home/ionouser/ionozond_data2/2026-08-11/cdetections-DOB-1786409100.h5
/home/ionouser/ionozond_data2/2026-08-11/cdetections-DOB-1786410000.h5
/home/ionouser/ionozond_data2/2026-08-11/cdetections-DOB-1786410900.h5
/home/ionouser/ionozond_data2/2026-08-11/cdetections-DOB-1786411800.h5
/home/ionouser/ionozond_data2/2026-08-11/cdetections-DOB-1786412700.h5
/home/ionouser/ionozond_data2/2026-08-11/cdetections-DOB-1786413600.h5
/home/ionouser/ionozond_data2/2026-08-11/cdetections-DOB-1786414500.h5
/home/ionouser/ionozond_data2/2026-08-11/cdetections-DOB-1786415400.h5
/home/ionouser/ionozond_data2/2026-08-11/cdetections-DOB-1786416300.h5
/home/ionouser/ionozond_data2/2026-08-11/cdetections-DOB-1786417200.h5
/home/ionouser/ionozond_data2/2026-08-11/cdetections-DOB-1786418100.h5
/home/ionouser/ionozond_data2/2026-08-11/cdetections-DOB-1786419000.h5
/home/ionouser/ionozond_data2/2026-08-11/cdetections-DOB-1786419900.h5
/home/ionouser/ionozond_data2/2026-08-11/cdetections-DOB-1786420800.h5
/home/ionouser/ionozond_data2/2026-08-11/cdetections-DOB-1786421700.h5
/home/ionouser/ionozond_data2/2026-08-11/cdetections-DOB-1786422600.h5
/home/ionouser/ionozond_data2/2026-08-11/cdetections-DOB-1786423500.h5
/home/ionouser/ionozond_data2/2026-08-11/cdetections-DOB-1786424400.h5
/home/ionouser/ionozond_data2/2026-08-11/cdetections-DOB-1786425300.h5
/home/ionouser/ionozond_data2/2026-08-11/cdetections-DOB-1786426200.h5
/home/ionouser/ionozond_data2/2026-08-11/cdetections-DOB-1786427100.h5
/home/ionouser/ionozond_data2/2026-08-11/cdetections-DOB-1786428000.h5
/home/ionouser/ionozond_data2/2026-08-11/cdetections-DOB-1786428900.h5
/home/ionouser/ionozond_data2/2026-08-11/cdetections-DOB-1786429800.h5
/home/ionouser/ionozond_data2/2026-08-11/cdetections-DOB-1786430700.h5
/home/ionouser/ionozond_data2/2026-08-11/cdetections-DOB-1786431600.h5
/home/ionouser/ionozond_data2/2026-08-11/cdetections-DOB-1786432500.h5
/home/ionouser/ionozond_data2/2026-08-11/cdetections-DOB-1786433400.h5
/home/ionouser/ionozond_data2/2026-08-11/cdetections-DOB-1786434300.h5
/home/ionouser/ionozond_data2/2026-08-11/cdetections-DOB-1786435200.h5
/home/ionouser/ionozond_data2/2026-08-11/cdetections-DOB-1786436100.h5
/home/ionouser/ionozond_data2/2026-08-11/cdetections-DOB-1786437000.h5
/home/ionouser/ionozond_data2/2026-08-11/cdetections-DOB-1786437900.h5
/home/ionouser/ionozond_data2/2026-08-11/cdetections-DOB-1786438800.h5
/home/ionouser/ionozond_data2/2026-08-11/cdetections-DOB-1786439700.h5
/home/ionouser/ionozond_data2/2026-08-11/cdetections-DOB-1786440600.h5
/home/ionouser/ionozond_data2/2026-08-11/cdetections-DOB-1786441500.h5
/home/ionouser/ionozond_data2/2026-08-11/cdetections-DOB-1786442400.h5
/home/ionouser/ionozond_data2/2026-08-11/cdetections-DOB-1786443300.h5
/home/ionouser/ionozond_data2/2026-08-11/cdetections-DOB-1786444200.h5
/home/ionouser/ionozond_data2/2026-08-11/cdetections-DOB-1786445100.h5
/home/ionouser/ionozond_data2/2026-08-11/cdetections-DOB-1786446000.h5
/home/ionouser/ionozond_data2/2026-08-11/cdetections-DOB-1786446900.h5
/home/ionouser/ionozond_data2/2026-08-11/cdetections-DOB-1786447800.h5
/home/ionouser/ionozond_data2/2026-08-11/cdetections-DOB-1786448700.h5
/home/ionouser/ionozond_data2/2026-08-11/cdetections-DOB-1786449600.h5
/home/ionouser/ionozond_data2/2026-08-11/cdetections-DOB-1786450500.h5
/home/ionouser/ionozond_data2/2026-08-11/cdetections-DOB-1786451400.h5
/home/ionouser/ionozond_data2/2026-08-11/cdetections-DOB-1786452300.h5
/home/ionouser/ionozond_data2/2026-08-11/cdetections-DOB-1786453200.h5
/home/ionouser/ionozond_data2/2026-08-11/cdetections-DOB-1786454100.h5
/home/ionouser/ionozond_data2/2026-08-11/cdetections-DOB-1786455000.h5
/home/ionouser/ionozond_data2/2026-08-11/cdetections-DOB-1786455900.h5
/home/ionouser/ionozond_data2/2026-08-11/cdetections-DOB-1786456800.h5
/home/ionouser/ionozond_data2/2026-08-11/cdetections-DOB-1786457700.h5
/home/ionouser/ionozond_data2/2026-08-11/cdetections-DOB-1786458600.h5
/home/ionouser/ionozond_data2/2026-08-11/cdetections-DOB-1786459500.h5
/home/ionouser/ionozond_data2/2026-08-11/cdetections-DOB-1786460400.h5
/home/ionouser/ionozond_data2/2026-08-11/cdetections-DOB-1786461300.h5
/home/ionouser/ionozond_data2/2026-08-11/cdetections-DOB-1786462200.h5
/home/ionouser/ionozond_data2/2026-08-11/cdetections-DOB-1786463100.h5
/home/ionouser/ionozond_data2/2026-08-11/cdetections-DOB-1786464000.h5
/home/ionouser/ionozond_data2/2026-08-11/cdetections-DOB-1786464900.h5
/home/ionouser/ionozond_data2/2026-08-11/cdetections-DOB-1786465800.h5
/home/ionouser/ionozond_data2/2026-08-11/cdetections-DOB-1786466700.h5
/home/ionouser/ionozond_data2/2026-08-11/cdetections-DOB-1786467600.h5
/home/ionouser/ionozond_data2/2026-08-11/cdetections-DOB-1786468500.h5
/home/ionouser/ionozond_data2/2026-08-11/cdetections-DOB-1786469400.h5
/home/ionouser/ionozond_data2/2026-08-11/cdetections-DOB-1786470300.h5
/home/ionouser/ionozond_data2/2026-08-11/cdetections-DOB-1786471200.h5
/home/ionouser/ionozond_data2/2026-08-11/cdetections-DOB-1786472100.h5
/home/ionouser/ionozond_data2/2026-08-11/cdetections-DOB-1786473000.h5
/home/ionouser/ionozond_data2/2026-08-11/cdetections-DOB-1786473900.h5
/home/ionouser/ionozond_data2/2026-08-11/cdetections-DOB-1786474800.h5
/home/ionouser/ionozond_data2/2026-08-11/cdetections-DOB-1786475700.h5
/home/ionouser/ionozond_data2/2026-08-11/cdetections-DOB-1786476600.h5
/home/ionouser/ionozond_data2/2026-08-11/cdetections-DOB-1786477500.h5
/home/ionouser/ionozond_data2/2026-08-11/cdetections-DOB-1786478400.h5
/home/ionouser/ionozond_data2/2026-08-11/cdetections-DOB-1786479300.h5
/home/ionouser/ionozond_data2/2026-08-11/cdetections-DOB-1786480200.h5
/home/ionouser/ionozond_data2/2026-08-11/cdetections-DOB-1786481100.h5
/home/ionouser/ionozond_data2/2026-08-11/cdetections-DOB-1786482000.h5
/home/ionouser/ionozond_data2/2026-08-11/cdetections-DOB-1786482900.h5
/home/ionouser/ionozond_data2/2026-08-11/cdetections-DOB-1786483800.h5
/home/ionouser/ionozond_data2/2026-08-11/cdetections-DOB-1786484700.h5
/home/ionouser/ionozond_data2/2026-08-11/cdetections-DOB-1786485600.h5
/home/ionouser/ionozond_data2/2026-08-11/cdetections-DOB-1786486500.h5
/home/ionouser/ionozond_data2/2026-08-11/cdetections-DOB-1786487400.h5
/home/ionouser/ionozond_data2/2026-08-11/cdetections-DOB-1786488300.h5
/home/ionouser/ionozond_data2/2026-08-11/cdetections-DOB-1786489200.h5
/home/ionouser/ionozond_data2/2026-08-11/cdetections-DOB-1786490100.h5
/home/ionouser/ionozond_data2/2026-08-11/cdetections-DOB-1786491000.h5
/home/ionouser/ionozond_data2/2026-08-11/cdetections-DOB-1786491900.h5
/home/ionouser/ionozond_data2/2026-08-12/cdetections-DOB-1786492800.h5
/home/ionouser/ionozond_data2/2026-08-12/cdetections-DOB-1786493700.h5
/home/ionouser/ionozond_data2/2026-08-12/cdetections-DOB-1786494600.h5
/home/ionouser/ionozond_data2/2026-08-12/cdetections-DOB-1786495500.h5
/home/ionouser/ionozond_data2/2026-08-12/cdetections-DOB-1786496400.h5
/home/ionouser/ionozond_data2/2026-08-12/cdetections-DOB-1786497300.h5
/home/ionouser/ionozond_data2/2026-08-12/cdetections-DOB-1786498200.h5
/home/ionouser/ionozond_data2/2026-08-12/cdetections-DOB-1786499100.h5
/home/ionouser/ionozond_data2/2026-08-12/cdetections-DOB-1786500000.h5
/home/ionouser/ionozond_data2/2026-08-12/cdetections-DOB-1786500900.h5
/home/ionouser/ionozond_data2/2026-08-12/cdetections-DOB-1786501800.h5
/home/ionouser/ionozond_data2/2026-08-12/cdetections-DOB-1786502700.h5
/home/ionouser/ionozond_data2/2026-08-12/cdetections-DOB-1786503600.h5
/home/ionouser/ionozond_data2/2026-08-12/cdetections-DOB-1786504500.h5
/home/ionouser/ionozond_data2/2026-08-12/cdetections-DOB-1786505400.h5
/home/ionouser/ionozond_data2/2026-08-12/cdetections-DOB-1786506300.h5
/home/ionouser/ionozond_data2/2026-08-12/cdetections-DOB-1786507200.h5
/home/ionouser/ionozond_data2/2026-08-12/cdetections-DOB-1786508100.h5
/home/ionouser/ionozond_data2/2026-08-12/cdetections-DOB-1786509000.h5
/home/ionouser/ionozond_data2/2026-08-12/cdetections-DOB-1786509900.h5
/home/ionouser/ionozond_data2/2026-08-12/cdetections-DOB-1786510800.h5
/home/ionouser/ionozond_data2/2026-08-12/cdetections-DOB-1786511700.h5
/home/ionouser/ionozond_data2/2026-08-12/cdetections-DOB-1786512600.h5
/home/ionouser/ionozond_data2/2026-08-12/cdetections-DOB-1786513500.h5
/home/ionouser/ionozond_data2/2026-08-12/cdetections-DOB-1786514400.h5
/home/ionouser/ionozond_data2/2026-08-12/cdetections-DOB-1786515300.h5
/home/ionouser/ionozond_data2/2026-08-12/cdetections-DOB-1786516200.h5
filtering
No artists with labels found to put in legend.  Note that artists whose label start with an underscore are ignored when legend() is called with no argument.
saved /tmp/latest-rothr_jorn-DOB.png
/home/ionouser/ionozond_data2/2026-08-11/cdetections-DOB-1786406400.h5
/home/ionouser/ionozond_data2/2026-08-11/cdetections-DOB-1786407300.h5
/home/ionouser/ionozond_data2/2026-08-11/cdetections-DOB-1786408200.h5
/home/ionouser/ionozond_data2/2026-08-11/cdetections-DOB-1786409100.h5
/home/ionouser/ionozond_data2/2026-08-11/cdetections-DOB-1786410000.h5
/home/ionouser/ionozond_data2/2026-08-11/cdetections-DOB-1786410900.h5
/home/ionouser/ionozond_data2/2026-08-11/cdetections-DOB-1786411800.h5
/home/ionouser/ionozond_data2/2026-08-11/cdetections-DOB-1786412700.h5
/home/ionouser/ionozond_data2/2026-08-11/cdetections-DOB-1786413600.h5
/home/ionouser/ionozond_data2/2026-08-11/cdetections-DOB-1786414500.h5
/home/ionouser/ionozond_data2/2026-08-11/cdetections-DOB-1786415400.h5
/home/ionouser/ionozond_data2/2026-08-11/cdetections-DOB-1786416300.h5
/home/ionouser/ionozond_data2/2026-08-11/cdetections-DOB-1786417200.h5
/home/ionouser/ionozond_data2/2026-08-11/cdetections-DOB-1786418100.h5
/home/ionouser/ionozond_data2/2026-08-11/cdetections-DOB-1786419000.h5
/home/ionouser/ionozond_data2/2026-08-11/cdetections-DOB-1786419900.h5
/home/ionouser/ionozond_data2/2026-08-11/cdetections-DOB-1786420800.h5
/home/ionouser/ionozond_data2/2026-08-11/cdetections-DOB-1786421700.h5
/home/ionouser/ionozond_data2/2026-08-11/cdetections-DOB-1786422600.h5
/home/ionouser/ionozond_data2/2026-08-11/cdetections-DOB-1786423500.h5
/home/ionouser/ionozond_data2/2026-08-11/cdetections-DOB-1786424400.h5
/home/ionouser/ionozond_data2/2026-08-11/cdetections-DOB-1786425300.h5
/home/ionouser/ionozond_data2/2026-08-11/cdetections-DOB-1786426200.h5
/home/ionouser/ionozond_data2/2026-08-11/cdetections-DOB-1786427100.h5
/home/ionouser/ionozond_data2/2026-08-11/cdetections-DOB-1786428000.h5
/home/ionouser/ionozond_data2/2026-08-11/cdetections-DOB-1786428900.h5
/home/ionouser/ionozond_data2/2026-08-11/cdetections-DOB-1786429800.h5
/home/ionouser/ionozond_data2/2026-08-11/cdetections-DOB-1786430700.h5
/home/ionouser/ionozond_data2/2026-08-11/cdetections-DOB-1786431600.h5
/home/ionouser/ionozond_data2/2026-08-11/cdetections-DOB-1786432500.h5
/home/ionouser/ionozond_data2/2026-08-11/cdetections-DOB-1786433400.h5
/home/ionouser/ionozond_data2/2026-08-11/cdetections-DOB-1786434300.h5
/home/ionouser/ionozond_data2/2026-08-11/cdetections-DOB-1786435200.h5
/home/ionouser/ionozond_data2/2026-08-11/cdetections-DOB-1786436100.h5
/home/ionouser/ionozond_data2/2026-08-11/cdetections-DOB-1786437000.h5
/home/ionouser/ionozond_data2/2026-08-11/cdetections-DOB-1786437900.h5
/home/ionouser/ionozond_data2/2026-08-11/cdetections-DOB-1786438800.h5
/home/ionouser/ionozond_data2/2026-08-11/cdetections-DOB-1786439700.h5
/home/ionouser/ionozond_data2/2026-08-11/cdetections-DOB-1786440600.h5
/home/ionouser/ionozond_data2/2026-08-11/cdetections-DOB-1786441500.h5
/home/ionouser/ionozond_data2/2026-08-11/cdetections-DOB-1786442400.h5
/home/ionouser/ionozond_data2/2026-08-11/cdetections-DOB-1786443300.h5
/home/ionouser/ionozond_data2/2026-08-11/cdetections-DOB-1786444200.h5
/home/ionouser/ionozond_data2/2026-08-11/cdetections-DOB-1786445100.h5
/home/ionouser/ionozond_data2/2026-08-11/cdetections-DOB-1786446000.h5
/home/ionouser/ionozond_data2/2026-08-11/cdetections-DOB-1786446900.h5
/home/ionouser/ionozond_data2/2026-08-11/cdetections-DOB-1786447800.h5
/home/ionouser/ionozond_data2/2026-08-11/cdetections-DOB-1786448700.h5
/home/ionouser/ionozond_data2/2026-08-11/cdetections-DOB-1786449600.h5
/home/ionouser/ionozond_data2/2026-08-11/cdetections-DOB-1786450500.h5
/home/ionouser/ionozond_data2/2026-08-11/cdetections-DOB-1786451400.h5
/home/ionouser/ionozond_data2/2026-08-11/cdetections-DOB-1786452300.h5
/home/ionouser/ionozond_data2/2026-08-11/cdetections-DOB-1786453200.h5
/home/ionouser/ionozond_data2/2026-08-11/cdetections-DOB-1786454100.h5
/home/ionouser/ionozond_data2/2026-08-11/cdetections-DOB-1786455000.h5
/home/ionouser/ionozond_data2/2026-08-11/cdetections-DOB-1786455900.h5
/home/ionouser/ionozond_data2/2026-08-11/cdetections-DOB-1786456800.h5
/home/ionouser/ionozond_data2/2026-08-11/cdetections-DOB-1786457700.h5
/home/ionouser/ionozond_data2/2026-08-11/cdetections-DOB-1786458600.h5
/home/ionouser/ionozond_data2/2026-08-11/cdetections-DOB-1786459500.h5
/home/ionouser/ionozond_data2/2026-08-11/cdetections-DOB-1786460400.h5
/home/ionouser/ionozond_data2/2026-08-11/cdetections-DOB-1786461300.h5
/home/ionouser/ionozond_data2/2026-08-11/cdetections-DOB-1786462200.h5
/home/ionouser/ionozond_data2/2026-08-11/cdetections-DOB-1786463100.h5
/home/ionouser/ionozond_data2/2026-08-11/cdetections-DOB-1786464000.h5
/home/ionouser/ionozond_data2/2026-08-11/cdetections-DOB-1786464900.h5
/home/ionouser/ionozond_data2/2026-08-11/cdetections-DOB-1786465800.h5
/home/ionouser/ionozond_data2/2026-08-11/cdetections-DOB-1786466700.h5
/home/ionouser/ionozond_data2/2026-08-11/cdetections-DOB-1786467600.h5
/home/ionouser/ionozond_data2/2026-08-11/cdetections-DOB-1786468500.h5
/home/ionouser/ionozond_data2/2026-08-11/cdetections-DOB-1786469400.h5
/home/ionouser/ionozond_data2/2026-08-11/cdetections-DOB-1786470300.h5
/home/ionouser/ionozond_data2/2026-08-11/cdetections-DOB-1786471200.h5
/home/ionouser/ionozond_data2/2026-08-11/cdetections-DOB-1786472100.h5
/home/ionouser/ionozond_data2/2026-08-11/cdetections-DOB-1786473000.h5
/home/ionouser/ionozond_data2/2026-08-11/cdetections-DOB-1786473900.h5
/home/ionouser/ionozond_data2/2026-08-11/cdetections-DOB-1786474800.h5
/home/ionouser/ionozond_data2/2026-08-11/cdetections-DOB-1786475700.h5
/home/ionouser/ionozond_data2/2026-08-11/cdetections-DOB-1786476600.h5
/home/ionouser/ionozond_data2/2026-08-11/cdetections-DOB-1786477500.h5
/home/ionouser/ionozond_data2/2026-08-11/cdetections-DOB-1786478400.h5
/home/ionouser/ionozond_data2/2026-08-11/cdetections-DOB-1786479300.h5
/home/ionouser/ionozond_data2/2026-08-11/cdetections-DOB-1786480200.h5
/home/ionouser/ionozond_data2/2026-08-11/cdetections-DOB-1786481100.h5
/home/ionouser/ionozond_data2/2026-08-11/cdetections-DOB-1786482000.h5
/home/ionouser/ionozond_data2/2026-08-11/cdetections-DOB-1786482900.h5
/home/ionouser/ionozond_data2/2026-08-11/cdetections-DOB-1786483800.h5
/home/ionouser/ionozond_data2/2026-08-11/cdetections-DOB-1786484700.h5
/home/ionouser/ionozond_data2/2026-08-11/cdetections-DOB-1786485600.h5
/home/ionouser/ionozond_data2/2026-08-11/cdetections-DOB-1786486500.h5
/home/ionouser/ionozond_data2/2026-08-11/cdetections-DOB-1786487400.h5
/home/ionouser/ionozond_data2/2026-08-11/cdetections-DOB-1786488300.h5
/home/ionouser/ionozond_data2/2026-08-11/cdetections-DOB-1786489200.h5
/home/ionouser/ionozond_data2/2026-08-11/cdetections-DOB-1786490100.h5
/home/ionouser/ionozond_data2/2026-08-11/cdetections-DOB-1786491000.h5
/home/ionouser/ionozond_data2/2026-08-11/cdetections-DOB-1786491900.h5
/home/ionouser/ionozond_data2/2026-08-12/cdetections-DOB-1786492800.h5
/home/ionouser/ionozond_data2/2026-08-12/cdetections-DOB-1786493700.h5
/home/ionouser/ionozond_data2/2026-08-12/cdetections-DOB-1786494600.h5
/home/ionouser/ionozond_data2/2026-08-12/cdetections-DOB-1786495500.h5
/home/ionouser/ionozond_data2/2026-08-12/cdetections-DOB-1786496400.h5
/home/ionouser/ionozond_data2/2026-08-12/cdetections-DOB-1786497300.h5
/home/ionouser/ionozond_data2/2026-08-12/cdetections-DOB-1786498200.h5
/home/ionouser/ionozond_data2/2026-08-12/cdetections-DOB-1786499100.h5
/home/ionouser/ionozond_data2/2026-08-12/cdetections-DOB-1786500000.h5
/home/ionouser/ionozond_data2/2026-08-12/cdetections-DOB-1786500900.h5
/home/ionouser/ionozond_data2/2026-08-12/cdetections-DOB-1786501800.h5
/home/ionouser/ionozond_data2/2026-08-12/cdetections-DOB-1786502700.h5
/home/ionouser/ionozond_data2/2026-08-12/cdetections-DOB-1786503600.h5
/home/ionouser/ionozond_data2/2026-08-12/cdetections-DOB-1786504500.h5
/home/ionouser/ionozond_data2/2026-08-12/cdetections-DOB-1786505400.h5
/home/ionouser/ionozond_data2/2026-08-12/cdetections-DOB-1786506300.h5
/home/ionouser/ionozond_data2/2026-08-12/cdetections-DOB-1786507200.h5
/home/ionouser/ionozond_data2/2026-08-12/cdetections-DOB-1786508100.h5
/home/ionouser/ionozond_data2/2026-08-12/cdetections-DOB-1786509000.h5
/home/ionouser/ionozond_data2/2026-08-12/cdetections-DOB-1786509900.h5
/home/ionouser/ionozond_data2/2026-08-12/cdetections-DOB-1786510800.h5
/home/ionouser/ionozond_data2/2026-08-12/cdetections-DOB-1786511700.h5
/home/ionouser/ionozond_data2/2026-08-12/cdetections-DOB-1786512600.h5
/home/ionouser/ionozond_data2/2026-08-12/cdetections-DOB-1786513500.h5
/home/ionouser/ionozond_data2/2026-08-12/cdetections-DOB-1786514400.h5
/home/ionouser/ionozond_data2/2026-08-12/cdetections-DOB-1786515300.h5
/home/ionouser/ionozond_data2/2026-08-12/cdetections-DOB-1786516200.h5
/home/ionouser/ionozond_data2/2026-08-12/cdetections-DOB-1786517100.h5
filtering
No artists with labels found to put in legend.  Note that artists whose label start with an underscore are ignored when legend() is called with no argument.
saved /tmp/latest-rothr_jorn-DOB.png
/home/ionouser/ionozond_data2/2026-08-11/cdetections-DOB-1786406400.h5
/home/ionouser/ionozond_data2/2026-08-11/cdetections-DOB-1786407300.h5
/home/ionouser/ionozond_data2/2026-08-11/cdetections-DOB-1786408200.h5
/home/ionouser/ionozond_data2/2026-08-11/cdetections-DOB-1786409100.h5
/home/ionouser/ionozond_data2/2026-08-11/cdetections-DOB-1786410000.h5
/home/ionouser/ionozond_data2/2026-08-11/cdetections-DOB-1786410900.h5
/home/ionouser/ionozond_data2/2026-08-11/cdetections-DOB-1786411800.h5
/home/ionouser/ionozond_data2/2026-08-11/cdetections-DOB-1786412700.h5
/home/ionouser/ionozond_data2/2026-08-11/cdetections-DOB-1786413600.h5
/home/ionouser/ionozond_data2/2026-08-11/cdetections-DOB-1786414500.h5
/home/ionouser/ionozond_data2/2026-08-11/cdetections-DOB-1786415400.h5
/home/ionouser/ionozond_data2/2026-08-11/cdetections-DOB-1786416300.h5
/home/ionouser/ionozond_data2/2026-08-11/cdetections-DOB-1786417200.h5
/home/ionouser/ionozond_data2/2026-08-11/cdetections-DOB-1786418100.h5
/home/ionouser/ionozond_data2/2026-08-11/cdetections-DOB-1786419000.h5
/home/ionouser/ionozond_data2/2026-08-11/cdetections-DOB-1786419900.h5
/home/ionouser/ionozond_data2/2026-08-11/cdetections-DOB-1786420800.h5
/home/ionouser/ionozond_data2/2026-08-11/cdetections-DOB-1786421700.h5
/home/ionouser/ionozond_data2/2026-08-11/cdetections-DOB-1786422600.h5
/home/ionouser/ionozond_data2/2026-08-11/cdetections-DOB-1786423500.h5
/home/ionouser/ionozond_data2/2026-08-11/cdetections-DOB-1786424400.h5
/home/ionouser/ionozond_data2/2026-08-11/cdetections-DOB-1786425300.h5
/home/ionouser/ionozond_data2/2026-08-11/cdetections-DOB-1786426200.h5
/home/ionouser/ionozond_data2/2026-08-11/cdetections-DOB-1786427100.h5
/home/ionouser/ionozond_data2/2026-08-11/cdetections-DOB-1786428000.h5
/home/ionouser/ionozond_data2/2026-08-11/cdetections-DOB-1786428900.h5
/home/ionouser/ionozond_data2/2026-08-11/cdetections-DOB-1786429800.h5
/home/ionouser/ionozond_data2/2026-08-11/cdetections-DOB-1786430700.h5
/home/ionouser/ionozond_data2/2026-08-11/cdetections-DOB-1786431600.h5
/home/ionouser/ionozond_data2/2026-08-11/cdetections-DOB-1786432500.h5
/home/ionouser/ionozond_data2/2026-08-11/cdetections-DOB-1786433400.h5
/home/ionouser/ionozond_data2/2026-08-11/cdetections-DOB-1786434300.h5
/home/ionouser/ionozond_data2/2026-08-11/cdetections-DOB-1786435200.h5
/home/ionouser/ionozond_data2/2026-08-11/cdetections-DOB-1786436100.h5
/home/ionouser/ionozond_data2/2026-08-11/cdetections-DOB-1786437000.h5
/home/ionouser/ionozond_data2/2026-08-11/cdetections-DOB-1786437900.h5
/home/ionouser/ionozond_data2/2026-08-11/cdetections-DOB-1786438800.h5
/home/ionouser/ionozond_data2/2026-08-11/cdetections-DOB-1786439700.h5
/home/ionouser/ionozond_data2/2026-08-11/cdetections-DOB-1786440600.h5
/home/ionouser/ionozond_data2/2026-08-11/cdetections-DOB-1786441500.h5
/home/ionouser/ionozond_data2/2026-08-11/cdetections-DOB-1786442400.h5
/home/ionouser/ionozond_data2/2026-08-11/cdetections-DOB-1786443300.h5
/home/ionouser/ionozond_data2/2026-08-11/cdetections-DOB-1786444200.h5
/home/ionouser/ionozond_data2/2026-08-11/cdetections-DOB-1786445100.h5
/home/ionouser/ionozond_data2/2026-08-11/cdetections-DOB-1786446000.h5
/home/ionouser/ionozond_data2/2026-08-11/cdetections-DOB-1786446900.h5
/home/ionouser/ionozond_data2/2026-08-11/cdetections-DOB-1786447800.h5
/home/ionouser/ionozond_data2/2026-08-11/cdetections-DOB-1786448700.h5
/home/ionouser/ionozond_data2/2026-08-11/cdetections-DOB-1786449600.h5
/home/ionouser/ionozond_data2/2026-08-11/cdetections-DOB-1786450500.h5
/home/ionouser/ionozond_data2/2026-08-11/cdetections-DOB-1786451400.h5
/home/ionouser/ionozond_data2/2026-08-11/cdetections-DOB-1786452300.h5
/home/ionouser/ionozond_data2/2026-08-11/cdetections-DOB-1786453200.h5
/home/ionouser/ionozond_data2/2026-08-11/cdetections-DOB-1786454100.h5
/home/ionouser/ionozond_data2/2026-08-11/cdetections-DOB-1786455000.h5
/home/ionouser/ionozond_data2/2026-08-11/cdetections-DOB-1786455900.h5
/home/ionouser/ionozond_data2/2026-08-11/cdetections-DOB-1786456800.h5
/home/ionouser/ionozond_data2/2026-08-11/cdetections-DOB-1786457700.h5
/home/ionouser/ionozond_data2/2026-08-11/cdetections-DOB-1786458600.h5
/home/ionouser/ionozond_data2/2026-08-11/cdetections-DOB-1786459500.h5
/home/ionouser/ionozond_data2/2026-08-11/cdetections-DOB-1786460400.h5
/home/ionouser/ionozond_data2/2026-08-11/cdetections-DOB-1786461300.h5
/home/ionouser/ionozond_data2/2026-08-11/cdetections-DOB-1786462200.h5
/home/ionouser/ionozond_data2/2026-08-11/cdetections-DOB-1786463100.h5
/home/ionouser/ionozond_data2/2026-08-11/cdetections-DOB-1786464000.h5
/home/ionouser/ionozond_data2/2026-08-11/cdetections-DOB-1786464900.h5
/home/ionouser/ionozond_data2/2026-08-11/cdetections-DOB-1786465800.h5
/home/ionouser/ionozond_data2/2026-08-11/cdetections-DOB-1786466700.h5
/home/ionouser/ionozond_data2/2026-08-11/cdetections-DOB-1786467600.h5
/home/ionouser/ionozond_data2/2026-08-11/cdetections-DOB-1786468500.h5
/home/ionouser/ionozond_data2/2026-08-11/cdetections-DOB-1786469400.h5
/home/ionouser/ionozond_data2/2026-08-11/cdetections-DOB-1786470300.h5
/home/ionouser/ionozond_data2/2026-08-11/cdetections-DOB-1786471200.h5
/home/ionouser/ionozond_data2/2026-08-11/cdetections-DOB-1786472100.h5
/home/ionouser/ionozond_data2/2026-08-11/cdetections-DOB-1786473000.h5
/home/ionouser/ionozond_data2/2026-08-11/cdetections-DOB-1786473900.h5
/home/ionouser/ionozond_data2/2026-08-11/cdetections-DOB-1786474800.h5
/home/ionouser/ionozond_data2/2026-08-11/cdetections-DOB-1786475700.h5
/home/ionouser/ionozond_data2/2026-08-11/cdetections-DOB-1786476600.h5
/home/ionouser/ionozond_data2/2026-08-11/cdetections-DOB-1786477500.h5
/home/ionouser/ionozond_data2/2026-08-11/cdetections-DOB-1786478400.h5
/home/ionouser/ionozond_data2/2026-08-11/cdetections-DOB-1786479300.h5
/home/ionouser/ionozond_data2/2026-08-11/cdetections-DOB-1786480200.h5
/home/ionouser/ionozond_data2/2026-08-11/cdetections-DOB-1786481100.h5
/home/ionouser/ionozond_data2/2026-08-11/cdetections-DOB-1786482000.h5
/home/ionouser/ionozond_data2/2026-08-11/cdetections-DOB-1786482900.h5
/home/ionouser/ionozond_data2/2026-08-11/cdetections-DOB-1786483800.h5
/home/ionouser/ionozond_data2/2026-08-11/cdetections-DOB-1786484700.h5
/home/ionouser/ionozond_data2/2026-08-11/cdetections-DOB-1786485600.h5
/home/ionouser/ionozond_data2/2026-08-11/cdetections-DOB-1786486500.h5
/home/ionouser/ionozond_data2/2026-08-11/cdetections-DOB-1786487400.h5
/home/ionouser/ionozond_data2/2026-08-11/cdetections-DOB-1786488300.h5
/home/ionouser/ionozond_data2/2026-08-11/cdetections-DOB-1786489200.h5
/home/ionouser/ionozond_data2/2026-08-11/cdetections-DOB-1786490100.h5
/home/ionouser/ionozond_data2/2026-08-11/cdetections-DOB-1786491000.h5
/home/ionouser/ionozond_data2/2026-08-11/cdetections-DOB-1786491900.h5
/home/ionouser/ionozond_data2/2026-08-12/cdetections-DOB-1786492800.h5
/home/ionouser/ionozond_data2/2026-08-12/cdetections-DOB-1786493700.h5
/home/ionouser/ionozond_data2/2026-08-12/cdetections-DOB-1786494600.h5
/home/ionouser/ionozond_data2/2026-08-12/cdetections-DOB-1786495500.h5
/home/ionouser/ionozond_data2/2026-08-12/cdetections-DOB-1786496400.h5
/home/ionouser/ionozond_data2/2026-08-12/cdetections-DOB-1786497300.h5
/home/ionouser/ionozond_data2/2026-08-12/cdetections-DOB-1786498200.h5
/home/ionouser/ionozond_data2/2026-08-12/cdetections-DOB-1786499100.h5
/home/ionouser/ionozond_data2/2026-08-12/cdetections-DOB-1786500000.h5
/home/ionouser/ionozond_data2/2026-08-12/cdetections-DOB-1786500900.h5
/home/ionouser/ionozond_data2/2026-08-12/cdetections-DOB-1786501800.h5
/home/ionouser/ionozond_data2/2026-08-12/cdetections-DOB-1786502700.h5
/home/ionouser/ionozond_data2/2026-08-12/cdetections-DOB-1786503600.h5
/home/ionouser/ionozond_data2/2026-08-12/cdetections-DOB-1786504500.h5
/home/ionouser/ionozond_data2/2026-08-12/cdetections-DOB-1786505400.h5
/home/ionouser/ionozond_data2/2026-08-12/cdetections-DOB-1786506300.h5
/home/ionouser/ionozond_data2/2026-08-12/cdetections-DOB-1786507200.h5
/home/ionouser/ionozond_data2/2026-08-12/cdetections-DOB-1786508100.h5
/home/ionouser/ionozond_data2/2026-08-12/cdetections-DOB-1786509000.h5
/home/ionouser/ionozond_data2/2026-08-12/cdetections-DOB-1786509900.h5
/home/ionouser/ionozond_data2/2026-08-12/cdetections-DOB-1786510800.h5
/home/ionouser/ionozond_data2/2026-08-12/cdetections-DOB-1786511700.h5
/home/ionouser/ionozond_data2/2026-08-12/cdetections-DOB-1786512600.h5
/home/ionouser/ionozond_data2/2026-08-12/cdetections-DOB-1786513500.h5
/home/ionouser/ionozond_data2/2026-08-12/cdetections-DOB-1786514400.h5
/home/ionouser/ionozond_data2/2026-08-12/cdetections-DOB-1786515300.h5
/home/ionouser/ionozond_data2/2026-08-12/cdetections-DOB-1786516200.h5
/home/ionouser/ionozond_data2/2026-08-12/cdetections-DOB-1786517100.h5
/home/ionouser/ionozond_data2/2026-08-12/cdetections-DOB-1786518000.h5
filtering
No artists with labels found to put in legend.  Note that artists whose label start with an underscore are ignored when legend() is called with no argument.
saved /tmp/latest-rothr_jorn-DOB.png
/home/ionouser/ionozond_data2/2026-08-11/cdetections-DOB-1786406400.h5
/home/ionouser/ionozond_data2/2026-08-11/cdetections-DOB-1786407300.h5
/home/ionouser/ionozond_data2/2026-08-11/cdetections-DOB-1786408200.h5
/home/ionouser/ionozond_data2/2026-08-11/cdetections-DOB-1786409100.h5
/home/ionouser/ionozond_data2/2026-08-11/cdetections-DOB-1786410000.h5
/home/ionouser/ionozond_data2/2026-08-11/cdetections-DOB-1786410900.h5
/home/ionouser/ionozond_data2/2026-08-11/cdetections-DOB-1786411800.h5
/home/ionouser/ionozond_data2/2026-08-11/cdetections-DOB-1786412700.h5
/home/ionouser/ionozond_data2/2026-08-11/cdetections-DOB-1786413600.h5
/home/ionouser/ionozond_data2/2026-08-11/cdetections-DOB-1786414500.h5
/home/ionouser/ionozond_data2/2026-08-11/cdetections-DOB-1786415400.h5
/home/ionouser/ionozond_data2/2026-08-11/cdetections-DOB-1786416300.h5
/home/ionouser/ionozond_data2/2026-08-11/cdetections-DOB-1786417200.h5
/home/ionouser/ionozond_data2/2026-08-11/cdetections-DOB-1786418100.h5
/home/ionouser/ionozond_data2/2026-08-11/cdetections-DOB-1786419000.h5
/home/ionouser/ionozond_data2/2026-08-11/cdetections-DOB-1786419900.h5
/home/ionouser/ionozond_data2/2026-08-11/cdetections-DOB-1786420800.h5
/home/ionouser/ionozond_data2/2026-08-11/cdetections-DOB-1786421700.h5
/home/ionouser/ionozond_data2/2026-08-11/cdetections-DOB-1786422600.h5
/home/ionouser/ionozond_data2/2026-08-11/cdetections-DOB-1786423500.h5
/home/ionouser/ionozond_data2/2026-08-11/cdetections-DOB-1786424400.h5
/home/ionouser/ionozond_data2/2026-08-11/cdetections-DOB-1786425300.h5
/home/ionouser/ionozond_data2/2026-08-11/cdetections-DOB-1786426200.h5
/home/ionouser/ionozond_data2/2026-08-11/cdetections-DOB-1786427100.h5
/home/ionouser/ionozond_data2/2026-08-11/cdetections-DOB-1786428000.h5
/home/ionouser/ionozond_data2/2026-08-11/cdetections-DOB-1786428900.h5
/home/ionouser/ionozond_data2/2026-08-11/cdetections-DOB-1786429800.h5
/home/ionouser/ionozond_data2/2026-08-11/cdetections-DOB-1786430700.h5
/home/ionouser/ionozond_data2/2026-08-11/cdetections-DOB-1786431600.h5
/home/ionouser/ionozond_data2/2026-08-11/cdetections-DOB-1786432500.h5
/home/ionouser/ionozond_data2/2026-08-11/cdetections-DOB-1786433400.h5
/home/ionouser/ionozond_data2/2026-08-11/cdetections-DOB-1786434300.h5
/home/ionouser/ionozond_data2/2026-08-11/cdetections-DOB-1786435200.h5
/home/ionouser/ionozond_data2/2026-08-11/cdetections-DOB-1786436100.h5
/home/ionouser/ionozond_data2/2026-08-11/cdetections-DOB-1786437000.h5
/home/ionouser/ionozond_data2/2026-08-11/cdetections-DOB-1786437900.h5
/home/ionouser/ionozond_data2/2026-08-11/cdetections-DOB-1786438800.h5
/home/ionouser/ionozond_data2/2026-08-11/cdetections-DOB-1786439700.h5
/home/ionouser/ionozond_data2/2026-08-11/cdetections-DOB-1786440600.h5
/home/ionouser/ionozond_data2/2026-08-11/cdetections-DOB-1786441500.h5
/home/ionouser/ionozond_data2/2026-08-11/cdetections-DOB-1786442400.h5
/home/ionouser/ionozond_data2/2026-08-11/cdetections-DOB-1786443300.h5
/home/ionouser/ionozond_data2/2026-08-11/cdetections-DOB-1786444200.h5
/home/ionouser/ionozond_data2/2026-08-11/cdetections-DOB-1786445100.h5
/home/ionouser/ionozond_data2/2026-08-11/cdetections-DOB-1786446000.h5
/home/ionouser/ionozond_data2/2026-08-11/cdetections-DOB-1786446900.h5
/home/ionouser/ionozond_data2/2026-08-11/cdetections-DOB-1786447800.h5
/home/ionouser/ionozond_data2/2026-08-11/cdetections-DOB-1786448700.h5
/home/ionouser/ionozond_data2/2026-08-11/cdetections-DOB-1786449600.h5
/home/ionouser/ionozond_data2/2026-08-11/cdetections-DOB-1786450500.h5
/home/ionouser/ionozond_data2/2026-08-11/cdetections-DOB-1786451400.h5
/home/ionouser/ionozond_data2/2026-08-11/cdetections-DOB-1786452300.h5
/home/ionouser/ionozond_data2/2026-08-11/cdetections-DOB-1786453200.h5
/home/ionouser/ionozond_data2/2026-08-11/cdetections-DOB-1786454100.h5
/home/ionouser/ionozond_data2/2026-08-11/cdetections-DOB-1786455000.h5
/home/ionouser/ionozond_data2/2026-08-11/cdetections-DOB-1786455900.h5
/home/ionouser/ionozond_data2/2026-08-11/cdetections-DOB-1786456800.h5
/home/ionouser/ionozond_data2/2026-08-11/cdetections-DOB-1786457700.h5
/home/ionouser/ionozond_data2/2026-08-11/cdetections-DOB-1786458600.h5
/home/ionouser/ionozond_data2/2026-08-11/cdetections-DOB-1786459500.h5
/home/ionouser/ionozond_data2/2026-08-11/cdetections-DOB-1786460400.h5
/home/ionouser/ionozond_data2/2026-08-11/cdetections-DOB-1786461300.h5
/home/ionouser/ionozond_data2/2026-08-11/cdetections-DOB-1786462200.h5
/home/ionouser/ionozond_data2/2026-08-11/cdetections-DOB-1786463100.h5
/home/ionouser/ionozond_data2/2026-08-11/cdetections-DOB-1786464000.h5
/home/ionouser/ionozond_data2/2026-08-11/cdetections-DOB-1786464900.h5
/home/ionouser/ionozond_data2/2026-08-11/cdetections-DOB-1786465800.h5
/home/ionouser/ionozond_data2/2026-08-11/cdetections-DOB-1786466700.h5
/home/ionouser/ionozond_data2/2026-08-11/cdetections-DOB-1786467600.h5
/home/ionouser/ionozond_data2/2026-08-11/cdetections-DOB-1786468500.h5
/home/ionouser/ionozond_data2/2026-08-11/cdetections-DOB-1786469400.h5
/home/ionouser/ionozond_data2/2026-08-11/cdetections-DOB-1786470300.h5
/home/ionouser/ionozond_data2/2026-08-11/cdetections-DOB-1786471200.h5
/home/ionouser/ionozond_data2/2026-08-11/cdetections-DOB-1786472100.h5
/home/ionouser/ionozond_data2/2026-08-11/cdetections-DOB-1786473000.h5
/home/ionouser/ionozond_data2/2026-08-11/cdetections-DOB-1786473900.h5
/home/ionouser/ionozond_data2/2026-08-11/cdetections-DOB-1786474800.h5
/home/ionouser/ionozond_data2/2026-08-11/cdetections-DOB-1786475700.h5
/home/ionouser/ionozond_data2/2026-08-11/cdetections-DOB-1786476600.h5
/home/ionouser/ionozond_data2/2026-08-11/cdetections-DOB-1786477500.h5
/home/ionouser/ionozond_data2/2026-08-11/cdetections-DOB-1786478400.h5
/home/ionouser/ionozond_data2/2026-08-11/cdetections-DOB-1786479300.h5
/home/ionouser/ionozond_data2/2026-08-11/cdetections-DOB-1786480200.h5
/home/ionouser/ionozond_data2/2026-08-11/cdetections-DOB-1786481100.h5
/home/ionouser/ionozond_data2/2026-08-11/cdetections-DOB-1786482000.h5
/home/ionouser/ionozond_data2/2026-08-11/cdetections-DOB-1786482900.h5
/home/ionouser/ionozond_data2/2026-08-11/cdetections-DOB-1786483800.h5
/home/ionouser/ionozond_data2/2026-08-11/cdetections-DOB-1786484700.h5
/home/ionouser/ionozond_data2/2026-08-11/cdetections-DOB-1786485600.h5
/home/ionouser/ionozond_data2/2026-08-11/cdetections-DOB-1786486500.h5
/home/ionouser/ionozond_data2/2026-08-11/cdetections-DOB-1786487400.h5
/home/ionouser/ionozond_data2/2026-08-11/cdetections-DOB-1786488300.h5
/home/ionouser/ionozond_data2/2026-08-11/cdetections-DOB-1786489200.h5
/home/ionouser/ionozond_data2/2026-08-11/cdetections-DOB-1786490100.h5
/home/ionouser/ionozond_data2/2026-08-11/cdetections-DOB-1786491000.h5
/home/ionouser/ionozond_data2/2026-08-11/cdetections-DOB-1786491900.h5
/home/ionouser/ionozond_data2/2026-08-12/cdetections-DOB-1786492800.h5
/home/ionouser/ionozond_data2/2026-08-12/cdetections-DOB-1786493700.h5
/home/ionouser/ionozond_data2/2026-08-12/cdetections-DOB-1786494600.h5
/home/ionouser/ionozond_data2/2026-08-12/cdetections-DOB-1786495500.h5
/home/ionouser/ionozond_data2/2026-08-12/cdetections-DOB-1786496400.h5
/home/ionouser/ionozond_data2/2026-08-12/cdetections-DOB-1786497300.h5
/home/ionouser/ionozond_data2/2026-08-12/cdetections-DOB-1786498200.h5
/home/ionouser/ionozond_data2/2026-08-12/cdetections-DOB-1786499100.h5
/home/ionouser/ionozond_data2/2026-08-12/cdetections-DOB-1786500000.h5
/home/ionouser/ionozond_data2/2026-08-12/cdetections-DOB-1786500900.h5
/home/ionouser/ionozond_data2/2026-08-12/cdetections-DOB-1786501800.h5
/home/ionouser/ionozond_data2/2026-08-12/cdetections-DOB-1786502700.h5
/home/ionouser/ionozond_data2/2026-08-12/cdetections-DOB-1786503600.h5
/home/ionouser/ionozond_data2/2026-08-12/cdetections-DOB-1786504500.h5
/home/ionouser/ionozond_data2/2026-08-12/cdetections-DOB-1786505400.h5
/home/ionouser/ionozond_data2/2026-08-12/cdetections-DOB-1786506300.h5
/home/ionouser/ionozond_data2/2026-08-12/cdetections-DOB-1786507200.h5
/home/ionouser/ionozond_data2/2026-08-12/cdetections-DOB-1786508100.h5
/home/ionouser/ionozond_data2/2026-08-12/cdetections-DOB-1786509000.h5
/home/ionouser/ionozond_data2/2026-08-12/cdetections-DOB-1786509900.h5
/home/ionouser/ionozond_data2/2026-08-12/cdetections-DOB-1786510800.h5
/home/ionouser/ionozond_data2/2026-08-12/cdetections-DOB-1786511700.h5
/home/ionouser/ionozond_data2/2026-08-12/cdetections-DOB-1786512600.h5
/home/ionouser/ionozond_data2/2026-08-12/cdetections-DOB-1786513500.h5
/home/ionouser/ionozond_data2/2026-08-12/cdetections-DOB-1786514400.h5
/home/ionouser/ionozond_data2/2026-08-12/cdetections-DOB-1786515300.h5
/home/ionouser/ionozond_data2/2026-08-12/cdetections-DOB-1786516200.h5
/home/ionouser/ionozond_data2/2026-08-12/cdetections-DOB-1786517100.h5
/home/ionouser/ionozond_data2/2026-08-12/cdetections-DOB-1786518000.h5
/home/ionouser/ionozond_data2/2026-08-12/cdetections-DOB-1786518900.h5
filtering
No artists with labels found to put in legend.  Note that artists whose label start with an underscore are ignored when legend() is called with no argument.
saved /tmp/latest-rothr_jorn-DOB.png
/home/ionouser/ionozond_data2/2026-08-11/cdetections-DOB-1786406400.h5
/home/ionouser/ionozond_data2/2026-08-11/cdetections-DOB-1786407300.h5
/home/ionouser/ionozond_data2/2026-08-11/cdetections-DOB-1786408200.h5
/home/ionouser/ionozond_data2/2026-08-11/cdetections-DOB-1786409100.h5
/home/ionouser/ionozond_data2/2026-08-11/cdetections-DOB-1786410000.h5
/home/ionouser/ionozond_data2/2026-08-11/cdetections-DOB-1786410900.h5
/home/ionouser/ionozond_data2/2026-08-11/cdetections-DOB-1786411800.h5
/home/ionouser/ionozond_data2/2026-08-11/cdetections-DOB-1786412700.h5
/home/ionouser/ionozond_data2/2026-08-11/cdetections-DOB-1786413600.h5
/home/ionouser/ionozond_data2/2026-08-11/cdetections-DOB-1786414500.h5
/home/ionouser/ionozond_data2/2026-08-11/cdetections-DOB-1786415400.h5
/home/ionouser/ionozond_data2/2026-08-11/cdetections-DOB-1786416300.h5
/home/ionouser/ionozond_data2/2026-08-11/cdetections-DOB-1786417200.h5
/home/ionouser/ionozond_data2/2026-08-11/cdetections-DOB-1786418100.h5
/home/ionouser/ionozond_data2/2026-08-11/cdetections-DOB-1786419000.h5
/home/ionouser/ionozond_data2/2026-08-11/cdetections-DOB-1786419900.h5
/home/ionouser/ionozond_data2/2026-08-11/cdetections-DOB-1786420800.h5
/home/ionouser/ionozond_data2/2026-08-11/cdetections-DOB-1786421700.h5
/home/ionouser/ionozond_data2/2026-08-11/cdetections-DOB-1786422600.h5
/home/ionouser/ionozond_data2/2026-08-11/cdetections-DOB-1786423500.h5
/home/ionouser/ionozond_data2/2026-08-11/cdetections-DOB-1786424400.h5
/home/ionouser/ionozond_data2/2026-08-11/cdetections-DOB-1786425300.h5
/home/ionouser/ionozond_data2/2026-08-11/cdetections-DOB-1786426200.h5
/home/ionouser/ionozond_data2/2026-08-11/cdetections-DOB-1786427100.h5
/home/ionouser/ionozond_data2/2026-08-11/cdetections-DOB-1786428000.h5
/home/ionouser/ionozond_data2/2026-08-11/cdetections-DOB-1786428900.h5
/home/ionouser/ionozond_data2/2026-08-11/cdetections-DOB-1786429800.h5
/home/ionouser/ionozond_data2/2026-08-11/cdetections-DOB-1786430700.h5
/home/ionouser/ionozond_data2/2026-08-11/cdetections-DOB-1786431600.h5
/home/ionouser/ionozond_data2/2026-08-11/cdetections-DOB-1786432500.h5
/home/ionouser/ionozond_data2/2026-08-11/cdetections-DOB-1786433400.h5
/home/ionouser/ionozond_data2/2026-08-11/cdetections-DOB-1786434300.h5
/home/ionouser/ionozond_data2/2026-08-11/cdetections-DOB-1786435200.h5
/home/ionouser/ionozond_data2/2026-08-11/cdetections-DOB-1786436100.h5
/home/ionouser/ionozond_data2/2026-08-11/cdetections-DOB-1786437000.h5
/home/ionouser/ionozond_data2/2026-08-11/cdetections-DOB-1786437900.h5
/home/ionouser/ionozond_data2/2026-08-11/cdetections-DOB-1786438800.h5
/home/ionouser/ionozond_data2/2026-08-11/cdetections-DOB-1786439700.h5
/home/ionouser/ionozond_data2/2026-08-11/cdetections-DOB-1786440600.h5
/home/ionouser/ionozond_data2/2026-08-11/cdetections-DOB-1786441500.h5
/home/ionouser/ionozond_data2/2026-08-11/cdetections-DOB-1786442400.h5
/home/ionouser/ionozond_data2/2026-08-11/cdetections-DOB-1786443300.h5
/home/ionouser/ionozond_data2/2026-08-11/cdetections-DOB-1786444200.h5
/home/ionouser/ionozond_data2/2026-08-11/cdetections-DOB-1786445100.h5
/home/ionouser/ionozond_data2/2026-08-11/cdetections-DOB-1786446000.h5
/home/ionouser/ionozond_data2/2026-08-11/cdetections-DOB-1786446900.h5
/home/ionouser/ionozond_data2/2026-08-11/cdetections-DOB-1786447800.h5
/home/ionouser/ionozond_data2/2026-08-11/cdetections-DOB-1786448700.h5
/home/ionouser/ionozond_data2/2026-08-11/cdetections-DOB-1786449600.h5
/home/ionouser/ionozond_data2/2026-08-11/cdetections-DOB-1786450500.h5
/home/ionouser/ionozond_data2/2026-08-11/cdetections-DOB-1786451400.h5
/home/ionouser/ionozond_data2/2026-08-11/cdetections-DOB-1786452300.h5
/home/ionouser/ionozond_data2/2026-08-11/cdetections-DOB-1786453200.h5
/home/ionouser/ionozond_data2/2026-08-11/cdetections-DOB-1786454100.h5
/home/ionouser/ionozond_data2/2026-08-11/cdetections-DOB-1786455000.h5
/home/ionouser/ionozond_data2/2026-08-11/cdetections-DOB-1786455900.h5
/home/ionouser/ionozond_data2/2026-08-11/cdetections-DOB-1786456800.h5
/home/ionouser/ionozond_data2/2026-08-11/cdetections-DOB-1786457700.h5
/home/ionouser/ionozond_data2/2026-08-11/cdetections-DOB-1786458600.h5
/home/ionouser/ionozond_data2/2026-08-11/cdetections-DOB-1786459500.h5
/home/ionouser/ionozond_data2/2026-08-11/cdetections-DOB-1786460400.h5
/home/ionouser/ionozond_data2/2026-08-11/cdetections-DOB-1786461300.h5
/home/ionouser/ionozond_data2/2026-08-11/cdetections-DOB-1786462200.h5
/home/ionouser/ionozond_data2/2026-08-11/cdetections-DOB-1786463100.h5
/home/ionouser/ionozond_data2/2026-08-11/cdetections-DOB-1786464000.h5
/home/ionouser/ionozond_data2/2026-08-11/cdetections-DOB-1786464900.h5
/home/ionouser/ionozond_data2/2026-08-11/cdetections-DOB-1786465800.h5
/home/ionouser/ionozond_data2/2026-08-11/cdetections-DOB-1786466700.h5
/home/ionouser/ionozond_data2/2026-08-11/cdetections-DOB-1786467600.h5
/home/ionouser/ionozond_data2/2026-08-11/cdetections-DOB-1786468500.h5
/home/ionouser/ionozond_data2/2026-08-11/cdetections-DOB-1786469400.h5
/home/ionouser/ionozond_data2/2026-08-11/cdetections-DOB-1786470300.h5
/home/ionouser/ionozond_data2/2026-08-11/cdetections-DOB-1786471200.h5
/home/ionouser/ionozond_data2/2026-08-11/cdetections-DOB-1786472100.h5
/home/ionouser/ionozond_data2/2026-08-11/cdetections-DOB-1786473000.h5
/home/ionouser/ionozond_data2/2026-08-11/cdetections-DOB-1786473900.h5
/home/ionouser/ionozond_data2/2026-08-11/cdetections-DOB-1786474800.h5
/home/ionouser/ionozond_data2/2026-08-11/cdetections-DOB-1786475700.h5
/home/ionouser/ionozond_data2/2026-08-11/cdetections-DOB-1786476600.h5
/home/ionouser/ionozond_data2/2026-08-11/cdetections-DOB-1786477500.h5
/home/ionouser/ionozond_data2/2026-08-11/cdetections-DOB-1786478400.h5
/home/ionouser/ionozond_data2/2026-08-11/cdetections-DOB-1786479300.h5
/home/ionouser/ionozond_data2/2026-08-11/cdetections-DOB-1786480200.h5
/home/ionouser/ionozond_data2/2026-08-11/cdetections-DOB-1786481100.h5
/home/ionouser/ionozond_data2/2026-08-11/cdetections-DOB-1786482000.h5
/home/ionouser/ionozond_data2/2026-08-11/cdetections-DOB-1786482900.h5
/home/ionouser/ionozond_data2/2026-08-11/cdetections-DOB-1786483800.h5
/home/ionouser/ionozond_data2/2026-08-11/cdetections-DOB-1786484700.h5
/home/ionouser/ionozond_data2/2026-08-11/cdetections-DOB-1786485600.h5
/home/ionouser/ionozond_data2/2026-08-11/cdetections-DOB-1786486500.h5
/home/ionouser/ionozond_data2/2026-08-11/cdetections-DOB-1786487400.h5
/home/ionouser/ionozond_data2/2026-08-11/cdetections-DOB-1786488300.h5
/home/ionouser/ionozond_data2/2026-08-11/cdetections-DOB-1786489200.h5
/home/ionouser/ionozond_data2/2026-08-11/cdetections-DOB-1786490100.h5
/home/ionouser/ionozond_data2/2026-08-11/cdetections-DOB-1786491000.h5
/home/ionouser/ionozond_data2/2026-08-11/cdetections-DOB-1786491900.h5
/home/ionouser/ionozond_data2/2026-08-12/cdetections-DOB-1786492800.h5
/home/ionouser/ionozond_data2/2026-08-12/cdetections-DOB-1786493700.h5
/home/ionouser/ionozond_data2/2026-08-12/cdetections-DOB-1786494600.h5
/home/ionouser/ionozond_data2/2026-08-12/cdetections-DOB-1786495500.h5
/home/ionouser/ionozond_data2/2026-08-12/cdetections-DOB-1786496400.h5
/home/ionouser/ionozond_data2/2026-08-12/cdetections-DOB-1786497300.h5
/home/ionouser/ionozond_data2/2026-08-12/cdetections-DOB-1786498200.h5
/home/ionouser/ionozond_data2/2026-08-12/cdetections-DOB-1786499100.h5
/home/ionouser/ionozond_data2/2026-08-12/cdetections-DOB-1786500000.h5
/home/ionouser/ionozond_data2/2026-08-12/cdetections-DOB-1786500900.h5
/home/ionouser/ionozond_data2/2026-08-12/cdetections-DOB-1786501800.h5
/home/ionouser/ionozond_data2/2026-08-12/cdetections-DOB-1786502700.h5
/home/ionouser/ionozond_data2/2026-08-12/cdetections-DOB-1786503600.h5
/home/ionouser/ionozond_data2/2026-08-12/cdetections-DOB-1786504500.h5
/home/ionouser/ionozond_data2/2026-08-12/cdetections-DOB-1786505400.h5
/home/ionouser/ionozond_data2/2026-08-12/cdetections-DOB-1786506300.h5
/home/ionouser/ionozond_data2/2026-08-12/cdetections-DOB-1786507200.h5
/home/ionouser/ionozond_data2/2026-08-12/cdetections-DOB-1786508100.h5
/home/ionouser/ionozond_data2/2026-08-12/cdetections-DOB-1786509000.h5
/home/ionouser/ionozond_data2/2026-08-12/cdetections-DOB-1786509900.h5
/home/ionouser/ionozond_data2/2026-08-12/cdetections-DOB-1786510800.h5
/home/ionouser/ionozond_data2/2026-08-12/cdetections-DOB-1786511700.h5
/home/ionouser/ionozond_data2/2026-08-12/cdetections-DOB-1786512600.h5
/home/ionouser/ionozond_data2/2026-08-12/cdetections-DOB-1786513500.h5
/home/ionouser/ionozond_data2/2026-08-12/cdetections-DOB-1786514400.h5
/home/ionouser/ionozond_data2/2026-08-12/cdetections-DOB-1786515300.h5
/home/ionouser/ionozond_data2/2026-08-12/cdetections-DOB-1786516200.h5
/home/ionouser/ionozond_data2/2026-08-12/cdetections-DOB-1786517100.h5
/home/ionouser/ionozond_data2/2026-08-12/cdetections-DOB-1786518000.h5
/home/ionouser/ionozond_data2/2026-08-12/cdetections-DOB-1786518900.h5
/home/ionouser/ionozond_data2/2026-08-12/cdetections-DOB-1786519800.h5
filtering
No artists with labels found to put in legend.  Note that artists whose label start with an underscore are ignored when legend() is called with no argument.
saved /tmp/latest-rothr_jorn-DOB.png
/home/ionouser/ionozond_data2/2026-08-11/cdetections-DOB-1786406400.h5
/home/ionouser/ionozond_data2/2026-08-11/cdetections-DOB-1786407300.h5
/home/ionouser/ionozond_data2/2026-08-11/cdetections-DOB-1786408200.h5
/home/ionouser/ionozond_data2/2026-08-11/cdetections-DOB-1786409100.h5
/home/ionouser/ionozond_data2/2026-08-11/cdetections-DOB-1786410000.h5
/home/ionouser/ionozond_data2/2026-08-11/cdetections-DOB-1786410900.h5
/home/ionouser/ionozond_data2/2026-08-11/cdetections-DOB-1786411800.h5
/home/ionouser/ionozond_data2/2026-08-11/cdetections-DOB-1786412700.h5
/home/ionouser/ionozond_data2/2026-08-11/cdetections-DOB-1786413600.h5
/home/ionouser/ionozond_data2/2026-08-11/cdetections-DOB-1786414500.h5
/home/ionouser/ionozond_data2/2026-08-11/cdetections-DOB-1786415400.h5
/home/ionouser/ionozond_data2/2026-08-11/cdetections-DOB-1786416300.h5
/home/ionouser/ionozond_data2/2026-08-11/cdetections-DOB-1786417200.h5
/home/ionouser/ionozond_data2/2026-08-11/cdetections-DOB-1786418100.h5
/home/ionouser/ionozond_data2/2026-08-11/cdetections-DOB-1786419000.h5
/home/ionouser/ionozond_data2/2026-08-11/cdetections-DOB-1786419900.h5
/home/ionouser/ionozond_data2/2026-08-11/cdetections-DOB-1786420800.h5
/home/ionouser/ionozond_data2/2026-08-11/cdetections-DOB-1786421700.h5
/home/ionouser/ionozond_data2/2026-08-11/cdetections-DOB-1786422600.h5
/home/ionouser/ionozond_data2/2026-08-11/cdetections-DOB-1786423500.h5
/home/ionouser/ionozond_data2/2026-08-11/cdetections-DOB-1786424400.h5
/home/ionouser/ionozond_data2/2026-08-11/cdetections-DOB-1786425300.h5
/home/ionouser/ionozond_data2/2026-08-11/cdetections-DOB-1786426200.h5
/home/ionouser/ionozond_data2/2026-08-11/cdetections-DOB-1786427100.h5
/home/ionouser/ionozond_data2/2026-08-11/cdetections-DOB-1786428000.h5
/home/ionouser/ionozond_data2/2026-08-11/cdetections-DOB-1786428900.h5
/home/ionouser/ionozond_data2/2026-08-11/cdetections-DOB-1786429800.h5
/home/ionouser/ionozond_data2/2026-08-11/cdetections-DOB-1786430700.h5
/home/ionouser/ionozond_data2/2026-08-11/cdetections-DOB-1786431600.h5
/home/ionouser/ionozond_data2/2026-08-11/cdetections-DOB-1786432500.h5
/home/ionouser/ionozond_data2/2026-08-11/cdetections-DOB-1786433400.h5
/home/ionouser/ionozond_data2/2026-08-11/cdetections-DOB-1786434300.h5
/home/ionouser/ionozond_data2/2026-08-11/cdetections-DOB-1786435200.h5
/home/ionouser/ionozond_data2/2026-08-11/cdetections-DOB-1786436100.h5
/home/ionouser/ionozond_data2/2026-08-11/cdetections-DOB-1786437000.h5
/home/ionouser/ionozond_data2/2026-08-11/cdetections-DOB-1786437900.h5
/home/ionouser/ionozond_data2/2026-08-11/cdetections-DOB-1786438800.h5
/home/ionouser/ionozond_data2/2026-08-11/cdetections-DOB-1786439700.h5
/home/ionouser/ionozond_data2/2026-08-11/cdetections-DOB-1786440600.h5
/home/ionouser/ionozond_data2/2026-08-11/cdetections-DOB-1786441500.h5
/home/ionouser/ionozond_data2/2026-08-11/cdetections-DOB-1786442400.h5
/home/ionouser/ionozond_data2/2026-08-11/cdetections-DOB-1786443300.h5
/home/ionouser/ionozond_data2/2026-08-11/cdetections-DOB-1786444200.h5
/home/ionouser/ionozond_data2/2026-08-11/cdetections-DOB-1786445100.h5
/home/ionouser/ionozond_data2/2026-08-11/cdetections-DOB-1786446000.h5
/home/ionouser/ionozond_data2/2026-08-11/cdetections-DOB-1786446900.h5
/home/ionouser/ionozond_data2/2026-08-11/cdetections-DOB-1786447800.h5
/home/ionouser/ionozond_data2/2026-08-11/cdetections-DOB-1786448700.h5
/home/ionouser/ionozond_data2/2026-08-11/cdetections-DOB-1786449600.h5
/home/ionouser/ionozond_data2/2026-08-11/cdetections-DOB-1786450500.h5
/home/ionouser/ionozond_data2/2026-08-11/cdetections-DOB-1786451400.h5
/home/ionouser/ionozond_data2/2026-08-11/cdetections-DOB-1786452300.h5
/home/ionouser/ionozond_data2/2026-08-11/cdetections-DOB-1786453200.h5
/home/ionouser/ionozond_data2/2026-08-11/cdetections-DOB-1786454100.h5
/home/ionouser/ionozond_data2/2026-08-11/cdetections-DOB-1786455000.h5
/home/ionouser/ionozond_data2/2026-08-11/cdetections-DOB-1786455900.h5
/home/ionouser/ionozond_data2/2026-08-11/cdetections-DOB-1786456800.h5
/home/ionouser/ionozond_data2/2026-08-11/cdetections-DOB-1786457700.h5
/home/ionouser/ionozond_data2/2026-08-11/cdetections-DOB-1786458600.h5
/home/ionouser/ionozond_data2/2026-08-11/cdetections-DOB-1786459500.h5
/home/ionouser/ionozond_data2/2026-08-11/cdetections-DOB-1786460400.h5
/home/ionouser/ionozond_data2/2026-08-11/cdetections-DOB-1786461300.h5
/home/ionouser/ionozond_data2/2026-08-11/cdetections-DOB-1786462200.h5
/home/ionouser/ionozond_data2/2026-08-11/cdetections-DOB-1786463100.h5
/home/ionouser/ionozond_data2/2026-08-11/cdetections-DOB-1786464000.h5
/home/ionouser/ionozond_data2/2026-08-11/cdetections-DOB-1786464900.h5
/home/ionouser/ionozond_data2/2026-08-11/cdetections-DOB-1786465800.h5
/home/ionouser/ionozond_data2/2026-08-11/cdetections-DOB-1786466700.h5
/home/ionouser/ionozond_data2/2026-08-11/cdetections-DOB-1786467600.h5
/home/ionouser/ionozond_data2/2026-08-11/cdetections-DOB-1786468500.h5
/home/ionouser/ionozond_data2/2026-08-11/cdetections-DOB-1786469400.h5
/home/ionouser/ionozond_data2/2026-08-11/cdetections-DOB-1786470300.h5
/home/ionouser/ionozond_data2/2026-08-11/cdetections-DOB-1786471200.h5
/home/ionouser/ionozond_data2/2026-08-11/cdetections-DOB-1786472100.h5
/home/ionouser/ionozond_data2/2026-08-11/cdetections-DOB-1786473000.h5
/home/ionouser/ionozond_data2/2026-08-11/cdetections-DOB-1786473900.h5
/home/ionouser/ionozond_data2/2026-08-11/cdetections-DOB-1786474800.h5
/home/ionouser/ionozond_data2/2026-08-11/cdetections-DOB-1786475700.h5
/home/ionouser/ionozond_data2/2026-08-11/cdetections-DOB-1786476600.h5
/home/ionouser/ionozond_data2/2026-08-11/cdetections-DOB-1786477500.h5
/home/ionouser/ionozond_data2/2026-08-11/cdetections-DOB-1786478400.h5
/home/ionouser/ionozond_data2/2026-08-11/cdetections-DOB-1786479300.h5
/home/ionouser/ionozond_data2/2026-08-11/cdetections-DOB-1786480200.h5
/home/ionouser/ionozond_data2/2026-08-11/cdetections-DOB-1786481100.h5
/home/ionouser/ionozond_data2/2026-08-11/cdetections-DOB-1786482000.h5
/home/ionouser/ionozond_data2/2026-08-11/cdetections-DOB-1786482900.h5
/home/ionouser/ionozond_data2/2026-08-11/cdetections-DOB-1786483800.h5
/home/ionouser/ionozond_data2/2026-08-11/cdetections-DOB-1786484700.h5
/home/ionouser/ionozond_data2/2026-08-11/cdetections-DOB-1786485600.h5
/home/ionouser/ionozond_data2/2026-08-11/cdetections-DOB-1786486500.h5
/home/ionouser/ionozond_data2/2026-08-11/cdetections-DOB-1786487400.h5
/home/ionouser/ionozond_data2/2026-08-11/cdetections-DOB-1786488300.h5
/home/ionouser/ionozond_data2/2026-08-11/cdetections-DOB-1786489200.h5
/home/ionouser/ionozond_data2/2026-08-11/cdetections-DOB-1786490100.h5
/home/ionouser/ionozond_data2/2026-08-11/cdetections-DOB-1786491000.h5
/home/ionouser/ionozond_data2/2026-08-11/cdetections-DOB-1786491900.h5
/home/ionouser/ionozond_data2/2026-08-12/cdetections-DOB-1786492800.h5
/home/ionouser/ionozond_data2/2026-08-12/cdetections-DOB-1786493700.h5
/home/ionouser/ionozond_data2/2026-08-12/cdetections-DOB-1786494600.h5
/home/ionouser/ionozond_data2/2026-08-12/cdetections-DOB-1786495500.h5
/home/ionouser/ionozond_data2/2026-08-12/cdetections-DOB-1786496400.h5
/home/ionouser/ionozond_data2/2026-08-12/cdetections-DOB-1786497300.h5
/home/ionouser/ionozond_data2/2026-08-12/cdetections-DOB-1786498200.h5
/home/ionouser/ionozond_data2/2026-08-12/cdetections-DOB-1786499100.h5
/home/ionouser/ionozond_data2/2026-08-12/cdetections-DOB-1786500000.h5
/home/ionouser/ionozond_data2/2026-08-12/cdetections-DOB-1786500900.h5
/home/ionouser/ionozond_data2/2026-08-12/cdetections-DOB-1786501800.h5
/home/ionouser/ionozond_data2/2026-08-12/cdetections-DOB-1786502700.h5
/home/ionouser/ionozond_data2/2026-08-12/cdetections-DOB-1786503600.h5
/home/ionouser/ionozond_data2/2026-08-12/cdetections-DOB-1786504500.h5
/home/ionouser/ionozond_data2/2026-08-12/cdetections-DOB-1786505400.h5
/home/ionouser/ionozond_data2/2026-08-12/cdetections-DOB-1786506300.h5
/home/ionouser/ionozond_data2/2026-08-12/cdetections-DOB-1786507200.h5
/home/ionouser/ionozond_data2/2026-08-12/cdetections-DOB-1786508100.h5
/home/ionouser/ionozond_data2/2026-08-12/cdetections-DOB-1786509000.h5
/home/ionouser/ionozond_data2/2026-08-12/cdetections-DOB-1786509900.h5
/home/ionouser/ionozond_data2/2026-08-12/cdetections-DOB-1786510800.h5
/home/ionouser/ionozond_data2/2026-08-12/cdetections-DOB-1786511700.h5
/home/ionouser/ionozond_data2/2026-08-12/cdetections-DOB-1786512600.h5
/home/ionouser/ionozond_data2/2026-08-12/cdetections-DOB-1786513500.h5
/home/ionouser/ionozond_data2/2026-08-12/cdetections-DOB-1786514400.h5
/home/ionouser/ionozond_data2/2026-08-12/cdetections-DOB-1786515300.h5
/home/ionouser/ionozond_data2/2026-08-12/cdetections-DOB-1786516200.h5
/home/ionouser/ionozond_data2/2026-08-12/cdetections-DOB-1786517100.h5
/home/ionouser/ionozond_data2/2026-08-12/cdetections-DOB-1786518000.h5
/home/ionouser/ionozond_data2/2026-08-12/cdetections-DOB-1786518900.h5
/home/ionouser/ionozond_data2/2026-08-12/cdetections-DOB-1786519800.h5
/home/ionouser/ionozond_data2/2026-08-12/cdetections-DOB-1786520700.h5
filtering
No artists with labels found to put in legend.  Note that artists whose label start with an underscore are ignored when legend() is called with no argument.
saved /tmp/latest-rothr_jorn-DOB.png
/home/ionouser/ionozond_data2/2026-08-11/cdetections-DOB-1786406400.h5
/home/ionouser/ionozond_data2/2026-08-11/cdetections-DOB-1786407300.h5
/home/ionouser/ionozond_data2/2026-08-11/cdetections-DOB-1786408200.h5
/home/ionouser/ionozond_data2/2026-08-11/cdetections-DOB-1786409100.h5
/home/ionouser/ionozond_data2/2026-08-11/cdetections-DOB-1786410000.h5
/home/ionouser/ionozond_data2/2026-08-11/cdetections-DOB-1786410900.h5
/home/ionouser/ionozond_data2/2026-08-11/cdetections-DOB-1786411800.h5
/home/ionouser/ionozond_data2/2026-08-11/cdetections-DOB-1786412700.h5
/home/ionouser/ionozond_data2/2026-08-11/cdetections-DOB-1786413600.h5
/home/ionouser/ionozond_data2/2026-08-11/cdetections-DOB-1786414500.h5
/home/ionouser/ionozond_data2/2026-08-11/cdetections-DOB-1786415400.h5
/home/ionouser/ionozond_data2/2026-08-11/cdetections-DOB-1786416300.h5
/home/ionouser/ionozond_data2/2026-08-11/cdetections-DOB-1786417200.h5
/home/ionouser/ionozond_data2/2026-08-11/cdetections-DOB-1786418100.h5
/home/ionouser/ionozond_data2/2026-08-11/cdetections-DOB-1786419000.h5
/home/ionouser/ionozond_data2/2026-08-11/cdetections-DOB-1786419900.h5
/home/ionouser/ionozond_data2/2026-08-11/cdetections-DOB-1786420800.h5
/home/ionouser/ionozond_data2/2026-08-11/cdetections-DOB-1786421700.h5
/home/ionouser/ionozond_data2/2026-08-11/cdetections-DOB-1786422600.h5
/home/ionouser/ionozond_data2/2026-08-11/cdetections-DOB-1786423500.h5
/home/ionouser/ionozond_data2/2026-08-11/cdetections-DOB-1786424400.h5
/home/ionouser/ionozond_data2/2026-08-11/cdetections-DOB-1786425300.h5
/home/ionouser/ionozond_data2/2026-08-11/cdetections-DOB-1786426200.h5
/home/ionouser/ionozond_data2/2026-08-11/cdetections-DOB-1786427100.h5
/home/ionouser/ionozond_data2/2026-08-11/cdetections-DOB-1786428000.h5
/home/ionouser/ionozond_data2/2026-08-11/cdetections-DOB-1786428900.h5
/home/ionouser/ionozond_data2/2026-08-11/cdetections-DOB-1786429800.h5
/home/ionouser/ionozond_data2/2026-08-11/cdetections-DOB-1786430700.h5
/home/ionouser/ionozond_data2/2026-08-11/cdetections-DOB-1786431600.h5
/home/ionouser/ionozond_data2/2026-08-11/cdetections-DOB-1786432500.h5
/home/ionouser/ionozond_data2/2026-08-11/cdetections-DOB-1786433400.h5
/home/ionouser/ionozond_data2/2026-08-11/cdetections-DOB-1786434300.h5
/home/ionouser/ionozond_data2/2026-08-11/cdetections-DOB-1786435200.h5
/home/ionouser/ionozond_data2/2026-08-11/cdetections-DOB-1786436100.h5
/home/ionouser/ionozond_data2/2026-08-11/cdetections-DOB-1786437000.h5
/home/ionouser/ionozond_data2/2026-08-11/cdetections-DOB-1786437900.h5
/home/ionouser/ionozond_data2/2026-08-11/cdetections-DOB-1786438800.h5
/home/ionouser/ionozond_data2/2026-08-11/cdetections-DOB-1786439700.h5
/home/ionouser/ionozond_data2/2026-08-11/cdetections-DOB-1786440600.h5
/home/ionouser/ionozond_data2/2026-08-11/cdetections-DOB-1786441500.h5
/home/ionouser/ionozond_data2/2026-08-11/cdetections-DOB-1786442400.h5
/home/ionouser/ionozond_data2/2026-08-11/cdetections-DOB-1786443300.h5
/home/ionouser/ionozond_data2/2026-08-11/cdetections-DOB-1786444200.h5
/home/ionouser/ionozond_data2/2026-08-11/cdetections-DOB-1786445100.h5
/home/ionouser/ionozond_data2/2026-08-11/cdetections-DOB-1786446000.h5
/home/ionouser/ionozond_data2/2026-08-11/cdetections-DOB-1786446900.h5
/home/ionouser/ionozond_data2/2026-08-11/cdetections-DOB-1786447800.h5
/home/ionouser/ionozond_data2/2026-08-11/cdetections-DOB-1786448700.h5
/home/ionouser/ionozond_data2/2026-08-11/cdetections-DOB-1786449600.h5
/home/ionouser/ionozond_data2/2026-08-11/cdetections-DOB-1786450500.h5
/home/ionouser/ionozond_data2/2026-08-11/cdetections-DOB-1786451400.h5
/home/ionouser/ionozond_data2/2026-08-11/cdetections-DOB-1786452300.h5
/home/ionouser/ionozond_data2/2026-08-11/cdetections-DOB-1786453200.h5
/home/ionouser/ionozond_data2/2026-08-11/cdetections-DOB-1786454100.h5
/home/ionouser/ionozond_data2/2026-08-11/cdetections-DOB-1786455000.h5
/home/ionouser/ionozond_data2/2026-08-11/cdetections-DOB-1786455900.h5
/home/ionouser/ionozond_data2/2026-08-11/cdetections-DOB-1786456800.h5
/home/ionouser/ionozond_data2/2026-08-11/cdetections-DOB-1786457700.h5
/home/ionouser/ionozond_data2/2026-08-11/cdetections-DOB-1786458600.h5
/home/ionouser/ionozond_data2/2026-08-11/cdetections-DOB-1786459500.h5
/home/ionouser/ionozond_data2/2026-08-11/cdetections-DOB-1786460400.h5
/home/ionouser/ionozond_data2/2026-08-11/cdetections-DOB-1786461300.h5
/home/ionouser/ionozond_data2/2026-08-11/cdetections-DOB-1786462200.h5
/home/ionouser/ionozond_data2/2026-08-11/cdetections-DOB-1786463100.h5
/home/ionouser/ionozond_data2/2026-08-11/cdetections-DOB-1786464000.h5
/home/ionouser/ionozond_data2/2026-08-11/cdetections-DOB-1786464900.h5
/home/ionouser/ionozond_data2/2026-08-11/cdetections-DOB-1786465800.h5
/home/ionouser/ionozond_data2/2026-08-11/cdetections-DOB-1786466700.h5
/home/ionouser/ionozond_data2/2026-08-11/cdetections-DOB-1786467600.h5
/home/ionouser/ionozond_data2/2026-08-11/cdetections-DOB-1786468500.h5
/home/ionouser/ionozond_data2/2026-08-11/cdetections-DOB-1786469400.h5
/home/ionouser/ionozond_data2/2026-08-11/cdetections-DOB-1786470300.h5
/home/ionouser/ionozond_data2/2026-08-11/cdetections-DOB-1786471200.h5
/home/ionouser/ionozond_data2/2026-08-11/cdetections-DOB-1786472100.h5
/home/ionouser/ionozond_data2/2026-08-11/cdetections-DOB-1786473000.h5
/home/ionouser/ionozond_data2/2026-08-11/cdetections-DOB-1786473900.h5
/home/ionouser/ionozond_data2/2026-08-11/cdetections-DOB-1786474800.h5
/home/ionouser/ionozond_data2/2026-08-11/cdetections-DOB-1786475700.h5
/home/ionouser/ionozond_data2/2026-08-11/cdetections-DOB-1786476600.h5
/home/ionouser/ionozond_data2/2026-08-11/cdetections-DOB-1786477500.h5
/home/ionouser/ionozond_data2/2026-08-11/cdetections-DOB-1786478400.h5
/home/ionouser/ionozond_data2/2026-08-11/cdetections-DOB-1786479300.h5
/home/ionouser/ionozond_data2/2026-08-11/cdetections-DOB-1786480200.h5
/home/ionouser/ionozond_data2/2026-08-11/cdetections-DOB-1786481100.h5
/home/ionouser/ionozond_data2/2026-08-11/cdetections-DOB-1786482000.h5
/home/ionouser/ionozond_data2/2026-08-11/cdetections-DOB-1786482900.h5
/home/ionouser/ionozond_data2/2026-08-11/cdetections-DOB-1786483800.h5
/home/ionouser/ionozond_data2/2026-08-11/cdetections-DOB-1786484700.h5
/home/ionouser/ionozond_data2/2026-08-11/cdetections-DOB-1786485600.h5
/home/ionouser/ionozond_data2/2026-08-11/cdetections-DOB-1786486500.h5
/home/ionouser/ionozond_data2/2026-08-11/cdetections-DOB-1786487400.h5
/home/ionouser/ionozond_data2/2026-08-11/cdetections-DOB-1786488300.h5
/home/ionouser/ionozond_data2/2026-08-11/cdetections-DOB-1786489200.h5
/home/ionouser/ionozond_data2/2026-08-11/cdetections-DOB-1786490100.h5
/home/ionouser/ionozond_data2/2026-08-11/cdetections-DOB-1786491000.h5
/home/ionouser/ionozond_data2/2026-08-11/cdetections-DOB-1786491900.h5
/home/ionouser/ionozond_data2/2026-08-12/cdetections-DOB-1786492800.h5
/home/ionouser/ionozond_data2/2026-08-12/cdetections-DOB-1786493700.h5
/home/ionouser/ionozond_data2/2026-08-12/cdetections-DOB-1786494600.h5
/home/ionouser/ionozond_data2/2026-08-12/cdetections-DOB-1786495500.h5
/home/ionouser/ionozond_data2/2026-08-12/cdetections-DOB-1786496400.h5
/home/ionouser/ionozond_data2/2026-08-12/cdetections-DOB-1786497300.h5
/home/ionouser/ionozond_data2/2026-08-12/cdetections-DOB-1786498200.h5
/home/ionouser/ionozond_data2/2026-08-12/cdetections-DOB-1786499100.h5
/home/ionouser/ionozond_data2/2026-08-12/cdetections-DOB-1786500000.h5
/home/ionouser/ionozond_data2/2026-08-12/cdetections-DOB-1786500900.h5
/home/ionouser/ionozond_data2/2026-08-12/cdetections-DOB-1786501800.h5
/home/ionouser/ionozond_data2/2026-08-12/cdetections-DOB-1786502700.h5
/home/ionouser/ionozond_data2/2026-08-12/cdetections-DOB-1786503600.h5
/home/ionouser/ionozond_data2/2026-08-12/cdetections-DOB-1786504500.h5
/home/ionouser/ionozond_data2/2026-08-12/cdetections-DOB-1786505400.h5
/home/ionouser/ionozond_data2/2026-08-12/cdetections-DOB-1786506300.h5
/home/ionouser/ionozond_data2/2026-08-12/cdetections-DOB-1786507200.h5
/home/ionouser/ionozond_data2/2026-08-12/cdetections-DOB-1786508100.h5
/home/ionouser/ionozond_data2/2026-08-12/cdetections-DOB-1786509000.h5
/home/ionouser/ionozond_data2/2026-08-12/cdetections-DOB-1786509900.h5
/home/ionouser/ionozond_data2/2026-08-12/cdetections-DOB-1786510800.h5
/home/ionouser/ionozond_data2/2026-08-12/cdetections-DOB-1786511700.h5
/home/ionouser/ionozond_data2/2026-08-12/cdetections-DOB-1786512600.h5
/home/ionouser/ionozond_data2/2026-08-12/cdetections-DOB-1786513500.h5
/home/ionouser/ionozond_data2/2026-08-12/cdetections-DOB-1786514400.h5
/home/ionouser/ionozond_data2/2026-08-12/cdetections-DOB-1786515300.h5
/home/ionouser/ionozond_data2/2026-08-12/cdetections-DOB-1786516200.h5
/home/ionouser/ionozond_data2/2026-08-12/cdetections-DOB-1786517100.h5
/home/ionouser/ionozond_data2/2026-08-12/cdetections-DOB-1786518000.h5
/home/ionouser/ionozond_data2/2026-08-12/cdetections-DOB-1786518900.h5
/home/ionouser/ionozond_data2/2026-08-12/cdetections-DOB-1786519800.h5
/home/ionouser/ionozond_data2/2026-08-12/cdetections-DOB-1786520700.h5
/home/ionouser/ionozond_data2/2026-08-12/cdetections-DOB-1786521600.h5
filtering
No artists with labels found to put in legend.  Note that artists whose label start with an underscore are ignored when legend() is called with no argument.
saved /tmp/latest-rothr_jorn-DOB.png
/home/ionouser/ionozond_data2/2026-08-11/cdetections-DOB-1786406400.h5
/home/ionouser/ionozond_data2/2026-08-11/cdetections-DOB-1786407300.h5
/home/ionouser/ionozond_data2/2026-08-11/cdetections-DOB-1786408200.h5
/home/ionouser/ionozond_data2/2026-08-11/cdetections-DOB-1786409100.h5
/home/ionouser/ionozond_data2/2026-08-11/cdetections-DOB-1786410000.h5
/home/ionouser/ionozond_data2/2026-08-11/cdetections-DOB-1786410900.h5
/home/ionouser/ionozond_data2/2026-08-11/cdetections-DOB-1786411800.h5
/home/ionouser/ionozond_data2/2026-08-11/cdetections-DOB-1786412700.h5
/home/ionouser/ionozond_data2/2026-08-11/cdetections-DOB-1786413600.h5
/home/ionouser/ionozond_data2/2026-08-11/cdetections-DOB-1786414500.h5
/home/ionouser/ionozond_data2/2026-08-11/cdetections-DOB-1786415400.h5
/home/ionouser/ionozond_data2/2026-08-11/cdetections-DOB-1786416300.h5
/home/ionouser/ionozond_data2/2026-08-11/cdetections-DOB-1786417200.h5
/home/ionouser/ionozond_data2/2026-08-11/cdetections-DOB-1786418100.h5
/home/ionouser/ionozond_data2/2026-08-11/cdetections-DOB-1786419000.h5
/home/ionouser/ionozond_data2/2026-08-11/cdetections-DOB-1786419900.h5
/home/ionouser/ionozond_data2/2026-08-11/cdetections-DOB-1786420800.h5
/home/ionouser/ionozond_data2/2026-08-11/cdetections-DOB-1786421700.h5
/home/ionouser/ionozond_data2/2026-08-11/cdetections-DOB-1786422600.h5
/home/ionouser/ionozond_data2/2026-08-11/cdetections-DOB-1786423500.h5
/home/ionouser/ionozond_data2/2026-08-11/cdetections-DOB-1786424400.h5
/home/ionouser/ionozond_data2/2026-08-11/cdetections-DOB-1786425300.h5
/home/ionouser/ionozond_data2/2026-08-11/cdetections-DOB-1786426200.h5
/home/ionouser/ionozond_data2/2026-08-11/cdetections-DOB-1786427100.h5
/home/ionouser/ionozond_data2/2026-08-11/cdetections-DOB-1786428000.h5
/home/ionouser/ionozond_data2/2026-08-11/cdetections-DOB-1786428900.h5
/home/ionouser/ionozond_data2/2026-08-11/cdetections-DOB-1786429800.h5
/home/ionouser/ionozond_data2/2026-08-11/cdetections-DOB-1786430700.h5
/home/ionouser/ionozond_data2/2026-08-11/cdetections-DOB-1786431600.h5
/home/ionouser/ionozond_data2/2026-08-11/cdetections-DOB-1786432500.h5
/home/ionouser/ionozond_data2/2026-08-11/cdetections-DOB-1786433400.h5
/home/ionouser/ionozond_data2/2026-08-11/cdetections-DOB-1786434300.h5
/home/ionouser/ionozond_data2/2026-08-11/cdetections-DOB-1786435200.h5
/home/ionouser/ionozond_data2/2026-08-11/cdetections-DOB-1786436100.h5
/home/ionouser/ionozond_data2/2026-08-11/cdetections-DOB-1786437000.h5
/home/ionouser/ionozond_data2/2026-08-11/cdetections-DOB-1786437900.h5
/home/ionouser/ionozond_data2/2026-08-11/cdetections-DOB-1786438800.h5
/home/ionouser/ionozond_data2/2026-08-11/cdetections-DOB-1786439700.h5
/home/ionouser/ionozond_data2/2026-08-11/cdetections-DOB-1786440600.h5
/home/ionouser/ionozond_data2/2026-08-11/cdetections-DOB-1786441500.h5
/home/ionouser/ionozond_data2/2026-08-11/cdetections-DOB-1786442400.h5
/home/ionouser/ionozond_data2/2026-08-11/cdetections-DOB-1786443300.h5
/home/ionouser/ionozond_data2/2026-08-11/cdetections-DOB-1786444200.h5
/home/ionouser/ionozond_data2/2026-08-11/cdetections-DOB-1786445100.h5
/home/ionouser/ionozond_data2/2026-08-11/cdetections-DOB-1786446000.h5
/home/ionouser/ionozond_data2/2026-08-11/cdetections-DOB-1786446900.h5
/home/ionouser/ionozond_data2/2026-08-11/cdetections-DOB-1786447800.h5
/home/ionouser/ionozond_data2/2026-08-11/cdetections-DOB-1786448700.h5
/home/ionouser/ionozond_data2/2026-08-11/cdetections-DOB-1786449600.h5
/home/ionouser/ionozond_data2/2026-08-11/cdetections-DOB-1786450500.h5
/home/ionouser/ionozond_data2/2026-08-11/cdetections-DOB-1786451400.h5
/home/ionouser/ionozond_data2/2026-08-11/cdetections-DOB-1786452300.h5
/home/ionouser/ionozond_data2/2026-08-11/cdetections-DOB-1786453200.h5
/home/ionouser/ionozond_data2/2026-08-11/cdetections-DOB-1786454100.h5
/home/ionouser/ionozond_data2/2026-08-11/cdetections-DOB-1786455000.h5
/home/ionouser/ionozond_data2/2026-08-11/cdetections-DOB-1786455900.h5
/home/ionouser/ionozond_data2/2026-08-11/cdetections-DOB-1786456800.h5
/home/ionouser/ionozond_data2/2026-08-11/cdetections-DOB-1786457700.h5
/home/ionouser/ionozond_data2/2026-08-11/cdetections-DOB-1786458600.h5
/home/ionouser/ionozond_data2/2026-08-11/cdetections-DOB-1786459500.h5
/home/ionouser/ionozond_data2/2026-08-11/cdetections-DOB-1786460400.h5
/home/ionouser/ionozond_data2/2026-08-11/cdetections-DOB-1786461300.h5
/home/ionouser/ionozond_data2/2026-08-11/cdetections-DOB-1786462200.h5
/home/ionouser/ionozond_data2/2026-08-11/cdetections-DOB-1786463100.h5
/home/ionouser/ionozond_data2/2026-08-11/cdetections-DOB-1786464000.h5
/home/ionouser/ionozond_data2/2026-08-11/cdetections-DOB-1786464900.h5
/home/ionouser/ionozond_data2/2026-08-11/cdetections-DOB-1786465800.h5
/home/ionouser/ionozond_data2/2026-08-11/cdetections-DOB-1786466700.h5
/home/ionouser/ionozond_data2/2026-08-11/cdetections-DOB-1786467600.h5
/home/ionouser/ionozond_data2/2026-08-11/cdetections-DOB-1786468500.h5
/home/ionouser/ionozond_data2/2026-08-11/cdetections-DOB-1786469400.h5
/home/ionouser/ionozond_data2/2026-08-11/cdetections-DOB-1786470300.h5
/home/ionouser/ionozond_data2/2026-08-11/cdetections-DOB-1786471200.h5
/home/ionouser/ionozond_data2/2026-08-11/cdetections-DOB-1786472100.h5
/home/ionouser/ionozond_data2/2026-08-11/cdetections-DOB-1786473000.h5
/home/ionouser/ionozond_data2/2026-08-11/cdetections-DOB-1786473900.h5
/home/ionouser/ionozond_data2/2026-08-11/cdetections-DOB-1786474800.h5
/home/ionouser/ionozond_data2/2026-08-11/cdetections-DOB-1786475700.h5
/home/ionouser/ionozond_data2/2026-08-11/cdetections-DOB-1786476600.h5
/home/ionouser/ionozond_data2/2026-08-11/cdetections-DOB-1786477500.h5
/home/ionouser/ionozond_data2/2026-08-11/cdetections-DOB-1786478400.h5
/home/ionouser/ionozond_data2/2026-08-11/cdetections-DOB-1786479300.h5
/home/ionouser/ionozond_data2/2026-08-11/cdetections-DOB-1786480200.h5
/home/ionouser/ionozond_data2/2026-08-11/cdetections-DOB-1786481100.h5
/home/ionouser/ionozond_data2/2026-08-11/cdetections-DOB-1786482000.h5
/home/ionouser/ionozond_data2/2026-08-11/cdetections-DOB-1786482900.h5
/home/ionouser/ionozond_data2/2026-08-11/cdetections-DOB-1786483800.h5
/home/ionouser/ionozond_data2/2026-08-11/cdetections-DOB-1786484700.h5
/home/ionouser/ionozond_data2/2026-08-11/cdetections-DOB-1786485600.h5
/home/ionouser/ionozond_data2/2026-08-11/cdetections-DOB-1786486500.h5
/home/ionouser/ionozond_data2/2026-08-11/cdetections-DOB-1786487400.h5
/home/ionouser/ionozond_data2/2026-08-11/cdetections-DOB-1786488300.h5
/home/ionouser/ionozond_data2/2026-08-11/cdetections-DOB-1786489200.h5
/home/ionouser/ionozond_data2/2026-08-11/cdetections-DOB-1786490100.h5
/home/ionouser/ionozond_data2/2026-08-11/cdetections-DOB-1786491000.h5
/home/ionouser/ionozond_data2/2026-08-11/cdetections-DOB-1786491900.h5
/home/ionouser/ionozond_data2/2026-08-12/cdetections-DOB-1786492800.h5
/home/ionouser/ionozond_data2/2026-08-12/cdetections-DOB-1786493700.h5
/home/ionouser/ionozond_data2/2026-08-12/cdetections-DOB-1786494600.h5
/home/ionouser/ionozond_data2/2026-08-12/cdetections-DOB-1786495500.h5
/home/ionouser/ionozond_data2/2026-08-12/cdetections-DOB-1786496400.h5
/home/ionouser/ionozond_data2/2026-08-12/cdetections-DOB-1786497300.h5
/home/ionouser/ionozond_data2/2026-08-12/cdetections-DOB-1786498200.h5
/home/ionouser/ionozond_data2/2026-08-12/cdetections-DOB-1786499100.h5
/home/ionouser/ionozond_data2/2026-08-12/cdetections-DOB-1786500000.h5
/home/ionouser/ionozond_data2/2026-08-12/cdetections-DOB-1786500900.h5
/home/ionouser/ionozond_data2/2026-08-12/cdetections-DOB-1786501800.h5
/home/ionouser/ionozond_data2/2026-08-12/cdetections-DOB-1786502700.h5
/home/ionouser/ionozond_data2/2026-08-12/cdetections-DOB-1786503600.h5
/home/ionouser/ionozond_data2/2026-08-12/cdetections-DOB-1786504500.h5
/home/ionouser/ionozond_data2/2026-08-12/cdetections-DOB-1786505400.h5
/home/ionouser/ionozond_data2/2026-08-12/cdetections-DOB-1786506300.h5
/home/ionouser/ionozond_data2/2026-08-12/cdetections-DOB-1786507200.h5
/home/ionouser/ionozond_data2/2026-08-12/cdetections-DOB-1786508100.h5
/home/ionouser/ionozond_data2/2026-08-12/cdetections-DOB-1786509000.h5
/home/ionouser/ionozond_data2/2026-08-12/cdetections-DOB-1786509900.h5
/home/ionouser/ionozond_data2/2026-08-12/cdetections-DOB-1786510800.h5
/home/ionouser/ionozond_data2/2026-08-12/cdetections-DOB-1786511700.h5
/home/ionouser/ionozond_data2/2026-08-12/cdetections-DOB-1786512600.h5
/home/ionouser/ionozond_data2/2026-08-12/cdetections-DOB-1786513500.h5
/home/ionouser/ionozond_data2/2026-08-12/cdetections-DOB-1786514400.h5
/home/ionouser/ionozond_data2/2026-08-12/cdetections-DOB-1786515300.h5
/home/ionouser/ionozond_data2/2026-08-12/cdetections-DOB-1786516200.h5
/home/ionouser/ionozond_data2/2026-08-12/cdetections-DOB-1786517100.h5
/home/ionouser/ionozond_data2/2026-08-12/cdetections-DOB-1786518000.h5
/home/ionouser/ionozond_data2/2026-08-12/cdetections-DOB-1786518900.h5
/home/ionouser/ionozond_data2/2026-08-12/cdetections-DOB-1786519800.h5
/home/ionouser/ionozond_data2/2026-08-12/cdetections-DOB-1786520700.h5
/home/ionouser/ionozond_data2/2026-08-12/cdetections-DOB-1786521600.h5
/home/ionouser/ionozond_data2/2026-08-12/cdetections-DOB-1786522500.h5
filtering
No artists with labels found to put in legend.  Note that artists whose label start with an underscore are ignored when legend() is called with no argument.
saved /tmp/latest-rothr_jorn-DOB.png
/home/ionouser/ionozond_data2/2026-08-11/cdetections-DOB-1786406400.h5
/home/ionouser/ionozond_data2/2026-08-11/cdetections-DOB-1786407300.h5
/home/ionouser/ionozond_data2/2026-08-11/cdetections-DOB-1786408200.h5
/home/ionouser/ionozond_data2/2026-08-11/cdetections-DOB-1786409100.h5
/home/ionouser/ionozond_data2/2026-08-11/cdetections-DOB-1786410000.h5
/home/ionouser/ionozond_data2/2026-08-11/cdetections-DOB-1786410900.h5
/home/ionouser/ionozond_data2/2026-08-11/cdetections-DOB-1786411800.h5
/home/ionouser/ionozond_data2/2026-08-11/cdetections-DOB-1786412700.h5
/home/ionouser/ionozond_data2/2026-08-11/cdetections-DOB-1786413600.h5
/home/ionouser/ionozond_data2/2026-08-11/cdetections-DOB-1786414500.h5
/home/ionouser/ionozond_data2/2026-08-11/cdetections-DOB-1786415400.h5
/home/ionouser/ionozond_data2/2026-08-11/cdetections-DOB-1786416300.h5
/home/ionouser/ionozond_data2/2026-08-11/cdetections-DOB-1786417200.h5
/home/ionouser/ionozond_data2/2026-08-11/cdetections-DOB-1786418100.h5
/home/ionouser/ionozond_data2/2026-08-11/cdetections-DOB-1786419000.h5
/home/ionouser/ionozond_data2/2026-08-11/cdetections-DOB-1786419900.h5
/home/ionouser/ionozond_data2/2026-08-11/cdetections-DOB-1786420800.h5
/home/ionouser/ionozond_data2/2026-08-11/cdetections-DOB-1786421700.h5
/home/ionouser/ionozond_data2/2026-08-11/cdetections-DOB-1786422600.h5
/home/ionouser/ionozond_data2/2026-08-11/cdetections-DOB-1786423500.h5
/home/ionouser/ionozond_data2/2026-08-11/cdetections-DOB-1786424400.h5
/home/ionouser/ionozond_data2/2026-08-11/cdetections-DOB-1786425300.h5
/home/ionouser/ionozond_data2/2026-08-11/cdetections-DOB-1786426200.h5
/home/ionouser/ionozond_data2/2026-08-11/cdetections-DOB-1786427100.h5
/home/ionouser/ionozond_data2/2026-08-11/cdetections-DOB-1786428000.h5
/home/ionouser/ionozond_data2/2026-08-11/cdetections-DOB-1786428900.h5
/home/ionouser/ionozond_data2/2026-08-11/cdetections-DOB-1786429800.h5
/home/ionouser/ionozond_data2/2026-08-11/cdetections-DOB-1786430700.h5
/home/ionouser/ionozond_data2/2026-08-11/cdetections-DOB-1786431600.h5
/home/ionouser/ionozond_data2/2026-08-11/cdetections-DOB-1786432500.h5
/home/ionouser/ionozond_data2/2026-08-11/cdetections-DOB-1786433400.h5
/home/ionouser/ionozond_data2/2026-08-11/cdetections-DOB-1786434300.h5
/home/ionouser/ionozond_data2/2026-08-11/cdetections-DOB-1786435200.h5
/home/ionouser/ionozond_data2/2026-08-11/cdetections-DOB-1786436100.h5
/home/ionouser/ionozond_data2/2026-08-11/cdetections-DOB-1786437000.h5
/home/ionouser/ionozond_data2/2026-08-11/cdetections-DOB-1786437900.h5
/home/ionouser/ionozond_data2/2026-08-11/cdetections-DOB-1786438800.h5
/home/ionouser/ionozond_data2/2026-08-11/cdetections-DOB-1786439700.h5
/home/ionouser/ionozond_data2/2026-08-11/cdetections-DOB-1786440600.h5
/home/ionouser/ionozond_data2/2026-08-11/cdetections-DOB-1786441500.h5
/home/ionouser/ionozond_data2/2026-08-11/cdetections-DOB-1786442400.h5
/home/ionouser/ionozond_data2/2026-08-11/cdetections-DOB-1786443300.h5
/home/ionouser/ionozond_data2/2026-08-11/cdetections-DOB-1786444200.h5
/home/ionouser/ionozond_data2/2026-08-11/cdetections-DOB-1786445100.h5
/home/ionouser/ionozond_data2/2026-08-11/cdetections-DOB-1786446000.h5
/home/ionouser/ionozond_data2/2026-08-11/cdetections-DOB-1786446900.h5
/home/ionouser/ionozond_data2/2026-08-11/cdetections-DOB-1786447800.h5
/home/ionouser/ionozond_data2/2026-08-11/cdetections-DOB-1786448700.h5
/home/ionouser/ionozond_data2/2026-08-11/cdetections-DOB-1786449600.h5
/home/ionouser/ionozond_data2/2026-08-11/cdetections-DOB-1786450500.h5
/home/ionouser/ionozond_data2/2026-08-11/cdetections-DOB-1786451400.h5
/home/ionouser/ionozond_data2/2026-08-11/cdetections-DOB-1786452300.h5
/home/ionouser/ionozond_data2/2026-08-11/cdetections-DOB-1786453200.h5
/home/ionouser/ionozond_data2/2026-08-11/cdetections-DOB-1786454100.h5
/home/ionouser/ionozond_data2/2026-08-11/cdetections-DOB-1786455000.h5
/home/ionouser/ionozond_data2/2026-08-11/cdetections-DOB-1786455900.h5
/home/ionouser/ionozond_data2/2026-08-11/cdetections-DOB-1786456800.h5
/home/ionouser/ionozond_data2/2026-08-11/cdetections-DOB-1786457700.h5
/home/ionouser/ionozond_data2/2026-08-11/cdetections-DOB-1786458600.h5
/home/ionouser/ionozond_data2/2026-08-11/cdetections-DOB-1786459500.h5
/home/ionouser/ionozond_data2/2026-08-11/cdetections-DOB-1786460400.h5
/home/ionouser/ionozond_data2/2026-08-11/cdetections-DOB-1786461300.h5
/home/ionouser/ionozond_data2/2026-08-11/cdetections-DOB-1786462200.h5
/home/ionouser/ionozond_data2/2026-08-11/cdetections-DOB-1786463100.h5
/home/ionouser/ionozond_data2/2026-08-11/cdetections-DOB-1786464000.h5
/home/ionouser/ionozond_data2/2026-08-11/cdetections-DOB-1786464900.h5
/home/ionouser/ionozond_data2/2026-08-11/cdetections-DOB-1786465800.h5
/home/ionouser/ionozond_data2/2026-08-11/cdetections-DOB-1786466700.h5
/home/ionouser/ionozond_data2/2026-08-11/cdetections-DOB-1786467600.h5
/home/ionouser/ionozond_data2/2026-08-11/cdetections-DOB-1786468500.h5
/home/ionouser/ionozond_data2/2026-08-11/cdetections-DOB-1786469400.h5
/home/ionouser/ionozond_data2/2026-08-11/cdetections-DOB-1786470300.h5
/home/ionouser/ionozond_data2/2026-08-11/cdetections-DOB-1786471200.h5
/home/ionouser/ionozond_data2/2026-08-11/cdetections-DOB-1786472100.h5
/home/ionouser/ionozond_data2/2026-08-11/cdetections-DOB-1786473000.h5
/home/ionouser/ionozond_data2/2026-08-11/cdetections-DOB-1786473900.h5
/home/ionouser/ionozond_data2/2026-08-11/cdetections-DOB-1786474800.h5
/home/ionouser/ionozond_data2/2026-08-11/cdetections-DOB-1786475700.h5
/home/ionouser/ionozond_data2/2026-08-11/cdetections-DOB-1786476600.h5
/home/ionouser/ionozond_data2/2026-08-11/cdetections-DOB-1786477500.h5
/home/ionouser/ionozond_data2/2026-08-11/cdetections-DOB-1786478400.h5
/home/ionouser/ionozond_data2/2026-08-11/cdetections-DOB-1786479300.h5
/home/ionouser/ionozond_data2/2026-08-11/cdetections-DOB-1786480200.h5
/home/ionouser/ionozond_data2/2026-08-11/cdetections-DOB-1786481100.h5
/home/ionouser/ionozond_data2/2026-08-11/cdetections-DOB-1786482000.h5
/home/ionouser/ionozond_data2/2026-08-11/cdetections-DOB-1786482900.h5
/home/ionouser/ionozond_data2/2026-08-11/cdetections-DOB-1786483800.h5
/home/ionouser/ionozond_data2/2026-08-11/cdetections-DOB-1786484700.h5
/home/ionouser/ionozond_data2/2026-08-11/cdetections-DOB-1786485600.h5
/home/ionouser/ionozond_data2/2026-08-11/cdetections-DOB-1786486500.h5
/home/ionouser/ionozond_data2/2026-08-11/cdetections-DOB-1786487400.h5
/home/ionouser/ionozond_data2/2026-08-11/cdetections-DOB-1786488300.h5
/home/ionouser/ionozond_data2/2026-08-11/cdetections-DOB-1786489200.h5
/home/ionouser/ionozond_data2/2026-08-11/cdetections-DOB-1786490100.h5
/home/ionouser/ionozond_data2/2026-08-11/cdetections-DOB-1786491000.h5
/home/ionouser/ionozond_data2/2026-08-11/cdetections-DOB-1786491900.h5
/home/ionouser/ionozond_data2/2026-08-12/cdetections-DOB-1786492800.h5
/home/ionouser/ionozond_data2/2026-08-12/cdetections-DOB-1786493700.h5
/home/ionouser/ionozond_data2/2026-08-12/cdetections-DOB-1786494600.h5
/home/ionouser/ionozond_data2/2026-08-12/cdetections-DOB-1786495500.h5
/home/ionouser/ionozond_data2/2026-08-12/cdetections-DOB-1786496400.h5
/home/ionouser/ionozond_data2/2026-08-12/cdetections-DOB-1786497300.h5
/home/ionouser/ionozond_data2/2026-08-12/cdetections-DOB-1786498200.h5
/home/ionouser/ionozond_data2/2026-08-12/cdetections-DOB-1786499100.h5
/home/ionouser/ionozond_data2/2026-08-12/cdetections-DOB-1786500000.h5
/home/ionouser/ionozond_data2/2026-08-12/cdetections-DOB-1786500900.h5
/home/ionouser/ionozond_data2/2026-08-12/cdetections-DOB-1786501800.h5
/home/ionouser/ionozond_data2/2026-08-12/cdetections-DOB-1786502700.h5
/home/ionouser/ionozond_data2/2026-08-12/cdetections-DOB-1786503600.h5
/home/ionouser/ionozond_data2/2026-08-12/cdetections-DOB-1786504500.h5
/home/ionouser/ionozond_data2/2026-08-12/cdetections-DOB-1786505400.h5
/home/ionouser/ionozond_data2/2026-08-12/cdetections-DOB-1786506300.h5
/home/ionouser/ionozond_data2/2026-08-12/cdetections-DOB-1786507200.h5
/home/ionouser/ionozond_data2/2026-08-12/cdetections-DOB-1786508100.h5
/home/ionouser/ionozond_data2/2026-08-12/cdetections-DOB-1786509000.h5
/home/ionouser/ionozond_data2/2026-08-12/cdetections-DOB-1786509900.h5
/home/ionouser/ionozond_data2/2026-08-12/cdetections-DOB-1786510800.h5
/home/ionouser/ionozond_data2/2026-08-12/cdetections-DOB-1786511700.h5
/home/ionouser/ionozond_data2/2026-08-12/cdetections-DOB-1786512600.h5
/home/ionouser/ionozond_data2/2026-08-12/cdetections-DOB-1786513500.h5
/home/ionouser/ionozond_data2/2026-08-12/cdetections-DOB-1786514400.h5
/home/ionouser/ionozond_data2/2026-08-12/cdetections-DOB-1786515300.h5
/home/ionouser/ionozond_data2/2026-08-12/cdetections-DOB-1786516200.h5
/home/ionouser/ionozond_data2/2026-08-12/cdetections-DOB-1786517100.h5
/home/ionouser/ionozond_data2/2026-08-12/cdetections-DOB-1786518000.h5
/home/ionouser/ionozond_data2/2026-08-12/cdetections-DOB-1786518900.h5
/home/ionouser/ionozond_data2/2026-08-12/cdetections-DOB-1786519800.h5
/home/ionouser/ionozond_data2/2026-08-12/cdetections-DOB-1786520700.h5
/home/ionouser/ionozond_data2/2026-08-12/cdetections-DOB-1786521600.h5
/home/ionouser/ionozond_data2/2026-08-12/cdetections-DOB-1786522500.h5
/home/ionouser/ionozond_data2/2026-08-12/cdetections-DOB-1786523400.h5
filtering
No artists with labels found to put in legend.  Note that artists whose label start with an underscore are ignored when legend() is called with no argument.
saved /tmp/latest-rothr_jorn-DOB.png
/home/ionouser/ionozond_data2/2026-08-11/cdetections-DOB-1786406400.h5
/home/ionouser/ionozond_data2/2026-08-11/cdetections-DOB-1786407300.h5
/home/ionouser/ionozond_data2/2026-08-11/cdetections-DOB-1786408200.h5
/home/ionouser/ionozond_data2/2026-08-11/cdetections-DOB-1786409100.h5
/home/ionouser/ionozond_data2/2026-08-11/cdetections-DOB-1786410000.h5
/home/ionouser/ionozond_data2/2026-08-11/cdetections-DOB-1786410900.h5
/home/ionouser/ionozond_data2/2026-08-11/cdetections-DOB-1786411800.h5
/home/ionouser/ionozond_data2/2026-08-11/cdetections-DOB-1786412700.h5
/home/ionouser/ionozond_data2/2026-08-11/cdetections-DOB-1786413600.h5
/home/ionouser/ionozond_data2/2026-08-11/cdetections-DOB-1786414500.h5
/home/ionouser/ionozond_data2/2026-08-11/cdetections-DOB-1786415400.h5
/home/ionouser/ionozond_data2/2026-08-11/cdetections-DOB-1786416300.h5
/home/ionouser/ionozond_data2/2026-08-11/cdetections-DOB-1786417200.h5
/home/ionouser/ionozond_data2/2026-08-11/cdetections-DOB-1786418100.h5
/home/ionouser/ionozond_data2/2026-08-11/cdetections-DOB-1786419000.h5
/home/ionouser/ionozond_data2/2026-08-11/cdetections-DOB-1786419900.h5
/home/ionouser/ionozond_data2/2026-08-11/cdetections-DOB-1786420800.h5
/home/ionouser/ionozond_data2/2026-08-11/cdetections-DOB-1786421700.h5
/home/ionouser/ionozond_data2/2026-08-11/cdetections-DOB-1786422600.h5
/home/ionouser/ionozond_data2/2026-08-11/cdetections-DOB-1786423500.h5
/home/ionouser/ionozond_data2/2026-08-11/cdetections-DOB-1786424400.h5
/home/ionouser/ionozond_data2/2026-08-11/cdetections-DOB-1786425300.h5
/home/ionouser/ionozond_data2/2026-08-11/cdetections-DOB-1786426200.h5
/home/ionouser/ionozond_data2/2026-08-11/cdetections-DOB-1786427100.h5
/home/ionouser/ionozond_data2/2026-08-11/cdetections-DOB-1786428000.h5
/home/ionouser/ionozond_data2/2026-08-11/cdetections-DOB-1786428900.h5
/home/ionouser/ionozond_data2/2026-08-11/cdetections-DOB-1786429800.h5
/home/ionouser/ionozond_data2/2026-08-11/cdetections-DOB-1786430700.h5
/home/ionouser/ionozond_data2/2026-08-11/cdetections-DOB-1786431600.h5
/home/ionouser/ionozond_data2/2026-08-11/cdetections-DOB-1786432500.h5
/home/ionouser/ionozond_data2/2026-08-11/cdetections-DOB-1786433400.h5
/home/ionouser/ionozond_data2/2026-08-11/cdetections-DOB-1786434300.h5
/home/ionouser/ionozond_data2/2026-08-11/cdetections-DOB-1786435200.h5
/home/ionouser/ionozond_data2/2026-08-11/cdetections-DOB-1786436100.h5
/home/ionouser/ionozond_data2/2026-08-11/cdetections-DOB-1786437000.h5
/home/ionouser/ionozond_data2/2026-08-11/cdetections-DOB-1786437900.h5
/home/ionouser/ionozond_data2/2026-08-11/cdetections-DOB-1786438800.h5
/home/ionouser/ionozond_data2/2026-08-11/cdetections-DOB-1786439700.h5
/home/ionouser/ionozond_data2/2026-08-11/cdetections-DOB-1786440600.h5
/home/ionouser/ionozond_data2/2026-08-11/cdetections-DOB-1786441500.h5
/home/ionouser/ionozond_data2/2026-08-11/cdetections-DOB-1786442400.h5
/home/ionouser/ionozond_data2/2026-08-11/cdetections-DOB-1786443300.h5
/home/ionouser/ionozond_data2/2026-08-11/cdetections-DOB-1786444200.h5
/home/ionouser/ionozond_data2/2026-08-11/cdetections-DOB-1786445100.h5
/home/ionouser/ionozond_data2/2026-08-11/cdetections-DOB-1786446000.h5
/home/ionouser/ionozond_data2/2026-08-11/cdetections-DOB-1786446900.h5
/home/ionouser/ionozond_data2/2026-08-11/cdetections-DOB-1786447800.h5
/home/ionouser/ionozond_data2/2026-08-11/cdetections-DOB-1786448700.h5
/home/ionouser/ionozond_data2/2026-08-11/cdetections-DOB-1786449600.h5
/home/ionouser/ionozond_data2/2026-08-11/cdetections-DOB-1786450500.h5
/home/ionouser/ionozond_data2/2026-08-11/cdetections-DOB-1786451400.h5
/home/ionouser/ionozond_data2/2026-08-11/cdetections-DOB-1786452300.h5
/home/ionouser/ionozond_data2/2026-08-11/cdetections-DOB-1786453200.h5
/home/ionouser/ionozond_data2/2026-08-11/cdetections-DOB-1786454100.h5
/home/ionouser/ionozond_data2/2026-08-11/cdetections-DOB-1786455000.h5
/home/ionouser/ionozond_data2/2026-08-11/cdetections-DOB-1786455900.h5
/home/ionouser/ionozond_data2/2026-08-11/cdetections-DOB-1786456800.h5
/home/ionouser/ionozond_data2/2026-08-11/cdetections-DOB-1786457700.h5
/home/ionouser/ionozond_data2/2026-08-11/cdetections-DOB-1786458600.h5
/home/ionouser/ionozond_data2/2026-08-11/cdetections-DOB-1786459500.h5
/home/ionouser/ionozond_data2/2026-08-11/cdetections-DOB-1786460400.h5
/home/ionouser/ionozond_data2/2026-08-11/cdetections-DOB-1786461300.h5
/home/ionouser/ionozond_data2/2026-08-11/cdetections-DOB-1786462200.h5
/home/ionouser/ionozond_data2/2026-08-11/cdetections-DOB-1786463100.h5
/home/ionouser/ionozond_data2/2026-08-11/cdetections-DOB-1786464000.h5
/home/ionouser/ionozond_data2/2026-08-11/cdetections-DOB-1786464900.h5
/home/ionouser/ionozond_data2/2026-08-11/cdetections-DOB-1786465800.h5
/home/ionouser/ionozond_data2/2026-08-11/cdetections-DOB-1786466700.h5
/home/ionouser/ionozond_data2/2026-08-11/cdetections-DOB-1786467600.h5
/home/ionouser/ionozond_data2/2026-08-11/cdetections-DOB-1786468500.h5
/home/ionouser/ionozond_data2/2026-08-11/cdetections-DOB-1786469400.h5
/home/ionouser/ionozond_data2/2026-08-11/cdetections-DOB-1786470300.h5
/home/ionouser/ionozond_data2/2026-08-11/cdetections-DOB-1786471200.h5
/home/ionouser/ionozond_data2/2026-08-11/cdetections-DOB-1786472100.h5
/home/ionouser/ionozond_data2/2026-08-11/cdetections-DOB-1786473000.h5
/home/ionouser/ionozond_data2/2026-08-11/cdetections-DOB-1786473900.h5
/home/ionouser/ionozond_data2/2026-08-11/cdetections-DOB-1786474800.h5
/home/ionouser/ionozond_data2/2026-08-11/cdetections-DOB-1786475700.h5
/home/ionouser/ionozond_data2/2026-08-11/cdetections-DOB-1786476600.h5
/home/ionouser/ionozond_data2/2026-08-11/cdetections-DOB-1786477500.h5
/home/ionouser/ionozond_data2/2026-08-11/cdetections-DOB-1786478400.h5
/home/ionouser/ionozond_data2/2026-08-11/cdetections-DOB-1786479300.h5
/home/ionouser/ionozond_data2/2026-08-11/cdetections-DOB-1786480200.h5
/home/ionouser/ionozond_data2/2026-08-11/cdetections-DOB-1786481100.h5
/home/ionouser/ionozond_data2/2026-08-11/cdetections-DOB-1786482000.h5
/home/ionouser/ionozond_data2/2026-08-11/cdetections-DOB-1786482900.h5
/home/ionouser/ionozond_data2/2026-08-11/cdetections-DOB-1786483800.h5
/home/ionouser/ionozond_data2/2026-08-11/cdetections-DOB-1786484700.h5
/home/ionouser/ionozond_data2/2026-08-11/cdetections-DOB-1786485600.h5
/home/ionouser/ionozond_data2/2026-08-11/cdetections-DOB-1786486500.h5
/home/ionouser/ionozond_data2/2026-08-11/cdetections-DOB-1786487400.h5
/home/ionouser/ionozond_data2/2026-08-11/cdetections-DOB-1786488300.h5
/home/ionouser/ionozond_data2/2026-08-11/cdetections-DOB-1786489200.h5
/home/ionouser/ionozond_data2/2026-08-11/cdetections-DOB-1786490100.h5
/home/ionouser/ionozond_data2/2026-08-11/cdetections-DOB-1786491000.h5
/home/ionouser/ionozond_data2/2026-08-11/cdetections-DOB-1786491900.h5
/home/ionouser/ionozond_data2/2026-08-12/cdetections-DOB-1786492800.h5
/home/ionouser/ionozond_data2/2026-08-12/cdetections-DOB-1786493700.h5
/home/ionouser/ionozond_data2/2026-08-12/cdetections-DOB-1786494600.h5
/home/ionouser/ionozond_data2/2026-08-12/cdetections-DOB-1786495500.h5
/home/ionouser/ionozond_data2/2026-08-12/cdetections-DOB-1786496400.h5
/home/ionouser/ionozond_data2/2026-08-12/cdetections-DOB-1786497300.h5
/home/ionouser/ionozond_data2/2026-08-12/cdetections-DOB-1786498200.h5
/home/ionouser/ionozond_data2/2026-08-12/cdetections-DOB-1786499100.h5
/home/ionouser/ionozond_data2/2026-08-12/cdetections-DOB-1786500000.h5
/home/ionouser/ionozond_data2/2026-08-12/cdetections-DOB-1786500900.h5
/home/ionouser/ionozond_data2/2026-08-12/cdetections-DOB-1786501800.h5
/home/ionouser/ionozond_data2/2026-08-12/cdetections-DOB-1786502700.h5
/home/ionouser/ionozond_data2/2026-08-12/cdetections-DOB-1786503600.h5
/home/ionouser/ionozond_data2/2026-08-12/cdetections-DOB-1786504500.h5
/home/ionouser/ionozond_data2/2026-08-12/cdetections-DOB-1786505400.h5
/home/ionouser/ionozond_data2/2026-08-12/cdetections-DOB-1786506300.h5
/home/ionouser/ionozond_data2/2026-08-12/cdetections-DOB-1786507200.h5
/home/ionouser/ionozond_data2/2026-08-12/cdetections-DOB-1786508100.h5
/home/ionouser/ionozond_data2/2026-08-12/cdetections-DOB-1786509000.h5
/home/ionouser/ionozond_data2/2026-08-12/cdetections-DOB-1786509900.h5
/home/ionouser/ionozond_data2/2026-08-12/cdetections-DOB-1786510800.h5
/home/ionouser/ionozond_data2/2026-08-12/cdetections-DOB-1786511700.h5
/home/ionouser/ionozond_data2/2026-08-12/cdetections-DOB-1786512600.h5
/home/ionouser/ionozond_data2/2026-08-12/cdetections-DOB-1786513500.h5
/home/ionouser/ionozond_data2/2026-08-12/cdetections-DOB-1786514400.h5
/home/ionouser/ionozond_data2/2026-08-12/cdetections-DOB-1786515300.h5
/home/ionouser/ionozond_data2/2026-08-12/cdetections-DOB-1786516200.h5
/home/ionouser/ionozond_data2/2026-08-12/cdetections-DOB-1786517100.h5
/home/ionouser/ionozond_data2/2026-08-12/cdetections-DOB-1786518000.h5
/home/ionouser/ionozond_data2/2026-08-12/cdetections-DOB-1786518900.h5
/home/ionouser/ionozond_data2/2026-08-12/cdetections-DOB-1786519800.h5
/home/ionouser/ionozond_data2/2026-08-12/cdetections-DOB-1786520700.h5
/home/ionouser/ionozond_data2/2026-08-12/cdetections-DOB-1786521600.h5
/home/ionouser/ionozond_data2/2026-08-12/cdetections-DOB-1786522500.h5
/home/ionouser/ionozond_data2/2026-08-12/cdetections-DOB-1786523400.h5
/home/ionouser/ionozond_data2/2026-08-12/cdetections-DOB-1786524300.h5
filtering
No artists with labels found to put in legend.  Note that artists whose label start with an underscore are ignored when legend() is called with no argument.
saved /tmp/latest-rothr_jorn-DOB.png
/home/ionouser/ionozond_data2/2026-08-11/cdetections-DOB-1786406400.h5
/home/ionouser/ionozond_data2/2026-08-11/cdetections-DOB-1786407300.h5
/home/ionouser/ionozond_data2/2026-08-11/cdetections-DOB-1786408200.h5
/home/ionouser/ionozond_data2/2026-08-11/cdetections-DOB-1786409100.h5
/home/ionouser/ionozond_data2/2026-08-11/cdetections-DOB-1786410000.h5
/home/ionouser/ionozond_data2/2026-08-11/cdetections-DOB-1786410900.h5
/home/ionouser/ionozond_data2/2026-08-11/cdetections-DOB-1786411800.h5
/home/ionouser/ionozond_data2/2026-08-11/cdetections-DOB-1786412700.h5
/home/ionouser/ionozond_data2/2026-08-11/cdetections-DOB-1786413600.h5
/home/ionouser/ionozond_data2/2026-08-11/cdetections-DOB-1786414500.h5
/home/ionouser/ionozond_data2/2026-08-11/cdetections-DOB-1786415400.h5
/home/ionouser/ionozond_data2/2026-08-11/cdetections-DOB-1786416300.h5
/home/ionouser/ionozond_data2/2026-08-11/cdetections-DOB-1786417200.h5
/home/ionouser/ionozond_data2/2026-08-11/cdetections-DOB-1786418100.h5
/home/ionouser/ionozond_data2/2026-08-11/cdetections-DOB-1786419000.h5
/home/ionouser/ionozond_data2/2026-08-11/cdetections-DOB-1786419900.h5
/home/ionouser/ionozond_data2/2026-08-11/cdetections-DOB-1786420800.h5
/home/ionouser/ionozond_data2/2026-08-11/cdetections-DOB-1786421700.h5
/home/ionouser/ionozond_data2/2026-08-11/cdetections-DOB-1786422600.h5
/home/ionouser/ionozond_data2/2026-08-11/cdetections-DOB-1786423500.h5
/home/ionouser/ionozond_data2/2026-08-11/cdetections-DOB-1786424400.h5
/home/ionouser/ionozond_data2/2026-08-11/cdetections-DOB-1786425300.h5
/home/ionouser/ionozond_data2/2026-08-11/cdetections-DOB-1786426200.h5
/home/ionouser/ionozond_data2/2026-08-11/cdetections-DOB-1786427100.h5
/home/ionouser/ionozond_data2/2026-08-11/cdetections-DOB-1786428000.h5
/home/ionouser/ionozond_data2/2026-08-11/cdetections-DOB-1786428900.h5
/home/ionouser/ionozond_data2/2026-08-11/cdetections-DOB-1786429800.h5
/home/ionouser/ionozond_data2/2026-08-11/cdetections-DOB-1786430700.h5
/home/ionouser/ionozond_data2/2026-08-11/cdetections-DOB-1786431600.h5
/home/ionouser/ionozond_data2/2026-08-11/cdetections-DOB-1786432500.h5
/home/ionouser/ionozond_data2/2026-08-11/cdetections-DOB-1786433400.h5
/home/ionouser/ionozond_data2/2026-08-11/cdetections-DOB-1786434300.h5
/home/ionouser/ionozond_data2/2026-08-11/cdetections-DOB-1786435200.h5
/home/ionouser/ionozond_data2/2026-08-11/cdetections-DOB-1786436100.h5
/home/ionouser/ionozond_data2/2026-08-11/cdetections-DOB-1786437000.h5
/home/ionouser/ionozond_data2/2026-08-11/cdetections-DOB-1786437900.h5
/home/ionouser/ionozond_data2/2026-08-11/cdetections-DOB-1786438800.h5
/home/ionouser/ionozond_data2/2026-08-11/cdetections-DOB-1786439700.h5
/home/ionouser/ionozond_data2/2026-08-11/cdetections-DOB-1786440600.h5
/home/ionouser/ionozond_data2/2026-08-11/cdetections-DOB-1786441500.h5
/home/ionouser/ionozond_data2/2026-08-11/cdetections-DOB-1786442400.h5
/home/ionouser/ionozond_data2/2026-08-11/cdetections-DOB-1786443300.h5
/home/ionouser/ionozond_data2/2026-08-11/cdetections-DOB-1786444200.h5
/home/ionouser/ionozond_data2/2026-08-11/cdetections-DOB-1786445100.h5
/home/ionouser/ionozond_data2/2026-08-11/cdetections-DOB-1786446000.h5
/home/ionouser/ionozond_data2/2026-08-11/cdetections-DOB-1786446900.h5
/home/ionouser/ionozond_data2/2026-08-11/cdetections-DOB-1786447800.h5
/home/ionouser/ionozond_data2/2026-08-11/cdetections-DOB-1786448700.h5
/home/ionouser/ionozond_data2/2026-08-11/cdetections-DOB-1786449600.h5
/home/ionouser/ionozond_data2/2026-08-11/cdetections-DOB-1786450500.h5
/home/ionouser/ionozond_data2/2026-08-11/cdetections-DOB-1786451400.h5
/home/ionouser/ionozond_data2/2026-08-11/cdetections-DOB-1786452300.h5
/home/ionouser/ionozond_data2/2026-08-11/cdetections-DOB-1786453200.h5
/home/ionouser/ionozond_data2/2026-08-11/cdetections-DOB-1786454100.h5
/home/ionouser/ionozond_data2/2026-08-11/cdetections-DOB-1786455000.h5
/home/ionouser/ionozond_data2/2026-08-11/cdetections-DOB-1786455900.h5
/home/ionouser/ionozond_data2/2026-08-11/cdetections-DOB-1786456800.h5
/home/ionouser/ionozond_data2/2026-08-11/cdetections-DOB-1786457700.h5
/home/ionouser/ionozond_data2/2026-08-11/cdetections-DOB-1786458600.h5
/home/ionouser/ionozond_data2/2026-08-11/cdetections-DOB-1786459500.h5
/home/ionouser/ionozond_data2/2026-08-11/cdetections-DOB-1786460400.h5
/home/ionouser/ionozond_data2/2026-08-11/cdetections-DOB-1786461300.h5
/home/ionouser/ionozond_data2/2026-08-11/cdetections-DOB-1786462200.h5
/home/ionouser/ionozond_data2/2026-08-11/cdetections-DOB-1786463100.h5
/home/ionouser/ionozond_data2/2026-08-11/cdetections-DOB-1786464000.h5
/home/ionouser/ionozond_data2/2026-08-11/cdetections-DOB-1786464900.h5
/home/ionouser/ionozond_data2/2026-08-11/cdetections-DOB-1786465800.h5
/home/ionouser/ionozond_data2/2026-08-11/cdetections-DOB-1786466700.h5
/home/ionouser/ionozond_data2/2026-08-11/cdetections-DOB-1786467600.h5
/home/ionouser/ionozond_data2/2026-08-11/cdetections-DOB-1786468500.h5
/home/ionouser/ionozond_data2/2026-08-11/cdetections-DOB-1786469400.h5
/home/ionouser/ionozond_data2/2026-08-11/cdetections-DOB-1786470300.h5
/home/ionouser/ionozond_data2/2026-08-11/cdetections-DOB-1786471200.h5
/home/ionouser/ionozond_data2/2026-08-11/cdetections-DOB-1786472100.h5
/home/ionouser/ionozond_data2/2026-08-11/cdetections-DOB-1786473000.h5
/home/ionouser/ionozond_data2/2026-08-11/cdetections-DOB-1786473900.h5
/home/ionouser/ionozond_data2/2026-08-11/cdetections-DOB-1786474800.h5
/home/ionouser/ionozond_data2/2026-08-11/cdetections-DOB-1786475700.h5
/home/ionouser/ionozond_data2/2026-08-11/cdetections-DOB-1786476600.h5
/home/ionouser/ionozond_data2/2026-08-11/cdetections-DOB-1786477500.h5
/home/ionouser/ionozond_data2/2026-08-11/cdetections-DOB-1786478400.h5
/home/ionouser/ionozond_data2/2026-08-11/cdetections-DOB-1786479300.h5
/home/ionouser/ionozond_data2/2026-08-11/cdetections-DOB-1786480200.h5
/home/ionouser/ionozond_data2/2026-08-11/cdetections-DOB-1786481100.h5
/home/ionouser/ionozond_data2/2026-08-11/cdetections-DOB-1786482000.h5
/home/ionouser/ionozond_data2/2026-08-11/cdetections-DOB-1786482900.h5
/home/ionouser/ionozond_data2/2026-08-11/cdetections-DOB-1786483800.h5
/home/ionouser/ionozond_data2/2026-08-11/cdetections-DOB-1786484700.h5
/home/ionouser/ionozond_data2/2026-08-11/cdetections-DOB-1786485600.h5
/home/ionouser/ionozond_data2/2026-08-11/cdetections-DOB-1786486500.h5
/home/ionouser/ionozond_data2/2026-08-11/cdetections-DOB-1786487400.h5
/home/ionouser/ionozond_data2/2026-08-11/cdetections-DOB-1786488300.h5
/home/ionouser/ionozond_data2/2026-08-11/cdetections-DOB-1786489200.h5
/home/ionouser/ionozond_data2/2026-08-11/cdetections-DOB-1786490100.h5
/home/ionouser/ionozond_data2/2026-08-11/cdetections-DOB-1786491000.h5
/home/ionouser/ionozond_data2/2026-08-11/cdetections-DOB-1786491900.h5
/home/ionouser/ionozond_data2/2026-08-12/cdetections-DOB-1786492800.h5
/home/ionouser/ionozond_data2/2026-08-12/cdetections-DOB-1786493700.h5
/home/ionouser/ionozond_data2/2026-08-12/cdetections-DOB-1786494600.h5
/home/ionouser/ionozond_data2/2026-08-12/cdetections-DOB-1786495500.h5
/home/ionouser/ionozond_data2/2026-08-12/cdetections-DOB-1786496400.h5
/home/ionouser/ionozond_data2/2026-08-12/cdetections-DOB-1786497300.h5
/home/ionouser/ionozond_data2/2026-08-12/cdetections-DOB-1786498200.h5
/home/ionouser/ionozond_data2/2026-08-12/cdetections-DOB-1786499100.h5
/home/ionouser/ionozond_data2/2026-08-12/cdetections-DOB-1786500000.h5
/home/ionouser/ionozond_data2/2026-08-12/cdetections-DOB-1786500900.h5
/home/ionouser/ionozond_data2/2026-08-12/cdetections-DOB-1786501800.h5
/home/ionouser/ionozond_data2/2026-08-12/cdetections-DOB-1786502700.h5
/home/ionouser/ionozond_data2/2026-08-12/cdetections-DOB-1786503600.h5
/home/ionouser/ionozond_data2/2026-08-12/cdetections-DOB-1786504500.h5
/home/ionouser/ionozond_data2/2026-08-12/cdetections-DOB-1786505400.h5
/home/ionouser/ionozond_data2/2026-08-12/cdetections-DOB-1786506300.h5
/home/ionouser/ionozond_data2/2026-08-12/cdetections-DOB-1786507200.h5
/home/ionouser/ionozond_data2/2026-08-12/cdetections-DOB-1786508100.h5
/home/ionouser/ionozond_data2/2026-08-12/cdetections-DOB-1786509000.h5
/home/ionouser/ionozond_data2/2026-08-12/cdetections-DOB-1786509900.h5
/home/ionouser/ionozond_data2/2026-08-12/cdetections-DOB-1786510800.h5
/home/ionouser/ionozond_data2/2026-08-12/cdetections-DOB-1786511700.h5
/home/ionouser/ionozond_data2/2026-08-12/cdetections-DOB-1786512600.h5
/home/ionouser/ionozond_data2/2026-08-12/cdetections-DOB-1786513500.h5
/home/ionouser/ionozond_data2/2026-08-12/cdetections-DOB-1786514400.h5
/home/ionouser/ionozond_data2/2026-08-12/cdetections-DOB-1786515300.h5
/home/ionouser/ionozond_data2/2026-08-12/cdetections-DOB-1786516200.h5
/home/ionouser/ionozond_data2/2026-08-12/cdetections-DOB-1786517100.h5
/home/ionouser/ionozond_data2/2026-08-12/cdetections-DOB-1786518000.h5
/home/ionouser/ionozond_data2/2026-08-12/cdetections-DOB-1786518900.h5
/home/ionouser/ionozond_data2/2026-08-12/cdetections-DOB-1786519800.h5
/home/ionouser/ionozond_data2/2026-08-12/cdetections-DOB-1786520700.h5
/home/ionouser/ionozond_data2/2026-08-12/cdetections-DOB-1786521600.h5
/home/ionouser/ionozond_data2/2026-08-12/cdetections-DOB-1786522500.h5
/home/ionouser/ionozond_data2/2026-08-12/cdetections-DOB-1786523400.h5
/home/ionouser/ionozond_data2/2026-08-12/cdetections-DOB-1786524300.h5
/home/ionouser/ionozond_data2/2026-08-12/cdetections-DOB-1786525200.h5
filtering
No artists with labels found to put in legend.  Note that artists whose label start with an underscore are ignored when legend() is called with no argument.
saved /tmp/latest-rothr_jorn-DOB.png
/home/ionouser/ionozond_data2/2026-08-11/cdetections-DOB-1786406400.h5
/home/ionouser/ionozond_data2/2026-08-11/cdetections-DOB-1786407300.h5
/home/ionouser/ionozond_data2/2026-08-11/cdetections-DOB-1786408200.h5
/home/ionouser/ionozond_data2/2026-08-11/cdetections-DOB-1786409100.h5
/home/ionouser/ionozond_data2/2026-08-11/cdetections-DOB-1786410000.h5
/home/ionouser/ionozond_data2/2026-08-11/cdetections-DOB-1786410900.h5
/home/ionouser/ionozond_data2/2026-08-11/cdetections-DOB-1786411800.h5
/home/ionouser/ionozond_data2/2026-08-11/cdetections-DOB-1786412700.h5
/home/ionouser/ionozond_data2/2026-08-11/cdetections-DOB-1786413600.h5
/home/ionouser/ionozond_data2/2026-08-11/cdetections-DOB-1786414500.h5
/home/ionouser/ionozond_data2/2026-08-11/cdetections-DOB-1786415400.h5
/home/ionouser/ionozond_data2/2026-08-11/cdetections-DOB-1786416300.h5
/home/ionouser/ionozond_data2/2026-08-11/cdetections-DOB-1786417200.h5
/home/ionouser/ionozond_data2/2026-08-11/cdetections-DOB-1786418100.h5
/home/ionouser/ionozond_data2/2026-08-11/cdetections-DOB-1786419000.h5
/home/ionouser/ionozond_data2/2026-08-11/cdetections-DOB-1786419900.h5
/home/ionouser/ionozond_data2/2026-08-11/cdetections-DOB-1786420800.h5
/home/ionouser/ionozond_data2/2026-08-11/cdetections-DOB-1786421700.h5
/home/ionouser/ionozond_data2/2026-08-11/cdetections-DOB-1786422600.h5
/home/ionouser/ionozond_data2/2026-08-11/cdetections-DOB-1786423500.h5
/home/ionouser/ionozond_data2/2026-08-11/cdetections-DOB-1786424400.h5
/home/ionouser/ionozond_data2/2026-08-11/cdetections-DOB-1786425300.h5
/home/ionouser/ionozond_data2/2026-08-11/cdetections-DOB-1786426200.h5
/home/ionouser/ionozond_data2/2026-08-11/cdetections-DOB-1786427100.h5
/home/ionouser/ionozond_data2/2026-08-11/cdetections-DOB-1786428000.h5
/home/ionouser/ionozond_data2/2026-08-11/cdetections-DOB-1786428900.h5
/home/ionouser/ionozond_data2/2026-08-11/cdetections-DOB-1786429800.h5
/home/ionouser/ionozond_data2/2026-08-11/cdetections-DOB-1786430700.h5
/home/ionouser/ionozond_data2/2026-08-11/cdetections-DOB-1786431600.h5
/home/ionouser/ionozond_data2/2026-08-11/cdetections-DOB-1786432500.h5
/home/ionouser/ionozond_data2/2026-08-11/cdetections-DOB-1786433400.h5
/home/ionouser/ionozond_data2/2026-08-11/cdetections-DOB-1786434300.h5
/home/ionouser/ionozond_data2/2026-08-11/cdetections-DOB-1786435200.h5
/home/ionouser/ionozond_data2/2026-08-11/cdetections-DOB-1786436100.h5
/home/ionouser/ionozond_data2/2026-08-11/cdetections-DOB-1786437000.h5
/home/ionouser/ionozond_data2/2026-08-11/cdetections-DOB-1786437900.h5
/home/ionouser/ionozond_data2/2026-08-11/cdetections-DOB-1786438800.h5
/home/ionouser/ionozond_data2/2026-08-11/cdetections-DOB-1786439700.h5
/home/ionouser/ionozond_data2/2026-08-11/cdetections-DOB-1786440600.h5
/home/ionouser/ionozond_data2/2026-08-11/cdetections-DOB-1786441500.h5
/home/ionouser/ionozond_data2/2026-08-11/cdetections-DOB-1786442400.h5
/home/ionouser/ionozond_data2/2026-08-11/cdetections-DOB-1786443300.h5
/home/ionouser/ionozond_data2/2026-08-11/cdetections-DOB-1786444200.h5
/home/ionouser/ionozond_data2/2026-08-11/cdetections-DOB-1786445100.h5
/home/ionouser/ionozond_data2/2026-08-11/cdetections-DOB-1786446000.h5
/home/ionouser/ionozond_data2/2026-08-11/cdetections-DOB-1786446900.h5
/home/ionouser/ionozond_data2/2026-08-11/cdetections-DOB-1786447800.h5
/home/ionouser/ionozond_data2/2026-08-11/cdetections-DOB-1786448700.h5
/home/ionouser/ionozond_data2/2026-08-11/cdetections-DOB-1786449600.h5
/home/ionouser/ionozond_data2/2026-08-11/cdetections-DOB-1786450500.h5
/home/ionouser/ionozond_data2/2026-08-11/cdetections-DOB-1786451400.h5
/home/ionouser/ionozond_data2/2026-08-11/cdetections-DOB-1786452300.h5
/home/ionouser/ionozond_data2/2026-08-11/cdetections-DOB-1786453200.h5
/home/ionouser/ionozond_data2/2026-08-11/cdetections-DOB-1786454100.h5
/home/ionouser/ionozond_data2/2026-08-11/cdetections-DOB-1786455000.h5
/home/ionouser/ionozond_data2/2026-08-11/cdetections-DOB-1786455900.h5
/home/ionouser/ionozond_data2/2026-08-11/cdetections-DOB-1786456800.h5
/home/ionouser/ionozond_data2/2026-08-11/cdetections-DOB-1786457700.h5
/home/ionouser/ionozond_data2/2026-08-11/cdetections-DOB-1786458600.h5
/home/ionouser/ionozond_data2/2026-08-11/cdetections-DOB-1786459500.h5
/home/ionouser/ionozond_data2/2026-08-11/cdetections-DOB-1786460400.h5
/home/ionouser/ionozond_data2/2026-08-11/cdetections-DOB-1786461300.h5
/home/ionouser/ionozond_data2/2026-08-11/cdetections-DOB-1786462200.h5
/home/ionouser/ionozond_data2/2026-08-11/cdetections-DOB-1786463100.h5
/home/ionouser/ionozond_data2/2026-08-11/cdetections-DOB-1786464000.h5
/home/ionouser/ionozond_data2/2026-08-11/cdetections-DOB-1786464900.h5
/home/ionouser/ionozond_data2/2026-08-11/cdetections-DOB-1786465800.h5
/home/ionouser/ionozond_data2/2026-08-11/cdetections-DOB-1786466700.h5
/home/ionouser/ionozond_data2/2026-08-11/cdetections-DOB-1786467600.h5
/home/ionouser/ionozond_data2/2026-08-11/cdetections-DOB-1786468500.h5
/home/ionouser/ionozond_data2/2026-08-11/cdetections-DOB-1786469400.h5
/home/ionouser/ionozond_data2/2026-08-11/cdetections-DOB-1786470300.h5
/home/ionouser/ionozond_data2/2026-08-11/cdetections-DOB-1786471200.h5
/home/ionouser/ionozond_data2/2026-08-11/cdetections-DOB-1786472100.h5
/home/ionouser/ionozond_data2/2026-08-11/cdetections-DOB-1786473000.h5
/home/ionouser/ionozond_data2/2026-08-11/cdetections-DOB-1786473900.h5
/home/ionouser/ionozond_data2/2026-08-11/cdetections-DOB-1786474800.h5
/home/ionouser/ionozond_data2/2026-08-11/cdetections-DOB-1786475700.h5
/home/ionouser/ionozond_data2/2026-08-11/cdetections-DOB-1786476600.h5
/home/ionouser/ionozond_data2/2026-08-11/cdetections-DOB-1786477500.h5
/home/ionouser/ionozond_data2/2026-08-11/cdetections-DOB-1786478400.h5
/home/ionouser/ionozond_data2/2026-08-11/cdetections-DOB-1786479300.h5
/home/ionouser/ionozond_data2/2026-08-11/cdetections-DOB-1786480200.h5
/home/ionouser/ionozond_data2/2026-08-11/cdetections-DOB-1786481100.h5
/home/ionouser/ionozond_data2/2026-08-11/cdetections-DOB-1786482000.h5
/home/ionouser/ionozond_data2/2026-08-11/cdetections-DOB-1786482900.h5
/home/ionouser/ionozond_data2/2026-08-11/cdetections-DOB-1786483800.h5
/home/ionouser/ionozond_data2/2026-08-11/cdetections-DOB-1786484700.h5
/home/ionouser/ionozond_data2/2026-08-11/cdetections-DOB-1786485600.h5
/home/ionouser/ionozond_data2/2026-08-11/cdetections-DOB-1786486500.h5
/home/ionouser/ionozond_data2/2026-08-11/cdetections-DOB-1786487400.h5
/home/ionouser/ionozond_data2/2026-08-11/cdetections-DOB-1786488300.h5
/home/ionouser/ionozond_data2/2026-08-11/cdetections-DOB-1786489200.h5
/home/ionouser/ionozond_data2/2026-08-11/cdetections-DOB-1786490100.h5
/home/ionouser/ionozond_data2/2026-08-11/cdetections-DOB-1786491000.h5
/home/ionouser/ionozond_data2/2026-08-11/cdetections-DOB-1786491900.h5
/home/ionouser/ionozond_data2/2026-08-12/cdetections-DOB-1786492800.h5
/home/ionouser/ionozond_data2/2026-08-12/cdetections-DOB-1786493700.h5
/home/ionouser/ionozond_data2/2026-08-12/cdetections-DOB-1786494600.h5
/home/ionouser/ionozond_data2/2026-08-12/cdetections-DOB-1786495500.h5
/home/ionouser/ionozond_data2/2026-08-12/cdetections-DOB-1786496400.h5
/home/ionouser/ionozond_data2/2026-08-12/cdetections-DOB-1786497300.h5
/home/ionouser/ionozond_data2/2026-08-12/cdetections-DOB-1786498200.h5
/home/ionouser/ionozond_data2/2026-08-12/cdetections-DOB-1786499100.h5
/home/ionouser/ionozond_data2/2026-08-12/cdetections-DOB-1786500000.h5
/home/ionouser/ionozond_data2/2026-08-12/cdetections-DOB-1786500900.h5
/home/ionouser/ionozond_data2/2026-08-12/cdetections-DOB-1786501800.h5
/home/ionouser/ionozond_data2/2026-08-12/cdetections-DOB-1786502700.h5
/home/ionouser/ionozond_data2/2026-08-12/cdetections-DOB-1786503600.h5
/home/ionouser/ionozond_data2/2026-08-12/cdetections-DOB-1786504500.h5
/home/ionouser/ionozond_data2/2026-08-12/cdetections-DOB-1786505400.h5
/home/ionouser/ionozond_data2/2026-08-12/cdetections-DOB-1786506300.h5
/home/ionouser/ionozond_data2/2026-08-12/cdetections-DOB-1786507200.h5
/home/ionouser/ionozond_data2/2026-08-12/cdetections-DOB-1786508100.h5
/home/ionouser/ionozond_data2/2026-08-12/cdetections-DOB-1786509000.h5
/home/ionouser/ionozond_data2/2026-08-12/cdetections-DOB-1786509900.h5
/home/ionouser/ionozond_data2/2026-08-12/cdetections-DOB-1786510800.h5
/home/ionouser/ionozond_data2/2026-08-12/cdetections-DOB-1786511700.h5
/home/ionouser/ionozond_data2/2026-08-12/cdetections-DOB-1786512600.h5
/home/ionouser/ionozond_data2/2026-08-12/cdetections-DOB-1786513500.h5
/home/ionouser/ionozond_data2/2026-08-12/cdetections-DOB-1786514400.h5
/home/ionouser/ionozond_data2/2026-08-12/cdetections-DOB-1786515300.h5
/home/ionouser/ionozond_data2/2026-08-12/cdetections-DOB-1786516200.h5
/home/ionouser/ionozond_data2/2026-08-12/cdetections-DOB-1786517100.h5
/home/ionouser/ionozond_data2/2026-08-12/cdetections-DOB-1786518000.h5
/home/ionouser/ionozond_data2/2026-08-12/cdetections-DOB-1786518900.h5
/home/ionouser/ionozond_data2/2026-08-12/cdetections-DOB-1786519800.h5
/home/ionouser/ionozond_data2/2026-08-12/cdetections-DOB-1786520700.h5
/home/ionouser/ionozond_data2/2026-08-12/cdetections-DOB-1786521600.h5
/home/ionouser/ionozond_data2/2026-08-12/cdetections-DOB-1786522500.h5
/home/ionouser/ionozond_data2/2026-08-12/cdetections-DOB-1786523400.h5
/home/ionouser/ionozond_data2/2026-08-12/cdetections-DOB-1786524300.h5
/home/ionouser/ionozond_data2/2026-08-12/cdetections-DOB-1786525200.h5
/home/ionouser/ionozond_data2/2026-08-12/cdetections-DOB-1786526100.h5
filtering
No artists with labels found to put in legend.  Note that artists whose label start with an underscore are ignored when legend() is called with no argument.
saved /tmp/latest-rothr_jorn-DOB.png
