reading /home/ionouser/chirpsounder2/my_station.ini
/dev/shm/hf25
2026-08-13T10:39:52Z wrote /tmp/station_status-DOB-1786617592.492.json ok=True
2026-08-13T10:39:52Z upload failed: HTTP 403 <!DOCTYPE HTML PUBLIC "-//IETF//DTD HTML 2.0//EN">
<html><head>
<title>403 Forbidden</title>
</head><body>
<h1>Forbidden</h1>
<p>You don't have permission to access this resource.</p>
<hr>
<address>Apache/2.4.52 (Ubuntu) Server at 4.235.86.214 Port 80</address>
</body></html>
2026-08-13T10:54:52Z wrote /tmp/station_status-DOB-1786618492.939.json ok=True
2026-08-13T10:54:52Z upload failed: HTTP 403 <!DOCTYPE HTML PUBLIC "-//IETF//DTD HTML 2.0//EN">
<html><head>
<title>403 Forbidden</title>
</head><body>
<h1>Forbidden</h1>
<p>You don't have permission to access this resource.</p>
<hr>
<address>Apache/2.4.52 (Ubuntu) Server at 4.235.86.214 Port 80</address>
</body></html>
2026-08-13T11:09:53Z wrote /tmp/station_status-DOB-1786619393.395.json ok=True
2026-08-13T11:09:53Z upload failed: HTTP 403 <!DOCTYPE HTML PUBLIC "-//IETF//DTD HTML 2.0//EN">
<html><head>
<title>403 Forbidden</title>
</head><body>
<h1>Forbidden</h1>
<p>You don't have permission to access this resource.</p>
<hr>
<address>Apache/2.4.52 (Ubuntu) Server at 4.235.86.214 Port 80</address>
</body></html>
2026-08-13T11:24:54Z wrote /tmp/station_status-DOB-1786620294.011.json ok=True
2026-08-13T11:24:54Z upload failed: HTTP 403 <!DOCTYPE HTML PUBLIC "-//IETF//DTD HTML 2.0//EN">
<html><head>
<title>403 Forbidden</title>
</head><body>
<h1>Forbidden</h1>
<p>You don't have permission to access this resource.</p>
<hr>
<address>Apache/2.4.52 (Ubuntu) Server at 4.235.86.214 Port 80</address>
</body></html>
2026-08-13T11:39:54Z wrote /tmp/station_status-DOB-1786621194.631.json ok=True
2026-08-13T11:39:54Z upload failed: HTTP 403 <!DOCTYPE HTML PUBLIC "-//IETF//DTD HTML 2.0//EN">
<html><head>
<title>403 Forbidden</title>
</head><body>
<h1>Forbidden</h1>
<p>You don't have permission to access this resource.</p>
<hr>
<address>Apache/2.4.52 (Ubuntu) Server at 4.235.86.214 Port 80</address>
</body></html>
2026-08-13T11:54:55Z wrote /tmp/station_status-DOB-1786622095.435.json ok=True
2026-08-13T11:54:55Z upload failed: HTTP 403 <!DOCTYPE HTML PUBLIC "-//IETF//DTD HTML 2.0//EN">
<html><head>
<title>403 Forbidden</title>
</head><body>
<h1>Forbidden</h1>
<p>You don't have permission to access this resource.</p>
<hr>
<address>Apache/2.4.52 (Ubuntu) Server at 4.235.86.214 Port 80</address>
</body></html>
2026-08-13T12:09:56Z wrote /tmp/station_status-DOB-1786622996.047.json ok=True
2026-08-13T12:09:56Z upload failed: HTTP 403 <!DOCTYPE HTML PUBLIC "-//IETF//DTD HTML 2.0//EN">
<html><head>
<title>403 Forbidden</title>
</head><body>
<h1>Forbidden</h1>
<p>You don't have permission to access this resource.</p>
<hr>
<address>Apache/2.4.52 (Ubuntu) Server at 4.235.86.214 Port 80</address>
</body></html>
2026-08-13T12:24:56Z wrote /tmp/station_status-DOB-1786623896.667.json ok=True
2026-08-13T12:24:56Z upload failed: HTTP 403 <!DOCTYPE HTML PUBLIC "-//IETF//DTD HTML 2.0//EN">
<html><head>
<title>403 Forbidden</title>
</head><body>
<h1>Forbidden</h1>
<p>You don't have permission to access this resource.</p>
<hr>
<address>Apache/2.4.52 (Ubuntu) Server at 4.235.86.214 Port 80</address>
</body></html>
2026-08-13T12:39:57Z wrote /tmp/station_status-DOB-1786624797.131.json ok=True
2026-08-13T12:39:57Z upload failed: HTTP 403 <!DOCTYPE HTML PUBLIC "-//IETF//DTD HTML 2.0//EN">
<html><head>
<title>403 Forbidden</title>
</head><body>
<h1>Forbidden</h1>
<p>You don't have permission to access this resource.</p>
<hr>
<address>Apache/2.4.52 (Ubuntu) Server at 4.235.86.214 Port 80</address>
</body></html>
2026-08-13T12:54:57Z wrote /tmp/station_status-DOB-1786625697.589.json ok=True
2026-08-13T12:54:57Z upload failed: HTTP 403 <!DOCTYPE HTML PUBLIC "-//IETF//DTD HTML 2.0//EN">
<html><head>
<title>403 Forbidden</title>
</head><body>
<h1>Forbidden</h1>
<p>You don't have permission to access this resource.</p>
<hr>
<address>Apache/2.4.52 (Ubuntu) Server at 4.235.86.214 Port 80</address>
</body></html>
2026-08-13T13:09:58Z wrote /tmp/station_status-DOB-1786626598.095.json ok=True
2026-08-13T13:09:58Z upload failed: HTTP 403 <!DOCTYPE HTML PUBLIC "-//IETF//DTD HTML 2.0//EN">
<html><head>
<title>403 Forbidden</title>
</head><body>
<h1>Forbidden</h1>
<p>You don't have permission to access this resource.</p>
<hr>
<address>Apache/2.4.52 (Ubuntu) Server at 4.235.86.214 Port 80</address>
</body></html>
2026-08-13T13:24:58Z wrote /tmp/station_status-DOB-1786627498.634.json ok=True
2026-08-13T13:24:58Z upload failed: HTTP 403 <!DOCTYPE HTML PUBLIC "-//IETF//DTD HTML 2.0//EN">
<html><head>
<title>403 Forbidden</title>
</head><body>
<h1>Forbidden</h1>
<p>You don't have permission to access this resource.</p>
<hr>
<address>Apache/2.4.52 (Ubuntu) Server at 4.235.86.214 Port 80</address>
</body></html>
2026-08-13T13:39:59Z wrote /tmp/station_status-DOB-1786628399.095.json ok=True
2026-08-13T13:39:59Z upload failed: HTTP 403 <!DOCTYPE HTML PUBLIC "-//IETF//DTD HTML 2.0//EN">
<html><head>
<title>403 Forbidden</title>
</head><body>
<h1>Forbidden</h1>
<p>You don't have permission to access this resource.</p>
<hr>
<address>Apache/2.4.52 (Ubuntu) Server at 4.235.86.214 Port 80</address>
</body></html>
2026-08-13T13:54:59Z wrote /tmp/station_status-DOB-1786629299.656.json ok=True
2026-08-13T13:54:59Z upload failed: HTTP 403 <!DOCTYPE HTML PUBLIC "-//IETF//DTD HTML 2.0//EN">
<html><head>
<title>403 Forbidden</title>
</head><body>
<h1>Forbidden</h1>
<p>You don't have permission to access this resource.</p>
<hr>
<address>Apache/2.4.52 (Ubuntu) Server at 4.235.86.214 Port 80</address>
</body></html>
2026-08-13T14:10:00Z wrote /tmp/station_status-DOB-1786630200.199.json ok=True
2026-08-13T14:10:00Z upload failed: HTTP 403 <!DOCTYPE HTML PUBLIC "-//IETF//DTD HTML 2.0//EN">
<html><head>
<title>403 Forbidden</title>
</head><body>
<h1>Forbidden</h1>
<p>You don't have permission to access this resource.</p>
<hr>
<address>Apache/2.4.52 (Ubuntu) Server at 4.235.86.214 Port 80</address>
</body></html>
2026-08-13T14:25:00Z wrote /tmp/station_status-DOB-1786631100.819.json ok=True
2026-08-13T14:25:00Z upload failed: HTTP 403 <!DOCTYPE HTML PUBLIC "-//IETF//DTD HTML 2.0//EN">
<html><head>
<title>403 Forbidden</title>
</head><body>
<h1>Forbidden</h1>
<p>You don't have permission to access this resource.</p>
<hr>
<address>Apache/2.4.52 (Ubuntu) Server at 4.235.86.214 Port 80</address>
</body></html>
2026-08-13T14:40:01Z wrote /tmp/station_status-DOB-1786632001.391.json ok=True
2026-08-13T14:40:01Z upload failed: HTTP 403 <!DOCTYPE HTML PUBLIC "-//IETF//DTD HTML 2.0//EN">
<html><head>
<title>403 Forbidden</title>
</head><body>
<h1>Forbidden</h1>
<p>You don't have permission to access this resource.</p>
<hr>
<address>Apache/2.4.52 (Ubuntu) Server at 4.235.86.214 Port 80</address>
</body></html>
2026-08-13T14:55:01Z wrote /tmp/station_status-DOB-1786632901.899.json ok=True
2026-08-13T14:55:01Z upload failed: HTTP 403 <!DOCTYPE HTML PUBLIC "-//IETF//DTD HTML 2.0//EN">
<html><head>
<title>403 Forbidden</title>
</head><body>
<h1>Forbidden</h1>
<p>You don't have permission to access this resource.</p>
<hr>
<address>Apache/2.4.52 (Ubuntu) Server at 4.235.86.214 Port 80</address>
</body></html>
2026-08-13T15:10:02Z wrote /tmp/station_status-DOB-1786633802.459.json ok=True
2026-08-13T15:10:02Z upload failed: HTTP 403 <!DOCTYPE HTML PUBLIC "-//IETF//DTD HTML 2.0//EN">
<html><head>
<title>403 Forbidden</title>
</head><body>
<h1>Forbidden</h1>
<p>You don't have permission to access this resource.</p>
<hr>
<address>Apache/2.4.52 (Ubuntu) Server at 4.235.86.214 Port 80</address>
</body></html>
2026-08-13T15:25:03Z wrote /tmp/station_status-DOB-1786634703.188.json ok=True
2026-08-13T15:25:03Z upload failed: HTTP 403 <!DOCTYPE HTML PUBLIC "-//IETF//DTD HTML 2.0//EN">
<html><head>
<title>403 Forbidden</title>
</head><body>
<h1>Forbidden</h1>
<p>You don't have permission to access this resource.</p>
<hr>
<address>Apache/2.4.52 (Ubuntu) Server at 4.235.86.214 Port 80</address>
</body></html>
2026-08-13T15:40:03Z wrote /tmp/station_status-DOB-1786635603.863.json ok=True
2026-08-13T15:40:03Z upload failed: HTTP 403 <!DOCTYPE HTML PUBLIC "-//IETF//DTD HTML 2.0//EN">
<html><head>
<title>403 Forbidden</title>
</head><body>
<h1>Forbidden</h1>
<p>You don't have permission to access this resource.</p>
<hr>
<address>Apache/2.4.52 (Ubuntu) Server at 4.235.86.214 Port 80</address>
</body></html>
2026-08-13T15:55:04Z wrote /tmp/station_status-DOB-1786636504.651.json ok=True
2026-08-13T15:55:04Z upload failed: HTTP 403 <!DOCTYPE HTML PUBLIC "-//IETF//DTD HTML 2.0//EN">
<html><head>
<title>403 Forbidden</title>
</head><body>
<h1>Forbidden</h1>
<p>You don't have permission to access this resource.</p>
<hr>
<address>Apache/2.4.52 (Ubuntu) Server at 4.235.86.214 Port 80</address>
</body></html>
2026-08-13T16:10:05Z wrote /tmp/station_status-DOB-1786637405.187.json ok=True
2026-08-13T16:10:05Z upload failed: HTTP 403 <!DOCTYPE HTML PUBLIC "-//IETF//DTD HTML 2.0//EN">
<html><head>
<title>403 Forbidden</title>
</head><body>
<h1>Forbidden</h1>
<p>You don't have permission to access this resource.</p>
<hr>
<address>Apache/2.4.52 (Ubuntu) Server at 4.235.86.214 Port 80</address>
</body></html>
2026-08-13T16:25:05Z wrote /tmp/station_status-DOB-1786638305.677.json ok=True
2026-08-13T16:25:05Z upload failed: HTTP 403 <!DOCTYPE HTML PUBLIC "-//IETF//DTD HTML 2.0//EN">
<html><head>
<title>403 Forbidden</title>
</head><body>
<h1>Forbidden</h1>
<p>You don't have permission to access this resource.</p>
<hr>
<address>Apache/2.4.52 (Ubuntu) Server at 4.235.86.214 Port 80</address>
</body></html>
2026-08-13T16:40:06Z wrote /tmp/station_status-DOB-1786639206.226.json ok=True
2026-08-13T16:40:06Z upload failed: HTTP 403 <!DOCTYPE HTML PUBLIC "-//IETF//DTD HTML 2.0//EN">
<html><head>
<title>403 Forbidden</title>
</head><body>
<h1>Forbidden</h1>
<p>You don't have permission to access this resource.</p>
<hr>
<address>Apache/2.4.52 (Ubuntu) Server at 4.235.86.214 Port 80</address>
</body></html>
2026-08-13T16:55:06Z wrote /tmp/station_status-DOB-1786640106.759.json ok=True
2026-08-13T16:55:06Z upload failed: HTTP 403 <!DOCTYPE HTML PUBLIC "-//IETF//DTD HTML 2.0//EN">
<html><head>
<title>403 Forbidden</title>
</head><body>
<h1>Forbidden</h1>
<p>You don't have permission to access this resource.</p>
<hr>
<address>Apache/2.4.52 (Ubuntu) Server at 4.235.86.214 Port 80</address>
</body></html>
2026-08-13T17:10:07Z wrote /tmp/station_status-DOB-1786641007.299.json ok=True
2026-08-13T17:10:07Z upload failed: HTTP 403 <!DOCTYPE HTML PUBLIC "-//IETF//DTD HTML 2.0//EN">
<html><head>
<title>403 Forbidden</title>
</head><body>
<h1>Forbidden</h1>
<p>You don't have permission to access this resource.</p>
<hr>
<address>Apache/2.4.52 (Ubuntu) Server at 4.235.86.214 Port 80</address>
</body></html>
2026-08-13T17:25:07Z wrote /tmp/station_status-DOB-1786641907.867.json ok=True
2026-08-13T17:25:07Z upload failed: HTTP 403 <!DOCTYPE HTML PUBLIC "-//IETF//DTD HTML 2.0//EN">
<html><head>
<title>403 Forbidden</title>
</head><body>
<h1>Forbidden</h1>
<p>You don't have permission to access this resource.</p>
<hr>
<address>Apache/2.4.52 (Ubuntu) Server at 4.235.86.214 Port 80</address>
</body></html>
2026-08-13T17:40:08Z wrote /tmp/station_status-DOB-1786642808.395.json ok=True
2026-08-13T17:40:08Z upload failed: HTTP 403 <!DOCTYPE HTML PUBLIC "-//IETF//DTD HTML 2.0//EN">
<html><head>
<title>403 Forbidden</title>
</head><body>
<h1>Forbidden</h1>
<p>You don't have permission to access this resource.</p>
<hr>
<address>Apache/2.4.52 (Ubuntu) Server at 4.235.86.214 Port 80</address>
</body></html>
2026-08-13T17:55:08Z wrote /tmp/station_status-DOB-1786643708.895.json ok=True
2026-08-13T17:55:08Z upload failed: HTTP 403 <!DOCTYPE HTML PUBLIC "-//IETF//DTD HTML 2.0//EN">
<html><head>
<title>403 Forbidden</title>
</head><body>
<h1>Forbidden</h1>
<p>You don't have permission to access this resource.</p>
<hr>
<address>Apache/2.4.52 (Ubuntu) Server at 4.235.86.214 Port 80</address>
</body></html>
2026-08-13T18:10:09Z wrote /tmp/station_status-DOB-1786644609.595.json ok=True
2026-08-13T18:10:09Z upload failed: HTTP 403 <!DOCTYPE HTML PUBLIC "-//IETF//DTD HTML 2.0//EN">
<html><head>
<title>403 Forbidden</title>
</head><body>
<h1>Forbidden</h1>
<p>You don't have permission to access this resource.</p>
<hr>
<address>Apache/2.4.52 (Ubuntu) Server at 4.235.86.214 Port 80</address>
</body></html>
2026-08-13T18:25:10Z wrote /tmp/station_status-DOB-1786645510.075.json ok=True
2026-08-13T18:25:10Z upload failed: HTTP 403 <!DOCTYPE HTML PUBLIC "-//IETF//DTD HTML 2.0//EN">
<html><head>
<title>403 Forbidden</title>
</head><body>
<h1>Forbidden</h1>
<p>You don't have permission to access this resource.</p>
<hr>
<address>Apache/2.4.52 (Ubuntu) Server at 4.235.86.214 Port 80</address>
</body></html>
2026-08-13T18:40:10Z wrote /tmp/station_status-DOB-1786646410.579.json ok=True
2026-08-13T18:40:10Z upload failed: HTTP 403 <!DOCTYPE HTML PUBLIC "-//IETF//DTD HTML 2.0//EN">
<html><head>
<title>403 Forbidden</title>
</head><body>
<h1>Forbidden</h1>
<p>You don't have permission to access this resource.</p>
<hr>
<address>Apache/2.4.52 (Ubuntu) Server at 4.235.86.214 Port 80</address>
</body></html>
2026-08-13T18:55:11Z wrote /tmp/station_status-DOB-1786647311.181.json ok=True
2026-08-13T18:55:11Z upload failed: HTTP 403 <!DOCTYPE HTML PUBLIC "-//IETF//DTD HTML 2.0//EN">
<html><head>
<title>403 Forbidden</title>
</head><body>
<h1>Forbidden</h1>
<p>You don't have permission to access this resource.</p>
<hr>
<address>Apache/2.4.52 (Ubuntu) Server at 4.235.86.214 Port 80</address>
</body></html>
2026-08-13T19:10:11Z wrote /tmp/station_status-DOB-1786648211.670.json ok=True
2026-08-13T19:10:11Z upload failed: HTTP 403 <!DOCTYPE HTML PUBLIC "-//IETF//DTD HTML 2.0//EN">
<html><head>
<title>403 Forbidden</title>
</head><body>
<h1>Forbidden</h1>
<p>You don't have permission to access this resource.</p>
<hr>
<address>Apache/2.4.52 (Ubuntu) Server at 4.235.86.214 Port 80</address>
</body></html>
2026-08-13T19:25:12Z wrote /tmp/station_status-DOB-1786649112.176.json ok=True
2026-08-13T19:25:12Z upload failed: HTTP 403 <!DOCTYPE HTML PUBLIC "-//IETF//DTD HTML 2.0//EN">
<html><head>
<title>403 Forbidden</title>
</head><body>
<h1>Forbidden</h1>
<p>You don't have permission to access this resource.</p>
<hr>
<address>Apache/2.4.52 (Ubuntu) Server at 4.235.86.214 Port 80</address>
</body></html>
2026-08-13T19:40:12Z wrote /tmp/station_status-DOB-1786650012.683.json ok=True
2026-08-13T19:40:12Z upload failed: HTTP 403 <!DOCTYPE HTML PUBLIC "-//IETF//DTD HTML 2.0//EN">
<html><head>
<title>403 Forbidden</title>
</head><body>
<h1>Forbidden</h1>
<p>You don't have permission to access this resource.</p>
<hr>
<address>Apache/2.4.52 (Ubuntu) Server at 4.235.86.214 Port 80</address>
</body></html>
2026-08-13T19:55:13Z wrote /tmp/station_status-DOB-1786650913.235.json ok=True
2026-08-13T19:55:13Z upload failed: HTTP 403 <!DOCTYPE HTML PUBLIC "-//IETF//DTD HTML 2.0//EN">
<html><head>
<title>403 Forbidden</title>
</head><body>
<h1>Forbidden</h1>
<p>You don't have permission to access this resource.</p>
<hr>
<address>Apache/2.4.52 (Ubuntu) Server at 4.235.86.214 Port 80</address>
</body></html>
2026-08-13T20:10:13Z wrote /tmp/station_status-DOB-1786651813.858.json ok=True
2026-08-13T20:10:13Z upload failed: HTTP 403 <!DOCTYPE HTML PUBLIC "-//IETF//DTD HTML 2.0//EN">
<html><head>
<title>403 Forbidden</title>
</head><body>
<h1>Forbidden</h1>
<p>You don't have permission to access this resource.</p>
<hr>
<address>Apache/2.4.52 (Ubuntu) Server at 4.235.86.214 Port 80</address>
</body></html>
2026-08-13T20:25:14Z wrote /tmp/station_status-DOB-1786652714.427.json ok=True
2026-08-13T20:25:14Z upload failed: HTTP 403 <!DOCTYPE HTML PUBLIC "-//IETF//DTD HTML 2.0//EN">
<html><head>
<title>403 Forbidden</title>
</head><body>
<h1>Forbidden</h1>
<p>You don't have permission to access this resource.</p>
<hr>
<address>Apache/2.4.52 (Ubuntu) Server at 4.235.86.214 Port 80</address>
</body></html>
2026-08-13T20:40:14Z wrote /tmp/station_status-DOB-1786653614.886.json ok=True
2026-08-13T20:40:14Z upload failed: HTTP 403 <!DOCTYPE HTML PUBLIC "-//IETF//DTD HTML 2.0//EN">
<html><head>
<title>403 Forbidden</title>
</head><body>
<h1>Forbidden</h1>
<p>You don't have permission to access this resource.</p>
<hr>
<address>Apache/2.4.52 (Ubuntu) Server at 4.235.86.214 Port 80</address>
</body></html>
2026-08-13T20:55:15Z wrote /tmp/station_status-DOB-1786654515.343.json ok=True
2026-08-13T20:55:15Z upload failed: HTTP 403 <!DOCTYPE HTML PUBLIC "-//IETF//DTD HTML 2.0//EN">
<html><head>
<title>403 Forbidden</title>
</head><body>
<h1>Forbidden</h1>
<p>You don't have permission to access this resource.</p>
<hr>
<address>Apache/2.4.52 (Ubuntu) Server at 4.235.86.214 Port 80</address>
</body></html>
2026-08-13T21:10:15Z wrote /tmp/station_status-DOB-1786655415.843.json ok=True
2026-08-13T21:10:15Z upload failed: HTTP 403 <!DOCTYPE HTML PUBLIC "-//IETF//DTD HTML 2.0//EN">
<html><head>
<title>403 Forbidden</title>
</head><body>
<h1>Forbidden</h1>
<p>You don't have permission to access this resource.</p>
<hr>
<address>Apache/2.4.52 (Ubuntu) Server at 4.235.86.214 Port 80</address>
</body></html>
2026-08-13T21:25:16Z wrote /tmp/station_status-DOB-1786656316.331.json ok=True
2026-08-13T21:25:16Z upload failed: HTTP 403 <!DOCTYPE HTML PUBLIC "-//IETF//DTD HTML 2.0//EN">
<html><head>
<title>403 Forbidden</title>
</head><body>
<h1>Forbidden</h1>
<p>You don't have permission to access this resource.</p>
<hr>
<address>Apache/2.4.52 (Ubuntu) Server at 4.235.86.214 Port 80</address>
</body></html>
2026-08-13T21:40:16Z wrote /tmp/station_status-DOB-1786657216.931.json ok=True
2026-08-13T21:40:16Z upload failed: HTTP 403 <!DOCTYPE HTML PUBLIC "-//IETF//DTD HTML 2.0//EN">
<html><head>
<title>403 Forbidden</title>
</head><body>
<h1>Forbidden</h1>
<p>You don't have permission to access this resource.</p>
<hr>
<address>Apache/2.4.52 (Ubuntu) Server at 4.235.86.214 Port 80</address>
</body></html>
2026-08-13T21:55:17Z wrote /tmp/station_status-DOB-1786658117.463.json ok=True
2026-08-13T21:55:17Z upload failed: HTTP 403 <!DOCTYPE HTML PUBLIC "-//IETF//DTD HTML 2.0//EN">
<html><head>
<title>403 Forbidden</title>
</head><body>
<h1>Forbidden</h1>
<p>You don't have permission to access this resource.</p>
<hr>
<address>Apache/2.4.52 (Ubuntu) Server at 4.235.86.214 Port 80</address>
</body></html>
2026-08-13T22:10:17Z wrote /tmp/station_status-DOB-1786659017.939.json ok=True
2026-08-13T22:10:17Z upload failed: HTTP 403 <!DOCTYPE HTML PUBLIC "-//IETF//DTD HTML 2.0//EN">
<html><head>
<title>403 Forbidden</title>
</head><body>
<h1>Forbidden</h1>
<p>You don't have permission to access this resource.</p>
<hr>
<address>Apache/2.4.52 (Ubuntu) Server at 4.235.86.214 Port 80</address>
</body></html>
2026-08-13T22:25:18Z wrote /tmp/station_status-DOB-1786659918.505.json ok=True
2026-08-13T22:25:18Z upload failed: HTTP 403 <!DOCTYPE HTML PUBLIC "-//IETF//DTD HTML 2.0//EN">
<html><head>
<title>403 Forbidden</title>
</head><body>
<h1>Forbidden</h1>
<p>You don't have permission to access this resource.</p>
<hr>
<address>Apache/2.4.52 (Ubuntu) Server at 4.235.86.214 Port 80</address>
</body></html>
2026-08-13T22:40:19Z wrote /tmp/station_status-DOB-1786660819.103.json ok=True
2026-08-13T22:40:19Z upload failed: HTTP 403 <!DOCTYPE HTML PUBLIC "-//IETF//DTD HTML 2.0//EN">
<html><head>
<title>403 Forbidden</title>
</head><body>
<h1>Forbidden</h1>
<p>You don't have permission to access this resource.</p>
<hr>
<address>Apache/2.4.52 (Ubuntu) Server at 4.235.86.214 Port 80</address>
</body></html>
2026-08-13T22:55:19Z wrote /tmp/station_status-DOB-1786661719.687.json ok=True
2026-08-13T22:55:19Z upload failed: HTTP 403 <!DOCTYPE HTML PUBLIC "-//IETF//DTD HTML 2.0//EN">
<html><head>
<title>403 Forbidden</title>
</head><body>
<h1>Forbidden</h1>
<p>You don't have permission to access this resource.</p>
<hr>
<address>Apache/2.4.52 (Ubuntu) Server at 4.235.86.214 Port 80</address>
</body></html>
2026-08-13T23:10:20Z wrote /tmp/station_status-DOB-1786662620.146.json ok=True
2026-08-13T23:10:20Z upload failed: HTTP 403 <!DOCTYPE HTML PUBLIC "-//IETF//DTD HTML 2.0//EN">
<html><head>
<title>403 Forbidden</title>
</head><body>
<h1>Forbidden</h1>
<p>You don't have permission to access this resource.</p>
<hr>
<address>Apache/2.4.52 (Ubuntu) Server at 4.235.86.214 Port 80</address>
</body></html>
2026-08-13T23:25:20Z wrote /tmp/station_status-DOB-1786663520.638.json ok=True
2026-08-13T23:25:20Z upload failed: HTTP 403 <!DOCTYPE HTML PUBLIC "-//IETF//DTD HTML 2.0//EN">
<html><head>
<title>403 Forbidden</title>
</head><body>
<h1>Forbidden</h1>
<p>You don't have permission to access this resource.</p>
<hr>
<address>Apache/2.4.52 (Ubuntu) Server at 4.235.86.214 Port 80</address>
</body></html>
2026-08-13T23:40:21Z wrote /tmp/station_status-DOB-1786664421.067.json ok=True
2026-08-13T23:40:21Z upload failed: HTTP 403 <!DOCTYPE HTML PUBLIC "-//IETF//DTD HTML 2.0//EN">
<html><head>
<title>403 Forbidden</title>
</head><body>
<h1>Forbidden</h1>
<p>You don't have permission to access this resource.</p>
<hr>
<address>Apache/2.4.52 (Ubuntu) Server at 4.235.86.214 Port 80</address>
</body></html>
2026-08-13T23:55:21Z wrote /tmp/station_status-DOB-1786665321.499.json ok=True
2026-08-13T23:55:21Z upload failed: HTTP 403 <!DOCTYPE HTML PUBLIC "-//IETF//DTD HTML 2.0//EN">
<html><head>
<title>403 Forbidden</title>
</head><body>
<h1>Forbidden</h1>
<p>You don't have permission to access this resource.</p>
<hr>
<address>Apache/2.4.52 (Ubuntu) Server at 4.235.86.214 Port 80</address>
</body></html>
2026-08-14T00:10:21Z wrote /tmp/station_status-DOB-1786666221.899.json ok=True
2026-08-14T00:10:21Z upload failed: HTTP 403 <!DOCTYPE HTML PUBLIC "-//IETF//DTD HTML 2.0//EN">
<html><head>
<title>403 Forbidden</title>
</head><body>
<h1>Forbidden</h1>
<p>You don't have permission to access this resource.</p>
<hr>
<address>Apache/2.4.52 (Ubuntu) Server at 4.235.86.214 Port 80</address>
</body></html>
2026-08-14T00:25:22Z wrote /tmp/station_status-DOB-1786667122.459.json ok=True
2026-08-14T00:25:22Z upload failed: HTTP 403 <!DOCTYPE HTML PUBLIC "-//IETF//DTD HTML 2.0//EN">
<html><head>
<title>403 Forbidden</title>
</head><body>
<h1>Forbidden</h1>
<p>You don't have permission to access this resource.</p>
<hr>
<address>Apache/2.4.52 (Ubuntu) Server at 4.235.86.214 Port 80</address>
</body></html>
2026-08-14T00:40:22Z wrote /tmp/station_status-DOB-1786668022.963.json ok=True
2026-08-14T00:40:22Z upload failed: HTTP 403 <!DOCTYPE HTML PUBLIC "-//IETF//DTD HTML 2.0//EN">
<html><head>
<title>403 Forbidden</title>
</head><body>
<h1>Forbidden</h1>
<p>You don't have permission to access this resource.</p>
<hr>
<address>Apache/2.4.52 (Ubuntu) Server at 4.235.86.214 Port 80</address>
</body></html>
2026-08-14T00:55:23Z wrote /tmp/station_status-DOB-1786668923.719.json ok=True
2026-08-14T00:55:23Z upload failed: HTTP 403 <!DOCTYPE HTML PUBLIC "-//IETF//DTD HTML 2.0//EN">
<html><head>
<title>403 Forbidden</title>
</head><body>
<h1>Forbidden</h1>
<p>You don't have permission to access this resource.</p>
<hr>
<address>Apache/2.4.52 (Ubuntu) Server at 4.235.86.214 Port 80</address>
</body></html>
2026-08-14T01:10:24Z wrote /tmp/station_status-DOB-1786669824.320.json ok=True
2026-08-14T01:10:24Z upload failed: HTTP 403 <!DOCTYPE HTML PUBLIC "-//IETF//DTD HTML 2.0//EN">
<html><head>
<title>403 Forbidden</title>
</head><body>
<h1>Forbidden</h1>
<p>You don't have permission to access this resource.</p>
<hr>
<address>Apache/2.4.52 (Ubuntu) Server at 4.235.86.214 Port 80</address>
</body></html>
2026-08-14T01:25:24Z wrote /tmp/station_status-DOB-1786670724.839.json ok=True
2026-08-14T01:25:24Z upload failed: HTTP 403 <!DOCTYPE HTML PUBLIC "-//IETF//DTD HTML 2.0//EN">
<html><head>
<title>403 Forbidden</title>
</head><body>
<h1>Forbidden</h1>
<p>You don't have permission to access this resource.</p>
<hr>
<address>Apache/2.4.52 (Ubuntu) Server at 4.235.86.214 Port 80</address>
</body></html>
2026-08-14T01:40:25Z wrote /tmp/station_status-DOB-1786671625.575.json ok=True
2026-08-14T01:40:25Z upload failed: HTTP 403 <!DOCTYPE HTML PUBLIC "-//IETF//DTD HTML 2.0//EN">
<html><head>
<title>403 Forbidden</title>
</head><body>
<h1>Forbidden</h1>
<p>You don't have permission to access this resource.</p>
<hr>
<address>Apache/2.4.52 (Ubuntu) Server at 4.235.86.214 Port 80</address>
</body></html>
2026-08-14T01:55:26Z wrote /tmp/station_status-DOB-1786672526.034.json ok=True
2026-08-14T01:55:26Z upload failed: HTTP 403 <!DOCTYPE HTML PUBLIC "-//IETF//DTD HTML 2.0//EN">
<html><head>
<title>403 Forbidden</title>
</head><body>
<h1>Forbidden</h1>
<p>You don't have permission to access this resource.</p>
<hr>
<address>Apache/2.4.52 (Ubuntu) Server at 4.235.86.214 Port 80</address>
</body></html>
2026-08-14T02:10:26Z wrote /tmp/station_status-DOB-1786673426.520.json ok=True
2026-08-14T02:10:26Z upload failed: HTTP 403 <!DOCTYPE HTML PUBLIC "-//IETF//DTD HTML 2.0//EN">
<html><head>
<title>403 Forbidden</title>
</head><body>
<h1>Forbidden</h1>
<p>You don't have permission to access this resource.</p>
<hr>
<address>Apache/2.4.52 (Ubuntu) Server at 4.235.86.214 Port 80</address>
</body></html>
2026-08-14T02:25:27Z wrote /tmp/station_status-DOB-1786674327.015.json ok=True
2026-08-14T02:25:27Z upload failed: HTTP 403 <!DOCTYPE HTML PUBLIC "-//IETF//DTD HTML 2.0//EN">
<html><head>
<title>403 Forbidden</title>
</head><body>
<h1>Forbidden</h1>
<p>You don't have permission to access this resource.</p>
<hr>
<address>Apache/2.4.52 (Ubuntu) Server at 4.235.86.214 Port 80</address>
</body></html>
2026-08-14T02:40:27Z wrote /tmp/station_status-DOB-1786675227.579.json ok=True
2026-08-14T02:40:27Z upload failed: HTTP 403 <!DOCTYPE HTML PUBLIC "-//IETF//DTD HTML 2.0//EN">
<html><head>
<title>403 Forbidden</title>
</head><body>
<h1>Forbidden</h1>
<p>You don't have permission to access this resource.</p>
<hr>
<address>Apache/2.4.52 (Ubuntu) Server at 4.235.86.214 Port 80</address>
</body></html>
2026-08-14T02:55:28Z wrote /tmp/station_status-DOB-1786676128.107.json ok=True
2026-08-14T02:55:28Z upload failed: HTTP 403 <!DOCTYPE HTML PUBLIC "-//IETF//DTD HTML 2.0//EN">
<html><head>
<title>403 Forbidden</title>
</head><body>
<h1>Forbidden</h1>
<p>You don't have permission to access this resource.</p>
<hr>
<address>Apache/2.4.52 (Ubuntu) Server at 4.235.86.214 Port 80</address>
</body></html>
2026-08-14T03:10:28Z wrote /tmp/station_status-DOB-1786677028.515.json ok=True
2026-08-14T03:10:28Z upload failed: HTTP 403 <!DOCTYPE HTML PUBLIC "-//IETF//DTD HTML 2.0//EN">
<html><head>
<title>403 Forbidden</title>
</head><body>
<h1>Forbidden</h1>
<p>You don't have permission to access this resource.</p>
<hr>
<address>Apache/2.4.52 (Ubuntu) Server at 4.235.86.214 Port 80</address>
</body></html>
2026-08-14T03:25:28Z wrote /tmp/station_status-DOB-1786677928.991.json ok=True
2026-08-14T03:25:28Z upload failed: HTTP 403 <!DOCTYPE HTML PUBLIC "-//IETF//DTD HTML 2.0//EN">
<html><head>
<title>403 Forbidden</title>
</head><body>
<h1>Forbidden</h1>
<p>You don't have permission to access this resource.</p>
<hr>
<address>Apache/2.4.52 (Ubuntu) Server at 4.235.86.214 Port 80</address>
</body></html>
2026-08-14T03:40:29Z wrote /tmp/station_status-DOB-1786678829.475.json ok=True
2026-08-14T03:40:29Z upload failed: HTTP 403 <!DOCTYPE HTML PUBLIC "-//IETF//DTD HTML 2.0//EN">
<html><head>
<title>403 Forbidden</title>
</head><body>
<h1>Forbidden</h1>
<p>You don't have permission to access this resource.</p>
<hr>
<address>Apache/2.4.52 (Ubuntu) Server at 4.235.86.214 Port 80</address>
</body></html>
2026-08-14T03:55:29Z wrote /tmp/station_status-DOB-1786679729.915.json ok=True
2026-08-14T03:55:29Z upload failed: HTTP 403 <!DOCTYPE HTML PUBLIC "-//IETF//DTD HTML 2.0//EN">
<html><head>
<title>403 Forbidden</title>
</head><body>
<h1>Forbidden</h1>
<p>You don't have permission to access this resource.</p>
<hr>
<address>Apache/2.4.52 (Ubuntu) Server at 4.235.86.214 Port 80</address>
</body></html>
2026-08-14T04:10:30Z wrote /tmp/station_status-DOB-1786680630.635.json ok=True
2026-08-14T04:10:30Z upload failed: HTTP 403 <!DOCTYPE HTML PUBLIC "-//IETF//DTD HTML 2.0//EN">
<html><head>
<title>403 Forbidden</title>
</head><body>
<h1>Forbidden</h1>
<p>You don't have permission to access this resource.</p>
<hr>
<address>Apache/2.4.52 (Ubuntu) Server at 4.235.86.214 Port 80</address>
</body></html>
2026-08-14T04:25:31Z wrote /tmp/station_status-DOB-1786681531.251.json ok=True
2026-08-14T04:25:31Z upload failed: HTTP 403 <!DOCTYPE HTML PUBLIC "-//IETF//DTD HTML 2.0//EN">
<html><head>
<title>403 Forbidden</title>
</head><body>
<h1>Forbidden</h1>
<p>You don't have permission to access this resource.</p>
<hr>
<address>Apache/2.4.52 (Ubuntu) Server at 4.235.86.214 Port 80</address>
</body></html>
2026-08-14T04:40:31Z wrote /tmp/station_status-DOB-1786682431.654.json ok=True
2026-08-14T04:40:31Z upload failed: HTTP 403 <!DOCTYPE HTML PUBLIC "-//IETF//DTD HTML 2.0//EN">
<html><head>
<title>403 Forbidden</title>
</head><body>
<h1>Forbidden</h1>
<p>You don't have permission to access this resource.</p>
<hr>
<address>Apache/2.4.52 (Ubuntu) Server at 4.235.86.214 Port 80</address>
</body></html>
2026-08-14T04:55:32Z wrote /tmp/station_status-DOB-1786683332.110.json ok=True
2026-08-14T04:55:32Z upload failed: HTTP 403 <!DOCTYPE HTML PUBLIC "-//IETF//DTD HTML 2.0//EN">
<html><head>
<title>403 Forbidden</title>
</head><body>
<h1>Forbidden</h1>
<p>You don't have permission to access this resource.</p>
<hr>
<address>Apache/2.4.52 (Ubuntu) Server at 4.235.86.214 Port 80</address>
</body></html>
2026-08-14T05:10:32Z wrote /tmp/station_status-DOB-1786684232.579.json ok=True
2026-08-14T05:10:32Z upload failed: HTTP 403 <!DOCTYPE HTML PUBLIC "-//IETF//DTD HTML 2.0//EN">
<html><head>
<title>403 Forbidden</title>
</head><body>
<h1>Forbidden</h1>
<p>You don't have permission to access this resource.</p>
<hr>
<address>Apache/2.4.52 (Ubuntu) Server at 4.235.86.214 Port 80</address>
</body></html>
2026-08-14T05:25:33Z wrote /tmp/station_status-DOB-1786685133.055.json ok=True
2026-08-14T05:25:33Z upload failed: HTTP 403 <!DOCTYPE HTML PUBLIC "-//IETF//DTD HTML 2.0//EN">
<html><head>
<title>403 Forbidden</title>
</head><body>
<h1>Forbidden</h1>
<p>You don't have permission to access this resource.</p>
<hr>
<address>Apache/2.4.52 (Ubuntu) Server at 4.235.86.214 Port 80</address>
</body></html>
2026-08-14T05:40:33Z wrote /tmp/station_status-DOB-1786686033.495.json ok=True
2026-08-14T05:40:33Z upload failed: HTTP 403 <!DOCTYPE HTML PUBLIC "-//IETF//DTD HTML 2.0//EN">
<html><head>
<title>403 Forbidden</title>
</head><body>
<h1>Forbidden</h1>
<p>You don't have permission to access this resource.</p>
<hr>
<address>Apache/2.4.52 (Ubuntu) Server at 4.235.86.214 Port 80</address>
</body></html>
2026-08-14T05:55:33Z wrote /tmp/station_status-DOB-1786686933.935.json ok=True
2026-08-14T05:55:33Z upload failed: HTTP 403 <!DOCTYPE HTML PUBLIC "-//IETF//DTD HTML 2.0//EN">
<html><head>
<title>403 Forbidden</title>
</head><body>
<h1>Forbidden</h1>
<p>You don't have permission to access this resource.</p>
<hr>
<address>Apache/2.4.52 (Ubuntu) Server at 4.235.86.214 Port 80</address>
</body></html>
2026-08-14T06:10:34Z wrote /tmp/station_status-DOB-1786687834.349.json ok=True
2026-08-14T06:10:34Z upload failed: HTTP 403 <!DOCTYPE HTML PUBLIC "-//IETF//DTD HTML 2.0//EN">
<html><head>
<title>403 Forbidden</title>
</head><body>
<h1>Forbidden</h1>
<p>You don't have permission to access this resource.</p>
<hr>
<address>Apache/2.4.52 (Ubuntu) Server at 4.235.86.214 Port 80</address>
</body></html>
2026-08-14T06:25:34Z wrote /tmp/station_status-DOB-1786688734.875.json ok=True
2026-08-14T06:25:34Z upload failed: HTTP 403 <!DOCTYPE HTML PUBLIC "-//IETF//DTD HTML 2.0//EN">
<html><head>
<title>403 Forbidden</title>
</head><body>
<h1>Forbidden</h1>
<p>You don't have permission to access this resource.</p>
<hr>
<address>Apache/2.4.52 (Ubuntu) Server at 4.235.86.214 Port 80</address>
</body></html>
2026-08-14T06:40:35Z wrote /tmp/station_status-DOB-1786689635.339.json ok=True
2026-08-14T06:40:35Z upload failed: HTTP 403 <!DOCTYPE HTML PUBLIC "-//IETF//DTD HTML 2.0//EN">
<html><head>
<title>403 Forbidden</title>
</head><body>
<h1>Forbidden</h1>
<p>You don't have permission to access this resource.</p>
<hr>
<address>Apache/2.4.52 (Ubuntu) Server at 4.235.86.214 Port 80</address>
</body></html>
2026-08-14T06:55:35Z wrote /tmp/station_status-DOB-1786690535.807.json ok=True
2026-08-14T06:55:35Z upload failed: HTTP 403 <!DOCTYPE HTML PUBLIC "-//IETF//DTD HTML 2.0//EN">
<html><head>
<title>403 Forbidden</title>
</head><body>
<h1>Forbidden</h1>
<p>You don't have permission to access this resource.</p>
<hr>
<address>Apache/2.4.52 (Ubuntu) Server at 4.235.86.214 Port 80</address>
</body></html>
2026-08-14T07:10:36Z wrote /tmp/station_status-DOB-1786691436.275.json ok=True
2026-08-14T07:10:36Z upload failed: HTTP 403 <!DOCTYPE HTML PUBLIC "-//IETF//DTD HTML 2.0//EN">
<html><head>
<title>403 Forbidden</title>
</head><body>
<h1>Forbidden</h1>
<p>You don't have permission to access this resource.</p>
<hr>
<address>Apache/2.4.52 (Ubuntu) Server at 4.235.86.214 Port 80</address>
</body></html>
2026-08-14T07:25:36Z wrote /tmp/station_status-DOB-1786692336.709.json ok=True
2026-08-14T07:25:36Z upload failed: HTTP 403 <!DOCTYPE HTML PUBLIC "-//IETF//DTD HTML 2.0//EN">
<html><head>
<title>403 Forbidden</title>
</head><body>
<h1>Forbidden</h1>
<p>You don't have permission to access this resource.</p>
<hr>
<address>Apache/2.4.52 (Ubuntu) Server at 4.235.86.214 Port 80</address>
</body></html>
2026-08-14T07:40:37Z wrote /tmp/station_status-DOB-1786693237.171.json ok=True
2026-08-14T07:40:37Z upload failed: HTTP 403 <!DOCTYPE HTML PUBLIC "-//IETF//DTD HTML 2.0//EN">
<html><head>
<title>403 Forbidden</title>
</head><body>
<h1>Forbidden</h1>
<p>You don't have permission to access this resource.</p>
<hr>
<address>Apache/2.4.52 (Ubuntu) Server at 4.235.86.214 Port 80</address>
</body></html>
2026-08-14T07:55:37Z wrote /tmp/station_status-DOB-1786694137.528.json ok=True
2026-08-14T07:55:37Z upload failed: HTTP 403 <!DOCTYPE HTML PUBLIC "-//IETF//DTD HTML 2.0//EN">
<html><head>
<title>403 Forbidden</title>
</head><body>
<h1>Forbidden</h1>
<p>You don't have permission to access this resource.</p>
<hr>
<address>Apache/2.4.52 (Ubuntu) Server at 4.235.86.214 Port 80</address>
</body></html>
2026-08-14T08:10:37Z wrote /tmp/station_status-DOB-1786695037.995.json ok=True
2026-08-14T08:10:37Z upload failed: HTTP 403 <!DOCTYPE HTML PUBLIC "-//IETF//DTD HTML 2.0//EN">
<html><head>
<title>403 Forbidden</title>
</head><body>
<h1>Forbidden</h1>
<p>You don't have permission to access this resource.</p>
<hr>
<address>Apache/2.4.52 (Ubuntu) Server at 4.235.86.214 Port 80</address>
</body></html>
2026-08-14T08:25:38Z wrote /tmp/station_status-DOB-1786695938.499.json ok=True
2026-08-14T08:25:38Z upload failed: HTTP 403 <!DOCTYPE HTML PUBLIC "-//IETF//DTD HTML 2.0//EN">
<html><head>
<title>403 Forbidden</title>
</head><body>
<h1>Forbidden</h1>
<p>You don't have permission to access this resource.</p>
<hr>
<address>Apache/2.4.52 (Ubuntu) Server at 4.235.86.214 Port 80</address>
</body></html>
2026-08-14T08:40:38Z wrote /tmp/station_status-DOB-1786696838.912.json ok=True
2026-08-14T08:40:38Z upload failed: HTTP 403 <!DOCTYPE HTML PUBLIC "-//IETF//DTD HTML 2.0//EN">
<html><head>
<title>403 Forbidden</title>
</head><body>
<h1>Forbidden</h1>
<p>You don't have permission to access this resource.</p>
<hr>
<address>Apache/2.4.52 (Ubuntu) Server at 4.235.86.214 Port 80</address>
</body></html>
2026-08-14T08:55:39Z wrote /tmp/station_status-DOB-1786697739.351.json ok=True
2026-08-14T08:55:39Z upload failed: HTTP 403 <!DOCTYPE HTML PUBLIC "-//IETF//DTD HTML 2.0//EN">
<html><head>
<title>403 Forbidden</title>
</head><body>
<h1>Forbidden</h1>
<p>You don't have permission to access this resource.</p>
<hr>
<address>Apache/2.4.52 (Ubuntu) Server at 4.235.86.214 Port 80</address>
</body></html>
2026-08-14T09:10:39Z wrote /tmp/station_status-DOB-1786698639.848.json ok=True
2026-08-14T09:10:39Z upload failed: HTTP 403 <!DOCTYPE HTML PUBLIC "-//IETF//DTD HTML 2.0//EN">
<html><head>
<title>403 Forbidden</title>
</head><body>
<h1>Forbidden</h1>
<p>You don't have permission to access this resource.</p>
<hr>
<address>Apache/2.4.52 (Ubuntu) Server at 4.235.86.214 Port 80</address>
</body></html>
2026-08-14T09:25:40Z wrote /tmp/station_status-DOB-1786699540.275.json ok=True
2026-08-14T09:25:40Z upload failed: HTTP 403 <!DOCTYPE HTML PUBLIC "-//IETF//DTD HTML 2.0//EN">
<html><head>
<title>403 Forbidden</title>
</head><body>
<h1>Forbidden</h1>
<p>You don't have permission to access this resource.</p>
<hr>
<address>Apache/2.4.52 (Ubuntu) Server at 4.235.86.214 Port 80</address>
</body></html>
2026-08-14T09:40:40Z wrote /tmp/station_status-DOB-1786700440.791.json ok=True
2026-08-14T09:40:40Z upload failed: HTTP 403 <!DOCTYPE HTML PUBLIC "-//IETF//DTD HTML 2.0//EN">
<html><head>
<title>403 Forbidden</title>
</head><body>
<h1>Forbidden</h1>
<p>You don't have permission to access this resource.</p>
<hr>
<address>Apache/2.4.52 (Ubuntu) Server at 4.235.86.214 Port 80</address>
</body></html>
2026-08-14T09:55:41Z wrote /tmp/station_status-DOB-1786701341.275.json ok=True
2026-08-14T09:55:41Z upload failed: HTTP 403 <!DOCTYPE HTML PUBLIC "-//IETF//DTD HTML 2.0//EN">
<html><head>
<title>403 Forbidden</title>
</head><body>
<h1>Forbidden</h1>
<p>You don't have permission to access this resource.</p>
<hr>
<address>Apache/2.4.52 (Ubuntu) Server at 4.235.86.214 Port 80</address>
</body></html>
2026-08-14T10:10:41Z wrote /tmp/station_status-DOB-1786702241.739.json ok=True
2026-08-14T10:10:41Z upload failed: HTTP 403 <!DOCTYPE HTML PUBLIC "-//IETF//DTD HTML 2.0//EN">
<html><head>
<title>403 Forbidden</title>
</head><body>
<h1>Forbidden</h1>
<p>You don't have permission to access this resource.</p>
<hr>
<address>Apache/2.4.52 (Ubuntu) Server at 4.235.86.214 Port 80</address>
</body></html>
2026-08-14T10:25:42Z wrote /tmp/station_status-DOB-1786703142.427.json ok=True
2026-08-14T10:25:42Z upload failed: HTTP 403 <!DOCTYPE HTML PUBLIC "-//IETF//DTD HTML 2.0//EN">
<html><head>
<title>403 Forbidden</title>
</head><body>
<h1>Forbidden</h1>
<p>You don't have permission to access this resource.</p>
<hr>
<address>Apache/2.4.52 (Ubuntu) Server at 4.235.86.214 Port 80</address>
</body></html>
2026-08-14T10:40:42Z wrote /tmp/station_status-DOB-1786704042.906.json ok=True
2026-08-14T10:40:42Z upload failed: HTTP 403 <!DOCTYPE HTML PUBLIC "-//IETF//DTD HTML 2.0//EN">
<html><head>
<title>403 Forbidden</title>
</head><body>
<h1>Forbidden</h1>
<p>You don't have permission to access this resource.</p>
<hr>
<address>Apache/2.4.52 (Ubuntu) Server at 4.235.86.214 Port 80</address>
</body></html>
2026-08-14T10:55:43Z wrote /tmp/station_status-DOB-1786704943.379.json ok=True
2026-08-14T10:55:43Z upload failed: HTTP 403 <!DOCTYPE HTML PUBLIC "-//IETF//DTD HTML 2.0//EN">
<html><head>
<title>403 Forbidden</title>
</head><body>
<h1>Forbidden</h1>
<p>You don't have permission to access this resource.</p>
<hr>
<address>Apache/2.4.52 (Ubuntu) Server at 4.235.86.214 Port 80</address>
</body></html>
2026-08-14T11:10:44Z wrote /tmp/station_status-DOB-1786705844.079.json ok=True
2026-08-14T11:10:44Z upload failed: HTTP 403 <!DOCTYPE HTML PUBLIC "-//IETF//DTD HTML 2.0//EN">
<html><head>
<title>403 Forbidden</title>
</head><body>
<h1>Forbidden</h1>
<p>You don't have permission to access this resource.</p>
<hr>
<address>Apache/2.4.52 (Ubuntu) Server at 4.235.86.214 Port 80</address>
</body></html>
2026-08-14T11:25:44Z wrote /tmp/station_status-DOB-1786706744.567.json ok=True
2026-08-14T11:25:44Z upload failed: HTTP 403 <!DOCTYPE HTML PUBLIC "-//IETF//DTD HTML 2.0//EN">
<html><head>
<title>403 Forbidden</title>
</head><body>
<h1>Forbidden</h1>
<p>You don't have permission to access this resource.</p>
<hr>
<address>Apache/2.4.52 (Ubuntu) Server at 4.235.86.214 Port 80</address>
</body></html>
2026-08-14T11:40:45Z wrote /tmp/station_status-DOB-1786707645.055.json ok=True
2026-08-14T11:40:45Z upload failed: HTTP 403 <!DOCTYPE HTML PUBLIC "-//IETF//DTD HTML 2.0//EN">
<html><head>
<title>403 Forbidden</title>
</head><body>
<h1>Forbidden</h1>
<p>You don't have permission to access this resource.</p>
<hr>
<address>Apache/2.4.52 (Ubuntu) Server at 4.235.86.214 Port 80</address>
</body></html>
2026-08-14T11:55:45Z wrote /tmp/station_status-DOB-1786708545.731.json ok=True
2026-08-14T11:55:45Z upload failed: HTTP 403 <!DOCTYPE HTML PUBLIC "-//IETF//DTD HTML 2.0//EN">
<html><head>
<title>403 Forbidden</title>
</head><body>
<h1>Forbidden</h1>
<p>You don't have permission to access this resource.</p>
<hr>
<address>Apache/2.4.52 (Ubuntu) Server at 4.235.86.214 Port 80</address>
</body></html>
2026-08-14T12:10:46Z wrote /tmp/station_status-DOB-1786709446.183.json ok=True
2026-08-14T12:10:46Z upload failed: HTTP 403 <!DOCTYPE HTML PUBLIC "-//IETF//DTD HTML 2.0//EN">
<html><head>
<title>403 Forbidden</title>
</head><body>
<h1>Forbidden</h1>
<p>You don't have permission to access this resource.</p>
<hr>
<address>Apache/2.4.52 (Ubuntu) Server at 4.235.86.214 Port 80</address>
</body></html>
2026-08-14T12:25:46Z wrote /tmp/station_status-DOB-1786710346.729.json ok=True
2026-08-14T12:25:46Z upload failed: HTTP 403 <!DOCTYPE HTML PUBLIC "-//IETF//DTD HTML 2.0//EN">
<html><head>
<title>403 Forbidden</title>
</head><body>
<h1>Forbidden</h1>
<p>You don't have permission to access this resource.</p>
<hr>
<address>Apache/2.4.52 (Ubuntu) Server at 4.235.86.214 Port 80</address>
</body></html>
2026-08-14T12:40:47Z wrote /tmp/station_status-DOB-1786711247.201.json ok=True
2026-08-14T12:40:47Z upload failed: HTTP 403 <!DOCTYPE HTML PUBLIC "-//IETF//DTD HTML 2.0//EN">
<html><head>
<title>403 Forbidden</title>
</head><body>
<h1>Forbidden</h1>
<p>You don't have permission to access this resource.</p>
<hr>
<address>Apache/2.4.52 (Ubuntu) Server at 4.235.86.214 Port 80</address>
</body></html>
2026-08-14T12:55:47Z wrote /tmp/station_status-DOB-1786712147.648.json ok=True
2026-08-14T12:55:47Z upload failed: HTTP 403 <!DOCTYPE HTML PUBLIC "-//IETF//DTD HTML 2.0//EN">
<html><head>
<title>403 Forbidden</title>
</head><body>
<h1>Forbidden</h1>
<p>You don't have permission to access this resource.</p>
<hr>
<address>Apache/2.4.52 (Ubuntu) Server at 4.235.86.214 Port 80</address>
</body></html>
2026-08-14T13:10:48Z wrote /tmp/station_status-DOB-1786713048.115.json ok=True
2026-08-14T13:10:48Z upload failed: HTTP 403 <!DOCTYPE HTML PUBLIC "-//IETF//DTD HTML 2.0//EN">
<html><head>
<title>403 Forbidden</title>
</head><body>
<h1>Forbidden</h1>
<p>You don't have permission to access this resource.</p>
<hr>
<address>Apache/2.4.52 (Ubuntu) Server at 4.235.86.214 Port 80</address>
</body></html>
2026-08-14T13:25:48Z wrote /tmp/station_status-DOB-1786713948.575.json ok=True
2026-08-14T13:25:48Z upload failed: HTTP 403 <!DOCTYPE HTML PUBLIC "-//IETF//DTD HTML 2.0//EN">
<html><head>
<title>403 Forbidden</title>
</head><body>
<h1>Forbidden</h1>
<p>You don't have permission to access this resource.</p>
<hr>
<address>Apache/2.4.52 (Ubuntu) Server at 4.235.86.214 Port 80</address>
</body></html>
2026-08-14T13:40:49Z wrote /tmp/station_status-DOB-1786714849.067.json ok=True
2026-08-14T13:40:49Z upload failed: HTTP 403 <!DOCTYPE HTML PUBLIC "-//IETF//DTD HTML 2.0//EN">
<html><head>
<title>403 Forbidden</title>
</head><body>
<h1>Forbidden</h1>
<p>You don't have permission to access this resource.</p>
<hr>
<address>Apache/2.4.52 (Ubuntu) Server at 4.235.86.214 Port 80</address>
</body></html>
2026-08-14T13:55:49Z wrote /tmp/station_status-DOB-1786715749.503.json ok=True
2026-08-14T13:55:49Z upload failed: HTTP 403 <!DOCTYPE HTML PUBLIC "-//IETF//DTD HTML 2.0//EN">
<html><head>
<title>403 Forbidden</title>
</head><body>
<h1>Forbidden</h1>
<p>You don't have permission to access this resource.</p>
<hr>
<address>Apache/2.4.52 (Ubuntu) Server at 4.235.86.214 Port 80</address>
</body></html>
2026-08-14T14:10:50Z wrote /tmp/station_status-DOB-1786716650.343.json ok=True
2026-08-14T14:10:50Z upload failed: HTTP 403 <!DOCTYPE HTML PUBLIC "-//IETF//DTD HTML 2.0//EN">
<html><head>
<title>403 Forbidden</title>
</head><body>
<h1>Forbidden</h1>
<p>You don't have permission to access this resource.</p>
<hr>
<address>Apache/2.4.52 (Ubuntu) Server at 4.235.86.214 Port 80</address>
</body></html>
2026-08-14T14:25:50Z wrote /tmp/station_status-DOB-1786717550.799.json ok=True
2026-08-14T14:25:50Z upload failed: HTTP 403 <!DOCTYPE HTML PUBLIC "-//IETF//DTD HTML 2.0//EN">
<html><head>
<title>403 Forbidden</title>
</head><body>
<h1>Forbidden</h1>
<p>You don't have permission to access this resource.</p>
<hr>
<address>Apache/2.4.52 (Ubuntu) Server at 4.235.86.214 Port 80</address>
</body></html>
2026-08-14T14:40:51Z wrote /tmp/station_status-DOB-1786718451.339.json ok=True
2026-08-14T14:40:51Z upload failed: HTTP 403 <!DOCTYPE HTML PUBLIC "-//IETF//DTD HTML 2.0//EN">
<html><head>
<title>403 Forbidden</title>
</head><body>
<h1>Forbidden</h1>
<p>You don't have permission to access this resource.</p>
<hr>
<address>Apache/2.4.52 (Ubuntu) Server at 4.235.86.214 Port 80</address>
</body></html>
2026-08-14T14:55:51Z wrote /tmp/station_status-DOB-1786719351.807.json ok=True
2026-08-14T14:55:51Z upload failed: HTTP 403 <!DOCTYPE HTML PUBLIC "-//IETF//DTD HTML 2.0//EN">
<html><head>
<title>403 Forbidden</title>
</head><body>
<h1>Forbidden</h1>
<p>You don't have permission to access this resource.</p>
<hr>
<address>Apache/2.4.52 (Ubuntu) Server at 4.235.86.214 Port 80</address>
</body></html>
2026-08-14T15:10:52Z wrote /tmp/station_status-DOB-1786720252.231.json ok=True
2026-08-14T15:10:52Z upload failed: HTTP 403 <!DOCTYPE HTML PUBLIC "-//IETF//DTD HTML 2.0//EN">
<html><head>
<title>403 Forbidden</title>
</head><body>
<h1>Forbidden</h1>
<p>You don't have permission to access this resource.</p>
<hr>
<address>Apache/2.4.52 (Ubuntu) Server at 4.235.86.214 Port 80</address>
</body></html>
2026-08-14T15:25:52Z wrote /tmp/station_status-DOB-1786721152.691.json ok=True
2026-08-14T15:25:52Z upload failed: HTTP 403 <!DOCTYPE HTML PUBLIC "-//IETF//DTD HTML 2.0//EN">
<html><head>
<title>403 Forbidden</title>
</head><body>
<h1>Forbidden</h1>
<p>You don't have permission to access this resource.</p>
<hr>
<address>Apache/2.4.52 (Ubuntu) Server at 4.235.86.214 Port 80</address>
</body></html>
2026-08-14T15:40:53Z wrote /tmp/station_status-DOB-1786722053.203.json ok=True
2026-08-14T15:40:53Z upload failed: HTTP 403 <!DOCTYPE HTML PUBLIC "-//IETF//DTD HTML 2.0//EN">
<html><head>
<title>403 Forbidden</title>
</head><body>
<h1>Forbidden</h1>
<p>You don't have permission to access this resource.</p>
<hr>
<address>Apache/2.4.52 (Ubuntu) Server at 4.235.86.214 Port 80</address>
</body></html>
2026-08-14T15:55:53Z wrote /tmp/station_status-DOB-1786722953.823.json ok=True
2026-08-14T15:55:53Z upload failed: HTTP 403 <!DOCTYPE HTML PUBLIC "-//IETF//DTD HTML 2.0//EN">
<html><head>
<title>403 Forbidden</title>
</head><body>
<h1>Forbidden</h1>
<p>You don't have permission to access this resource.</p>
<hr>
<address>Apache/2.4.52 (Ubuntu) Server at 4.235.86.214 Port 80</address>
</body></html>
2026-08-14T16:10:54Z wrote /tmp/station_status-DOB-1786723854.351.json ok=True
2026-08-14T16:10:54Z upload failed: HTTP 403 <!DOCTYPE HTML PUBLIC "-//IETF//DTD HTML 2.0//EN">
<html><head>
<title>403 Forbidden</title>
</head><body>
<h1>Forbidden</h1>
<p>You don't have permission to access this resource.</p>
<hr>
<address>Apache/2.4.52 (Ubuntu) Server at 4.235.86.214 Port 80</address>
</body></html>
2026-08-14T16:25:54Z wrote /tmp/station_status-DOB-1786724754.823.json ok=True
2026-08-14T16:25:54Z upload failed: HTTP 403 <!DOCTYPE HTML PUBLIC "-//IETF//DTD HTML 2.0//EN">
<html><head>
<title>403 Forbidden</title>
</head><body>
<h1>Forbidden</h1>
<p>You don't have permission to access this resource.</p>
<hr>
<address>Apache/2.4.52 (Ubuntu) Server at 4.235.86.214 Port 80</address>
</body></html>
2026-08-14T16:40:55Z wrote /tmp/station_status-DOB-1786725655.271.json ok=True
2026-08-14T16:40:55Z upload failed: HTTP 403 <!DOCTYPE HTML PUBLIC "-//IETF//DTD HTML 2.0//EN">
<html><head>
<title>403 Forbidden</title>
</head><body>
<h1>Forbidden</h1>
<p>You don't have permission to access this resource.</p>
<hr>
<address>Apache/2.4.52 (Ubuntu) Server at 4.235.86.214 Port 80</address>
</body></html>
2026-08-14T16:55:55Z wrote /tmp/station_status-DOB-1786726555.761.json ok=True
2026-08-14T16:55:55Z upload failed: HTTP 403 <!DOCTYPE HTML PUBLIC "-//IETF//DTD HTML 2.0//EN">
<html><head>
<title>403 Forbidden</title>
</head><body>
<h1>Forbidden</h1>
<p>You don't have permission to access this resource.</p>
<hr>
<address>Apache/2.4.52 (Ubuntu) Server at 4.235.86.214 Port 80</address>
</body></html>
2026-08-14T17:10:56Z wrote /tmp/station_status-DOB-1786727456.189.json ok=True
2026-08-14T17:10:56Z upload failed: HTTP 403 <!DOCTYPE HTML PUBLIC "-//IETF//DTD HTML 2.0//EN">
<html><head>
<title>403 Forbidden</title>
</head><body>
<h1>Forbidden</h1>
<p>You don't have permission to access this resource.</p>
<hr>
<address>Apache/2.4.52 (Ubuntu) Server at 4.235.86.214 Port 80</address>
</body></html>
2026-08-14T17:25:56Z wrote /tmp/station_status-DOB-1786728356.783.json ok=True
2026-08-14T17:25:56Z upload failed: HTTP 403 <!DOCTYPE HTML PUBLIC "-//IETF//DTD HTML 2.0//EN">
<html><head>
<title>403 Forbidden</title>
</head><body>
<h1>Forbidden</h1>
<p>You don't have permission to access this resource.</p>
<hr>
<address>Apache/2.4.52 (Ubuntu) Server at 4.235.86.214 Port 80</address>
</body></html>
2026-08-14T17:40:57Z wrote /tmp/station_status-DOB-1786729257.270.json ok=True
2026-08-14T17:40:57Z upload failed: HTTP 403 <!DOCTYPE HTML PUBLIC "-//IETF//DTD HTML 2.0//EN">
<html><head>
<title>403 Forbidden</title>
</head><body>
<h1>Forbidden</h1>
<p>You don't have permission to access this resource.</p>
<hr>
<address>Apache/2.4.52 (Ubuntu) Server at 4.235.86.214 Port 80</address>
</body></html>
2026-08-14T17:55:57Z wrote /tmp/station_status-DOB-1786730157.787.json ok=True
2026-08-14T17:55:57Z upload failed: HTTP 403 <!DOCTYPE HTML PUBLIC "-//IETF//DTD HTML 2.0//EN">
<html><head>
<title>403 Forbidden</title>
</head><body>
<h1>Forbidden</h1>
<p>You don't have permission to access this resource.</p>
<hr>
<address>Apache/2.4.52 (Ubuntu) Server at 4.235.86.214 Port 80</address>
</body></html>
2026-08-14T18:10:58Z wrote /tmp/station_status-DOB-1786731058.259.json ok=True
2026-08-14T18:10:58Z upload failed: HTTP 403 <!DOCTYPE HTML PUBLIC "-//IETF//DTD HTML 2.0//EN">
<html><head>
<title>403 Forbidden</title>
</head><body>
<h1>Forbidden</h1>
<p>You don't have permission to access this resource.</p>
<hr>
<address>Apache/2.4.52 (Ubuntu) Server at 4.235.86.214 Port 80</address>
</body></html>
2026-08-14T18:25:59Z wrote /tmp/station_status-DOB-1786731959.031.json ok=True
2026-08-14T18:25:59Z upload failed: HTTP 403 <!DOCTYPE HTML PUBLIC "-//IETF//DTD HTML 2.0//EN">
<html><head>
<title>403 Forbidden</title>
</head><body>
<h1>Forbidden</h1>
<p>You don't have permission to access this resource.</p>
<hr>
<address>Apache/2.4.52 (Ubuntu) Server at 4.235.86.214 Port 80</address>
</body></html>
2026-08-14T18:40:59Z wrote /tmp/station_status-DOB-1786732859.492.json ok=True
2026-08-14T18:40:59Z upload failed: HTTP 403 <!DOCTYPE HTML PUBLIC "-//IETF//DTD HTML 2.0//EN">
<html><head>
<title>403 Forbidden</title>
</head><body>
<h1>Forbidden</h1>
<p>You don't have permission to access this resource.</p>
<hr>
<address>Apache/2.4.52 (Ubuntu) Server at 4.235.86.214 Port 80</address>
</body></html>
2026-08-14T18:56:00Z wrote /tmp/station_status-DOB-1786733760.031.json ok=True
2026-08-14T18:56:00Z upload failed: HTTP 403 <!DOCTYPE HTML PUBLIC "-//IETF//DTD HTML 2.0//EN">
<html><head>
<title>403 Forbidden</title>
</head><body>
<h1>Forbidden</h1>
<p>You don't have permission to access this resource.</p>
<hr>
<address>Apache/2.4.52 (Ubuntu) Server at 4.235.86.214 Port 80</address>
</body></html>
2026-08-14T19:11:00Z wrote /tmp/station_status-DOB-1786734660.515.json ok=True
2026-08-14T19:11:00Z upload failed: HTTP 403 <!DOCTYPE HTML PUBLIC "-//IETF//DTD HTML 2.0//EN">
<html><head>
<title>403 Forbidden</title>
</head><body>
<h1>Forbidden</h1>
<p>You don't have permission to access this resource.</p>
<hr>
<address>Apache/2.4.52 (Ubuntu) Server at 4.235.86.214 Port 80</address>
</body></html>
2026-08-14T19:26:01Z wrote /tmp/station_status-DOB-1786735561.047.json ok=True
2026-08-14T19:26:01Z upload failed: HTTP 403 <!DOCTYPE HTML PUBLIC "-//IETF//DTD HTML 2.0//EN">
<html><head>
<title>403 Forbidden</title>
</head><body>
<h1>Forbidden</h1>
<p>You don't have permission to access this resource.</p>
<hr>
<address>Apache/2.4.52 (Ubuntu) Server at 4.235.86.214 Port 80</address>
</body></html>
2026-08-14T19:41:01Z wrote /tmp/station_status-DOB-1786736461.592.json ok=True
2026-08-14T19:41:01Z upload failed: HTTP 403 <!DOCTYPE HTML PUBLIC "-//IETF//DTD HTML 2.0//EN">
<html><head>
<title>403 Forbidden</title>
</head><body>
<h1>Forbidden</h1>
<p>You don't have permission to access this resource.</p>
<hr>
<address>Apache/2.4.52 (Ubuntu) Server at 4.235.86.214 Port 80</address>
</body></html>
2026-08-14T19:56:02Z wrote /tmp/station_status-DOB-1786737362.271.json ok=True
2026-08-14T19:56:02Z upload failed: HTTP 403 <!DOCTYPE HTML PUBLIC "-//IETF//DTD HTML 2.0//EN">
<html><head>
<title>403 Forbidden</title>
</head><body>
<h1>Forbidden</h1>
<p>You don't have permission to access this resource.</p>
<hr>
<address>Apache/2.4.52 (Ubuntu) Server at 4.235.86.214 Port 80</address>
</body></html>
2026-08-14T20:11:02Z wrote /tmp/station_status-DOB-1786738262.771.json ok=True
2026-08-14T20:11:02Z upload failed: HTTP 403 <!DOCTYPE HTML PUBLIC "-//IETF//DTD HTML 2.0//EN">
<html><head>
<title>403 Forbidden</title>
</head><body>
<h1>Forbidden</h1>
<p>You don't have permission to access this resource.</p>
<hr>
<address>Apache/2.4.52 (Ubuntu) Server at 4.235.86.214 Port 80</address>
</body></html>
2026-08-14T20:26:03Z wrote /tmp/station_status-DOB-1786739163.331.json ok=True
2026-08-14T20:26:03Z upload failed: HTTP 403 <!DOCTYPE HTML PUBLIC "-//IETF//DTD HTML 2.0//EN">
<html><head>
<title>403 Forbidden</title>
</head><body>
<h1>Forbidden</h1>
<p>You don't have permission to access this resource.</p>
<hr>
<address>Apache/2.4.52 (Ubuntu) Server at 4.235.86.214 Port 80</address>
</body></html>
2026-08-14T20:41:03Z wrote /tmp/station_status-DOB-1786740063.827.json ok=True
2026-08-14T20:41:03Z upload failed: HTTP 403 <!DOCTYPE HTML PUBLIC "-//IETF//DTD HTML 2.0//EN">
<html><head>
<title>403 Forbidden</title>
</head><body>
<h1>Forbidden</h1>
<p>You don't have permission to access this resource.</p>
<hr>
<address>Apache/2.4.52 (Ubuntu) Server at 4.235.86.214 Port 80</address>
</body></html>
2026-08-14T20:56:04Z wrote /tmp/station_status-DOB-1786740964.339.json ok=True
2026-08-14T20:56:04Z upload failed: HTTP 403 <!DOCTYPE HTML PUBLIC "-//IETF//DTD HTML 2.0//EN">
<html><head>
<title>403 Forbidden</title>
</head><body>
<h1>Forbidden</h1>
<p>You don't have permission to access this resource.</p>
<hr>
<address>Apache/2.4.52 (Ubuntu) Server at 4.235.86.214 Port 80</address>
</body></html>
2026-08-14T21:11:04Z wrote /tmp/station_status-DOB-1786741864.803.json ok=True
2026-08-14T21:11:04Z upload failed: HTTP 403 <!DOCTYPE HTML PUBLIC "-//IETF//DTD HTML 2.0//EN">
<html><head>
<title>403 Forbidden</title>
</head><body>
<h1>Forbidden</h1>
<p>You don't have permission to access this resource.</p>
<hr>
<address>Apache/2.4.52 (Ubuntu) Server at 4.235.86.214 Port 80</address>
</body></html>
2026-08-14T21:26:05Z wrote /tmp/station_status-DOB-1786742765.195.json ok=True
2026-08-14T21:26:05Z upload failed: HTTP 403 <!DOCTYPE HTML PUBLIC "-//IETF//DTD HTML 2.0//EN">
<html><head>
<title>403 Forbidden</title>
</head><body>
<h1>Forbidden</h1>
<p>You don't have permission to access this resource.</p>
<hr>
<address>Apache/2.4.52 (Ubuntu) Server at 4.235.86.214 Port 80</address>
</body></html>
2026-08-14T21:41:05Z wrote /tmp/station_status-DOB-1786743665.619.json ok=True
2026-08-14T21:41:05Z upload failed: HTTP 403 <!DOCTYPE HTML PUBLIC "-//IETF//DTD HTML 2.0//EN">
<html><head>
<title>403 Forbidden</title>
</head><body>
<h1>Forbidden</h1>
<p>You don't have permission to access this resource.</p>
<hr>
<address>Apache/2.4.52 (Ubuntu) Server at 4.235.86.214 Port 80</address>
</body></html>
2026-08-14T21:56:06Z wrote /tmp/station_status-DOB-1786744566.188.json ok=True
2026-08-14T21:56:06Z upload failed: HTTP 403 <!DOCTYPE HTML PUBLIC "-//IETF//DTD HTML 2.0//EN">
<html><head>
<title>403 Forbidden</title>
</head><body>
<h1>Forbidden</h1>
<p>You don't have permission to access this resource.</p>
<hr>
<address>Apache/2.4.52 (Ubuntu) Server at 4.235.86.214 Port 80</address>
</body></html>
2026-08-14T22:11:06Z wrote /tmp/station_status-DOB-1786745466.711.json ok=True
2026-08-14T22:11:06Z upload failed: HTTP 403 <!DOCTYPE HTML PUBLIC "-//IETF//DTD HTML 2.0//EN">
<html><head>
<title>403 Forbidden</title>
</head><body>
<h1>Forbidden</h1>
<p>You don't have permission to access this resource.</p>
<hr>
<address>Apache/2.4.52 (Ubuntu) Server at 4.235.86.214 Port 80</address>
</body></html>
2026-08-14T22:26:08Z wrote /tmp/station_status-DOB-1786746368.819.json ok=True
2026-08-14T22:26:08Z upload failed: HTTP 403 <!DOCTYPE HTML PUBLIC "-//IETF//DTD HTML 2.0//EN">
<html><head>
<title>403 Forbidden</title>
</head><body>
<h1>Forbidden</h1>
<p>You don't have permission to access this resource.</p>
<hr>
<address>Apache/2.4.52 (Ubuntu) Server at 4.235.86.214 Port 80</address>
</body></html>
2026-08-14T22:41:09Z wrote /tmp/station_status-DOB-1786747269.287.json ok=True
2026-08-14T22:41:09Z upload failed: HTTP 403 <!DOCTYPE HTML PUBLIC "-//IETF//DTD HTML 2.0//EN">
<html><head>
<title>403 Forbidden</title>
</head><body>
<h1>Forbidden</h1>
<p>You don't have permission to access this resource.</p>
<hr>
<address>Apache/2.4.52 (Ubuntu) Server at 4.235.86.214 Port 80</address>
</body></html>
2026-08-14T22:56:09Z wrote /tmp/station_status-DOB-1786748169.974.json ok=True
2026-08-14T22:56:09Z upload failed: HTTP 403 <!DOCTYPE HTML PUBLIC "-//IETF//DTD HTML 2.0//EN">
<html><head>
<title>403 Forbidden</title>
</head><body>
<h1>Forbidden</h1>
<p>You don't have permission to access this resource.</p>
<hr>
<address>Apache/2.4.52 (Ubuntu) Server at 4.235.86.214 Port 80</address>
</body></html>
2026-08-14T23:11:10Z wrote /tmp/station_status-DOB-1786749070.375.json ok=True
2026-08-14T23:11:10Z upload failed: HTTP 403 <!DOCTYPE HTML PUBLIC "-//IETF//DTD HTML 2.0//EN">
<html><head>
<title>403 Forbidden</title>
</head><body>
<h1>Forbidden</h1>
<p>You don't have permission to access this resource.</p>
<hr>
<address>Apache/2.4.52 (Ubuntu) Server at 4.235.86.214 Port 80</address>
</body></html>
2026-08-14T23:26:10Z wrote /tmp/station_status-DOB-1786749970.847.json ok=True
2026-08-14T23:26:10Z upload failed: HTTP 403 <!DOCTYPE HTML PUBLIC "-//IETF//DTD HTML 2.0//EN">
<html><head>
<title>403 Forbidden</title>
</head><body>
<h1>Forbidden</h1>
<p>You don't have permission to access this resource.</p>
<hr>
<address>Apache/2.4.52 (Ubuntu) Server at 4.235.86.214 Port 80</address>
</body></html>
2026-08-14T23:41:11Z wrote /tmp/station_status-DOB-1786750871.303.json ok=True
2026-08-14T23:41:11Z upload failed: HTTP 403 <!DOCTYPE HTML PUBLIC "-//IETF//DTD HTML 2.0//EN">
<html><head>
<title>403 Forbidden</title>
</head><body>
<h1>Forbidden</h1>
<p>You don't have permission to access this resource.</p>
<hr>
<address>Apache/2.4.52 (Ubuntu) Server at 4.235.86.214 Port 80</address>
</body></html>
2026-08-14T23:56:11Z wrote /tmp/station_status-DOB-1786751771.755.json ok=True
2026-08-14T23:56:11Z upload failed: HTTP 403 <!DOCTYPE HTML PUBLIC "-//IETF//DTD HTML 2.0//EN">
<html><head>
<title>403 Forbidden</title>
</head><body>
<h1>Forbidden</h1>
<p>You don't have permission to access this resource.</p>
<hr>
<address>Apache/2.4.52 (Ubuntu) Server at 4.235.86.214 Port 80</address>
</body></html>
2026-08-15T00:11:12Z wrote /tmp/station_status-DOB-1786752672.187.json ok=True
2026-08-15T00:11:12Z upload failed: HTTP 403 <!DOCTYPE HTML PUBLIC "-//IETF//DTD HTML 2.0//EN">
<html><head>
<title>403 Forbidden</title>
</head><body>
<h1>Forbidden</h1>
<p>You don't have permission to access this resource.</p>
<hr>
<address>Apache/2.4.52 (Ubuntu) Server at 4.235.86.214 Port 80</address>
</body></html>
2026-08-15T00:26:12Z wrote /tmp/station_status-DOB-1786753572.621.json ok=True
2026-08-15T00:26:12Z upload failed: HTTP 403 <!DOCTYPE HTML PUBLIC "-//IETF//DTD HTML 2.0//EN">
<html><head>
<title>403 Forbidden</title>
</head><body>
<h1>Forbidden</h1>
<p>You don't have permission to access this resource.</p>
<hr>
<address>Apache/2.4.52 (Ubuntu) Server at 4.235.86.214 Port 80</address>
</body></html>
2026-08-15T00:41:13Z wrote /tmp/station_status-DOB-1786754473.351.json ok=True
2026-08-15T00:41:13Z upload failed: HTTP 403 <!DOCTYPE HTML PUBLIC "-//IETF//DTD HTML 2.0//EN">
<html><head>
<title>403 Forbidden</title>
</head><body>
<h1>Forbidden</h1>
<p>You don't have permission to access this resource.</p>
<hr>
<address>Apache/2.4.52 (Ubuntu) Server at 4.235.86.214 Port 80</address>
</body></html>
2026-08-15T00:56:13Z wrote /tmp/station_status-DOB-1786755373.827.json ok=True
2026-08-15T00:56:13Z upload failed: HTTP 403 <!DOCTYPE HTML PUBLIC "-//IETF//DTD HTML 2.0//EN">
<html><head>
<title>403 Forbidden</title>
</head><body>
<h1>Forbidden</h1>
<p>You don't have permission to access this resource.</p>
<hr>
<address>Apache/2.4.52 (Ubuntu) Server at 4.235.86.214 Port 80</address>
</body></html>
2026-08-15T01:11:14Z wrote /tmp/station_status-DOB-1786756274.283.json ok=True
2026-08-15T01:11:14Z upload failed: HTTP 403 <!DOCTYPE HTML PUBLIC "-//IETF//DTD HTML 2.0//EN">
<html><head>
<title>403 Forbidden</title>
</head><body>
<h1>Forbidden</h1>
<p>You don't have permission to access this resource.</p>
<hr>
<address>Apache/2.4.52 (Ubuntu) Server at 4.235.86.214 Port 80</address>
</body></html>
2026-08-15T01:26:14Z wrote /tmp/station_status-DOB-1786757174.752.json ok=True
2026-08-15T01:26:14Z upload failed: HTTP 403 <!DOCTYPE HTML PUBLIC "-//IETF//DTD HTML 2.0//EN">
<html><head>
<title>403 Forbidden</title>
</head><body>
<h1>Forbidden</h1>
<p>You don't have permission to access this resource.</p>
<hr>
<address>Apache/2.4.52 (Ubuntu) Server at 4.235.86.214 Port 80</address>
</body></html>
2026-08-15T01:41:15Z wrote /tmp/station_status-DOB-1786758075.243.json ok=True
2026-08-15T01:41:15Z upload failed: HTTP 403 <!DOCTYPE HTML PUBLIC "-//IETF//DTD HTML 2.0//EN">
<html><head>
<title>403 Forbidden</title>
</head><body>
<h1>Forbidden</h1>
<p>You don't have permission to access this resource.</p>
<hr>
<address>Apache/2.4.52 (Ubuntu) Server at 4.235.86.214 Port 80</address>
</body></html>
2026-08-15T01:56:15Z wrote /tmp/station_status-DOB-1786758975.675.json ok=True
2026-08-15T01:56:15Z upload failed: HTTP 403 <!DOCTYPE HTML PUBLIC "-//IETF//DTD HTML 2.0//EN">
<html><head>
<title>403 Forbidden</title>
</head><body>
<h1>Forbidden</h1>
<p>You don't have permission to access this resource.</p>
<hr>
<address>Apache/2.4.52 (Ubuntu) Server at 4.235.86.214 Port 80</address>
</body></html>
2026-08-15T02:11:16Z wrote /tmp/station_status-DOB-1786759876.115.json ok=True
2026-08-15T02:11:16Z upload failed: HTTP 403 <!DOCTYPE HTML PUBLIC "-//IETF//DTD HTML 2.0//EN">
<html><head>
<title>403 Forbidden</title>
</head><body>
<h1>Forbidden</h1>
<p>You don't have permission to access this resource.</p>
<hr>
<address>Apache/2.4.52 (Ubuntu) Server at 4.235.86.214 Port 80</address>
</body></html>
2026-08-15T02:26:16Z wrote /tmp/station_status-DOB-1786760776.615.json ok=True
2026-08-15T02:26:16Z upload failed: HTTP 403 <!DOCTYPE HTML PUBLIC "-//IETF//DTD HTML 2.0//EN">
<html><head>
<title>403 Forbidden</title>
</head><body>
<h1>Forbidden</h1>
<p>You don't have permission to access this resource.</p>
<hr>
<address>Apache/2.4.52 (Ubuntu) Server at 4.235.86.214 Port 80</address>
</body></html>
2026-08-15T02:41:17Z wrote /tmp/station_status-DOB-1786761677.095.json ok=True
2026-08-15T02:41:17Z upload failed: HTTP 403 <!DOCTYPE HTML PUBLIC "-//IETF//DTD HTML 2.0//EN">
<html><head>
<title>403 Forbidden</title>
</head><body>
<h1>Forbidden</h1>
<p>You don't have permission to access this resource.</p>
<hr>
<address>Apache/2.4.52 (Ubuntu) Server at 4.235.86.214 Port 80</address>
</body></html>
2026-08-15T02:56:17Z wrote /tmp/station_status-DOB-1786762577.575.json ok=True
2026-08-15T02:56:17Z upload failed: HTTP 403 <!DOCTYPE HTML PUBLIC "-//IETF//DTD HTML 2.0//EN">
<html><head>
<title>403 Forbidden</title>
</head><body>
<h1>Forbidden</h1>
<p>You don't have permission to access this resource.</p>
<hr>
<address>Apache/2.4.52 (Ubuntu) Server at 4.235.86.214 Port 80</address>
</body></html>
2026-08-15T03:11:17Z wrote /tmp/station_status-DOB-1786763477.999.json ok=True
2026-08-15T03:11:17Z upload failed: HTTP 403 <!DOCTYPE HTML PUBLIC "-//IETF//DTD HTML 2.0//EN">
<html><head>
<title>403 Forbidden</title>
</head><body>
<h1>Forbidden</h1>
<p>You don't have permission to access this resource.</p>
<hr>
<address>Apache/2.4.52 (Ubuntu) Server at 4.235.86.214 Port 80</address>
</body></html>
2026-08-15T03:26:18Z wrote /tmp/station_status-DOB-1786764378.474.json ok=True
2026-08-15T03:26:18Z upload failed: HTTP 403 <!DOCTYPE HTML PUBLIC "-//IETF//DTD HTML 2.0//EN">
<html><head>
<title>403 Forbidden</title>
</head><body>
<h1>Forbidden</h1>
<p>You don't have permission to access this resource.</p>
<hr>
<address>Apache/2.4.52 (Ubuntu) Server at 4.235.86.214 Port 80</address>
</body></html>
2026-08-15T03:41:18Z wrote /tmp/station_status-DOB-1786765278.972.json ok=True
2026-08-15T03:41:18Z upload failed: HTTP 403 <!DOCTYPE HTML PUBLIC "-//IETF//DTD HTML 2.0//EN">
<html><head>
<title>403 Forbidden</title>
</head><body>
<h1>Forbidden</h1>
<p>You don't have permission to access this resource.</p>
<hr>
<address>Apache/2.4.52 (Ubuntu) Server at 4.235.86.214 Port 80</address>
</body></html>
2026-08-15T03:56:19Z wrote /tmp/station_status-DOB-1786766179.603.json ok=True
2026-08-15T03:56:19Z upload failed: HTTP 403 <!DOCTYPE HTML PUBLIC "-//IETF//DTD HTML 2.0//EN">
<html><head>
<title>403 Forbidden</title>
</head><body>
<h1>Forbidden</h1>
<p>You don't have permission to access this resource.</p>
<hr>
<address>Apache/2.4.52 (Ubuntu) Server at 4.235.86.214 Port 80</address>
</body></html>
2026-08-15T04:11:20Z wrote /tmp/station_status-DOB-1786767080.139.json ok=True
2026-08-15T04:11:20Z upload failed: HTTP 403 <!DOCTYPE HTML PUBLIC "-//IETF//DTD HTML 2.0//EN">
<html><head>
<title>403 Forbidden</title>
</head><body>
<h1>Forbidden</h1>
<p>You don't have permission to access this resource.</p>
<hr>
<address>Apache/2.4.52 (Ubuntu) Server at 4.235.86.214 Port 80</address>
</body></html>
2026-08-15T04:26:20Z wrote /tmp/station_status-DOB-1786767980.555.json ok=True
2026-08-15T04:26:20Z upload failed: HTTP 403 <!DOCTYPE HTML PUBLIC "-//IETF//DTD HTML 2.0//EN">
<html><head>
<title>403 Forbidden</title>
</head><body>
<h1>Forbidden</h1>
<p>You don't have permission to access this resource.</p>
<hr>
<address>Apache/2.4.52 (Ubuntu) Server at 4.235.86.214 Port 80</address>
</body></html>
2026-08-15T04:41:21Z wrote /tmp/station_status-DOB-1786768881.022.json ok=True
2026-08-15T04:41:21Z upload failed: HTTP 403 <!DOCTYPE HTML PUBLIC "-//IETF//DTD HTML 2.0//EN">
<html><head>
<title>403 Forbidden</title>
</head><body>
<h1>Forbidden</h1>
<p>You don't have permission to access this resource.</p>
<hr>
<address>Apache/2.4.52 (Ubuntu) Server at 4.235.86.214 Port 80</address>
</body></html>
2026-08-15T04:56:21Z wrote /tmp/station_status-DOB-1786769781.434.json ok=True
2026-08-15T04:56:21Z upload failed: HTTP 403 <!DOCTYPE HTML PUBLIC "-//IETF//DTD HTML 2.0//EN">
<html><head>
<title>403 Forbidden</title>
</head><body>
<h1>Forbidden</h1>
<p>You don't have permission to access this resource.</p>
<hr>
<address>Apache/2.4.52 (Ubuntu) Server at 4.235.86.214 Port 80</address>
</body></html>
2026-08-15T05:11:21Z wrote /tmp/station_status-DOB-1786770681.931.json ok=True
2026-08-15T05:11:21Z upload failed: HTTP 403 <!DOCTYPE HTML PUBLIC "-//IETF//DTD HTML 2.0//EN">
<html><head>
<title>403 Forbidden</title>
</head><body>
<h1>Forbidden</h1>
<p>You don't have permission to access this resource.</p>
<hr>
<address>Apache/2.4.52 (Ubuntu) Server at 4.235.86.214 Port 80</address>
</body></html>
2026-08-15T05:26:22Z wrote /tmp/station_status-DOB-1786771582.357.json ok=True
2026-08-15T05:26:22Z upload failed: HTTP 403 <!DOCTYPE HTML PUBLIC "-//IETF//DTD HTML 2.0//EN">
<html><head>
<title>403 Forbidden</title>
</head><body>
<h1>Forbidden</h1>
<p>You don't have permission to access this resource.</p>
<hr>
<address>Apache/2.4.52 (Ubuntu) Server at 4.235.86.214 Port 80</address>
</body></html>
2026-08-15T05:41:22Z wrote /tmp/station_status-DOB-1786772482.867.json ok=True
2026-08-15T05:41:22Z upload failed: HTTP 403 <!DOCTYPE HTML PUBLIC "-//IETF//DTD HTML 2.0//EN">
<html><head>
<title>403 Forbidden</title>
</head><body>
<h1>Forbidden</h1>
<p>You don't have permission to access this resource.</p>
<hr>
<address>Apache/2.4.52 (Ubuntu) Server at 4.235.86.214 Port 80</address>
</body></html>
2026-08-15T05:56:23Z wrote /tmp/station_status-DOB-1786773383.267.json ok=True
2026-08-15T05:56:23Z upload failed: HTTP 403 <!DOCTYPE HTML PUBLIC "-//IETF//DTD HTML 2.0//EN">
<html><head>
<title>403 Forbidden</title>
</head><body>
<h1>Forbidden</h1>
<p>You don't have permission to access this resource.</p>
<hr>
<address>Apache/2.4.52 (Ubuntu) Server at 4.235.86.214 Port 80</address>
</body></html>
2026-08-15T06:11:23Z wrote /tmp/station_status-DOB-1786774283.735.json ok=True
2026-08-15T06:11:23Z upload failed: HTTP 403 <!DOCTYPE HTML PUBLIC "-//IETF//DTD HTML 2.0//EN">
<html><head>
<title>403 Forbidden</title>
</head><body>
<h1>Forbidden</h1>
<p>You don't have permission to access this resource.</p>
<hr>
<address>Apache/2.4.52 (Ubuntu) Server at 4.235.86.214 Port 80</address>
</body></html>
2026-08-15T06:26:24Z wrote /tmp/station_status-DOB-1786775184.227.json ok=True
2026-08-15T06:26:24Z upload failed: HTTP 403 <!DOCTYPE HTML PUBLIC "-//IETF//DTD HTML 2.0//EN">
<html><head>
<title>403 Forbidden</title>
</head><body>
<h1>Forbidden</h1>
<p>You don't have permission to access this resource.</p>
<hr>
<address>Apache/2.4.52 (Ubuntu) Server at 4.235.86.214 Port 80</address>
</body></html>
2026-08-15T06:41:24Z wrote /tmp/station_status-DOB-1786776084.727.json ok=True
2026-08-15T06:41:24Z upload failed: HTTP 403 <!DOCTYPE HTML PUBLIC "-//IETF//DTD HTML 2.0//EN">
<html><head>
<title>403 Forbidden</title>
</head><body>
<h1>Forbidden</h1>
<p>You don't have permission to access this resource.</p>
<hr>
<address>Apache/2.4.52 (Ubuntu) Server at 4.235.86.214 Port 80</address>
</body></html>
2026-08-15T06:56:25Z wrote /tmp/station_status-DOB-1786776985.215.json ok=True
2026-08-15T06:56:25Z upload failed: HTTP 403 <!DOCTYPE HTML PUBLIC "-//IETF//DTD HTML 2.0//EN">
<html><head>
<title>403 Forbidden</title>
</head><body>
<h1>Forbidden</h1>
<p>You don't have permission to access this resource.</p>
<hr>
<address>Apache/2.4.52 (Ubuntu) Server at 4.235.86.214 Port 80</address>
</body></html>
2026-08-15T07:11:25Z wrote /tmp/station_status-DOB-1786777885.709.json ok=True
2026-08-15T07:11:25Z upload failed: HTTP 403 <!DOCTYPE HTML PUBLIC "-//IETF//DTD HTML 2.0//EN">
<html><head>
<title>403 Forbidden</title>
</head><body>
<h1>Forbidden</h1>
<p>You don't have permission to access this resource.</p>
<hr>
<address>Apache/2.4.52 (Ubuntu) Server at 4.235.86.214 Port 80</address>
</body></html>
2026-08-15T07:26:26Z wrote /tmp/station_status-DOB-1786778786.151.json ok=True
2026-08-15T07:26:26Z upload failed: HTTP 403 <!DOCTYPE HTML PUBLIC "-//IETF//DTD HTML 2.0//EN">
<html><head>
<title>403 Forbidden</title>
</head><body>
<h1>Forbidden</h1>
<p>You don't have permission to access this resource.</p>
<hr>
<address>Apache/2.4.52 (Ubuntu) Server at 4.235.86.214 Port 80</address>
</body></html>
2026-08-15T07:41:26Z wrote /tmp/station_status-DOB-1786779686.638.json ok=True
2026-08-15T07:41:26Z upload failed: HTTP 403 <!DOCTYPE HTML PUBLIC "-//IETF//DTD HTML 2.0//EN">
<html><head>
<title>403 Forbidden</title>
</head><body>
<h1>Forbidden</h1>
<p>You don't have permission to access this resource.</p>
<hr>
<address>Apache/2.4.52 (Ubuntu) Server at 4.235.86.214 Port 80</address>
</body></html>
2026-08-15T07:56:27Z wrote /tmp/station_status-DOB-1786780587.095.json ok=True
2026-08-15T07:56:27Z upload failed: HTTP 403 <!DOCTYPE HTML PUBLIC "-//IETF//DTD HTML 2.0//EN">
<html><head>
<title>403 Forbidden</title>
</head><body>
<h1>Forbidden</h1>
<p>You don't have permission to access this resource.</p>
<hr>
<address>Apache/2.4.52 (Ubuntu) Server at 4.235.86.214 Port 80</address>
</body></html>
2026-08-15T08:11:27Z wrote /tmp/station_status-DOB-1786781487.562.json ok=True
2026-08-15T08:11:27Z upload failed: HTTP 403 <!DOCTYPE HTML PUBLIC "-//IETF//DTD HTML 2.0//EN">
<html><head>
<title>403 Forbidden</title>
</head><body>
<h1>Forbidden</h1>
<p>You don't have permission to access this resource.</p>
<hr>
<address>Apache/2.4.52 (Ubuntu) Server at 4.235.86.214 Port 80</address>
</body></html>
2026-08-15T08:26:27Z wrote /tmp/station_status-DOB-1786782387.967.json ok=True
2026-08-15T08:26:27Z upload failed: HTTP 403 <!DOCTYPE HTML PUBLIC "-//IETF//DTD HTML 2.0//EN">
<html><head>
<title>403 Forbidden</title>
</head><body>
<h1>Forbidden</h1>
<p>You don't have permission to access this resource.</p>
<hr>
<address>Apache/2.4.52 (Ubuntu) Server at 4.235.86.214 Port 80</address>
</body></html>
2026-08-15T08:41:28Z wrote /tmp/station_status-DOB-1786783288.427.json ok=True
2026-08-15T08:41:28Z upload failed: HTTP 403 <!DOCTYPE HTML PUBLIC "-//IETF//DTD HTML 2.0//EN">
<html><head>
<title>403 Forbidden</title>
</head><body>
<h1>Forbidden</h1>
<p>You don't have permission to access this resource.</p>
<hr>
<address>Apache/2.4.52 (Ubuntu) Server at 4.235.86.214 Port 80</address>
</body></html>
2026-08-15T08:56:28Z wrote /tmp/station_status-DOB-1786784188.867.json ok=True
2026-08-15T08:56:28Z upload failed: HTTP 403 <!DOCTYPE HTML PUBLIC "-//IETF//DTD HTML 2.0//EN">
<html><head>
<title>403 Forbidden</title>
</head><body>
<h1>Forbidden</h1>
<p>You don't have permission to access this resource.</p>
<hr>
<address>Apache/2.4.52 (Ubuntu) Server at 4.235.86.214 Port 80</address>
</body></html>
2026-08-15T09:11:29Z wrote /tmp/station_status-DOB-1786785089.363.json ok=True
2026-08-15T09:11:29Z upload failed: HTTP 403 <!DOCTYPE HTML PUBLIC "-//IETF//DTD HTML 2.0//EN">
<html><head>
<title>403 Forbidden</title>
</head><body>
<h1>Forbidden</h1>
<p>You don't have permission to access this resource.</p>
<hr>
<address>Apache/2.4.52 (Ubuntu) Server at 4.235.86.214 Port 80</address>
</body></html>
2026-08-15T09:26:29Z wrote /tmp/station_status-DOB-1786785989.875.json ok=True
2026-08-15T09:26:29Z upload failed: HTTP 403 <!DOCTYPE HTML PUBLIC "-//IETF//DTD HTML 2.0//EN">
<html><head>
<title>403 Forbidden</title>
</head><body>
<h1>Forbidden</h1>
<p>You don't have permission to access this resource.</p>
<hr>
<address>Apache/2.4.52 (Ubuntu) Server at 4.235.86.214 Port 80</address>
</body></html>
2026-08-15T09:41:30Z wrote /tmp/station_status-DOB-1786786890.355.json ok=True
2026-08-15T09:41:30Z upload failed: HTTP 403 <!DOCTYPE HTML PUBLIC "-//IETF//DTD HTML 2.0//EN">
<html><head>
<title>403 Forbidden</title>
</head><body>
<h1>Forbidden</h1>
<p>You don't have permission to access this resource.</p>
<hr>
<address>Apache/2.4.52 (Ubuntu) Server at 4.235.86.214 Port 80</address>
</body></html>
2026-08-15T09:56:30Z wrote /tmp/station_status-DOB-1786787790.819.json ok=True
2026-08-15T09:56:30Z upload failed: HTTP 403 <!DOCTYPE HTML PUBLIC "-//IETF//DTD HTML 2.0//EN">
<html><head>
<title>403 Forbidden</title>
</head><body>
<h1>Forbidden</h1>
<p>You don't have permission to access this resource.</p>
<hr>
<address>Apache/2.4.52 (Ubuntu) Server at 4.235.86.214 Port 80</address>
</body></html>
2026-08-15T10:11:31Z wrote /tmp/station_status-DOB-1786788691.370.json ok=True
2026-08-15T10:11:31Z upload failed: HTTP 403 <!DOCTYPE HTML PUBLIC "-//IETF//DTD HTML 2.0//EN">
<html><head>
<title>403 Forbidden</title>
</head><body>
<h1>Forbidden</h1>
<p>You don't have permission to access this resource.</p>
<hr>
<address>Apache/2.4.52 (Ubuntu) Server at 4.235.86.214 Port 80</address>
</body></html>
2026-08-15T10:26:31Z wrote /tmp/station_status-DOB-1786789591.755.json ok=True
2026-08-15T10:26:31Z upload failed: HTTP 403 <!DOCTYPE HTML PUBLIC "-//IETF//DTD HTML 2.0//EN">
<html><head>
<title>403 Forbidden</title>
</head><body>
<h1>Forbidden</h1>
<p>You don't have permission to access this resource.</p>
<hr>
<address>Apache/2.4.52 (Ubuntu) Server at 4.235.86.214 Port 80</address>
</body></html>
2026-08-15T10:41:32Z wrote /tmp/station_status-DOB-1786790492.207.json ok=True
2026-08-15T10:41:32Z upload failed: HTTP 403 <!DOCTYPE HTML PUBLIC "-//IETF//DTD HTML 2.0//EN">
<html><head>
<title>403 Forbidden</title>
</head><body>
<h1>Forbidden</h1>
<p>You don't have permission to access this resource.</p>
<hr>
<address>Apache/2.4.52 (Ubuntu) Server at 4.235.86.214 Port 80</address>
</body></html>
2026-08-15T10:56:32Z wrote /tmp/station_status-DOB-1786791392.631.json ok=True
2026-08-15T10:56:32Z upload failed: HTTP 403 <!DOCTYPE HTML PUBLIC "-//IETF//DTD HTML 2.0//EN">
<html><head>
<title>403 Forbidden</title>
</head><body>
<h1>Forbidden</h1>
<p>You don't have permission to access this resource.</p>
<hr>
<address>Apache/2.4.52 (Ubuntu) Server at 4.235.86.214 Port 80</address>
</body></html>
2026-08-15T11:11:33Z wrote /tmp/station_status-DOB-1786792293.184.json ok=True
2026-08-15T11:11:33Z upload failed: HTTP 403 <!DOCTYPE HTML PUBLIC "-//IETF//DTD HTML 2.0//EN">
<html><head>
<title>403 Forbidden</title>
</head><body>
<h1>Forbidden</h1>
<p>You don't have permission to access this resource.</p>
<hr>
<address>Apache/2.4.52 (Ubuntu) Server at 4.235.86.214 Port 80</address>
</body></html>
2026-08-15T11:26:33Z wrote /tmp/station_status-DOB-1786793193.639.json ok=True
2026-08-15T11:26:33Z upload failed: HTTP 403 <!DOCTYPE HTML PUBLIC "-//IETF//DTD HTML 2.0//EN">
<html><head>
<title>403 Forbidden</title>
</head><body>
<h1>Forbidden</h1>
<p>You don't have permission to access this resource.</p>
<hr>
<address>Apache/2.4.52 (Ubuntu) Server at 4.235.86.214 Port 80</address>
</body></html>
2026-08-15T11:41:34Z wrote /tmp/station_status-DOB-1786794094.135.json ok=True
2026-08-15T11:41:34Z upload failed: HTTP 403 <!DOCTYPE HTML PUBLIC "-//IETF//DTD HTML 2.0//EN">
<html><head>
<title>403 Forbidden</title>
</head><body>
<h1>Forbidden</h1>
<p>You don't have permission to access this resource.</p>
<hr>
<address>Apache/2.4.52 (Ubuntu) Server at 4.235.86.214 Port 80</address>
</body></html>
2026-08-15T11:56:34Z wrote /tmp/station_status-DOB-1786794994.571.json ok=True
2026-08-15T11:56:34Z upload failed: HTTP 403 <!DOCTYPE HTML PUBLIC "-//IETF//DTD HTML 2.0//EN">
<html><head>
<title>403 Forbidden</title>
</head><body>
<h1>Forbidden</h1>
<p>You don't have permission to access this resource.</p>
<hr>
<address>Apache/2.4.52 (Ubuntu) Server at 4.235.86.214 Port 80</address>
</body></html>
2026-08-15T12:11:35Z wrote /tmp/station_status-DOB-1786795895.067.json ok=True
2026-08-15T12:11:35Z upload failed: HTTP 403 <!DOCTYPE HTML PUBLIC "-//IETF//DTD HTML 2.0//EN">
<html><head>
<title>403 Forbidden</title>
</head><body>
<h1>Forbidden</h1>
<p>You don't have permission to access this resource.</p>
<hr>
<address>Apache/2.4.52 (Ubuntu) Server at 4.235.86.214 Port 80</address>
</body></html>
2026-08-15T12:26:35Z wrote /tmp/station_status-DOB-1786796795.519.json ok=True
2026-08-15T12:26:35Z upload failed: HTTP 403 <!DOCTYPE HTML PUBLIC "-//IETF//DTD HTML 2.0//EN">
<html><head>
<title>403 Forbidden</title>
</head><body>
<h1>Forbidden</h1>
<p>You don't have permission to access this resource.</p>
<hr>
<address>Apache/2.4.52 (Ubuntu) Server at 4.235.86.214 Port 80</address>
</body></html>
2026-08-15T12:41:36Z wrote /tmp/station_status-DOB-1786797696.003.json ok=True
2026-08-15T12:41:36Z upload failed: HTTP 403 <!DOCTYPE HTML PUBLIC "-//IETF//DTD HTML 2.0//EN">
<html><head>
<title>403 Forbidden</title>
</head><body>
<h1>Forbidden</h1>
<p>You don't have permission to access this resource.</p>
<hr>
<address>Apache/2.4.52 (Ubuntu) Server at 4.235.86.214 Port 80</address>
</body></html>
2026-08-15T12:56:36Z wrote /tmp/station_status-DOB-1786798596.475.json ok=True
2026-08-15T12:56:36Z upload failed: HTTP 403 <!DOCTYPE HTML PUBLIC "-//IETF//DTD HTML 2.0//EN">
<html><head>
<title>403 Forbidden</title>
</head><body>
<h1>Forbidden</h1>
<p>You don't have permission to access this resource.</p>
<hr>
<address>Apache/2.4.52 (Ubuntu) Server at 4.235.86.214 Port 80</address>
</body></html>
2026-08-15T13:11:36Z wrote /tmp/station_status-DOB-1786799496.975.json ok=True
2026-08-15T13:11:36Z upload failed: HTTP 403 <!DOCTYPE HTML PUBLIC "-//IETF//DTD HTML 2.0//EN">
<html><head>
<title>403 Forbidden</title>
</head><body>
<h1>Forbidden</h1>
<p>You don't have permission to access this resource.</p>
<hr>
<address>Apache/2.4.52 (Ubuntu) Server at 4.235.86.214 Port 80</address>
</body></html>
2026-08-15T13:26:37Z wrote /tmp/station_status-DOB-1786800397.455.json ok=True
2026-08-15T13:26:37Z upload failed: HTTP 403 <!DOCTYPE HTML PUBLIC "-//IETF//DTD HTML 2.0//EN">
<html><head>
<title>403 Forbidden</title>
</head><body>
<h1>Forbidden</h1>
<p>You don't have permission to access this resource.</p>
<hr>
<address>Apache/2.4.52 (Ubuntu) Server at 4.235.86.214 Port 80</address>
</body></html>
2026-08-15T13:41:37Z wrote /tmp/station_status-DOB-1786801297.927.json ok=True
2026-08-15T13:41:37Z upload failed: HTTP 403 <!DOCTYPE HTML PUBLIC "-//IETF//DTD HTML 2.0//EN">
<html><head>
<title>403 Forbidden</title>
</head><body>
<h1>Forbidden</h1>
<p>You don't have permission to access this resource.</p>
<hr>
<address>Apache/2.4.52 (Ubuntu) Server at 4.235.86.214 Port 80</address>
</body></html>
2026-08-15T13:56:38Z wrote /tmp/station_status-DOB-1786802198.371.json ok=True
2026-08-15T13:56:38Z upload failed: HTTP 403 <!DOCTYPE HTML PUBLIC "-//IETF//DTD HTML 2.0//EN">
<html><head>
<title>403 Forbidden</title>
</head><body>
<h1>Forbidden</h1>
<p>You don't have permission to access this resource.</p>
<hr>
<address>Apache/2.4.52 (Ubuntu) Server at 4.235.86.214 Port 80</address>
</body></html>
2026-08-15T14:11:38Z wrote /tmp/station_status-DOB-1786803098.846.json ok=True
2026-08-15T14:11:38Z upload failed: HTTP 403 <!DOCTYPE HTML PUBLIC "-//IETF//DTD HTML 2.0//EN">
<html><head>
<title>403 Forbidden</title>
</head><body>
<h1>Forbidden</h1>
<p>You don't have permission to access this resource.</p>
<hr>
<address>Apache/2.4.52 (Ubuntu) Server at 4.235.86.214 Port 80</address>
</body></html>
2026-08-15T14:26:39Z wrote /tmp/station_status-DOB-1786803999.283.json ok=True
2026-08-15T14:26:39Z upload failed: HTTP 403 <!DOCTYPE HTML PUBLIC "-//IETF//DTD HTML 2.0//EN">
<html><head>
<title>403 Forbidden</title>
</head><body>
<h1>Forbidden</h1>
<p>You don't have permission to access this resource.</p>
<hr>
<address>Apache/2.4.52 (Ubuntu) Server at 4.235.86.214 Port 80</address>
</body></html>
2026-08-15T14:41:39Z wrote /tmp/station_status-DOB-1786804899.758.json ok=True
2026-08-15T14:41:39Z upload failed: HTTP 403 <!DOCTYPE HTML PUBLIC "-//IETF//DTD HTML 2.0//EN">
<html><head>
<title>403 Forbidden</title>
</head><body>
<h1>Forbidden</h1>
<p>You don't have permission to access this resource.</p>
<hr>
<address>Apache/2.4.52 (Ubuntu) Server at 4.235.86.214 Port 80</address>
</body></html>
2026-08-15T14:56:40Z wrote /tmp/station_status-DOB-1786805800.151.json ok=True
2026-08-15T14:56:40Z upload failed: HTTP 403 <!DOCTYPE HTML PUBLIC "-//IETF//DTD HTML 2.0//EN">
<html><head>
<title>403 Forbidden</title>
</head><body>
<h1>Forbidden</h1>
<p>You don't have permission to access this resource.</p>
<hr>
<address>Apache/2.4.52 (Ubuntu) Server at 4.235.86.214 Port 80</address>
</body></html>
2026-08-15T15:11:40Z wrote /tmp/station_status-DOB-1786806700.663.json ok=True
2026-08-15T15:11:40Z upload failed: HTTP 403 <!DOCTYPE HTML PUBLIC "-//IETF//DTD HTML 2.0//EN">
<html><head>
<title>403 Forbidden</title>
</head><body>
<h1>Forbidden</h1>
<p>You don't have permission to access this resource.</p>
<hr>
<address>Apache/2.4.52 (Ubuntu) Server at 4.235.86.214 Port 80</address>
</body></html>
2026-08-15T15:26:41Z wrote /tmp/station_status-DOB-1786807601.063.json ok=True
2026-08-15T15:26:41Z upload failed: HTTP 403 <!DOCTYPE HTML PUBLIC "-//IETF//DTD HTML 2.0//EN">
<html><head>
<title>403 Forbidden</title>
</head><body>
<h1>Forbidden</h1>
<p>You don't have permission to access this resource.</p>
<hr>
<address>Apache/2.4.52 (Ubuntu) Server at 4.235.86.214 Port 80</address>
</body></html>
2026-08-15T15:41:41Z wrote /tmp/station_status-DOB-1786808501.547.json ok=True
2026-08-15T15:41:41Z upload failed: HTTP 403 <!DOCTYPE HTML PUBLIC "-//IETF//DTD HTML 2.0//EN">
<html><head>
<title>403 Forbidden</title>
</head><body>
<h1>Forbidden</h1>
<p>You don't have permission to access this resource.</p>
<hr>
<address>Apache/2.4.52 (Ubuntu) Server at 4.235.86.214 Port 80</address>
</body></html>
2026-08-15T15:56:41Z wrote /tmp/station_status-DOB-1786809401.987.json ok=True
2026-08-15T15:56:41Z upload failed: HTTP 403 <!DOCTYPE HTML PUBLIC "-//IETF//DTD HTML 2.0//EN">
<html><head>
<title>403 Forbidden</title>
</head><body>
<h1>Forbidden</h1>
<p>You don't have permission to access this resource.</p>
<hr>
<address>Apache/2.4.52 (Ubuntu) Server at 4.235.86.214 Port 80</address>
</body></html>
2026-08-15T16:11:42Z wrote /tmp/station_status-DOB-1786810302.544.json ok=True
2026-08-15T16:11:42Z upload failed: HTTP 403 <!DOCTYPE HTML PUBLIC "-//IETF//DTD HTML 2.0//EN">
<html><head>
<title>403 Forbidden</title>
</head><body>
<h1>Forbidden</h1>
<p>You don't have permission to access this resource.</p>
<hr>
<address>Apache/2.4.52 (Ubuntu) Server at 4.235.86.214 Port 80</address>
</body></html>
2026-08-15T16:26:42Z wrote /tmp/station_status-DOB-1786811202.959.json ok=True
2026-08-15T16:26:42Z upload failed: HTTP 403 <!DOCTYPE HTML PUBLIC "-//IETF//DTD HTML 2.0//EN">
<html><head>
<title>403 Forbidden</title>
</head><body>
<h1>Forbidden</h1>
<p>You don't have permission to access this resource.</p>
<hr>
<address>Apache/2.4.52 (Ubuntu) Server at 4.235.86.214 Port 80</address>
</body></html>
2026-08-15T16:41:43Z wrote /tmp/station_status-DOB-1786812103.654.json ok=True
2026-08-15T16:41:43Z upload failed: HTTP 403 <!DOCTYPE HTML PUBLIC "-//IETF//DTD HTML 2.0//EN">
<html><head>
<title>403 Forbidden</title>
</head><body>
<h1>Forbidden</h1>
<p>You don't have permission to access this resource.</p>
<hr>
<address>Apache/2.4.52 (Ubuntu) Server at 4.235.86.214 Port 80</address>
</body></html>
2026-08-15T16:56:44Z wrote /tmp/station_status-DOB-1786813004.059.json ok=True
2026-08-15T16:56:44Z upload failed: HTTP 403 <!DOCTYPE HTML PUBLIC "-//IETF//DTD HTML 2.0//EN">
<html><head>
<title>403 Forbidden</title>
</head><body>
<h1>Forbidden</h1>
<p>You don't have permission to access this resource.</p>
<hr>
<address>Apache/2.4.52 (Ubuntu) Server at 4.235.86.214 Port 80</address>
</body></html>
2026-08-15T17:11:44Z wrote /tmp/station_status-DOB-1786813904.519.json ok=True
2026-08-15T17:11:44Z upload failed: HTTP 403 <!DOCTYPE HTML PUBLIC "-//IETF//DTD HTML 2.0//EN">
<html><head>
<title>403 Forbidden</title>
</head><body>
<h1>Forbidden</h1>
<p>You don't have permission to access this resource.</p>
<hr>
<address>Apache/2.4.52 (Ubuntu) Server at 4.235.86.214 Port 80</address>
</body></html>
2026-08-15T17:26:45Z wrote /tmp/station_status-DOB-1786814805.011.json ok=True
2026-08-15T17:26:45Z upload failed: HTTP 403 <!DOCTYPE HTML PUBLIC "-//IETF//DTD HTML 2.0//EN">
<html><head>
<title>403 Forbidden</title>
</head><body>
<h1>Forbidden</h1>
<p>You don't have permission to access this resource.</p>
<hr>
<address>Apache/2.4.52 (Ubuntu) Server at 4.235.86.214 Port 80</address>
</body></html>
2026-08-15T17:41:45Z wrote /tmp/station_status-DOB-1786815705.603.json ok=True
2026-08-15T17:41:45Z upload failed: HTTP 403 <!DOCTYPE HTML PUBLIC "-//IETF//DTD HTML 2.0//EN">
<html><head>
<title>403 Forbidden</title>
</head><body>
<h1>Forbidden</h1>
<p>You don't have permission to access this resource.</p>
<hr>
<address>Apache/2.4.52 (Ubuntu) Server at 4.235.86.214 Port 80</address>
</body></html>
2026-08-15T17:56:46Z wrote /tmp/station_status-DOB-1786816606.163.json ok=True
2026-08-15T17:56:46Z upload failed: HTTP 403 <!DOCTYPE HTML PUBLIC "-//IETF//DTD HTML 2.0//EN">
<html><head>
<title>403 Forbidden</title>
</head><body>
<h1>Forbidden</h1>
<p>You don't have permission to access this resource.</p>
<hr>
<address>Apache/2.4.52 (Ubuntu) Server at 4.235.86.214 Port 80</address>
</body></html>
2026-08-15T18:11:46Z wrote /tmp/station_status-DOB-1786817506.939.json ok=True
2026-08-15T18:11:46Z upload failed: HTTP 403 <!DOCTYPE HTML PUBLIC "-//IETF//DTD HTML 2.0//EN">
<html><head>
<title>403 Forbidden</title>
</head><body>
<h1>Forbidden</h1>
<p>You don't have permission to access this resource.</p>
<hr>
<address>Apache/2.4.52 (Ubuntu) Server at 4.235.86.214 Port 80</address>
</body></html>
2026-08-15T18:26:48Z wrote /tmp/station_status-DOB-1786818408.411.json ok=True
2026-08-15T18:26:48Z upload failed: HTTP 403 <!DOCTYPE HTML PUBLIC "-//IETF//DTD HTML 2.0//EN">
<html><head>
<title>403 Forbidden</title>
</head><body>
<h1>Forbidden</h1>
<p>You don't have permission to access this resource.</p>
<hr>
<address>Apache/2.4.52 (Ubuntu) Server at 4.235.86.214 Port 80</address>
</body></html>
2026-08-15T18:41:48Z wrote /tmp/station_status-DOB-1786819308.919.json ok=True
2026-08-15T18:41:48Z upload failed: HTTP 403 <!DOCTYPE HTML PUBLIC "-//IETF//DTD HTML 2.0//EN">
<html><head>
<title>403 Forbidden</title>
</head><body>
<h1>Forbidden</h1>
<p>You don't have permission to access this resource.</p>
<hr>
<address>Apache/2.4.52 (Ubuntu) Server at 4.235.86.214 Port 80</address>
</body></html>
2026-08-15T18:56:49Z wrote /tmp/station_status-DOB-1786820209.364.json ok=True
2026-08-15T18:56:49Z upload failed: HTTP 403 <!DOCTYPE HTML PUBLIC "-//IETF//DTD HTML 2.0//EN">
<html><head>
<title>403 Forbidden</title>
</head><body>
<h1>Forbidden</h1>
<p>You don't have permission to access this resource.</p>
<hr>
<address>Apache/2.4.52 (Ubuntu) Server at 4.235.86.214 Port 80</address>
</body></html>
2026-08-15T19:11:49Z wrote /tmp/station_status-DOB-1786821109.867.json ok=True
2026-08-15T19:11:49Z upload failed: HTTP 403 <!DOCTYPE HTML PUBLIC "-//IETF//DTD HTML 2.0//EN">
<html><head>
<title>403 Forbidden</title>
</head><body>
<h1>Forbidden</h1>
<p>You don't have permission to access this resource.</p>
<hr>
<address>Apache/2.4.52 (Ubuntu) Server at 4.235.86.214 Port 80</address>
</body></html>
2026-08-15T19:26:50Z wrote /tmp/station_status-DOB-1786822010.395.json ok=True
2026-08-15T19:26:50Z upload failed: HTTP 403 <!DOCTYPE HTML PUBLIC "-//IETF//DTD HTML 2.0//EN">
<html><head>
<title>403 Forbidden</title>
</head><body>
<h1>Forbidden</h1>
<p>You don't have permission to access this resource.</p>
<hr>
<address>Apache/2.4.52 (Ubuntu) Server at 4.235.86.214 Port 80</address>
</body></html>
2026-08-15T19:41:50Z wrote /tmp/station_status-DOB-1786822910.938.json ok=True
2026-08-15T19:41:50Z upload failed: HTTP 403 <!DOCTYPE HTML PUBLIC "-//IETF//DTD HTML 2.0//EN">
<html><head>
<title>403 Forbidden</title>
</head><body>
<h1>Forbidden</h1>
<p>You don't have permission to access this resource.</p>
<hr>
<address>Apache/2.4.52 (Ubuntu) Server at 4.235.86.214 Port 80</address>
</body></html>
2026-08-15T19:56:51Z wrote /tmp/station_status-DOB-1786823811.627.json ok=True
2026-08-15T19:56:51Z upload failed: HTTP 403 <!DOCTYPE HTML PUBLIC "-//IETF//DTD HTML 2.0//EN">
<html><head>
<title>403 Forbidden</title>
</head><body>
<h1>Forbidden</h1>
<p>You don't have permission to access this resource.</p>
<hr>
<address>Apache/2.4.52 (Ubuntu) Server at 4.235.86.214 Port 80</address>
</body></html>
2026-08-15T20:11:52Z wrote /tmp/station_status-DOB-1786824712.235.json ok=True
2026-08-15T20:11:52Z upload failed: HTTP 403 <!DOCTYPE HTML PUBLIC "-//IETF//DTD HTML 2.0//EN">
<html><head>
<title>403 Forbidden</title>
</head><body>
<h1>Forbidden</h1>
<p>You don't have permission to access this resource.</p>
<hr>
<address>Apache/2.4.52 (Ubuntu) Server at 4.235.86.214 Port 80</address>
</body></html>
2026-08-15T20:26:52Z wrote /tmp/station_status-DOB-1786825612.703.json ok=True
2026-08-15T20:26:52Z upload failed: HTTP 403 <!DOCTYPE HTML PUBLIC "-//IETF//DTD HTML 2.0//EN">
<html><head>
<title>403 Forbidden</title>
</head><body>
<h1>Forbidden</h1>
<p>You don't have permission to access this resource.</p>
<hr>
<address>Apache/2.4.52 (Ubuntu) Server at 4.235.86.214 Port 80</address>
</body></html>
2026-08-15T20:41:53Z wrote /tmp/station_status-DOB-1786826513.208.json ok=True
2026-08-15T20:41:53Z upload failed: HTTP 403 <!DOCTYPE HTML PUBLIC "-//IETF//DTD HTML 2.0//EN">
<html><head>
<title>403 Forbidden</title>
</head><body>
<h1>Forbidden</h1>
<p>You don't have permission to access this resource.</p>
<hr>
<address>Apache/2.4.52 (Ubuntu) Server at 4.235.86.214 Port 80</address>
</body></html>
2026-08-15T20:56:53Z wrote /tmp/station_status-DOB-1786827413.723.json ok=False
2026-08-15T20:56:53Z upload failed: HTTP 403 <!DOCTYPE HTML PUBLIC "-//IETF//DTD HTML 2.0//EN">
<html><head>
<title>403 Forbidden</title>
</head><body>
<h1>Forbidden</h1>
<p>You don't have permission to access this resource.</p>
<hr>
<address>Apache/2.4.52 (Ubuntu) Server at 4.235.86.214 Port 80</address>
</body></html>
2026-08-15T21:11:54Z wrote /tmp/station_status-DOB-1786828314.021.json ok=False
2026-08-15T21:11:54Z upload failed: HTTP 403 <!DOCTYPE HTML PUBLIC "-//IETF//DTD HTML 2.0//EN">
<html><head>
<title>403 Forbidden</title>
</head><body>
<h1>Forbidden</h1>
<p>You don't have permission to access this resource.</p>
<hr>
<address>Apache/2.4.52 (Ubuntu) Server at 4.235.86.214 Port 80</address>
</body></html>
2026-08-15T21:26:54Z wrote /tmp/station_status-DOB-1786829214.315.json ok=False
2026-08-15T21:26:54Z upload failed: HTTP 403 <!DOCTYPE HTML PUBLIC "-//IETF//DTD HTML 2.0//EN">
<html><head>
<title>403 Forbidden</title>
</head><body>
<h1>Forbidden</h1>
<p>You don't have permission to access this resource.</p>
<hr>
<address>Apache/2.4.52 (Ubuntu) Server at 4.235.86.214 Port 80</address>
</body></html>
2026-08-15T21:41:54Z wrote /tmp/station_status-DOB-1786830114.681.json ok=False
2026-08-15T21:41:54Z upload failed: HTTP 403 <!DOCTYPE HTML PUBLIC "-//IETF//DTD HTML 2.0//EN">
<html><head>
<title>403 Forbidden</title>
</head><body>
<h1>Forbidden</h1>
<p>You don't have permission to access this resource.</p>
<hr>
<address>Apache/2.4.52 (Ubuntu) Server at 4.235.86.214 Port 80</address>
</body></html>
2026-08-15T21:56:54Z wrote /tmp/station_status-DOB-1786831014.959.json ok=False
2026-08-15T21:56:54Z upload failed: HTTP 403 <!DOCTYPE HTML PUBLIC "-//IETF//DTD HTML 2.0//EN">
<html><head>
<title>403 Forbidden</title>
</head><body>
<h1>Forbidden</h1>
<p>You don't have permission to access this resource.</p>
<hr>
<address>Apache/2.4.52 (Ubuntu) Server at 4.235.86.214 Port 80</address>
</body></html>
2026-08-15T22:11:55Z wrote /tmp/station_status-DOB-1786831915.324.json ok=False
2026-08-15T22:11:55Z upload failed: HTTP 403 <!DOCTYPE HTML PUBLIC "-//IETF//DTD HTML 2.0//EN">
<html><head>
<title>403 Forbidden</title>
</head><body>
<h1>Forbidden</h1>
<p>You don't have permission to access this resource.</p>
<hr>
<address>Apache/2.4.52 (Ubuntu) Server at 4.235.86.214 Port 80</address>
</body></html>
2026-08-15T22:26:55Z wrote /tmp/station_status-DOB-1786832815.649.json ok=False
2026-08-15T22:26:55Z upload failed: HTTP 403 <!DOCTYPE HTML PUBLIC "-//IETF//DTD HTML 2.0//EN">
<html><head>
<title>403 Forbidden</title>
</head><body>
<h1>Forbidden</h1>
<p>You don't have permission to access this resource.</p>
<hr>
<address>Apache/2.4.52 (Ubuntu) Server at 4.235.86.214 Port 80</address>
</body></html>
2026-08-15T22:41:55Z wrote /tmp/station_status-DOB-1786833715.922.json ok=False
2026-08-15T22:41:55Z upload failed: HTTP 403 <!DOCTYPE HTML PUBLIC "-//IETF//DTD HTML 2.0//EN">
<html><head>
<title>403 Forbidden</title>
</head><body>
<h1>Forbidden</h1>
<p>You don't have permission to access this resource.</p>
<hr>
<address>Apache/2.4.52 (Ubuntu) Server at 4.235.86.214 Port 80</address>
</body></html>
2026-08-15T22:56:56Z wrote /tmp/station_status-DOB-1786834616.275.json ok=False
2026-08-15T22:56:56Z upload failed: HTTP 403 <!DOCTYPE HTML PUBLIC "-//IETF//DTD HTML 2.0//EN">
<html><head>
<title>403 Forbidden</title>
</head><body>
<h1>Forbidden</h1>
<p>You don't have permission to access this resource.</p>
<hr>
<address>Apache/2.4.52 (Ubuntu) Server at 4.235.86.214 Port 80</address>
</body></html>
2026-08-15T23:11:56Z wrote /tmp/station_status-DOB-1786835516.707.json ok=False
2026-08-15T23:11:56Z upload failed: HTTP 403 <!DOCTYPE HTML PUBLIC "-//IETF//DTD HTML 2.0//EN">
<html><head>
<title>403 Forbidden</title>
</head><body>
<h1>Forbidden</h1>
<p>You don't have permission to access this resource.</p>
<hr>
<address>Apache/2.4.52 (Ubuntu) Server at 4.235.86.214 Port 80</address>
</body></html>
2026-08-15T23:26:57Z wrote /tmp/station_status-DOB-1786836417.051.json ok=False
2026-08-15T23:26:57Z upload failed: HTTP 403 <!DOCTYPE HTML PUBLIC "-//IETF//DTD HTML 2.0//EN">
<html><head>
<title>403 Forbidden</title>
</head><body>
<h1>Forbidden</h1>
<p>You don't have permission to access this resource.</p>
<hr>
<address>Apache/2.4.52 (Ubuntu) Server at 4.235.86.214 Port 80</address>
</body></html>
2026-08-15T23:41:57Z wrote /tmp/station_status-DOB-1786837317.367.json ok=False
2026-08-15T23:41:57Z upload failed: HTTP 403 <!DOCTYPE HTML PUBLIC "-//IETF//DTD HTML 2.0//EN">
<html><head>
<title>403 Forbidden</title>
</head><body>
<h1>Forbidden</h1>
<p>You don't have permission to access this resource.</p>
<hr>
<address>Apache/2.4.52 (Ubuntu) Server at 4.235.86.214 Port 80</address>
</body></html>
2026-08-15T23:56:57Z wrote /tmp/station_status-DOB-1786838217.769.json ok=False
2026-08-15T23:56:57Z upload failed: HTTP 403 <!DOCTYPE HTML PUBLIC "-//IETF//DTD HTML 2.0//EN">
<html><head>
<title>403 Forbidden</title>
</head><body>
<h1>Forbidden</h1>
<p>You don't have permission to access this resource.</p>
<hr>
<address>Apache/2.4.52 (Ubuntu) Server at 4.235.86.214 Port 80</address>
</body></html>
2026-08-16T00:11:58Z wrote /tmp/station_status-DOB-1786839118.124.json ok=False
2026-08-16T00:11:58Z upload failed: HTTP 403 <!DOCTYPE HTML PUBLIC "-//IETF//DTD HTML 2.0//EN">
<html><head>
<title>403 Forbidden</title>
</head><body>
<h1>Forbidden</h1>
<p>You don't have permission to access this resource.</p>
<hr>
<address>Apache/2.4.52 (Ubuntu) Server at 4.235.86.214 Port 80</address>
</body></html>
2026-08-16T00:26:58Z wrote /tmp/station_status-DOB-1786840018.476.json ok=False
2026-08-16T00:26:58Z upload failed: HTTP 403 <!DOCTYPE HTML PUBLIC "-//IETF//DTD HTML 2.0//EN">
<html><head>
<title>403 Forbidden</title>
</head><body>
<h1>Forbidden</h1>
<p>You don't have permission to access this resource.</p>
<hr>
<address>Apache/2.4.52 (Ubuntu) Server at 4.235.86.214 Port 80</address>
</body></html>
2026-08-16T00:41:58Z wrote /tmp/station_status-DOB-1786840918.739.json ok=False
2026-08-16T00:41:58Z upload failed: HTTP 403 <!DOCTYPE HTML PUBLIC "-//IETF//DTD HTML 2.0//EN">
<html><head>
<title>403 Forbidden</title>
</head><body>
<h1>Forbidden</h1>
<p>You don't have permission to access this resource.</p>
<hr>
<address>Apache/2.4.52 (Ubuntu) Server at 4.235.86.214 Port 80</address>
</body></html>
2026-08-16T00:56:59Z wrote /tmp/station_status-DOB-1786841819.067.json ok=False
2026-08-16T00:56:59Z upload failed: HTTP 403 <!DOCTYPE HTML PUBLIC "-//IETF//DTD HTML 2.0//EN">
<html><head>
<title>403 Forbidden</title>
</head><body>
<h1>Forbidden</h1>
<p>You don't have permission to access this resource.</p>
<hr>
<address>Apache/2.4.52 (Ubuntu) Server at 4.235.86.214 Port 80</address>
</body></html>
2026-08-16T01:11:59Z wrote /tmp/station_status-DOB-1786842719.417.json ok=False
2026-08-16T01:11:59Z upload failed: HTTP 403 <!DOCTYPE HTML PUBLIC "-//IETF//DTD HTML 2.0//EN">
<html><head>
<title>403 Forbidden</title>
</head><body>
<h1>Forbidden</h1>
<p>You don't have permission to access this resource.</p>
<hr>
<address>Apache/2.4.52 (Ubuntu) Server at 4.235.86.214 Port 80</address>
</body></html>
2026-08-16T01:26:59Z wrote /tmp/station_status-DOB-1786843619.725.json ok=False
2026-08-16T01:26:59Z upload failed: HTTP 403 <!DOCTYPE HTML PUBLIC "-//IETF//DTD HTML 2.0//EN">
<html><head>
<title>403 Forbidden</title>
</head><body>
<h1>Forbidden</h1>
<p>You don't have permission to access this resource.</p>
<hr>
<address>Apache/2.4.52 (Ubuntu) Server at 4.235.86.214 Port 80</address>
</body></html>
2026-08-16T01:42:00Z wrote /tmp/station_status-DOB-1786844520.130.json ok=False
2026-08-16T01:42:00Z upload failed: HTTP 403 <!DOCTYPE HTML PUBLIC "-//IETF//DTD HTML 2.0//EN">
<html><head>
<title>403 Forbidden</title>
</head><body>
<h1>Forbidden</h1>
<p>You don't have permission to access this resource.</p>
<hr>
<address>Apache/2.4.52 (Ubuntu) Server at 4.235.86.214 Port 80</address>
</body></html>
2026-08-16T01:57:00Z wrote /tmp/station_status-DOB-1786845420.494.json ok=False
2026-08-16T01:57:00Z upload failed: HTTP 403 <!DOCTYPE HTML PUBLIC "-//IETF//DTD HTML 2.0//EN">
<html><head>
<title>403 Forbidden</title>
</head><body>
<h1>Forbidden</h1>
<p>You don't have permission to access this resource.</p>
<hr>
<address>Apache/2.4.52 (Ubuntu) Server at 4.235.86.214 Port 80</address>
</body></html>
2026-08-16T02:12:00Z wrote /tmp/station_status-DOB-1786846320.844.json ok=False
2026-08-16T02:12:00Z upload failed: HTTP 403 <!DOCTYPE HTML PUBLIC "-//IETF//DTD HTML 2.0//EN">
<html><head>
<title>403 Forbidden</title>
</head><body>
<h1>Forbidden</h1>
<p>You don't have permission to access this resource.</p>
<hr>
<address>Apache/2.4.52 (Ubuntu) Server at 4.235.86.214 Port 80</address>
</body></html>
2026-08-16T02:27:01Z wrote /tmp/station_status-DOB-1786847221.157.json ok=False
2026-08-16T02:27:01Z upload failed: HTTP 403 <!DOCTYPE HTML PUBLIC "-//IETF//DTD HTML 2.0//EN">
<html><head>
<title>403 Forbidden</title>
</head><body>
<h1>Forbidden</h1>
<p>You don't have permission to access this resource.</p>
<hr>
<address>Apache/2.4.52 (Ubuntu) Server at 4.235.86.214 Port 80</address>
</body></html>
2026-08-16T02:42:01Z wrote /tmp/station_status-DOB-1786848121.575.json ok=False
2026-08-16T02:42:01Z upload failed: HTTP 403 <!DOCTYPE HTML PUBLIC "-//IETF//DTD HTML 2.0//EN">
<html><head>
<title>403 Forbidden</title>
</head><body>
<h1>Forbidden</h1>
<p>You don't have permission to access this resource.</p>
<hr>
<address>Apache/2.4.52 (Ubuntu) Server at 4.235.86.214 Port 80</address>
</body></html>
2026-08-16T02:57:01Z wrote /tmp/station_status-DOB-1786849021.965.json ok=False
2026-08-16T02:57:01Z upload failed: HTTP 403 <!DOCTYPE HTML PUBLIC "-//IETF//DTD HTML 2.0//EN">
<html><head>
<title>403 Forbidden</title>
</head><body>
<h1>Forbidden</h1>
<p>You don't have permission to access this resource.</p>
<hr>
<address>Apache/2.4.52 (Ubuntu) Server at 4.235.86.214 Port 80</address>
</body></html>
2026-08-16T03:12:02Z wrote /tmp/station_status-DOB-1786849922.362.json ok=False
2026-08-16T03:12:02Z upload failed: HTTP 403 <!DOCTYPE HTML PUBLIC "-//IETF//DTD HTML 2.0//EN">
<html><head>
<title>403 Forbidden</title>
</head><body>
<h1>Forbidden</h1>
<p>You don't have permission to access this resource.</p>
<hr>
<address>Apache/2.4.52 (Ubuntu) Server at 4.235.86.214 Port 80</address>
</body></html>
2026-08-16T03:27:02Z wrote /tmp/station_status-DOB-1786850822.703.json ok=False
2026-08-16T03:27:02Z upload failed: HTTP 403 <!DOCTYPE HTML PUBLIC "-//IETF//DTD HTML 2.0//EN">
<html><head>
<title>403 Forbidden</title>
</head><body>
<h1>Forbidden</h1>
<p>You don't have permission to access this resource.</p>
<hr>
<address>Apache/2.4.52 (Ubuntu) Server at 4.235.86.214 Port 80</address>
</body></html>
2026-08-16T03:42:03Z wrote /tmp/station_status-DOB-1786851723.285.json ok=False
2026-08-16T03:42:03Z upload failed: HTTP 403 <!DOCTYPE HTML PUBLIC "-//IETF//DTD HTML 2.0//EN">
<html><head>
<title>403 Forbidden</title>
</head><body>
<h1>Forbidden</h1>
<p>You don't have permission to access this resource.</p>
<hr>
<address>Apache/2.4.52 (Ubuntu) Server at 4.235.86.214 Port 80</address>
</body></html>
2026-08-16T03:57:03Z wrote /tmp/station_status-DOB-1786852623.575.json ok=False
2026-08-16T03:57:03Z upload failed: HTTP 403 <!DOCTYPE HTML PUBLIC "-//IETF//DTD HTML 2.0//EN">
<html><head>
<title>403 Forbidden</title>
</head><body>
<h1>Forbidden</h1>
<p>You don't have permission to access this resource.</p>
<hr>
<address>Apache/2.4.52 (Ubuntu) Server at 4.235.86.214 Port 80</address>
</body></html>
2026-08-16T04:12:03Z wrote /tmp/station_status-DOB-1786853523.945.json ok=False
2026-08-16T04:12:03Z upload failed: HTTP 403 <!DOCTYPE HTML PUBLIC "-//IETF//DTD HTML 2.0//EN">
<html><head>
<title>403 Forbidden</title>
</head><body>
<h1>Forbidden</h1>
<p>You don't have permission to access this resource.</p>
<hr>
<address>Apache/2.4.52 (Ubuntu) Server at 4.235.86.214 Port 80</address>
</body></html>
2026-08-16T04:27:04Z wrote /tmp/station_status-DOB-1786854424.275.json ok=False
2026-08-16T04:27:04Z upload failed: HTTP 403 <!DOCTYPE HTML PUBLIC "-//IETF//DTD HTML 2.0//EN">
<html><head>
<title>403 Forbidden</title>
</head><body>
<h1>Forbidden</h1>
<p>You don't have permission to access this resource.</p>
<hr>
<address>Apache/2.4.52 (Ubuntu) Server at 4.235.86.214 Port 80</address>
</body></html>
2026-08-16T04:42:04Z wrote /tmp/station_status-DOB-1786855324.626.json ok=False
2026-08-16T04:42:04Z upload failed: HTTP 403 <!DOCTYPE HTML PUBLIC "-//IETF//DTD HTML 2.0//EN">
<html><head>
<title>403 Forbidden</title>
</head><body>
<h1>Forbidden</h1>
<p>You don't have permission to access this resource.</p>
<hr>
<address>Apache/2.4.52 (Ubuntu) Server at 4.235.86.214 Port 80</address>
</body></html>
2026-08-16T04:57:04Z wrote /tmp/station_status-DOB-1786856224.965.json ok=False
2026-08-16T04:57:04Z upload failed: HTTP 403 <!DOCTYPE HTML PUBLIC "-//IETF//DTD HTML 2.0//EN">
<html><head>
<title>403 Forbidden</title>
</head><body>
<h1>Forbidden</h1>
<p>You don't have permission to access this resource.</p>
<hr>
<address>Apache/2.4.52 (Ubuntu) Server at 4.235.86.214 Port 80</address>
</body></html>
2026-08-16T05:12:05Z wrote /tmp/station_status-DOB-1786857125.349.json ok=False
2026-08-16T05:12:05Z upload failed: HTTP 403 <!DOCTYPE HTML PUBLIC "-//IETF//DTD HTML 2.0//EN">
<html><head>
<title>403 Forbidden</title>
</head><body>
<h1>Forbidden</h1>
<p>You don't have permission to access this resource.</p>
<hr>
<address>Apache/2.4.52 (Ubuntu) Server at 4.235.86.214 Port 80</address>
</body></html>
2026-08-16T05:27:05Z wrote /tmp/station_status-DOB-1786858025.659.json ok=False
2026-08-16T05:27:05Z upload failed: HTTP 403 <!DOCTYPE HTML PUBLIC "-//IETF//DTD HTML 2.0//EN">
<html><head>
<title>403 Forbidden</title>
</head><body>
<h1>Forbidden</h1>
<p>You don't have permission to access this resource.</p>
<hr>
<address>Apache/2.4.52 (Ubuntu) Server at 4.235.86.214 Port 80</address>
</body></html>
2026-08-16T05:42:05Z wrote /tmp/station_status-DOB-1786858925.956.json ok=False
2026-08-16T05:42:05Z upload failed: HTTP 403 <!DOCTYPE HTML PUBLIC "-//IETF//DTD HTML 2.0//EN">
<html><head>
<title>403 Forbidden</title>
</head><body>
<h1>Forbidden</h1>
<p>You don't have permission to access this resource.</p>
<hr>
<address>Apache/2.4.52 (Ubuntu) Server at 4.235.86.214 Port 80</address>
</body></html>
2026-08-16T05:57:06Z wrote /tmp/station_status-DOB-1786859826.304.json ok=False
2026-08-16T05:57:06Z upload failed: HTTP 403 <!DOCTYPE HTML PUBLIC "-//IETF//DTD HTML 2.0//EN">
<html><head>
<title>403 Forbidden</title>
</head><body>
<h1>Forbidden</h1>
<p>You don't have permission to access this resource.</p>
<hr>
<address>Apache/2.4.52 (Ubuntu) Server at 4.235.86.214 Port 80</address>
</body></html>
2026-08-16T06:12:06Z wrote /tmp/station_status-DOB-1786860726.654.json ok=False
2026-08-16T06:12:06Z upload failed: HTTP 403 <!DOCTYPE HTML PUBLIC "-//IETF//DTD HTML 2.0//EN">
<html><head>
<title>403 Forbidden</title>
</head><body>
<h1>Forbidden</h1>
<p>You don't have permission to access this resource.</p>
<hr>
<address>Apache/2.4.52 (Ubuntu) Server at 4.235.86.214 Port 80</address>
</body></html>
2026-08-16T06:27:07Z wrote /tmp/station_status-DOB-1786861627.018.json ok=False
2026-08-16T06:27:07Z upload failed: HTTP 403 <!DOCTYPE HTML PUBLIC "-//IETF//DTD HTML 2.0//EN">
<html><head>
<title>403 Forbidden</title>
</head><body>
<h1>Forbidden</h1>
<p>You don't have permission to access this resource.</p>
<hr>
<address>Apache/2.4.52 (Ubuntu) Server at 4.235.86.214 Port 80</address>
</body></html>
2026-08-16T06:42:07Z wrote /tmp/station_status-DOB-1786862527.311.json ok=False
2026-08-16T06:42:07Z upload failed: HTTP 403 <!DOCTYPE HTML PUBLIC "-//IETF//DTD HTML 2.0//EN">
<html><head>
<title>403 Forbidden</title>
</head><body>
<h1>Forbidden</h1>
<p>You don't have permission to access this resource.</p>
<hr>
<address>Apache/2.4.52 (Ubuntu) Server at 4.235.86.214 Port 80</address>
</body></html>
2026-08-16T06:57:07Z wrote /tmp/station_status-DOB-1786863427.681.json ok=False
2026-08-16T06:57:07Z upload failed: HTTP 403 <!DOCTYPE HTML PUBLIC "-//IETF//DTD HTML 2.0//EN">
<html><head>
<title>403 Forbidden</title>
</head><body>
<h1>Forbidden</h1>
<p>You don't have permission to access this resource.</p>
<hr>
<address>Apache/2.4.52 (Ubuntu) Server at 4.235.86.214 Port 80</address>
</body></html>
2026-08-16T07:12:08Z wrote /tmp/station_status-DOB-1786864328.026.json ok=False
2026-08-16T07:12:08Z upload failed: HTTP 403 <!DOCTYPE HTML PUBLIC "-//IETF//DTD HTML 2.0//EN">
<html><head>
<title>403 Forbidden</title>
</head><body>
<h1>Forbidden</h1>
<p>You don't have permission to access this resource.</p>
<hr>
<address>Apache/2.4.52 (Ubuntu) Server at 4.235.86.214 Port 80</address>
</body></html>
2026-08-16T07:27:08Z wrote /tmp/station_status-DOB-1786865228.775.json ok=False
2026-08-16T07:27:08Z upload failed: HTTP 403 <!DOCTYPE HTML PUBLIC "-//IETF//DTD HTML 2.0//EN">
<html><head>
<title>403 Forbidden</title>
</head><body>
<h1>Forbidden</h1>
<p>You don't have permission to access this resource.</p>
<hr>
<address>Apache/2.4.52 (Ubuntu) Server at 4.235.86.214 Port 80</address>
</body></html>
2026-08-16T07:42:09Z wrote /tmp/station_status-DOB-1786866129.091.json ok=False
2026-08-16T07:42:09Z upload failed: HTTP 403 <!DOCTYPE HTML PUBLIC "-//IETF//DTD HTML 2.0//EN">
<html><head>
<title>403 Forbidden</title>
</head><body>
<h1>Forbidden</h1>
<p>You don't have permission to access this resource.</p>
<hr>
<address>Apache/2.4.52 (Ubuntu) Server at 4.235.86.214 Port 80</address>
</body></html>
2026-08-16T07:57:09Z wrote /tmp/station_status-DOB-1786867029.465.json ok=False
2026-08-16T07:57:09Z upload failed: HTTP 403 <!DOCTYPE HTML PUBLIC "-//IETF//DTD HTML 2.0//EN">
<html><head>
<title>403 Forbidden</title>
</head><body>
<h1>Forbidden</h1>
<p>You don't have permission to access this resource.</p>
<hr>
<address>Apache/2.4.52 (Ubuntu) Server at 4.235.86.214 Port 80</address>
</body></html>
2026-08-16T08:12:09Z wrote /tmp/station_status-DOB-1786867929.799.json ok=False
2026-08-16T08:12:09Z upload failed: HTTP 403 <!DOCTYPE HTML PUBLIC "-//IETF//DTD HTML 2.0//EN">
<html><head>
<title>403 Forbidden</title>
</head><body>
<h1>Forbidden</h1>
<p>You don't have permission to access this resource.</p>
<hr>
<address>Apache/2.4.52 (Ubuntu) Server at 4.235.86.214 Port 80</address>
</body></html>
2026-08-16T08:27:10Z wrote /tmp/station_status-DOB-1786868830.091.json ok=False
2026-08-16T08:27:10Z upload failed: HTTP 403 <!DOCTYPE HTML PUBLIC "-//IETF//DTD HTML 2.0//EN">
<html><head>
<title>403 Forbidden</title>
</head><body>
<h1>Forbidden</h1>
<p>You don't have permission to access this resource.</p>
<hr>
<address>Apache/2.4.52 (Ubuntu) Server at 4.235.86.214 Port 80</address>
</body></html>
2026-08-16T08:42:10Z wrote /tmp/station_status-DOB-1786869730.351.json ok=False
2026-08-16T08:42:10Z upload failed: HTTP 403 <!DOCTYPE HTML PUBLIC "-//IETF//DTD HTML 2.0//EN">
<html><head>
<title>403 Forbidden</title>
</head><body>
<h1>Forbidden</h1>
<p>You don't have permission to access this resource.</p>
<hr>
<address>Apache/2.4.52 (Ubuntu) Server at 4.235.86.214 Port 80</address>
</body></html>
2026-08-16T08:57:10Z wrote /tmp/station_status-DOB-1786870630.619.json ok=False
2026-08-16T08:57:10Z upload failed: HTTP 403 <!DOCTYPE HTML PUBLIC "-//IETF//DTD HTML 2.0//EN">
<html><head>
<title>403 Forbidden</title>
</head><body>
<h1>Forbidden</h1>
<p>You don't have permission to access this resource.</p>
<hr>
<address>Apache/2.4.52 (Ubuntu) Server at 4.235.86.214 Port 80</address>
</body></html>
2026-08-16T09:12:10Z wrote /tmp/station_status-DOB-1786871530.979.json ok=False
2026-08-16T09:12:10Z upload failed: HTTP 403 <!DOCTYPE HTML PUBLIC "-//IETF//DTD HTML 2.0//EN">
<html><head>
<title>403 Forbidden</title>
</head><body>
<h1>Forbidden</h1>
<p>You don't have permission to access this resource.</p>
<hr>
<address>Apache/2.4.52 (Ubuntu) Server at 4.235.86.214 Port 80</address>
</body></html>
2026-08-16T09:27:11Z wrote /tmp/station_status-DOB-1786872431.321.json ok=False
2026-08-16T09:27:11Z upload failed: HTTP 403 <!DOCTYPE HTML PUBLIC "-//IETF//DTD HTML 2.0//EN">
<html><head>
<title>403 Forbidden</title>
</head><body>
<h1>Forbidden</h1>
<p>You don't have permission to access this resource.</p>
<hr>
<address>Apache/2.4.52 (Ubuntu) Server at 4.235.86.214 Port 80</address>
</body></html>
2026-08-16T09:42:11Z wrote /tmp/station_status-DOB-1786873331.595.json ok=False
2026-08-16T09:42:11Z upload failed: HTTP 403 <!DOCTYPE HTML PUBLIC "-//IETF//DTD HTML 2.0//EN">
<html><head>
<title>403 Forbidden</title>
</head><body>
<h1>Forbidden</h1>
<p>You don't have permission to access this resource.</p>
<hr>
<address>Apache/2.4.52 (Ubuntu) Server at 4.235.86.214 Port 80</address>
</body></html>
2026-08-16T09:57:11Z wrote /tmp/station_status-DOB-1786874231.931.json ok=True
2026-08-16T09:57:11Z upload failed: HTTP 403 <!DOCTYPE HTML PUBLIC "-//IETF//DTD HTML 2.0//EN">
<html><head>
<title>403 Forbidden</title>
</head><body>
<h1>Forbidden</h1>
<p>You don't have permission to access this resource.</p>
<hr>
<address>Apache/2.4.52 (Ubuntu) Server at 4.235.86.214 Port 80</address>
</body></html>
